Nama Kost,Tipe,Harga,Harga_Int,Lokasi,Lokasi Clean,Deskripsi,Spesifikasi Kamar,Fasilitas Kamar,Fasilitas Kamar Mandi,Fasilitas Umum,Fasilitas Parkir,Fasilitas Lain,Link,lat,lon
Kost Apik Emji Kotabaru Tipe B Regol Bandung,Campur,Rp975.000,975000,Kecamatan Regol,Regol,"Kost ini berlokasi dekat dengan jalan raya dengan akses masuk mobil, berlokasi dekat dengan Warteg Bahari (900 m), Circle K (1.6 km), Church of Isa Almasih (747 m), Bank Muamalat (2.8 km), Universitas Islam Bandung (3.4 km), RS Khusus Mata Cicendo (2.7 km).","3 x 2.8 meter, Termasuk listrik","Kasur, Lemari / Storage, Ventilasi, Jendela, Bantal","Kloset Duduk, K. Mandi Luar, Ember mandi","WiFi, Penjaga Kos, R. Jemur, R. Makan, Dapur, CCTV","Parkir Motor, Parkir Sepeda",,https://mamikos.com/room/kost-kota-bandung-kost-campur-murah-kost-apik-emji-kotabaru-tipe-b-regol-bandung-1?redirection_source=landing%20area,-6.939678327321843,107.61325435204007
Kost Apik Tamblong 2A Tipe D Asia Afrika Bandung,Campur,Rp825.000,825000,Sumur Bandung,Sumur Bandung,"Kost ini berlokasi dekat dengan jalan raya dengan akses masuk mobil, berlokasi dekat dengan Warteg Bahari (1.1 km), Alfamart A Yani 419 (3.2 km), Masjid Raya Bandung (669 m), Citibank Indonesia (441 m), Universitas Islam Bandung (2.0 km), RS Umum Bungsu (352 m).","3 x 3 meter, Termasuk listrik","Kasur, Meja, Lemari / Storage, Jendela, Bantal, Kursi","Kloset Jongkok, K. Mandi Luar, Ember mandi","WiFi, Kulkas, R. Tamu, R. Jemur, R. Makan, Dapur, TV, K. Mandi Luar",Parkir Motor,,https://mamikos.com/room/kost-kota-bandung-kost-campur-murah-kost-apik-tamblong-2a-tipe-d-asia-afrika-bandung?redirection_source=landing%20area,-6.915930599225585,107.6161265062924
Kost Singgahsini Arcadia Tipe A Batununggal Bandung,Campur,Rp1.575.000,1575000,Batununggal,Batununggal,"Kost ini berlokasi dekat dengan jalan raya dengan akses masuk mobil, berlokasi dekat dengan Warteg Cintaasih (540 m), Alfamart A Yani 419 (1.7 km), Masjid Al Jihad (838 m), Sekolah Tinggi Ilmu Ekonomi Pasundan (907 m), Bandung Electronic Center (3.2 km).","4 x 3.5 meter, Tidak termasuk listrik","Kasur, Meja, Lemari / Storage, Ventilasi, Jendela, Cermin, Bantal, Wastafel, Kursi","K. Mandi Dalam, Kloset Duduk, Shower, Air panas","WiFi, R. Cuci, Mesin Cuci, R. Tamu, Dapur",Parkir Motor & Sepeda,,https://mamikos.com/room/kost-kota-bandung-kost-campur-eksklusif-kost-singgahsini-arcadia-tipe-a-batununggal-bandung?redirection_source=landing%20area,-6.928333831650837,107.64136144874288
Kost Singgahsini Arcadia Tipe B Batununggal Bandung,Campur,Rp1.875.000,1875000,Batununggal,Batununggal,"Kost ini berlokasi dekat dengan jalan raya dengan akses masuk mobil, berlokasi dekat dengan Warteg Bahari (1.9 km), Indomaret Surapati 55 (3.1 km), Gereja Isa Almasih (658 m), Bank BCA KCP Buah Batu (1.9 km), Institut Teknologi Nasional Bandung (3.0 km), RS Ibu dan Anak Al Islam (1.9 km).","4 x 3.5 meter, Tidak termasuk listrik","AC, Kasur, Meja, Lemari / Storage, Ventilasi, Jendela, Cermin, Bantal, Wastafel, Kursi","K. Mandi Dalam, Kloset Duduk, Shower, Air panas","WiFi, R. Cuci, Mesin Cuci, R. Tamu, Dapur",Parkir Motor & Sepeda,,https://mamikos.com/room/kost-kota-bandung-kost-campur-eksklusif-kost-singgahsini-arcadia-tipe-b-batununggal-bandung?redirection_source=landing%20area,-6.928333933880503,107.6399183874721
Kost Apik Sukarta Tipe C Tegallega Bandung,Putra,Rp1.325.000,1325000,Kecamatan Regol,Regol,"Kost ini berlokasi dekat dengan jalan raya dengan akses masuk mobil, berlokasi dekat dengan Rumah Makan Bungo Tanjung (3.2 km), Circle K (1.4 km), Church of Isa Almasih (640 m), Bank BRI KCP Simpang Buah Batu (2.8 km), Universitas Islam Bandung (3.3 km), RS Khusus Mata Cicendo (2.6 km).","3.4 x 2.8 meter, Termasuk listrik","Kasur, Lemari / Storage, Ventilasi, Jendela, Bantal","K. Mandi Dalam, Kloset Duduk, Ember mandi, Shower, Bak mandi","WiFi, R. Cuci, Kulkas, Mesin Cuci, R. Tamu, Penjaga Kos, R. Jemur, R. Makan, R. Santai, Dispenser",Parkir Motor & Sepeda,,https://mamikos.com/room/kost-kota-bandung-kost-putra-eksklusif-kost-apik-sukarta-tipe-c-tegallega-bandung-1?redirection_source=landing%20area,-6.93998433912532,107.61204836238092
Kost Apik Tamblong 2A Tipe C Asia Afrika Bandung,Campur,Rp1.425.000,1425000,Sumur Bandung,Sumur Bandung,"Kost ini berlokasi dekat dengan jalan raya dengan akses masuk mobil, berlokasi dekat dengan Warteg Bahari (1.1 km), Alfamart A Yani 419 (3.2 km), Masjid Raya Bandung (669 m), Citibank Indonesia (441 m), Universitas Islam Bandung (2.0 km), RS Umum Bungsu (352 m).","3 x 2 meter, Termasuk listrik","Kasur, Meja, Lemari / Storage, Jendela, Bantal, Kursi","K. Mandi Dalam, Kloset Jongkok, Ember mandi","WiFi, Kulkas, R. Tamu, R. Jemur, R. Makan, Dapur, TV, K. Mandi Luar",Parkir Motor,,https://mamikos.com/room/kost-kota-bandung-kost-campur-eksklusif-kost-apik-tamblong-2a-tipe-c-asia-afrika-bandung?redirection_source=landing%20area,-6.914490439117385,107.61580353367412
Kost Apik Sukarta Tipe A Tegallega Bandung,Putra,Rp975.000,975000,Kecamatan Regol,Regol,"Kost ini berlokasi dekat dengan jalan raya dengan akses masuk mobil, berlokasi dekat dengan Rumah Makan Bungo Tanjung (3.2 km), Circle K (1.4 km), Church of Isa Almasih (640 m), Bank BRI KCP Simpang Buah Batu (2.8 km), Universitas Islam Bandung (3.3 km), RS Khusus Mata Cicendo (2.6 km).","2.7 x 2.1 meter, Termasuk listrik","Kasur, Lemari / Storage, Ventilasi, Jendela, Bantal","Kloset Duduk, K. Mandi Luar, Ember mandi, Shower, Bak mandi","WiFi, R. Cuci, Kulkas, Mesin Cuci, R. Tamu, Penjaga Kos, R. Jemur, R. Makan, R. Santai, Dispenser",Parkir Motor & Sepeda,,https://mamikos.com/room/kost-kota-bandung-kost-putra-murah-kost-apik-sukarta-tipe-a-tegallega-bandung?redirection_source=landing%20area,-6.938356897039782,107.6125842891328
Kost Otto Residence Tipe A Astanaanyar Bandung,Campur,Rp1.800.000,1800000,Astanaanyar,Astanaanyar,"Kost ini berlokasi dekat dengan jalan raya dengan akses yang hanya bisa dilalui oleh motor/sepeda, berlokasi dekat dengan Warteg Jaya Bahari (211 m), Circle K (534 m), Masjid Raya Bandung (446 m), Bank BJB - Cabang Utama Bandung (905 m), Institut Seni Budaya Indonesia Bandung (3.4 km), Bandung Electronic Center (2.0 km).","4 x 4 meter, Tidak termasuk listrik","AC, Kasur, Meja, Meja Rias, Lemari / Storage, Ventilasi, Jendela, Cermin, Bantal, Wastafel","K. Mandi Dalam, Kloset Duduk, Wastafel, Shower, Air panas","WiFi, R. Jemur, Dapur","Parkir Motor, Parkir Sepeda",,https://mamikos.com/room/kost-kota-bandung-kost-campur-eksklusif-kost-otto-residence-tipe-a-astanaanyar-bandung?redirection_source=landing%20area,-6.936867676997191,107.60273203600056
Kost Ama House Tipe Standar Regol Bandung,Putri,Rp1.500.000,1500000,Regol,Regol,"Kost ini berlokasi dekat dengan jalan raya dengan akses yang hanya bisa dilalui oleh motor/sepeda, berlokasi dekat dengan Warteg Bahari (866 m), Alfamart (2.9 km), Church of Isa Almasih (569 m), Bank BJB - Cabang Utama Bandung (1.3 km), Universitas Islam Bandung (3.1 km), RS Umum Bungsu (1.5 km).","3 x 4 meter, Tidak termasuk listrik","Kasur, Meja, Lemari / Storage, Ventilasi, Kursi","K. Mandi Dalam, Kloset Duduk, Ember mandi, Shower","WiFi, R. Tamu, Penjaga Kos, R. Jemur, Dapur, Pengurus Kos, CCTV, Rooftop, Balcon","Parkir Mobil, Parkir Motor",,https://mamikos.com/room/kost-kota-bandung-kost-putri-eksklusif-kost-ama-house-tipe-standar-regol-bandung-2?redirection_source=landing%20area,-6.9407048698745175,107.6144210954006
Kost Singgahsini YL Cikawao Tipe D Lengkong Bandung,Putri,Rp1.525.000,1525000,Lengkong,Lengkong,"Kost ini berlokasi dekat dengan jalan raya dengan akses masuk mobil, berlokasi dekat dengan Warteg Bahari (339 m), Indomaret Surapati 55 (3.3 km), Church of Isa Almasih (166 m), Bank BJB - Cabang Utama Bandung (997 m), Universitas Islam Bandung (2.8 km), RS Umum Bungsu (1.1 km).","3.2 x 2.7 meter, Termasuk listrik","Kasur, Meja, Lemari / Storage, Jendela, Cermin, Bantal, Kursi","K. Mandi Dalam, Kloset Duduk, Shower, Air panas","WiFi, R. Cuci, Kulkas, Mesin Cuci, R. Tamu, Penjaga Kos, R. Jemur, Dispenser, Dapur, Jemuran",Parkir Motor & Sepeda,,https://mamikos.com/room/kost-kota-bandung-kost-putri-eksklusif-kost-singgahsini-yl-cikawao-tipe-d-lengkong-bandung-2?redirection_source=landing%20area,-6.934576107090607,107.6246507676004
Kost Otto Residence Tipe C Astanaanyar Bandung,Campur,Rp2.000.000,2000000,Astanaanyar,Astanaanyar,"Kost ini berlokasi dekat dengan jalan raya dengan akses yang hanya bisa dilalui oleh motor/sepeda, berlokasi dekat dengan Warteg Jaya Bahari (211 m), Circle K (534 m), Masjid Raya Bandung (446 m), Bank BJB - Cabang Utama Bandung (905 m), Institut Seni Budaya Indonesia Bandung (3.4 km), Bandung Electronic Center (2.0 km).","4 x 4 meter, Tidak termasuk listrik","AC, Kasur, Meja, Meja Rias, Lemari / Storage, Ventilasi, Jendela, Cermin, Bantal, Wastafel","K. Mandi Dalam, Kloset Duduk, Wastafel, Shower, Air panas","R. Jemur, Dapur, Jemuran, CCTV, K. Mandi Luar","Parkir Motor, Parkir Sepeda",,https://mamikos.com/room/kost-kota-bandung-kost-campur-eksklusif-kost-otto-residence-tipe-c-astanaanyar-bandung?redirection_source=landing%20area,-6.937071794126799,107.60469493088948
Kost Apik Emji Kotabaru Tipe A Regol Bandung,Campur,Rp1.275.000,1275000,Kecamatan Regol,Regol,"Kost ini berlokasi dekat dengan jalan raya dengan akses masuk mobil, berlokasi dekat dengan Warteg Bahari (900 m), Circle K (1.6 km), Church of Isa Almasih (747 m), Bank Muamalat (2.8 km), Universitas Islam Bandung (3.4 km), RS Khusus Mata Cicendo (2.7 km).","3 x 4 meter, Termasuk listrik","Kasur, Lemari / Storage, Ventilasi, Jendela, Bantal","K. Mandi Dalam, Kloset Duduk, Ember mandi","WiFi, Penjaga Kos, R. Jemur, R. Makan, Dapur, CCTV","Parkir Motor, Parkir Sepeda",,https://mamikos.com/room/kost-kota-bandung-kost-campur-eksklusif-kost-apik-emji-kotabaru-tipe-a-regol-bandung-1?redirection_source=landing%20area,-6.939779887234983,107.61229813207186
Kost Apik Sukarta Tipe D Tegallega Bandung,Putra,Rp1.375.000,1375000,Regol,Regol,"Kost ini berlokasi dekat dengan jalan raya dengan akses masuk mobil, berlokasi dekat dengan Warteg Bahari (857 m), Alfamart (2.5 km), Church of Isa Almasih (640 m), Bank BJB - Cabang Utama Bandung (1.5 km), Universitas Islam Bandung (3.3 km), RS Umum Bungsu (1.7 km).","4 x 5 meter, Termasuk listrik","Kasur, Lemari / Storage, Ventilasi, Jendela, Bantal","Kloset Duduk, K. Mandi Luar, Ember mandi, Shower, Bak mandi","WiFi, R. Cuci, Kulkas, Mesin Cuci, R. Tamu, Penjaga Kos, R. Jemur, R. Makan, R. Santai, Dispenser",Parkir Motor & Sepeda,,https://mamikos.com/room/kost-kota-bandung-kost-putra-eksklusif-kost-apik-sukarta-tipe-d-tegallega-bandung?redirection_source=landing%20area,-6.940628905581772,107.61534403764055
Kost Kadua Homestay Double Regol Bandung,Campur,Rp2.100.000,2100000,Kecamatan Regol,Regol,"Kost ini berlokasi dekat dengan jalan raya dengan akses yang hanya bisa dilalui oleh motor/sepeda, berlokasi dekat dengan Warteg Bahari (1.0 km), Circle K (2.6 km), Church of Isa Almasih (945 m), Bank BJB - Cabang Utama Bandung (1.8 km), Akademi Sekretari Dan Manajemen BSI Bandung (1.5 km), RS Mata Bandung Eye Center (1.7 km).","3 x 4 meter, Tidak termasuk listrik","AC, Kasur, Meja, Lemari / Storage, Kulkas, Ventilasi, Jendela, Cermin, Wastafel, Kursi","K. Mandi Dalam, Kloset Duduk, Wastafel, Shower, Air panas","WiFi, Kulkas, R. Tamu, Penjaga Kos, R. Jemur, R. Makan, R. Santai, Dapur, Jemuran, Jual Makanan",Parkir Motor,,https://mamikos.com/room/kost-kota-bandung-kost-campur-eksklusif-kost-kadua-homestay-double-regol-bandung-2?redirection_source=landing%20area,-6.938340332311832,107.61277721894184
Kost Apik Tamblong 2A Tipe A Asia Afrika Bandung,Campur,Rp1.525.000,1525000,Sumur Bandung,Sumur Bandung,"Kost ini berlokasi dekat dengan jalan raya dengan akses masuk mobil, berlokasi dekat dengan Warteg Bahari (1.1 km), Alfamart A Yani 419 (3.2 km), Masjid Raya Bandung (669 m), Citibank Indonesia (441 m), Universitas Islam Bandung (2.0 km), RS Umum Bungsu (352 m).","3 x 3 meter, Termasuk listrik","Kasur, Meja, Lemari / Storage, Jendela, Bantal, Kursi",,"WiFi, Kulkas, R. Tamu, R. Jemur, R. Makan, Dapur, TV, K. Mandi Luar",Parkir Motor,,https://mamikos.com/room/kost-kota-bandung-kost-campur-eksklusif-kost-apik-tamblong-2a-tipe-a-asia-afrika-bandung?redirection_source=landing%20area,-6.913384007098165,107.61680948411124
Kost Yasin Batununggal Bandung,Putri,Rp700.000,700000,Batununggal,Batununggal,"Kost ini berlokasi dekat dengan jalan raya dengan akses yang hanya bisa dilalui oleh motor/sepeda, berlokasi dekat dengan Warteg Bahari (1.9 km), Alfamart A Yani 419 (2.5 km), Gereja Katolik Hati Tak Bernoda Santa Perawan Maria (1.4 km), Bank BCA KCP Buah Batu (1.4 km), Sekolah Tinggi Ilmu Ekonomi Pasundan (106 m), RS Mata Bandung Eye Center (1.4 km).","3 x 3 meter, Termasuk listrik","Kasur, Meja, Lemari / Storage, Ventilasi, Jendela, Bantal, Kursi","Kloset Jongkok, K. Mandi Luar, Ember mandi","WiFi, R. Tamu, R. Jemur, Jemuran, Pengurus Kos, Taman, TV, K. Mandi Luar","Parkir Motor, Parkir Sepeda",,https://mamikos.com/room/kost-kota-bandung-kost-putri-murah-kost-yasin-batununggal-bandung-2?redirection_source=landing%20area,-6.92668178433004,107.64088076150036
Kost Yodya Cibeunying Kaler Bandung,Putri,Rp1.000.000,1000000,Kecamatan Cibeunying Kaler,Cibeunying Kaler,"Kost ini berlokasi dekat dengan jalan raya dengan akses yang hanya bisa dilalui oleh motor/sepeda, berlokasi dekat dengan Warteg Abadi (2.1 km), Alfamart (1.5 km), Church In Bandung (2.2 km), Bank BJB Weekend Banking (707 m), Institut Teknologi Nasional Bandung (1.1 km), RS Ibu dan Anak Al Islam (1.1 km).","3 x 3 meter, Tidak termasuk listrik","Kasur, Meja, Lemari / Storage, Jendela, Cermin, Bantal","Kloset Duduk, Kloset Jongkok, Wastafel, Ember mandi, Shower, Air panas","WiFi, R. Cuci, Kulkas, Mesin Cuci, Penjaga Kos, R. Jemur, Dispenser, Dapur, Jemuran, Pengurus Kos",Parkir Motor,,https://mamikos.com/room/kost-kota-bandung-kost-putri-eksklusif-kost-yodya-cibeunying-kaler-bandung-2?redirection_source=landing%20area,-6.886459138519403,107.62881596869256
Kost Otto Residence Tipe B Astanaanyar Bandung,Campur,Rp1.800.000,1800000,Astanaanyar,Astanaanyar,"Kost ini berlokasi dekat dengan jalan raya dengan akses yang hanya bisa dilalui oleh motor/sepeda, berlokasi dekat dengan Warteg Jaya Bahari (211 m), Circle K (534 m), Masjid Raya Bandung (446 m), Bank BJB - Cabang Utama Bandung (905 m), Institut Seni Budaya Indonesia Bandung (3.4 km), Bandung Electronic Center (2.0 km).","3 x 4 meter, Tidak termasuk listrik","AC, Kasur, Meja, Meja Rias, Lemari / Storage, Wastafel, Kursi","K. Mandi Dalam, Kloset Duduk, Wastafel, Shower, Air panas","WiFi, R. Jemur, Dapur, CCTV","Parkir Motor, Parkir Sepeda",,https://mamikos.com/room/kost-kota-bandung-kost-campur-eksklusif-kost-otto-residence-tipe-b-astanaanyar-bandung?redirection_source=landing%20area,-6.936943213644473,107.6033931366064
Kost Singgahsini YL Cikawao Tipe C Lengkong Bandung,Putri,Rp1.825.000,1825000,Lengkong,Lengkong,"Kost ini berlokasi dekat dengan jalan raya dengan akses masuk mobil, berlokasi dekat dengan Warteg Bahari (339 m), Indomaret Surapati 55 (3.3 km), Church of Isa Almasih (166 m), Bank BJB - Cabang Utama Bandung (997 m), Universitas Islam Bandung (2.8 km), RS Umum Bungsu (1.1 km).","3 x 3 meter, Termasuk listrik","Kasur, Meja, Lemari / Storage, Jendela, Cermin, Bantal, Kursi","K. Mandi Dalam, Kloset Duduk, Shower, Air panas","WiFi, R. Cuci, Kulkas, Mesin Cuci, R. Tamu, Penjaga Kos, R. Jemur, Dispenser, Dapur, Jemuran",Parkir Motor & Sepeda,,https://mamikos.com/room/kost-kota-bandung-kost-putri-eksklusif-kost-singgahsini-yl-cikawao-tipe-c-lengkong-bandung-2?redirection_source=landing%20area,-6.93619304890002,107.62580298586757
Kost Barokah 32 Tipe Ac Astanaanyar Bandung,Campur,Rp1.950.000,1950000,Kecamatan Astanaanyar,Astanaanyar,"Kost ini berlokasi dekat dengan jalan raya dengan akses yang hanya bisa dilalui oleh motor/sepeda, berlokasi dekat dengan Rumah Makan Cikawao (1.3 km), Circle K (1.4 km), Gereja Kristen Kalam Kudus Pasundan (796 m), Bank DBS Indonesia - Djuanda (2.8 km), Universitas Islam Bandung (3.0 km), RS Ibu dan Anak Kota Bandung (163 m).","3 x 7 meter, Tidak termasuk listrik","AC, Kasur, Lemari / Storage, Ventilasi, Jendela, Dapur Pribadi","K. Mandi Dalam, Kloset Duduk, Ember mandi","R. Cuci, Penjaga Kos, R. Jemur, Dapur, Jemuran, Pengurus Kos, K. Mandi Luar",Parkir Motor,,https://mamikos.com/room/kost-kota-bandung-kost-campur-eksklusif-kost-barokah-32-tipe-ac-astanaanyar-bandung-1?redirection_source=landing%20area,-6.938678567215816,107.60136346208448
Kost Omah Wening Tipe A Cicendo Bandung,Putri,Rp1.400.000,1400000,Kecamatan Cicendo,Cicendo,"Kost ini berlokasi dekat dengan jalan raya dengan akses yang hanya bisa dilalui oleh motor/sepeda, berlokasi dekat dengan Rumah Makan Kapau Jaya (1.0 km), Circle K (2.7 km), Masjid Raya Bandung (1.4 km), Bank Syariah Indonesia KC Bandung Suniaraja (708 m), Universitas Padjadjaran Kampus Dipatiukur (2.4 km), RS Khusus Mata Cicendo (242 m).","3 x 3 meter, Termasuk listrik","Kasur, Meja, Lemari / Storage, Ventilasi, Jendela, Cermin, Bantal, Kursi","K. Mandi Dalam, Kloset Duduk, Shower","WiFi, Jemuran, Pengurus Kos, CCTV, Balcon",Parkir Motor,,https://mamikos.com/room/kost-kota-bandung-kost-putri-eksklusif-kost-omah-wening-tipe-a-cicendo-bandung?redirection_source=landing%20area,-6.900457484977144,107.58703787704736
Kost Apik Tamblong 2A Tipe B Asia Afrika Bandung,Campur,Rp1.425.000,1425000,Sumur Bandung,Sumur Bandung,"Kost ini berlokasi dekat dengan jalan raya dengan akses masuk mobil, berlokasi dekat dengan Warteg Bahari (1.1 km), Alfamart A Yani 419 (3.2 km), Masjid Raya Bandung (669 m), Citibank Indonesia (441 m), Universitas Islam Bandung (2.0 km), RS Umum Bungsu (352 m).","3 x 3 meter, Termasuk listrik","Kasur, Meja, Lemari / Storage, Jendela, Bantal, Kursi","K. Mandi Dalam, Kloset Duduk, Ember mandi","WiFi, Kulkas, R. Tamu, R. Jemur, R. Makan, Dapur, TV, K. Mandi Luar",Parkir Motor,,https://mamikos.com/room/kost-kota-bandung-kost-campur-eksklusif-kost-apik-tamblong-2a-tipe-b-asia-afrika-bandung?redirection_source=landing%20area,-6.91466038351044,107.61814718574108
Kost Kadua Homestay Vip Plus Regol Bandung,Campur,Rp1.800.000,1800000,Kecamatan Regol,Regol,"Kost ini berlokasi dekat dengan jalan raya dengan akses yang hanya bisa dilalui oleh motor/sepeda, berlokasi dekat dengan Warteg Bahari (1.0 km), Circle K (2.6 km), Church of Isa Almasih (945 m), Bank BJB - Cabang Utama Bandung (1.8 km), Akademi Sekretari Dan Manajemen BSI Bandung (1.5 km), RS Mata Bandung Eye Center (1.7 km).","3.2 x 3.5 meter, Tidak termasuk listrik","AC, Kasur, Meja, Lemari / Storage, Ventilasi, Jendela, Cermin, Wastafel, Kursi","K. Mandi Dalam, Kloset Duduk, Wastafel, Shower, Air panas","WiFi, Kulkas, R. Tamu, Penjaga Kos, R. Jemur, R. Makan, R. Santai, Dapur, Jemuran, Jual Makanan","Parkir Mobil, Parkir Motor",,https://mamikos.com/room/kost-kota-bandung-kost-campur-eksklusif-kost-kadua-homestay-vip-plus-regol-bandung-2?redirection_source=landing%20area,-6.941022818586218,107.6149674948032
Kost Ibu Reni Tipe A Lengkong Bandung,Campur,Rp1.000.000,1000000,Kecamatan Lengkong,Lengkong,"Kost ini berlokasi dekat dengan jalan raya dengan akses yang hanya bisa dilalui oleh motor/sepeda, berlokasi dekat dengan Warteg Bahari (458 m), Alfamart (3.3 km), Church of Isa Almasih (151 m), Bank BJB - Cabang Utama Bandung (890 m), Universitas Islam Bandung (2.7 km), RS Umum Bungsu (985 m).","3 x 3 meter, Tidak termasuk listrik","Kasur, Lemari / Storage, Jendela, Cermin, Bantal","K. Mandi Dalam, Kloset Jongkok","WiFi, Penjaga Kos, Jemuran, Pengurus Kos, CCTV, Balcon",Parkir Motor,,https://mamikos.com/room/kost-kota-bandung-kost-campur-eksklusif-kost-ibu-reni-tipe-a-lengkong-bandung?redirection_source=landing%20area,-6.935755524056086,107.62471685843772
Kost Singgahsini YL Cikawao Tipe E Lengkong Bandung,Putri,Rp1.275.000,1275000,Lengkong,Lengkong,"Kost ini berlokasi dekat dengan jalan raya dengan akses masuk mobil, berlokasi dekat dengan Warteg Bahari (339 m), Indomaret Surapati 55 (3.3 km), Church of Isa Almasih (166 m), Bank BJB - Cabang Utama Bandung (997 m), Universitas Islam Bandung (2.8 km), RS Umum Bungsu (1.1 km).","3.2 x 2.5 meter, Termasuk listrik","Kasur, Meja, Lemari / Storage, Jendela, Cermin, Bantal","K. Mandi Dalam, Kloset Duduk, Shower, Air panas","WiFi, R. Cuci, Kulkas, Mesin Cuci, R. Tamu, Penjaga Kos, R. Jemur, Dispenser, Dapur, Jemuran",Parkir Motor & Sepeda,,https://mamikos.com/room/kost-kota-bandung-kost-putri-eksklusif-kost-singgahsini-yl-cikawao-tipe-e-lengkong-bandung-2?redirection_source=landing%20area,-6.9345271941553,107.6261379918398
Kost Bu Ena Tipe B Lengkong Bandung,Putri,Rp1.200.000,1200000,Kecamatan Lengkong,Lengkong,"Kost ini berlokasi dekat dengan jalan raya dengan akses yang hanya bisa dilalui oleh motor/sepeda, berlokasi dekat dengan Rumah Makan Cikawao (232 m), Alfamart A Yani 419 (3.1 km), Church of Isa Almasih (401 m), Citibank Indonesia (479 m), Universitas Islam Bandung (2.6 km), RS Umum Bungsu (867 m).","3 x 4 meter, Tidak termasuk listrik","Kasur, Meja, Lemari / Storage, Ventilasi, Jendela, Guling, Cermin, Bantal, Kipas Angin","K. Mandi Dalam, Kloset Jongkok, Ember mandi, Shower","WiFi, Kulkas, Penjaga Kos, Dispenser, Dapur, Jemuran, Jual Makanan, CCTV",Parkir Motor & Sepeda,,https://mamikos.com/room/kost-kota-bandung-kost-putri-eksklusif-kost-bu-ena-tipe-b-lengkong-bandung?redirection_source=landing%20area,-6.935065359337413,107.6248173970355
Kost Seyakata Lengkong Bandung,Putri,Rp1.000.000,1000000,Kecamatan Lengkong,Lengkong,"Kost ini berlokasi dekat dengan jalan raya dengan akses yang hanya bisa dilalui oleh motor/sepeda, berlokasi dekat dengan Rumah Makan Ibu Haji Cijantung (464 m), Alfamart A Yani 419 (2.8 km), Church In Bandung (452 m), Citibank Indonesia (534 m), Akademi Sekretari Dan Manajemen BSI Bandung (603 m), RS Umum Muhammadiyah (980 m).","2.7 x 2.7 meter, Termasuk listrik","Kasur, TV, Lemari / Storage, Ventilasi, Jendela, Bantal","K. Mandi Dalam, Kloset Jongkok","WiFi, R. Jemur, R. Santai, Jemuran, Jual Makanan, CCTV","Parkir Motor, Parkir Sepeda",,https://mamikos.com/room/kost-kota-bandung-kost-putri-eksklusif-kost-seyakata-lengkong-bandung?redirection_source=landing%20area,-6.9324840739264,107.62730194544164
Kost Angel Mihardja Tipe A Regol Bandung,Putri,Rp1.800.000,1800000,Regol,Regol,"Kost ini berlokasi dekat dengan jalan raya dengan akses yang hanya bisa dilalui oleh motor/sepeda, berlokasi dekat dengan Warteg Bahari (539 m), Circle K (2.6 km), Church of Isa Almasih (657 m), Bank BCA KCP Buah Batu (1.4 km), Universitas Islam Bandung (3.5 km), RS Mata Bandung Eye Center (1.2 km).","3 x 4 meter, Tidak termasuk listrik","AC, Kasur, Meja, Meja Rias, Lemari / Storage, Jendela, Cermin, Bantal, Kursi","K. Mandi Dalam, Kloset Duduk, Ember mandi, Shower, Air panas","WiFi, Kulkas, Penjaga Kos, R. Jemur, Dispenser, Dapur, Jemuran, Pengurus Kos, Jual Makanan, CCTV",Parkir Motor & Sepeda,,https://mamikos.com/room/kost-kota-bandung-kost-putri-eksklusif-kost-angel-mihardja-tipe-a-regol-bandung?redirection_source=landing%20area,-6.938673267876155,107.61419472582944
Kost Pondok Karapitan VIP Lengkong Bandung,Campur,Rp1.100.000,1100000,Kecamatan Lengkong,Lengkong,"Kost ini berlokasi dekat dengan jalan raya dengan akses yang hanya bisa dilalui oleh motor/sepeda, berlokasi dekat dengan Warteg Bahari (481 m), Alfamart (3.1 km), Church In Bandung (550 m), Bank BJB - Cabang Utama Bandung (1.0 km), Universitas Islam Bandung (2.7 km), RS Umum Bungsu (952 m).","2.5 x 5 meter, Tidak termasuk listrik","Kasur, Lemari / Storage, Bantal","K. Mandi Dalam, Kloset Jongkok","WiFi, Penjaga Kos, R. Jemur, Jemuran, CCTV","Parkir Motor, Parkir Sepeda",,https://mamikos.com/room/kost-kota-bandung-kost-campur-eksklusif-kost-pondok-karapitan-vip-lengkong-bandung?redirection_source=landing%20area,-6.934707092292514,107.62681931010192
Kost Daffa Cibeunying Kaler Bandung,Putra,Rp625.000,625000,Cibeunying Kaler,Cibeunying Kaler,"Kost ini berlokasi dekat dengan jalan raya dengan akses yang hanya bisa dilalui oleh motor/sepeda, berlokasi dekat dengan Warteg Cintaasih (2.2 km), Alfamart (1.0 km), Christian Church Pasundan Awiligar (2.2 km), Bank BJB Weekend Banking (1.2 km), Institut Teknologi Nasional Bandung (647 m), RS Ibu dan Anak Al Islam (1.4 km).","2 x 3 meter, Termasuk listrik","Kasur, Lemari / Storage, Jendela, Guling, Bantal","Kloset Jongkok, K. Mandi Luar, Ember mandi","WiFi, R. Tamu, Penjaga Kos, R. Jemur, Jemuran, Jual Makanan, Balcon, K. Mandi Luar","Parkir Motor, Parkir Sepeda",,https://mamikos.com/room/kost-kota-bandung-kost-putra-murah-kost-daffa-cibeunying-kaler-bandung-1?redirection_source=landing%20area,-6.885963919127037,107.62970276149493
Kost 5B Ancol Tipe A Regol Bandung,Campur,Rp750.000,750000,Regol,Regol,"Kost ini berlokasi dekat dengan jalan raya dengan akses yang hanya bisa dilalui oleh motor/sepeda, berlokasi dekat dengan Rumah Makan Cikawao (650 m), Circle K (1.6 km), Masjid Jami Nurul Falah (483 m), CIMB Niaga (Buah Batu) (1.1 km), Universitas Islam Bandung (3.4 km), RS Ibu dan Anak Kota Bandung (1.6 km).","3 x 3 meter, Termasuk listrik","Kasur, Jendela","K. Mandi Dalam, Kloset Jongkok, Ember mandi","R. Tamu, Penjaga Kos, R. Jemur, Jemuran, CCTV, Balcon","Parkir Motor, Parkir Sepeda",,https://mamikos.com/room/kost-kota-bandung-kost-campur-murah-kost-5b-ancol-tipe-a-regol-bandung?redirection_source=landing%20area,-6.940026525978481,107.61550284873606
Kost Tatnjung Tipe D Bandung Wetan Bandung,Campur,Rp2.500.000,2500000,Bandung Wetan,Bandung Wetan,"Kost ini berlokasi dekat dengan jalan raya dengan akses yang hanya bisa dilalui oleh motor/sepeda, berlokasi dekat dengan Warteg Cintaasih (695 m), Alfamart A Yani 419 (895 m), Masjid Al Jihad (378 m), Bank BJB Weekend Banking (848 m), Universitas Padjadjaran Kampus Dipatiukur (2.8 km), RS Ibu dan Anak Al Islam (976 m).","5 x 3 meter, Termasuk listrik","AC, Kasur, Meja, TV, Meja Rias, Lemari / Storage, Kursi","K. Mandi Dalam, Kloset Duduk, Wastafel, Shower, Air panas","WiFi, Kulkas, R. Jemur, R. Makan, R. Santai, Dapur, TV","Parkir Mobil, Parkir Motor, Parkir Sepeda",,https://mamikos.com/room/kost-kota-bandung-kost-campur-eksklusif-kost-tatnjung-tipe-d-bandung-wetan-bandung?redirection_source=landing%20area,-6.905346120746456,107.61786013769036
Kost Kristi 2 Bandung Wetan Bandung,Putri,Rp950.000,950000,Kecamatan Bandung Wetan,Bandung Wetan,"Kost ini berlokasi dekat dengan jalan raya dengan akses yang hanya bisa dilalui oleh motor/sepeda, berlokasi dekat dengan Warteg Abadi (573 m), Alfamart (1.0 km), Masjid Al Asy'ari Unisba (302 m), Bank BJB - Kantor Cabang Tamansari (347 m), Universitas Islam Bandung (335 m), RS Umum Tk IV 03.07.03Sariningsih (504 m).","3 x 3 meter, Tidak termasuk listrik","Kasur, Lemari / Storage",K. Mandi Luar,"WiFi, R. Tamu, Penjaga Kos, Dapur, K. Mandi Luar","Parkir Motor, Parkir Sepeda",,https://mamikos.com/room/kost-kota-bandung-kost-putri-murah-kost-kristi-2-bandung-wetan-bandung-2?redirection_source=landing%20area,-6.903628381910041,107.61649619999965
Kost Seven Tamim Otista Andir Bandung,Campur,Rp1.700.000,1700000,Andir,Andir,"Kost ini berlokasi dekat dengan jalan raya dengan akses yang hanya bisa dilalui oleh motor/sepeda, berlokasi dekat dengan Warteg Jaya Bahari (591 m), Circle K (3.2 km), Masjid Raya Bandung (443 m), Bank Syariah Indonesia KC Bandung Suniaraja (361 m), Universitas Padjadjaran Kampus Dipatiukur (3.2 km), Bandung Electronic Center (1.3 km).","3 x 3.5 meter, Tidak termasuk listrik","AC, Kasur, Ventilasi, Jendela, Kursi, Kipas Angin, Cleaning service","K. Mandi Dalam, Kloset Duduk, Shower, Air panas","WiFi, R. Cuci, Laundry, Penjaga Kos, R. Jemur, R. Santai, Dapur, Jemuran, Pengurus Kos, CCTV","Parkir Motor, Parkir Sepeda",,https://mamikos.com/room/kost-kota-bandung-kost-campur-eksklusif-kost-seven-tamim-otista-andir-bandung?redirection_source=landing%20area,-6.907771556824514,107.57320702235614
Kost 46 A Bandung Wetan Bandung,Putri,Rp800.000,800000,Kecamatan Bandung Wetan,Bandung Wetan,"Kost ini berlokasi dekat dengan jalan raya dengan akses yang hanya bisa dilalui oleh motor/sepeda, berlokasi dekat dengan Warteg Abadi (291 m), Alfamart (655 m), Masjid Al Asy'ari Unisba (325 m), Bank BJB - Kantor Cabang Tamansari (296 m), Universitas Islam Bandung (290 m), RS Umum Tk IV 03.07.03Sariningsih (711 m).","3 x 4 meter, Termasuk listrik","Ventilasi, Jendela","Kloset Duduk, K. Mandi Luar","WiFi, Penjaga Kos, Dapur, Pengurus Kos, Jual Makanan, Taman, K. Mandi Luar",Parkir Motor,,https://mamikos.com/room/kost-kota-bandung-kost-putri-murah-kost-46-a-bandung-wetan-bandung-2?redirection_source=landing%20area,-6.903652552946682,107.61730875919844
Kost Bu Ena Tipe A1 Lengkong Bandung,Putri,Rp1.300.000,1300000,Kecamatan Lengkong,Lengkong,"Kost ini berlokasi dekat dengan jalan raya dengan akses yang hanya bisa dilalui oleh motor/sepeda, berlokasi dekat dengan Warteg Bahari (479 m), Alfamart A Yani 419 (3.1 km), Church of Isa Almasih (401 m), Bank BJB - Cabang Utama Bandung (880 m), Universitas Islam Bandung (2.6 km), RS Umum Bungsu (867 m).","3 x 3 meter, Tidak termasuk listrik","Kasur, Lemari / Storage, Ventilasi, Jendela, Guling, Cermin, Bantal, TV Kabel, Kipas Angin","K. Mandi Dalam, Kloset Duduk, Kloset Jongkok, Ember mandi, Shower, Air panas","WiFi, Kulkas, Penjaga Kos, Dispenser, Dapur, Jemuran, Jual Makanan, CCTV",Parkir Motor & Sepeda,,https://mamikos.com/room/kost-kota-bandung-kost-putri-eksklusif-kost-bu-ena-tipe-a1-lengkong-bandung?redirection_source=landing%20area,-6.933562067784621,107.6257916902584
Kost Syauqiyyah Tipe A Regol Bandung,Putri,Rp1.450.000,1450000,Regol,Regol,"Kost ini berlokasi dekat dengan jalan raya dengan akses yang hanya bisa dilalui oleh motor/sepeda, berlokasi dekat dengan Warteg Bahari (505 m), Circle K (1.6 km), Masjid Jami Nurul Falah (623 m), CIMB Niaga (Buah Batu) (1.1 km), Akademi Sekretari Dan Manajemen BSI Bandung (904 m), RS Ibu dan Anak Kota Bandung (1.7 km).","3 x 4 meter, Termasuk listrik","Kasur, Meja, Ventilasi, Jendela, Guling, Bantal, Kursi","K. Mandi Dalam, Kloset Duduk, Kloset Jongkok, Shower, Air panas","WiFi, R. Cuci, Kulkas, Mesin Cuci, R. Tamu, Penjaga Kos, R. Jemur, R. Makan, R. Santai, Dispenser","Parkir Motor, Parkir Sepeda",,https://mamikos.com/room/kost-kota-bandung-kost-putri-eksklusif-kost-syauqiyyah-tipe-a-regol-bandung?redirection_source=landing%20area,-6.941173766301282,107.61330355625616
Kost Pusat Laundry Nasional Astanaanyar Bandung,Campur,Rp650.000,650000,Kecamatan Astanaanyar,Astanaanyar,"Kost ini berlokasi dekat dengan jalan raya dengan akses masuk mobil, berlokasi dekat dengan Warteg Jaya Bahari (377 m), Circle K (778 m), Gereja Kristen Kalam Kudus Pasundan (602 m), Institut Seni Budaya Indonesia Bandung (3.3 km), Bandung Electronic Center (2.2 km).","3 x 3 meter, Termasuk listrik","Kasur, Lemari / Storage, Kipas Angin","Kloset Duduk, K. Mandi Luar, Shower, Air panas","WiFi, Laundry, Penjaga Kos, R. Makan, R. Santai, Dapur, Pengurus Kos, CCTV, Balcon, R. Keluarga",Parkir Motor,,https://mamikos.com/room/kost-kota-bandung-kost-campur-murah-kost-pusat-laundry-nasional-astanaanyar-bandung-1?redirection_source=landing%20area,-6.940586019990519,107.60391134798232
Kost Deme 25 Tipe A Batununggal Bandung,Campur,Rp1.150.000,1150000,Kecamatan Batununggal,Batununggal,"Kost ini berlokasi dekat dengan jalan raya dengan akses yang hanya bisa dilalui oleh motor/sepeda, berlokasi dekat dengan Warteg Bahari (1.6 km), Indomaret Surapati 55 (3.3 km), Gereja Isa Almasih (451 m), Bank BCA KCP Buah Batu (1.9 km), Institut Teknologi Nasional Bandung (3.1 km), RS Ibu dan Anak Al Islam (1.9 km).","3 x 3 meter, Tidak termasuk listrik","AC, Kasur, Lemari / Storage, Ventilasi, Jendela, Cermin","K. Mandi Dalam, Kloset Duduk, Kloset Jongkok, Ember mandi, Shower, Air panas","WiFi, Penjaga Kos, R. Jemur, Dapur, Jemuran, Pengurus Kos, CCTV, Rooftop, Balcon","Parkir Motor, Parkir Sepeda, Parkir Motor & Sepeda",,https://mamikos.com/room/kost-kota-bandung-kost-campur-eksklusif-kost-deme-25-tipe-a-batununggal-bandung?redirection_source=landing%20area,-6.92879147811164,107.64010152030116
Kost Neo Lengkong Bandung,Campur,Rp1.100.000,1100000,Lengkong,Lengkong,"Kost ini berlokasi dekat dengan jalan raya dengan akses yang hanya bisa dilalui oleh motor/sepeda, berlokasi dekat dengan Rumah Makan Cikawao (402 m), Alfamart A Yani 419 (3.2 km), Church of Isa Almasih (555 m), Citibank Indonesia (341 m), Universitas Padjadjaran Kampus Dipatiukur (3.4 km), RS Umum Bungsu (580 m).","3 x 4 meter, Tidak termasuk listrik","Kasur, Lemari / Storage, Ventilasi, Jendela, Cermin","K. Mandi Dalam, Kloset Duduk, Ember mandi, Shower","WiFi, R. Jemur, Dapur, Jemuran, Pengurus Kos, Balcon",Parkir Motor,,https://mamikos.com/room/kost-kota-bandung-kost-campur-eksklusif-kost-neo-lengkong-bandung-2?redirection_source=landing%20area,-6.934417161654739,107.6250565081962
Kost Kukka Tipe A Lengkong Bandung,Putri,Rp1.500.000,1500000,Lengkong,Lengkong,"Kost ini berlokasi dekat dengan jalan raya dengan akses yang hanya bisa dilalui oleh motor/sepeda, berlokasi dekat dengan Warteg Bahari (459 m), Alfamart (3.2 km), Church In Bandung (611 m), Bank BJB - Cabang Utama Bandung (1.3 km), Universitas Islam Bandung (2.9 km), RS Umum Bungsu (1.1 km).","2.5 x 4.5 meter, Tidak termasuk listrik","Kasur, Meja, Lemari / Storage, Ventilasi, Jendela, Wastafel, Kursi, Cleaning service","K. Mandi Dalam, Kloset Duduk, Wastafel, Shower, Air panas","WiFi, Kulkas, Dapur, CCTV",Parkir Motor,,https://mamikos.com/room/kost-kota-bandung-kost-putri-eksklusif-kost-kukka-tipe-a-lengkong-bandung-2?redirection_source=landing%20area,-6.932905518693763,107.6272828616874
Kost Pungkur Vip Regol Bandung,Putri,Rp650.000,650000,Kecamatan Regol,Regol,"Kost ini berlokasi dekat dengan jalan raya dengan akses yang hanya bisa dilalui oleh motor/sepeda, berlokasi dekat dengan Warteg Abadi (3.0 km), Circle K (1.3 km), Church of Isa Almasih (176 m), Citibank Indonesia (1.0 km), Universitas Islam Bandung (3.0 km), RS Umum Muhammadiyah (1.3 km).","3 x 3 meter, Termasuk listrik","Kasur, Lemari / Storage, Jendela, Guling, Bantal","K. Mandi Dalam, Kloset Duduk, K. Mandi Luar, Shower","R. Jemur, Dapur, Jemuran, Rice Cooker",Parkir Motor,,https://mamikos.com/room/kost-kota-bandung-kost-putri-murah-kost-pungkur-vip-regol-bandung?redirection_source=landing%20area,-6.939598183666471,107.61354976869528
Kost Naumanda Cikaso Cibeunying Kidul Bandung,Putri,Rp1.333.333,1333333,Kecamatan Cibeunying Kidul,Cibeunying Kidul,"Kost ini berlokasi dekat dengan jalan raya dengan akses masuk mobil, berlokasi dekat dengan Warteg Abadi (2.8 km), Alfamart A Yani 419 (465 m), Masjid Al Barokah (1.8 km), Bank BJB - Cabang Utama Bandung (2.9 km), Institut Teknologi Nasional Bandung (1.4 km), RS Ibu dan Anak Al Islam (477 m).","3 x 4 meter, Tidak termasuk listrik","Kasur, Meja, Lemari / Storage, Ventilasi, Jendela, Guling, Bantal, Kursi","K. Mandi Dalam, Kloset Duduk, Shower, Air panas","WiFi, R. Cuci, Kulkas, Mesin Cuci, R. Tamu, Penjaga Kos, R. Jemur, R. Santai, Dapur, Jemuran",Parkir Motor & Sepeda,,https://mamikos.com/room/kost-kota-bandung-kost-putri-eksklusif-kost-naumanda-cikaso-cibeunying-kidul-bandung?redirection_source=landing%20area,-6.899827993611743,107.6518575411438
Kost Melkid 47abc Lengkong Bandung,Putri,Rp900.000,900000,Kecamatan Lengkong,Lengkong,"Kost ini berlokasi dekat dengan jalan raya dengan akses yang hanya bisa dilalui oleh motor/sepeda, berlokasi dekat dengan Warteg Bahari (127 m), Circle K (98 m), Church of Isa Almasih (318 m), Bank BJB - Cabang Utama Bandung (1.3 km), Universitas Islam Bandung (3.1 km), RS Mata Bandung Eye Center (1.3 km).","4 x 4 meter, Tidak termasuk listrik","Kasur, Lemari / Storage, Ventilasi, Jendela","K. Mandi Dalam, Kloset Duduk, K. Mandi Luar, Shower","R. Cuci, R. Tamu, R. Santai, Dapur, Pengurus Kos, CCTV, K. Mandi Luar","Parkir Motor, Parkir Sepeda",,https://mamikos.com/room/kost-kota-bandung-kost-putri-murah-kost-melkid-47abc-lengkong-bandung-2?redirection_source=landing%20area,-6.9353251921637415,107.62610428344738
Kost Yukiyama Sawah Kurung Regol Bandung,Putri,Rp1.800.000,1800000,Kecamatan Regol,Regol,"Kost ini berlokasi dekat dengan jalan raya dengan akses jalan raya, berlokasi dekat dengan Rumah Makan Cikawao (671 m), Circle K (1.5 km), Church of Isa Almasih (503 m), Citibank Indonesia (1.3 km), Universitas Islam Bandung (3.3 km), RS Ibu dan Anak Kota Bandung (1.3 km).","3 x 4 meter, Tidak termasuk listrik","AC, Kasur, Meja, TV, Lemari / Storage, Cermin, Bantal","K. Mandi Dalam, Kloset Duduk, Wastafel, Shower, Air panas","WiFi, Kulkas, R. Jemur, Dapur, CCTV",Parkir Motor,,https://mamikos.com/room/kost-kota-bandung-kost-putri-eksklusif-kost-yukiyama-sawah-kurung-regol-bandung-?redirection_source=landing%20area,-6.937690302463485,107.61526582708431
Kost Komura Cibeunying Kaler Bandung,Campur,Rp550.000,550000,Kecamatan Cibeunying Kaler,Cibeunying Kaler,"Kost ini berlokasi dekat dengan jalan raya dengan akses yang hanya bisa dilalui oleh motor/sepeda, berlokasi dekat dengan Warteg Abadi (2.0 km), Alfamart (996 m), Masjid Al Asy'ari Unisba (2.3 km), Bank BJB Weekend Banking (1.1 km), Institut Teknologi Nasional Bandung (864 m), RS Ibu dan Anak Al Islam (1.5 km).","2.5 x 3 meter, Termasuk listrik","Kasur, Meja, Lemari / Storage, Ventilasi, Jendela","Kloset Jongkok, K. Mandi Luar, Ember mandi","WiFi, R. Cuci, R. Tamu, Penjaga Kos, R. Jemur, R. Makan, R. Santai, Dapur, Jemuran, Pengurus Kos","Parkir Motor, Parkir Sepeda, Parkir Motor & Sepeda",,https://mamikos.com/room/kost-kota-bandung-kost-campur-murah-kost-komura-cibeunying-kaler-bandung?redirection_source=landing%20area,-6.885522440052941,107.62784438444842
Kost Cibo 33 Batununggal Bandung,Putri,Rp955.000,955000,Batununggal,Batununggal,"Kost ini berlokasi dekat dengan jalan raya dengan akses yang hanya bisa dilalui oleh motor/sepeda, berlokasi dekat dengan Warteg Cintaasih (472 m), Alfamart A Yani 419 (1.7 km), Masjid Al Jihad (763 m), Sekolah Tinggi Ilmu Ekonomi Pasundan (973 m), Bandung Electronic Center (3.2 km).","3 x 3.5 meter, Termasuk listrik","Kasur, Dispenser, Meja, Lemari / Storage, Ventilasi, Jendela, Guling, Cermin, Bantal","K. Mandi Dalam, Kloset Jongkok, Ember mandi, Shower","Kulkas, R. Tamu, R. Jemur, R. Santai, Dispenser, Dapur, Jemuran, CCTV, TV","Parkir Motor, Parkir Sepeda",,https://mamikos.com/room/kost-bandung-kost-putri-murah-kost-cibo-33-batununggal-bandung-1?redirection_source=landing%20area,-6.927701815855811,107.63860941999502
Kost Rumah Ene Kos Putri Regol Bandung,Putri,Rp1.950.000,1950000,Regol,Regol,"Kost ini berlokasi dekat dengan jalan raya dengan akses yang hanya bisa dilalui oleh motor/sepeda, berlokasi dekat dengan Warteg Bahari (782 m), Circle K (764 m), Church of Isa Almasih (628 m), Institut Seni Budaya Indonesia Bandung (2.3 km), RSU Bhayangkara Tk II Sartika Asih (2.6 km), Bandung Electronic Center (2.8 km).","3 x 4 meter, Tidak termasuk listrik","AC, Kasur, Meja, Lemari / Storage, Ventilasi, Jendela, Guling, Bantal, Kursi","K. Mandi Dalam, Kloset Duduk, Shower, Air panas","WiFi, Laundry, R. Tamu, Penjaga Kos, R. Jemur, Mushola, Jemuran, Pengurus Kos, Jual Makanan, CCTV","Parkir Mobil, Parkir Motor",,https://mamikos.com/room/kost-kota-bandung-kost-putri-eksklusif-kost-rumah-ene-kos-putri-regol-bandung-1?redirection_source=landing%20area,-6.941470767344098,107.61308177618947
Kost M Dian Ediana Regol Bandung,Putri,Rp850.000,850000,Regol,Regol,"Kost ini berlokasi dekat dengan jalan raya dengan akses masuk mobil, berlokasi dekat dengan Warteg Bahari (474 m), Circle K (501 m), Masjid Jami Nurul Falah (556 m), CIMB Niaga (Buah Batu) (776 m), Akademi Sekretari Dan Manajemen BSI Bandung (659 m), RS Umum Muhammadiyah (691 m).","2.5 x 2.8 meter, Termasuk listrik","Kasur, Dispenser, Meja, Meja Rias, Lemari / Storage, Ventilasi, Jendela, Guling, Cermin, Bantal","Kloset Duduk, K. Mandi Luar, Ember mandi, Bak mandi","WiFi, R. Cuci, R. Tamu, R. Jemur, R. Santai, Dispenser, Jemuran, Balcon, K. Mandi Luar",Parkir Motor,,https://mamikos.com/room/kost-kota-bandung-kost-putri-murah-kost-m-dian-ediana-regol-bandung-2?redirection_source=landing%20area,-6.940898420263867,107.61280971375314
Kost Turangga Executive Lengkong Bandung,Putri,Rp800.000,800000,Kecamatan Lengkong,Lengkong,"Kost ini berlokasi dekat dengan jalan raya dengan akses yang hanya bisa dilalui oleh motor/sepeda, berlokasi dekat dengan Warteg Bahari (709 m), Circle K (3.1 km), Church of Isa Almasih (1.1 km), Bank BCA KCP Buah Batu (804 m), Akademi Sekretari Dan Manajemen BSI Bandung (393 m), RS Umum Bungsu (1.9 km).","3 x 3 meter, Tidak termasuk listrik","Ventilasi, Jendela","K. Mandi Dalam, Kloset Jongkok","Dapur, Jemuran, Pengurus Kos","Parkir Motor, Parkir Sepeda, Parkir Motor & Sepeda",,https://mamikos.com/room/kost-kota-bandung-kost-putri-murah-kost-turangga-executive-lengkong-bandung?redirection_source=landing%20area,-6.933740403294801,107.6253538328249
Kost Kukka Tipe AC Lengkong Bandung,Putri,Rp1.750.000,1750000,Lengkong,Lengkong,"Kost ini berlokasi dekat dengan jalan raya dengan akses yang hanya bisa dilalui oleh motor/sepeda, berlokasi dekat dengan Warteg Bahari (459 m), Alfamart (3.2 km), Church In Bandung (611 m), Bank BJB - Cabang Utama Bandung (1.3 km), Universitas Islam Bandung (2.9 km), RS Umum Bungsu (1.1 km).","2.5 x 4.5 meter, Tidak termasuk listrik","AC, Kasur, Meja, Lemari / Storage, Ventilasi, Jendela, Wastafel, Kursi, Cleaning service","K. Mandi Dalam, Kloset Duduk, Wastafel, Shower, Air panas","WiFi, Kulkas, Dapur, CCTV","Parkir Mobil, Parkir Motor",,https://mamikos.com/room/kost-kota-bandung-kost-putri-eksklusif-kost-kukka-tipe-ac-lengkong-bandung-2?redirection_source=landing%20area,-6.932497999891953,107.62687127849658
Kost 78D Tipe B Regol Bandung,Putri,Rp1.250.000,1250000,Regol,Regol,"Kost ini berlokasi dekat dengan jalan raya dengan akses yang hanya bisa dilalui oleh motor/sepeda, berlokasi dekat dengan Rumah Makan Cikawao (892 m), Circle K (829 m), Gereja Kristen Kalam Kudus Pasundan (348 m), Citibank Indonesia (1.4 km), Sekolah Tinggi Ilmu Kesehatan Immanuel Bandung (1.4 km), RS Khusus Mata Cicendo (2.0 km).","4 x 5 meter, Tidak termasuk listrik","Kasur, Meja, Lemari / Storage, Ventilasi, Jendela, Guling, Bantal, Kursi","K. Mandi Dalam, Kloset Duduk","WiFi, Penjaga Kos, R. Jemur, R. Santai, Dapur, Jemuran, CCTV, Balcon","Parkir Motor, Parkir Sepeda",,https://mamikos.com/room/kost-kota-bandung-kost-putri-eksklusif-kost-78d-tipe-b-regol-bandung?redirection_source=landing%20area,-6.940004190602669,107.61292531768493
Kost Miru Minami Tipe A Lengkong Bandung,Putri,Rp1.500.000,1500000,Kecamatan Lengkong,Lengkong,"Kost ini berlokasi dekat dengan jalan raya dengan akses yang hanya bisa dilalui oleh motor/sepeda, berlokasi dekat dengan Warteg Bahari (142 m), Alfamart A Yani 419 (3.4 km), Church of Isa Almasih (292 m), Bank BJB - Cabang Utama Bandung (1.2 km), Universitas Islam Bandung (3.0 km), RS Umum Bungsu (1.3 km).","3 x 4 meter, Tidak termasuk listrik","Kasur, Meja, Lemari / Storage, Ventilasi, Jendela, Kursi","Kloset Duduk, K. Mandi Luar, Shower","WiFi, R. Cuci, Kulkas, Penjaga Kos, R. Jemur, Dapur, Jemuran, CCTV, Rooftop, Kartu Akses",Parkir Motor,,https://mamikos.com/room/kost-kota-bandung-kost-putri-eksklusif-kost-miru-minami-tipe-a-lengkong-bandung?redirection_source=landing%20area,-6.935693068133672,107.62580685240164
Kost Kencana Big Room Bandung Wetan Bandung,Campur,Rp2.100.000,2100000,Bandung Wetan,Bandung Wetan,"Kost ini berlokasi dekat dengan jalan raya dengan akses yang hanya bisa dilalui oleh motor/sepeda, berlokasi dekat dengan Swike Waled Rumah Makan (256 m), Circle K (2.9 km), Masjid Jami Mathla'ul Khoeriyah (196 m), Bank BJB - Kantor Cabang Tamansari (397 m), Universitas Islam Bandung (340 m), RS Ibu dan Anak Melinda (384 m).","3 x 4 meter, Tidak termasuk listrik","AC, Kasur, Meja, Lemari / Storage, Wastafel, Kursi","K. Mandi Dalam, Kloset Duduk, Wastafel, Shower, Air panas","WiFi, Kulkas, Laundry, R. Tamu, R. Santai",Parkir Motor,,https://mamikos.com/room/kost-kota-bandung-kost-campur-eksklusif-kost-kencana-big-room-bandung-wetan-bandung-2?redirection_source=landing%20area,-6.903745032801655,107.6154345248102
Kost Nomad Coliving Asia Afrika Loft Lengkong Bandung,Campur,Rp2.699.998,2699998,Lengkong,Lengkong,"Kost ini berlokasi dekat dengan jalan raya dengan akses yang hanya bisa dilalui oleh motor/sepeda, berlokasi dekat dengan Warteg Bahari (527 m), Alfamart (3.1 km), Church In Bandung (501 m), Bank BJB - Cabang Utama Bandung (1.1 km), Universitas Islam Bandung (2.7 km), RS Umum Bungsu (1.0 km).","3 x 4 meter, Tidak termasuk listrik","AC, Kasur, Meja, Lemari / Storage, Jendela, Cermin, Bantal, Wastafel, Kursi","K. Mandi Dalam, Kloset Duduk, Wastafel, Shower, Air panas","WiFi, Kulkas, Penjaga Kos, R. Makan, Dapur, Pengurus Kos, CCTV, Rooftop, TV",,,https://mamikos.com/room/kost-kota-bandung-kost-campur-eksklusif-kost-nomad-coliving-asia-afrika-loft-lengkong-bandung?redirection_source=landing%20area,-6.934523767942547,107.624986888421
Kost Amavi Lengkong Besar Regol Bandung,Putra,Rp1.800.000,1800000,Regol,Regol,"Kost ini berlokasi dekat dengan jalan raya dengan akses yang hanya bisa dilalui oleh motor/sepeda, berlokasi dekat dengan Rumah Makan Cikawao (292 m), Circle K (393 m), Church of Isa Almasih (121 m), Citibank Indonesia (964 m), Institut Seni Budaya Indonesia Bandung (2.3 km), RSU Bhayangkara Tk II Sartika Asih (3.0 km).","4 x 2.5 meter, Tidak termasuk listrik","Kasur, Meja, TV, Lemari / Storage, Kursi, Cleaning service","K. Mandi Dalam, Kloset Duduk, Shower","WiFi, R. Santai, Dapur, Kartu Akses","Parkir Motor, Parkir Sepeda",,https://mamikos.com/room/kost-bandung-kost-putra-eksklusif-kost-amavi-lengkong-besar-bandung-1?redirection_source=landing%20area,-6.941221258468446,107.61545835754752
Kost Kenari 18 Tipe 1 Sumur Bandung Bandung,Putra,Rp1.999.999,1999999,Kecamatan Sumur Bandung,Sumur Bandung,"Kost ini berlokasi dekat dengan jalan raya dengan akses yang hanya bisa dilalui oleh motor/sepeda, berlokasi dekat dengan Warteg Abadi (962 m), Alfamart (1.7 km), Masjid Al Asy'ari Unisba (917 m), Bank BJB - Kantor Cabang Tamansari (914 m), Universitas Islam Bandung (950 m), RS Umum Tk IV 03.07.03Sariningsih (513 m).","2.5 x 4.2 meter, Tidak termasuk listrik","AC, Kasur, Dispenser, Meja, Lemari / Storage, Meja makan, Jendela, Guling, Bantal, Wastafel","Kloset Duduk, K. Mandi Luar, Wastafel, Shower, Air panas","WiFi, Laundry, R. Tamu, Penjaga Kos, R. Jemur, R. Makan, R. Santai, Dapur, CCTV, Taman","Parkir Mobil, Parkir Motor, Parkir Sepeda, Parkir Motor & Sepeda",,https://mamikos.com/room/kost-kota-bandung-kost-putra-eksklusif-kost-kenari-18-tipe-1-sumur-bandung-bandung-2?redirection_source=landing%20area,-6.916036362836533,107.61890613769133
Kost Samping Trans Studio Mall Batununggal Bandung,Campur,Rp850.000,850000,Batununggal,Batununggal,"Kost ini berlokasi dekat dengan jalan raya dengan akses yang hanya bisa dilalui oleh motor/sepeda, berlokasi dekat dengan Warteg Berkah Bahari (742 m), Alfamart A Yani 419 (1.8 km), Masjid Al Jihad (1.1 km), Sekolah Tinggi Ilmu Ekonomi Pasundan (695 m).","3 x 3 meter, Termasuk listrik","Kasur, Dispenser, Lemari / Storage, Ventilasi, Jendela, Kursi","Kloset Jongkok, K. Mandi Luar, Wastafel, Bak mandi","WiFi, R. Tamu, R. Jemur, R. Santai, Dispenser, Dapur, Jemuran, Pengurus Kos, CCTV, Balcon","Parkir Motor, Parkir Sepeda",,https://mamikos.com/room/kost-kota-bandung-kost-campur-murah-kost-samping-trans-studio-mall-batununggal-bandung-2?redirection_source=landing%20area,-6.927351613882056,107.639945697305
Kost Crysant House Tipe A Cibeunying Kaler Bandung,Campur,Rp1.600.000,1600000,Cibeunying Kaler,Cibeunying Kaler,"Kost ini berlokasi dekat dengan jalan raya dengan akses yang hanya bisa dilalui oleh motor/sepeda, berlokasi dekat dengan Warteg Abadi (2.2 km), Alfamart (854 m), Christian Church Pasundan Awiligar (2.2 km), Bank BJB Weekend Banking (1.3 km), Institut Teknologi Nasional Bandung (724 m), RS Ibu dan Anak Al Islam (1.5 km).","3 x 3 meter, Tidak termasuk listrik","Kasur, Meja, Ventilasi, Jendela, Bantal, Wastafel, Kursi","K. Mandi Dalam, Kloset Duduk, Wastafel, Shower, Air panas","WiFi, Penjaga Kos, R. Jemur, R. Santai, Dapur, Jemuran, Pengurus Kos, CCTV, Joglo","Parkir Mobil, Parkir Motor, Parkir Sepeda",,https://mamikos.com/room/kost-kota-bandung-kost-campur-eksklusif-kost-crysant-house-tipe-a-cibeunying-kaler-bandung?redirection_source=landing%20area,-6.887979471441159,107.62727952005508
Kost P House Tipe L Andir Bandung,Campur,Rp900.000,900000,Andir,Andir,"Kost ini berlokasi dekat dengan jalan raya dengan akses yang hanya bisa dilalui oleh motor/sepeda, berlokasi dekat dengan Warteg Jaya Bahari (904 m), Circle K (3.1 km), Masjid AL-IKHLAS (573 m), Bank Syariah Indonesia KC Bandung Suniaraja (79 m), Universitas Padjadjaran Kampus Dipatiukur (2.9 km), Bandung Electronic Center (1.0 km).","3 x 3 meter, Tidak termasuk listrik","Kasur, Lemari / Storage, Ventilasi, Meja makan, Jendela, Sofa, Wastafel","Kloset Jongkok, Wastafel, Ember mandi, Shower","WiFi, Laundry, R. Makan, R. Santai, Dapur, Pengurus Kos, CCTV, Balcon, K. Mandi Luar","Parkir Motor, Parkir Sepeda",,https://mamikos.com/room/kost-kota-bandung-kost-campur-murah-kost-p-house-tipe-l-andir-bandung-2?redirection_source=landing%20area,-6.906239291597566,107.56998768637033
Kost Amavi L Regol Bandung,Putri,Rp1.950.000,1950000,Kecamatan Regol,Regol,"Kost ini berlokasi dekat dengan jalan raya dengan akses yang hanya bisa dilalui oleh motor/sepeda, berlokasi dekat dengan Warteg Abadi (3.1 km), Circle K (1.2 km), Church of Isa Almasih (199 m), Citibank Indonesia (1.0 km), Universitas Islam Bandung (3.0 km), RS Umum Muhammadiyah (1.3 km).","2.5 x 4.5 meter, Tidak termasuk listrik","AC, Kasur, Meja, TV, Lemari / Storage, Ventilasi, Jendela, TV Kabel, Kursi","K. Mandi Dalam, Kloset Duduk, Shower, Air panas","WiFi, Kulkas, Penjaga Kos, Dapur, CCTV, Kartu Akses, Balcon, Gazebo, TV","Parkir Motor, Parkir Sepeda",,https://mamikos.com/room/kost-kota-bandung-kost-putri-eksklusif-kost-amavi-l-regol-bandung-1?redirection_source=landing%20area,-6.94042708100597,107.614726578108
Kost Pangkur Opat Lengkong Bandung,Putra,Rp1.200.000,1200000,Lengkong,Lengkong,"Kost ini berlokasi dekat dengan jalan raya dengan akses jalan raya, berlokasi dekat dengan Warteg Bahari (495 m), Alfamart A Yani 419 (2.9 km), Masjid Al Waritsin (748 m), CIMB Niaga (Buah Batu) (610 m), Akademi Sekretari Dan Manajemen BSI Bandung (792 m), RS Umum Muhammadiyah (506 m).","3 x 3 meter, Tidak termasuk listrik","AC, TV, Kipas Angin","Kloset Duduk, K. Mandi Luar, Shower, Air panas","WiFi, Mesin Cuci, Penjaga Kos, R. Makan, Dispenser, Dapur, Jemuran, CCTV, TV","Parkir Mobil, Parkir Motor",,https://mamikos.com/room/kost-bandung-kost-putra-eksklusif-kost-pangkur-opat-lengkong-bandung?redirection_source=landing%20area,-6.936263583525458,107.62626226756598
Kost Srimahi Tipe Single Regol Bandung,Campur,Rp1.750.000,1750000,Kecamatan Regol,Regol,"Kost ini berlokasi dekat dengan jalan raya dengan akses yang hanya bisa dilalui oleh motor/sepeda, berlokasi dekat dengan Warteg Bahari (679 m), Circle K (2.9 km), Church of Isa Almasih (925 m), Bank BCA KCP Buah Batu (1.1 km), Akademi Sekretari Dan Manajemen BSI Bandung (913 m), RS Mata Bandung Eye Center (910 m).","3 x 3 meter, Tidak termasuk listrik","AC, Kasur, Meja, TV, Lemari / Storage, Ventilasi, Jendela, Cermin, Wastafel, Kursi","K. Mandi Dalam, Kloset Duduk, Wastafel, Shower, Air panas","WiFi, R. Tamu, Penjaga Kos, R. Jemur, R. Santai, Dispenser, Dapur, Pengurus Kos, Jual Makanan, CCTV",Parkir Motor & Sepeda,,https://mamikos.com/room/kost-kota-bandung-kost-campur-eksklusif-kost-srimahi-tipe-single-regol-bandung?redirection_source=landing%20area,-6.939637552466824,107.6135597616112
Kost Rumah Wayang 8 Standart Lengkong Bandung,Campur,Rp2.100.000,2100000,Kecamatan Lengkong,Lengkong,"Kost ini berlokasi dekat dengan jalan raya dengan akses yang hanya bisa dilalui oleh motor/sepeda, berlokasi dekat dengan Warteg Abadi (2.9 km), Alfamart A Yani 419 (2.7 km), Church In Bandung (569 m), Citibank Indonesia (725 m), Universitas Islam Bandung (2.9 km), RS Mata Bandung Eye Center (1.3 km).","3 x 4 meter, Tidak termasuk listrik","AC, Kasur, Dispenser, Meja, TV, Lemari / Storage, Kulkas, Ventilasi, Meja makan, Jendela","K. Mandi Dalam, Kloset Duduk, Kloset Jongkok, Ember mandi, Shower, Air panas","WiFi, Kulkas, Laundry, R. Tamu, Penjaga Kos, R. Makan, R. Santai, Dispenser, Dapur, Pengurus Kos","Parkir Mobil, Parkir Motor, Parkir Sepeda",,https://mamikos.com/room/kost-kota-bandung-kost-campur-eksklusif-kost-rumah-wayang-8-standart-lengkong-bandung?redirection_source=landing%20area,-6.9332452846923545,107.626255855361
Kost Gatsu Bapak Agus Tipe A Gatot Subroto Batununggal Bandung,Putri,Rp1.100.000,1100000,Batununggal,Batununggal,"Kost ini berlokasi dekat dengan jalan raya dengan akses yang hanya bisa dilalui oleh motor/sepeda, berlokasi dekat dengan Warteg Cintaasih (646 m), Alfamart A Yani 419 (2.0 km), Church In Bandung (739 m), Universitas Padjadjaran Kampus Dipatiukur (3.5 km), Bandung Electronic Center (2.6 km).","3 x 4 meter, Tidak termasuk listrik","Kasur, Meja, Meja Rias, Lemari / Storage, Cermin, Bantal, Kipas Angin","K. Mandi Dalam, Kloset Jongkok, Ember mandi, Shower","WiFi, Kulkas, R. Tamu, R. Jemur, R. Makan, Dapur","Parkir Motor, Parkir Sepeda",,https://mamikos.com/room/kost-kota-bandung-kost-putri-murah-kost-gatsu-bpk-agus-gatot-subroto-batununggal-bandung?redirection_source=landing%20area,-6.927695773086462,107.64171525318584
Kost Maleo Sumur Bandung Bandung,Putri,Rp600.000,600000,Kecamatan Sumur Bandung,Sumur Bandung,"Kost ini berlokasi dekat dengan jalan raya dengan akses yang hanya bisa dilalui oleh motor/sepeda, berlokasi dekat dengan Rumah Makan Kapau Jaya (872 m), Circle K (3.2 km), Masjid Al Asy'ari Unisba (670 m), Bank Permata (465 m), Universitas Islam Bandung (706 m), RS Ibu dan Anak Limijati (814 m).","3 x 3 meter, Termasuk listrik","Kasur, Meja, Lemari / Storage, Jendela, Guling, Cermin, Bantal","Kloset Duduk, Kloset Jongkok, K. Mandi Luar, Ember mandi, Bak mandi","WiFi, R. Cuci, R. Jemur, Pengurus Kos, K. Mandi Luar","Parkir Motor, Parkir Sepeda",,https://mamikos.com/room/kost-kota-bandung-kost-putri-murah-kost-maleo-sumur-bandung-bandung?redirection_source=landing%20area,-6.915393131747322,107.61829190378344
Kost Tegalega 249 Astanaanyar Bandung,Campur,Rp900.000,900000,Kecamatan Astanaanyar,Astanaanyar,"Kost ini berlokasi dekat dengan jalan raya dengan akses yang hanya bisa dilalui oleh motor/sepeda, berlokasi dekat dengan Rumah Makan Cikawao (1.6 km), Circle K (1.6 km), Gereja Kristen Kalam Kudus Pasundan (1.2 km), Citibank Indonesia (2.2 km), Sekolah Tinggi Ilmu Kesehatan Immanuel Bandung (723 m), RS Umum Bungsu (2.3 km).","3 x 4 meter, Tidak termasuk listrik","Kasur, Lemari / Storage",Kloset Jongkok,"WiFi, Penjaga Kos, Jemuran, Pengurus Kos, CCTV, Taman",Parkir Motor,,https://mamikos.com/room/kost-kota-bandung-kost-campur-murah-kost-tegalega-249-astanaanyar-bandung?redirection_source=landing%20area,-6.937175296794731,107.60453305621728
Kost Casa De Suno Exclusive Cicendo Bandung,Campur,Rp3.000.000,3000000,Cicendo,Cicendo,"Kost ini berlokasi dekat dengan jalan raya dengan akses yang hanya bisa dilalui oleh motor/sepeda, berlokasi dekat dengan Warteg Abadi (979 m), Alfamart (651 m), Masjid Al Asy'ari Unisba (686 m), Bank BJB - Kantor Cabang Tamansari (744 m), Universitas Islam Bandung (685 m), RS Umum Melinda 2 (524 m).","4 x 4 meter, Tidak termasuk listrik","AC, Kasur, Meja, Lemari / Storage, Jendela, Guling, Cermin, Bantal, Wastafel, Kursi","K. Mandi Dalam, Kloset Duduk, Wastafel, Shower, Air panas","WiFi, Kulkas, Penjaga Kos, R. Jemur, R. Makan, Mushola, R. Santai, Dapur, Jemuran, CCTV","Parkir Mobil, Parkir Motor",,https://mamikos.com/room/kost-kota-bandung-kost-campur-eksklusif-kost-casa-de-suno-exclusive-cicendo-bandung?redirection_source=landing%20area,-6.9025889444183015,107.58805067103108
Kost Terusan Cisokan Cibeunying Kaler Bandung,Putri,Rp1.350.000,1350000,Cibeunying Kaler,Cibeunying Kaler,"Kost ini berlokasi dekat dengan jalan raya dengan akses yang hanya bisa dilalui oleh motor/sepeda, berlokasi dekat dengan Rumah Makan Boemi Mitoha (804 m), Alfamart A Yani 419 (1.1 km), Masjid Pusdai (834 m), Institut Teknologi Nasional Bandung (652 m), Sinar Abadi Balubur Town Square (2.6 km).","3 x 4 meter, Tidak termasuk listrik","Kasur, Meja, Lemari / Storage, Kursi","K. Mandi Dalam, Kloset Duduk, Shower, Air panas","WiFi, Kulkas, Mesin Cuci, R. Jemur, R. Makan, R. Santai, Dapur, TV",Parkir Motor,,https://mamikos.com/room/kost-kota-bandung-kost-putri-eksklusif-kost-terusan-cisokan-cibeunying-kaler-bandung-2?redirection_source=landing%20area,-6.887955717481965,107.62923858480802
Kost Nomad Coliving Asia Afrika Deluxe Lengkong Bandung,Campur,Rp2.499.999,2499999,Lengkong,Lengkong,"Kost ini berlokasi dekat dengan jalan raya dengan akses yang hanya bisa dilalui oleh motor/sepeda, berlokasi dekat dengan Warteg Bahari (527 m), Alfamart (3.1 km), Church In Bandung (501 m), Bank BJB - Cabang Utama Bandung (1.1 km), Universitas Islam Bandung (2.7 km), RS Umum Bungsu (1.0 km).","3 x 4 meter, Tidak termasuk listrik","AC, Kasur, Meja, Lemari / Storage, Jendela, Cermin, Bantal, Wastafel, Kursi","K. Mandi Dalam, Kloset Duduk, Wastafel, Shower, Air panas","WiFi, Kulkas, Penjaga Kos, R. Makan, Dapur, Pengurus Kos, CCTV, Rooftop, TV",,,https://mamikos.com/room/kost-kota-bandung-kost-campur-eksklusif-kost-nomad-coliving-asia-afrika-deluxe-lengkong-bandung?redirection_source=landing%20area,-6.935532747218344,107.6243691716833
Kost Haga House 1 Tipe A Regol Bandung,Campur,Rp1.000.000,1000000,Regol,Regol,"Kost ini berlokasi dekat dengan jalan raya dengan akses yang hanya bisa dilalui oleh motor/sepeda, berlokasi dekat dengan Warteg Bahari (1.1 km), Circle K (1.0 km), Church of Isa Almasih (730 m), Bank BJB - Cabang Utama Bandung (1.3 km), Universitas Islam Bandung (3.1 km), RS Umum Bungsu (1.6 km).","3 x 4 meter, Termasuk listrik","Kasur, Meja, Ventilasi, Jendela, Guling, Bantal, Wastafel","K. Mandi Dalam, Kloset Duduk, Kloset Jongkok, Wastafel, Ember mandi, Shower","WiFi, Kulkas, R. Tamu, R. Jemur, Mushola, R. Santai, Dapur, Jemuran, Pengurus Kos, CCTV",Parkir Motor,,https://mamikos.com/room/kost-kota-bandung-kost-campur-murah-kost-haga-house-1-tipe-a-regol-bandung-2?redirection_source=landing%20area,-6.940132327380008,107.612222924972
Kost Paledang Lengkong Bandung,Putri,Rp1.300.000,1300000,Kecamatan Lengkong,Lengkong,"Kost ini berlokasi dekat dengan jalan raya dengan akses yang hanya bisa dilalui oleh motor/sepeda, berlokasi dekat dengan Rumah Makan Cikawao (330 m), Alfamart A Yani 419 (3.1 km), Church of Isa Almasih (504 m), Citibank Indonesia (352 m), Akademi Sekretari Dan Manajemen BSI Bandung (931 m), RS Umum Bungsu (742 m).","3 x 4 meter, Tidak termasuk listrik","Kasur, Lemari / Storage, Ventilasi, Jendela, Guling, Cermin, Cleaning service","K. Mandi Dalam, Kloset Jongkok, Ember mandi","R. Tamu, Penjaga Kos, R. Jemur, R. Santai, Jemuran, Pengurus Kos, Jual Makanan, CCTV, Balcon","Parkir Motor, Parkir Sepeda",,https://mamikos.com/room/kost-kota-bandung-kost-putri-eksklusif-kost-paledang-lengkong-bandung?redirection_source=landing%20area,-6.932364924048918,107.62716944683072
Kost Nomad Coliving Asia Afrika Superior Lengkong Bandung,Campur,Rp2.299.998,2299998,Lengkong,Lengkong,"Kost ini berlokasi dekat dengan jalan raya dengan akses yang hanya bisa dilalui oleh motor/sepeda, berlokasi dekat dengan Warteg Bahari (527 m), Alfamart (3.1 km), Church In Bandung (501 m), Bank BJB - Cabang Utama Bandung (1.1 km), Universitas Islam Bandung (2.7 km), RS Umum Bungsu (1.0 km).","3 x 4 meter, Tidak termasuk listrik","AC, Kasur, Meja, Lemari / Storage, Jendela, Cermin, Bantal, Wastafel, Kursi","K. Mandi Dalam, Kloset Duduk, Wastafel, Shower, Air panas","WiFi, Kulkas, Penjaga Kos, R. Makan, Dapur, Pengurus Kos, CCTV, Rooftop, TV",,,https://mamikos.com/room/kost-kota-bandung-kost-campur-eksklusif-kost-nomad-coliving-asia-afrika-superior-lengkong-bandung?redirection_source=landing%20area,-6.93276248316043,107.62742602874404
Kost Laswi Pavilion I Batununggal Bandung,Putri,Rp850.000,850000,Kecamatan Batununggal,Batununggal,"Kost ini berlokasi dekat dengan jalan raya dengan akses yang hanya bisa dilalui oleh motor/sepeda, berlokasi dekat dengan Warteg Bahari (1.6 km), Alfamart A Yani 419 (1.8 km), Masjid Al Jihad (783 m), Bank BCA KCP Buah Batu (1.9 km), Institut Teknologi Nasional Bandung (3.0 km), RS Umum Bungsu (1.8 km).","3 x 3 meter, Termasuk listrik","Kasur, Lemari / Storage, Jendela, Guling, Cermin, Bantal","Kloset Jongkok, K. Mandi Luar","WiFi, Penjaga Kos, Dapur, Balcon, K. Mandi Luar",Parkir Motor,,https://mamikos.com/room/kost-kota-bandung-kost-putri-murah-kost-laswi-pavilion-i-batununggal-bandung?redirection_source=landing%20area,-6.926058194647173,107.63994464456562
Kost Shekinah Bandung Wetan Bandung,Putri,Rp1.510.000,1510000,Bandung Wetan,Bandung Wetan,"Kost ini berlokasi dekat dengan jalan raya dengan akses yang hanya bisa dilalui oleh motor/sepeda, berlokasi dekat dengan Warteg Abadi (382 m), Circle K (3.2 km), Masjid Al Asy'ari Unisba (336 m), Bank BJB - Kantor Cabang Tamansari (326 m), Universitas Islam Bandung (300 m), RS Umum Tk IV 03.07.03Sariningsih (775 m).","3 x 2.5 meter, Tidak termasuk listrik","Kasur, Meja, Lemari / Storage, Ventilasi, Jendela, Guling, Bantal, Kursi","K. Mandi Dalam, Kloset Duduk, Shower, Air panas","WiFi, Kulkas, Dispenser, Dapur, Jemuran, CCTV",,,https://mamikos.com/room/kost-kota-bandung-kost-putri-eksklusif-kost-shekinah-bandung-wetan-bandung-2?redirection_source=landing%20area,-6.906011032279029,107.61510559396442
Kost Java Gamelan Lengkong Bandung,Putra,Rp1.550.000,1550000,Kecamatan Lengkong,Lengkong,"Kost ini berlokasi dekat dengan jalan raya dengan akses yang hanya bisa dilalui oleh motor/sepeda, berlokasi dekat dengan Warteg Bahari (420 m), Alfamart (2.5 km), Gereja Isa Almasih (1.4 km), Bank BCA KCP Buah Batu (699 m), Sekolah Tinggi Ilmu Ekonomi Pasundan (677 m), RS Mata Bandung Eye Center (738 m).","3 x 4 meter, Tidak termasuk listrik","AC, Kasur, Meja, TV, Lemari / Storage, Jendela, Cermin, Bantal, Kursi","K. Mandi Dalam, Kloset Duduk, Wastafel, Shower, Air panas","WiFi, R. Cuci, Kulkas, Mesin Cuci, R. Tamu, Penjaga Kos, R. Makan, Dispenser, Dapur, Jemuran","Parkir Mobil, Parkir Motor, Parkir Sepeda, Parkir Motor & Sepeda",,https://mamikos.com/room/kost-kota-bandung-kost-putra-eksklusif-kost-java-gamelan-lengkong-bandung?redirection_source=landing%20area,-6.935497160865984,107.6275330728146
Kost Griya Camar Tipe D Lengkong Bandung,Campur,Rp1.200.000,1200000,Lengkong,Lengkong,"Kost ini berlokasi dekat dengan jalan raya dengan akses yang hanya bisa dilalui oleh motor/sepeda, berlokasi dekat dengan Warteg Bahari (1.3 km), Alfamart (2.6 km), Church In Bandung (354 m), Bank BJB - Cabang Utama Bandung (1.4 km), Universitas Islam Bandung (2.5 km), RS Umum Bungsu (1.0 km).","3 x 3 meter, Tidak termasuk listrik","Kasur, Meja, Lemari / Storage, Jendela, Cermin, Bantal, Kursi","Kloset Jongkok, K. Mandi Luar, Ember mandi, Shower","WiFi, R. Cuci, Penjaga Kos, R. Jemur, Dapur, Jemuran, CCTV",Parkir Motor & Sepeda,,https://mamikos.com/room/kost-kota-bandung-kost-campur-eksklusif-kost-griya-camar-tipe-d-lengkong-bandung-2?redirection_source=landing%20area,-6.935623326024849,107.62655659458
Kost Ibu Fany Saad Tipe Sedang Sumur Bandung,Putri,Rp1.300.000,1300000,Kecamatan Sumur Bandung,Sumur Bandung,"Kost ini berlokasi dekat dengan jalan raya dengan akses yang hanya bisa dilalui oleh motor/sepeda, berlokasi dekat dengan Warteg Bahari (1.2 km), Alfamart (2.6 km), Church In Bandung (606 m), Bank BJB - Cabang Utama Bandung (478 m), Universitas Islam Bandung (1.9 km), RS Umum Bungsu (201 m).","3 x 4 meter, Termasuk listrik","Meja, Lemari / Storage, Jendela","K. Mandi Dalam, Kloset Jongkok, Ember mandi, Shower, Air panas","WiFi, R. Cuci, Kulkas, Mesin Cuci, Laundry, R. Tamu, R. Jemur, R. Makan, R. Santai, Dispenser",,,https://mamikos.com/room/kost-kota-bandung-kost-putri-eksklusif-kost-ibu-fany-saad-tipe-sedang-sumur-bandung-bandung?redirection_source=landing%20area,-6.915259484365516,107.61813363476207
Kost Gajah Sebelas Lengkong Bandung,Campur,Rp3.499.999,3499999,Kecamatan Lengkong,Lengkong,"Kost ini berlokasi dekat dengan jalan raya dengan akses yang hanya bisa dilalui oleh motor/sepeda, berlokasi dekat dengan Warteg Bahari (695 m), Circle K (3.1 km), Church of Isa Almasih (1.1 km), Bank BCA KCP Buah Batu (852 m), Akademi Sekretari Dan Manajemen BSI Bandung (320 m), RS Umum Bungsu (1.9 km).","5 x 4.5 meter, Tidak termasuk listrik","AC, Kasur, Lemari / Storage, Jendela, Cermin, Bantal, Kursi","K. Mandi Dalam, Kloset Duduk, Shower, Air panas","WiFi, Penjaga Kos, Pengurus Kos, Jual Makanan, CCTV, Balcon, TV","Parkir Mobil, Parkir Motor",,https://mamikos.com/room/kost-kota-bandung-kost-campur-eksklusif-kost-gajah-sebelas-lengkong-bandung-2?redirection_source=landing%20area,-6.9339667258613895,107.62792867095578
Kost Bumi Putri Sukasenang Tipe B Cibeunying Kidul Bandung,Putri,Rp1.450.000,1450000,Cibeunying Kidul,Cibeunying Kidul,"Kost ini berlokasi dekat dengan jalan raya dengan akses yang hanya bisa dilalui oleh motor/sepeda, berlokasi dekat dengan Alfamart Bojong Koneng (1.1 km), Institut Teknologi Nasional Bandung (229 m), Sinar Abadi Balubur Town Square (2.8 km).","3 x 4 meter, Termasuk listrik","Kasur, Meja, Lemari / Storage, Kursi","K. Mandi Dalam, Kloset Duduk, Wastafel, Air panas","WiFi, Kulkas, Penjaga Kos, R. Jemur, R. Makan, Dapur","Parkir Mobil, Parkir Motor, Parkir Sepeda",,https://mamikos.com/room/kost-kota-bandung-kost-putri-eksklusif-kost-bumi-putri-sukasenang-tipe-b-cibeunying-kidul-bandung?redirection_source=landing%20area,-6.899428424010599,107.64911255866808
Kost Otto Residence Tipe D Astanaanyar Bandung,Campur,Rp1.800.000,1800000,Astanaanyar,Astanaanyar,"Kost ini berlokasi dekat dengan jalan raya dengan akses yang hanya bisa dilalui oleh motor/sepeda, berlokasi dekat dengan Warteg Jaya Bahari (211 m), Circle K (534 m), Masjid Raya Bandung (446 m), Bank BJB - Cabang Utama Bandung (905 m), Institut Seni Budaya Indonesia Bandung (3.4 km), Bandung Electronic Center (2.0 km).","4 x 4 meter, Tidak termasuk listrik","AC, Kasur, Meja, Meja Rias, Lemari / Storage, Ventilasi, Jendela, Cermin, Bantal, Wastafel","K. Mandi Dalam, Kloset Duduk, Wastafel, Shower, Air panas","WiFi, R. Jemur, Dapur, Jemuran","Parkir Motor, Parkir Sepeda",,https://mamikos.com/room/kost-kota-bandung-kost-campur-eksklusif-kost-otto-residence-tipe-d-astanaanyar-bandung?redirection_source=landing%20area,-6.93802074503869,107.60484263040952
Kost Faiz Tipe B Sumur Bandung Bandung,Putra,Rp750.000,750000,Kecamatan Sumur Bandung,Sumur Bandung,"Kost ini berlokasi dekat dengan jalan raya dengan akses masuk mobil, berlokasi dekat dengan Rumah Makan Mirasa (616 m), Circle K (3.2 km), Masjid Al Asy'ari Unisba (570 m), Bank Permata (418 m), Universitas Islam Bandung (605 m), RS Khusus Mata Cicendo (303 m).","3 x 3 meter, Termasuk listrik","Kasur, Lemari / Storage","Kloset Duduk, Kloset Jongkok, K. Mandi Luar, Ember mandi, Shower, Air panas","WiFi, K. Mandi Luar","Parkir Motor, Parkir Sepeda",,https://mamikos.com/room/kost-kota-bandung-kost-putra-murah-kost-faiz-tipe-b-sumur-bandung-bandung-2?redirection_source=landing%20area,-6.915483515945689,107.61684378045364
Kost P House Tipe Premium Andir Bandung,Campur,Rp1.250.000,1250000,Andir,Andir,"Kost ini berlokasi dekat dengan jalan raya dengan akses yang hanya bisa dilalui oleh motor/sepeda, berlokasi dekat dengan Warteg Abadi (1.6 km), Alfamart (2.0 km), Masjid Al Asy'ari Unisba (1.4 km), Bank BJB - Cabang Utama Bandung (835 m), Universitas Islam Bandung (1.4 km), RS Umum Bungsu (1.1 km).","3 x 4 meter, Termasuk listrik","Kasur, Lemari / Storage, Ventilasi, Jendela, Wastafel","K. Mandi Dalam, Kloset Duduk, Shower","WiFi, Laundry, Dapur, Jemuran, CCTV",Parkir Motor,,https://mamikos.com/room/kost-kota-bandung-kost-campur-eksklusif-kost-p-house-tipe-premium-andir-bandung-2?redirection_source=landing%20area,-6.905989996978337,107.57041070160176
Kost Sitimunigar Reguler Astanaanyar Bandung,Campur,Rp1.300.000,1300000,Kecamatan Astanaanyar,Astanaanyar,"Kost ini berlokasi dekat dengan jalan raya dengan akses masuk mobil, berlokasi dekat dengan Warteg Bahari (1.5 km), Alfamart (2.8 km), Church of Isa Almasih (1.1 km), Bank BJB - Cabang Utama Bandung (1.3 km), Universitas Islam Bandung (2.9 km), RS Umum Bungsu (1.6 km).","3 x 3 meter, Tidak termasuk listrik","Kasur, Meja, Lemari / Storage, Jendela, Kursi","K. Mandi Dalam, Kloset Duduk, Ember mandi, Shower","WiFi, Laundry, Penjaga Kos, R. Makan, R. Santai, Dapur, Pengurus Kos, CCTV, Balcon, R. Keluarga","Parkir Motor, Parkir Motor & Sepeda",,https://mamikos.com/room/kost-kota-bandung-kost-campur-eksklusif-kost-sitimunigar-reguler-astanaanyar-bandung?redirection_source=landing%20area,-6.938876355786187,107.60184883433764
Kost Rania Modern Tipe A1 Regol Bandung,Putri,Rp950.000,950000,Regol,Regol,"Kost ini berlokasi dekat dengan jalan raya dengan akses yang hanya bisa dilalui oleh motor/sepeda, berlokasi dekat dengan Warteg Bahari (876 m), Alfamart (3.2 km), Church of Isa Almasih (449 m), Bank BJB - Cabang Utama Bandung (723 m), Universitas Islam Bandung (2.5 km), RS Umum Bungsu (984 m).","3 x 3 meter, Tidak termasuk listrik","Kasur, Meja, Lemari / Storage, Ventilasi, Jendela, Guling, Cermin, Bantal, Kursi, Kipas Angin","K. Mandi Dalam, Kloset Duduk, Shower","WiFi, R. Jemur, Dispenser, Dapur, Jemuran, Pengurus Kos, K. Mandi Luar","Parkir Motor, Parkir Sepeda",,https://mamikos.com/room/kost-kota-bandung-kost-putri-murah-kost-rania-modern-tipe-a1-regol-bandung-2?redirection_source=landing%20area,-6.941484276989615,107.61476648208446
Kost Salamah Tipe A Regol Bandung,Campur,Rp700.000,700000,Kecamatan Regol,Regol,"Kost ini berlokasi dekat dengan jalan raya dengan akses yang hanya bisa dilalui oleh motor/sepeda, berlokasi dekat dengan Warteg Jaya Bahari (350 m), Circle K (522 m), Masjid Raya Bandung (417 m), Bank BJB - Cabang Utama Bandung (824 m), Institut Seni Budaya Indonesia Bandung (3.2 km), RSU Bhayangkara Tk II Sartika Asih (3.6 km).","2.9 x 3 meter, Termasuk listrik","Kasur, Lemari / Storage, Sofa","Kloset Jongkok, K. Mandi Luar, Ember mandi, Bak mandi","R. Cuci, R. Tamu, R. Jemur, R. Santai, Dapur, K. Mandi Luar","Parkir Motor, Parkir Sepeda",,https://mamikos.com/room/kost-kota-bandung-kost-campur-murah-kost-salamah-tipe-a-regol-bandung?redirection_source=landing%20area,-6.941469213393193,107.61256488273268
Kost Nangkasuni 47F Tipe A Bandung Wetan Bandung,Putri,Rp515.000,515000,Kecamatan Bandung Wetan,Bandung Wetan,"Kost ini berlokasi dekat dengan jalan raya dengan akses yang hanya bisa dilalui oleh motor/sepeda, berlokasi dekat dengan Rumah Makan Kapau Jaya (481 m), Circle K (3.0 km), Masjid Salman ITB (1.5 km), Bank Syariah Indonesia KC Bandung Suniaraja (1.1 km), Institut Teknologi Bandung (1.7 km), RS Ibu dan Anak Limijati (830 m).","3 x 3 meter, Tidak termasuk listrik","Kasur, TV, Lemari / Storage, Kulkas, Wastafel, Cleaning service","Kloset Jongkok, K. Mandi Luar, Bak mandi","R. Cuci, Kulkas, Laundry, R. Tamu, R. Jemur, R. Makan, Mushola, R. Santai, Dapur, Balcon","Parkir Motor, Parkir Sepeda",,https://mamikos.com/room/kost-kota-bandung-kost-putri-murah-kost-nangkasuni-47f-tipe-a-bandung-wetan-bandung?redirection_source=landing%20area,-6.906547122365442,107.61468866561503
Kost Adipati 10 Bandung Wetan Bandung,Putri,Rp2.000.000,2000000,Kecamatan Bandung Wetan,Bandung Wetan,"Kost ini berlokasi dekat dengan jalan raya dengan akses yang hanya bisa dilalui oleh motor/sepeda, berlokasi dekat dengan Warteg Abadi (547 m), Alfamart A Yani 419 (3.0 km), Masjid Al-Muttaqin (Gedung Sate) (451 m), Bank Mandiri Bandung Priority Banking Soerapatti (252 m), Universitas Padjadjaran Kampus Dipatiukur (779 m), RS Umum Santo Borromeus (663 m).","3 x 3 meter, Termasuk listrik","Kasur, Meja, Lemari / Storage, Ventilasi, Jendela, Cermin, Bantal, Kursi","K. Mandi Dalam, Kloset Duduk, Wastafel, Shower, Air panas","WiFi, Kulkas, Mesin Cuci, R. Jemur, R. Makan, Dispenser, Dapur, Jemuran, Rice Cooker, Pengurus Kos","Parkir Motor, Parkir Sepeda",,https://mamikos.com/room/kost-kota-bandung-kost-putri-eksklusif-kost-adipati-10-bandung-wetan-bandung-2?redirection_source=landing%20area,-6.906519061664596,107.61623023890417
Kost Pinta Pahlawan Cibeunying Kidul Bandung,Putri,Rp600.000,600000,Kecamatan Cibeunying Kidul,Cibeunying Kidul,"Kost ini berlokasi dekat dengan jalan raya dengan akses yang hanya bisa dilalui oleh motor/sepeda, berlokasi dekat dengan Warteg Cintaasih (2.4 km), Alfamart (1.1 km), Christian Church Pasundan Awiligar (2.0 km), Bank BJB Weekend Banking (1.6 km), Institut Teknologi Nasional Bandung (175 m), RS Ibu dan Anak Al Islam (1.3 km).","3 x 4 meter, Termasuk listrik","Kasur, Lemari / Storage, Ventilasi","Kloset Jongkok, K. Mandi Luar, Ember mandi, Bak mandi","WiFi, Jemuran, CCTV, Balcon, K. Mandi Luar",,,https://mamikos.com/room/kost-kota-bandung-kost-putri-murah-kost-pinta-pahlawan-cibeunying-kidul-bandung-2?redirection_source=landing%20area,-6.896844577356212,107.65038575644763
Kost Bu Enita Cibeunying Kaler Bandung,Campur,Rp550.000,550000,Cibeunying Kaler,Cibeunying Kaler,"Kost ini berlokasi dekat dengan jalan raya dengan akses yang hanya bisa dilalui oleh motor/sepeda, berlokasi dekat dengan Rumah Makan Pondok (796 m), Alfamart Bojong Koneng (1.5 km), Masjid Pusdai (569 m), Universitas Padjadjaran Kampus Dipatiukur (1.6 km), Sinar Abadi Balubur Town Square (2.3 km).","3 x 5 meter, Termasuk listrik","Kasur, Lemari / Storage, Jendela, Cleaning service","Kloset Jongkok, K. Mandi Luar, Ember mandi, Bak mandi","R. Cuci, Penjaga Kos, Mushola, Dapur, Pengurus Kos, K. Mandi Luar","Parkir Motor, Parkir Sepeda",,https://mamikos.com/room/kost-kota-bandung-kost-campur-murah-kost-bu-enita-cibeunying-kaler-bandung?redirection_source=landing%20area,-6.8844413758855305,107.628409563383
Kost Sukamulus Cibeunying Kidul Bandung,Campur,Rp450.000,450000,Cibeunying Kidul,Cibeunying Kidul,"Kost ini berlokasi dekat dengan jalan raya dengan akses yang hanya bisa dilalui oleh motor/sepeda, berlokasi dekat dengan Warteg Abadi (3.1 km), Alfamart A Yani 419 (284 m), Masjid Pusdai (1.6 km), Bank Mandiri Bandung Priority Banking Soerapatti (2.6 km), Institut Teknologi Nasional Bandung (1.2 km), RS Umum Santo Yusup (583 m).","3 x 3 meter, Termasuk listrik","Kasur, Meja, Ventilasi, Jendela, Cermin, Bantal, Cleaning service","Kloset Jongkok, K. Mandi Luar, Ember mandi, Shower, Bak mandi","WiFi, R. Cuci, Penjaga Kos, R. Jemur, Dispenser, Dapur, Jemuran, Pengurus Kos, CCTV, Gazebo","Parkir Mobil, Parkir Motor, Parkir Sepeda",,https://mamikos.com/room/kost-kota-bandung-kost-campur-murah-kost-sukamulus-cibeunying-kidul-bandung?redirection_source=landing%20area,-6.898264212927511,107.65168037738702
Kost Otto Residence Tipe E Astanaanyar Bandung,Campur,Rp1.700.000,1700000,Astanaanyar,Astanaanyar,"Kost ini berlokasi dekat dengan jalan raya dengan akses yang hanya bisa dilalui oleh motor/sepeda, berlokasi dekat dengan Warteg Jaya Bahari (211 m), Circle K (534 m), Masjid Raya Bandung (446 m), Bank BJB - Cabang Utama Bandung (905 m), Institut Seni Budaya Indonesia Bandung (3.4 km), Bandung Electronic Center (2.0 km).","4 x 4 meter, Tidak termasuk listrik","Kasur, Meja, Meja Rias, Lemari / Storage, Wastafel, Kursi","K. Mandi Dalam, Kloset Duduk, Wastafel, Shower, Air panas","R. Jemur, Dapur",Parkir Motor,,https://mamikos.com/room/kost-kota-bandung-kost-campur-eksklusif-kost-otto-residence-tipe-e-astanaanyar-bandung?redirection_source=landing%20area,-6.939545847371026,107.60156335542956
Kost Ciguriang 25 Exclusive Regol Bandung,Campur,Rp2.500.000,2500000,Kecamatan Regol,Regol,"Kost ini berlokasi dekat dengan jalan raya dengan akses yang hanya bisa dilalui oleh motor/sepeda, berlokasi dekat dengan Warteg Bahari (1.4 km), Alfamart (3.0 km), Church of Isa Almasih (1.0 km), Bank BJB - Cabang Utama Bandung (817 m), Universitas Islam Bandung (2.4 km), RS Umum Bungsu (1.2 km).","3 x 4 meter, Tidak termasuk listrik","AC, Kasur, Lemari / Storage, Ventilasi, Jendela, Guling, Cermin, Bantal, Wastafel, Kursi","K. Mandi Dalam, Kloset Duduk, Wastafel, Shower, Air panas","WiFi, R. Cuci, Kulkas, Mesin Cuci, Laundry, Penjaga Kos, R. Jemur, R. Santai, Dispenser, Dapur","Parkir Mobil, Parkir Motor, Parkir Sepeda, Parkir Motor & Sepeda",,https://mamikos.com/room/kost-kota-bandung-kost-campur-eksklusif-kost-ciguriang-25-exclusive-regol-bandung?redirection_source=landing%20area,-6.938690078692421,107.6124217053918
Kost Mudita Kasih Executive Cicendo Bandung,Campur,Rp1.850.000,1850000,Kecamatan Cicendo,Cicendo,"Kost ini berlokasi dekat dengan jalan raya dengan akses yang hanya bisa dilalui oleh motor/sepeda, berlokasi dekat dengan Warteg Abadi (1.0 km), Alfamart (1.2 km), Masjid Al Asy'ari Unisba (749 m), Bank BJB - Kantor Cabang Tamansari (803 m), Universitas Islam Bandung (777 m), RS Umum Melinda 2 (701 m).","3 x 4 meter, Tidak termasuk listrik","Kasur, Meja, Ventilasi, Jendela, Guling, Cermin, Bantal, Kursi","K. Mandi Dalam, Kloset Duduk, Ember mandi, Shower, Air panas","WiFi, Kulkas, Mesin Cuci, R. Jemur, Dapur, Jemuran, CCTV",Parkir Motor & Sepeda,,https://mamikos.com/room/kost-kota-bandung-kost-campur-eksklusif-kost-mudita-kasih-executive-cicendo-bandung?redirection_source=landing%20area,-6.902933997970407,107.58748377295892
Kost Anton Tipe B Lengkong Bandung,Campur,Rp1.300.000,1300000,Lengkong,Lengkong,"Kost ini berlokasi dekat dengan jalan raya dengan akses yang hanya bisa dilalui oleh motor/sepeda, berlokasi dekat dengan Warteg Bahari (683 m), Alfamart (2.9 km), Church In Bandung (409 m), Bank BJB - Cabang Utama Bandung (876 m), Universitas Islam Bandung (2.5 km), RS Umum Bungsu (743 m).","3.6 x 2.4 meter, Tidak termasuk listrik","Kasur, Meja, TV, Lemari / Storage, Kulkas, Ventilasi, Meja makan, Jendela, Cermin, Bantal","K. Mandi Dalam, Kloset Duduk, Kloset Jongkok, K. Mandi Luar, Ember mandi, Shower","WiFi, Kulkas, Laundry, R. Tamu, Penjaga Kos, R. Jemur, R. Makan, R. Santai, Dispenser, Dapur","Parkir Motor, Parkir Sepeda",,https://mamikos.com/room/kost-kota-bandung-kost-campur-eksklusif-kost-anton-tipe-b-lengkong-bandung-2?redirection_source=landing%20area,-6.933454485417355,107.62690901348634
Kost Mania Regol Bandung,Campur,Rp1.600.000,1600000,Kecamatan Regol,Regol,"Kost ini berlokasi dekat dengan jalan raya dengan akses yang hanya bisa dilalui oleh motor/sepeda, berlokasi dekat dengan Warteg Jaya Bahari (526 m), Circle K (846 m), Gereja Kristen Kalam Kudus Pasundan (494 m), Institut Seni Budaya Indonesia Bandung (3.1 km), RSU Bhayangkara Tk II Sartika Asih (3.3 km), Bandung Electronic Center (2.3 km).","3 x 3 meter, Termasuk listrik","Kasur, Meja, TV, Lemari / Storage, Meja makan","K. Mandi Dalam, Kloset Duduk, Kloset Jongkok, Ember mandi, Shower, Air panas","WiFi, R. Cuci, Kulkas, Mesin Cuci, R. Tamu, Penjaga Kos, R. Jemur, R. Makan, R. Santai, Dispenser","Parkir Motor, Parkir Sepeda, Parkir Motor & Sepeda",,https://mamikos.com/room/kost-kota-bandung-kost-campur-eksklusif-kost-mania-regol-bandung-2?redirection_source=landing%20area,-6.938264607352755,107.6131126479979
Kost My Four Tipe A Bandung Wetan Bandung,Campur,Rp1.100.000,1100000,Bandung Wetan,Bandung Wetan,"Kost ini berlokasi dekat dengan jalan raya dengan akses yang hanya bisa dilalui oleh motor/sepeda, berlokasi dekat dengan Warteg Abadi (346 m), Alfamart A Yani 419 (3.0 km), Masjid Al-Muttaqin (Gedung Sate) (469 m), Bank Mandiri Bandung Priority Banking Soerapatti (452 m), Universitas Islam Bandung (650 m), RS Ibu dan Anak Limijati (476 m).","2.5 x 3 meter, Termasuk listrik","Kasur, Meja, Lemari / Storage, Kursi","Kloset Jongkok, K. Mandi Luar, Shower, Air panas, Bak mandi","WiFi, Mesin Cuci, R. Jemur, R. Makan, Dapur, Taman","Parkir Motor, Parkir Sepeda",,https://mamikos.com/room/kost-kota-bandung-kost-campur-eksklusif-kost-my-four-tipe-a-bandung-wetan-bandung?redirection_source=landing%20area,-6.903519461555258,107.61648421056486
Kost Sitimunigar Executive Ac Astanaanyar Bandung,Campur,Rp1.700.000,1700000,Kecamatan Astanaanyar,Astanaanyar,"Kost ini berlokasi dekat dengan jalan raya dengan akses masuk mobil, berlokasi dekat dengan Warteg Bahari (1.5 km), Alfamart (2.8 km), Church of Isa Almasih (1.1 km), Bank BJB - Cabang Utama Bandung (1.3 km), Universitas Islam Bandung (2.9 km), RS Umum Bungsu (1.6 km).","4 x 4 meter, Tidak termasuk listrik","AC, Kasur, Meja, Lemari / Storage, Ventilasi, Guling, Bantal, Kursi","K. Mandi Dalam, Kloset Duduk, Ember mandi, Shower","WiFi, Laundry, Penjaga Kos, R. Makan, R. Santai, Dapur, Pengurus Kos, CCTV, Balcon, R. Keluarga","Parkir Motor, Parkir Motor & Sepeda",,https://mamikos.com/room/kost-kota-bandung-kost-campur-eksklusif-kost-sitimunigar-executive-ac-astanaanyar-bandung?redirection_source=landing%20area,-6.939737013876714,107.60100727052256
Kost Sitimunigar Reguler Ac Astanaanyar Bandung,Campur,Rp1.500.000,1500000,Kecamatan Astanaanyar,Astanaanyar,"Kost ini berlokasi dekat dengan jalan raya dengan akses masuk mobil, berlokasi dekat dengan Warteg Bahari (1.5 km), Alfamart (2.8 km), Church of Isa Almasih (1.1 km), Bank BJB - Cabang Utama Bandung (1.3 km), Universitas Islam Bandung (2.9 km), RS Umum Bungsu (1.6 km).","3 x 3 meter, Tidak termasuk listrik","AC, Kasur, Meja, Lemari / Storage, Jendela, Kursi","K. Mandi Dalam, Kloset Duduk, Ember mandi, Shower","WiFi, Kulkas, Laundry, Penjaga Kos, R. Jemur, R. Makan, R. Santai, Dapur, Pengurus Kos, CCTV","Parkir Motor, Parkir Motor & Sepeda",,https://mamikos.com/room/kost-kota-bandung-kost-campur-eksklusif-kost-sitimunigar-reguler-ac-astanaanyar-bandung-2?redirection_source=landing%20area,-6.937387331370375,107.60143266772108
Kost Cikawao Lengkong Besar Bandung,Campur,Rp800.000,800000,Lengkong,Lengkong,"Kost ini berlokasi dekat dengan jalan raya dengan akses yang hanya bisa dilalui oleh motor/sepeda, berlokasi dekat dengan Rumah Makan Cikawao (98 m), Alfamart A Yani 419 (3.3 km), Church of Isa Almasih (271 m), Citibank Indonesia (574 m), Akademi Sekretari Dan Manajemen BSI Bandung (940 m), RS Umum Bungsu (898 m).","3 x 3 meter, Tidak termasuk listrik","Kasur, Lemari / Storage","K. Mandi Dalam, Kloset Jongkok, Ember mandi","WiFi, R. Tamu, Penjaga Kos, R. Jemur, R. Makan, R. Santai, Dapur, TV","Parkir Motor, Parkir Sepeda",,https://mamikos.com/room/kost-bandung-kost-campur-murah-kost-cikawao-lengkong-besar-bandung-1?redirection_source=landing%20area,-6.934955720214048,107.62518383684782
Kost Kelinci 11 AC Lengkong Bandung,Campur,Rp1.250.000,1250000,Kecamatan Lengkong,Lengkong,"Kost ini berlokasi dekat dengan jalan raya dengan akses masuk mobil, berlokasi dekat dengan Warteg Bahari (439 m), Alfamart A Yani 419 (3.2 km), Masjid Jami Nurul Falah (439 m), CIMB Niaga (Buah Batu) (697 m), Akademi Sekretari Dan Manajemen BSI Bandung (318 m), RS Umum Muhammadiyah (430 m).","3 x 3 meter, Tidak termasuk listrik","AC, Kasur, Meja, Lemari / Storage, Kursi","K. Mandi Dalam, Kloset Duduk","WiFi, R. Cuci, Kulkas, R. Tamu, Penjaga Kos, R. Jemur, Dispenser, Dapur, CCTV","Parkir Motor, Parkir Sepeda",,https://mamikos.com/room/kost-kota-bandung-kost-campur-eksklusif-kost-kelinci-11-ac-lengkong-bandung-2?redirection_source=landing%20area,-6.934078989248152,107.62494204954602
Kost Albani Regol Bandung,Putri,Rp1.650.001,1650001,Kecamatan Regol,Regol,"Kost ini berlokasi dekat dengan jalan raya dengan akses yang hanya bisa dilalui oleh motor/sepeda, berlokasi dekat dengan Warteg Bahari (884 m), Circle K (867 m), Church of Isa Almasih (726 m), Institut Seni Budaya Indonesia Bandung (2.3 km), RSU Bhayangkara Tk II Sartika Asih (2.5 km), Bandung Electronic Center (2.9 km).","2.9 x 2.2 meter, Termasuk listrik","AC, Kasur, Meja, Lemari / Storage, Ventilasi, Jendela, Guling, Cermin, Bantal, Kipas Angin","K. Mandi Dalam, Kloset Duduk, Ember mandi, Shower","WiFi, Kulkas, R. Jemur, Dapur, Jemuran, Pengurus Kos, Rooftop, Balcon","Parkir Motor, Parkir Sepeda, Parkir Motor & Sepeda",,https://mamikos.com/room/kost-kota-bandung-kost-putri-eksklusif-kost-albani-regol-bandung?redirection_source=landing%20area,-6.937885191610193,107.61425030894654
Kost Kejaksaan Tipe Street View Sumur Bandung,Putri,Rp1.200.000,1200000,Sumur Bandung,Sumur Bandung,"Kost ini berlokasi dekat dengan jalan raya dengan akses yang hanya bisa dilalui oleh motor/sepeda, berlokasi dekat dengan Rumah Makan Soto Bali (897 m), Alfamart A Yani 419 (3.3 km), Masjid Raya Bandung (546 m), Bank BJB - Cabang Utama Bandung (172 m), Universitas Padjadjaran Kampus Dipatiukur (2.9 km), Bandung Electronic Center (1.2 km).","2.5 x 3.1 meter, Tidak termasuk listrik","AC, Kasur, Meja, Lemari / Storage, Kursi","Kloset Duduk, K. Mandi Luar, Wastafel, Shower, Air panas","WiFi, Dapur, Pengurus Kos, CCTV, K. Mandi Luar",Parkir Motor,,https://mamikos.com/room/kost-kota-bandung-kost-putri-eksklusif-kost-kejaksaan-tipe-street-view-sumur-bandung-?redirection_source=landing%20area,-6.913067719689407,107.6160005039988
Kost Sitimunigar Executive Astanaanyar Bandung,Campur,Rp1.600.000,1600000,Kecamatan Astanaanyar,Astanaanyar,"Kost ini berlokasi dekat dengan jalan raya dengan akses masuk mobil, berlokasi dekat dengan Warteg Bahari (1.5 km), Alfamart (2.8 km), Church of Isa Almasih (1.1 km), Bank BJB - Cabang Utama Bandung (1.3 km), Universitas Islam Bandung (2.9 km), RS Umum Bungsu (1.6 km).","4 x 4 meter, Tidak termasuk listrik","Kasur, Meja, Lemari / Storage, Guling, Bantal, Kursi","K. Mandi Dalam, Kloset Duduk, Ember mandi, Shower","WiFi, Laundry, Penjaga Kos, R. Makan, R. Santai, Dapur, Pengurus Kos, CCTV, Balcon, R. Keluarga","Parkir Motor, Parkir Motor & Sepeda",,https://mamikos.com/room/kost-kota-bandung-kost-campur-eksklusif-kost-sitimunigar-executive-astanaanyar-bandung?redirection_source=landing%20area,-6.940138044642174,107.60218106128
Kost Pondok Kebon Kembang 3 Tipe A Bandung Wetan Bandung,Campur,Rp1.450.000,1450000,Kecamatan Bandung Wetan,Bandung Wetan,"Kost ini berlokasi dekat dengan jalan raya dengan akses yang hanya bisa dilalui oleh motor/sepeda, berlokasi dekat dengan Warteg Abadi (451 m), Alfamart (597 m), Masjid Al Arief (371 m), Bank BJB - Kantor Cabang Tamansari (513 m), Universitas Islam Bandung (506 m), RS Umum Tk IV 03.07.03Sariningsih (900 m).","3 x 4 meter, Termasuk listrik","AC, Kasur, Dispenser, Meja, Lemari / Storage, Jendela, Cermin, Bantal, TV Kabel, Kursi","K. Mandi Dalam, Kloset Duduk, Ember mandi, Shower, Air panas","WiFi, R. Cuci, Kulkas, Mesin Cuci, R. Tamu, Penjaga Kos, R. Jemur, R. Santai, Dispenser, Dapur","Parkir Motor, Parkir Motor & Sepeda",,https://mamikos.com/room/kost-kota-bandung-kost-campur-eksklusif-kost-pondok-kebon-kembang-3-tipe-a-bandung-wetan-bandung?redirection_source=landing%20area,-6.905133136371865,107.61771071249558
Kost Lilia Cozy Room Smart Astanaanyar Bandung,Campur,Rp1.000.000,1000000,Kecamatan Astanaanyar,Astanaanyar,"Kost ini berlokasi dekat dengan jalan raya dengan akses yang hanya bisa dilalui oleh motor/sepeda, berlokasi dekat dengan Warteg Bahari (1.6 km), Alfamart (2.7 km), Church of Isa Almasih (1.2 km), Bank BJB - Cabang Utama Bandung (1.4 km), Universitas Islam Bandung (3.0 km), RS Umum Bungsu (1.8 km).","1.9 x 2.9 meter, Tidak termasuk listrik","Kasur, Meja, Lemari / Storage, Ventilasi, Jendela, Bantal, Kursi","Kloset Duduk, K. Mandi Luar, Wastafel, Ember mandi, Shower","WiFi, R. Cuci, Kulkas, Laundry, R. Tamu, Penjaga Kos, R. Jemur, Dapur, Jemuran, Pengurus Kos","Parkir Motor, Parkir Sepeda, Parkir Motor & Sepeda",,https://mamikos.com/room/kost-kota-bandung-kost-campur-eksklusif-kost-lilia-cozy-room-smart-astanaanyar-bandung?redirection_source=landing%20area,-6.9389026700013705,107.603789165063
Kost Pandawa Jl Masjid At Taufiq Batununggal Bandung,Putra,Rp750.000,750000,Kecamatan Batununggal,Batununggal,"Kost ini berlokasi dekat dengan jalan raya dengan akses yang hanya bisa dilalui oleh motor/sepeda, berlokasi dekat dengan Warteg Berkah Bahari (407 m), Alfamart A Yani 419 (2.7 km), Gereja Katolik Hati Tak Bernoda Santa Perawan Maria (1.5 km), Sekolah Tinggi Ilmu Ekonomi Pasundan (421 m).","3 x 3 meter, Termasuk listrik","Kasur, Meja, Lemari / Storage, Ventilasi, Jendela","Kloset Jongkok, K. Mandi Luar, Ember mandi","WiFi, Dapur, Jemuran, K. Mandi Luar","Parkir Motor, Parkir Sepeda",,https://mamikos.com/room/kost-kota-bandung-kost-putra-murah-kost-pandawa-jl-masjid-at-taufiq-batununggal-bandung?redirection_source=landing%20area,-6.928162451128451,107.64207153930488
Kost Lilia Cozy Room Standard Astanaanyar Bandung,Campur,Rp1.200.000,1200000,Kecamatan Astanaanyar,Astanaanyar,"Kost ini berlokasi dekat dengan jalan raya dengan akses yang hanya bisa dilalui oleh motor/sepeda, berlokasi dekat dengan Warteg Bahari (1.6 km), Alfamart (2.7 km), Church of Isa Almasih (1.2 km), Bank BJB - Cabang Utama Bandung (1.4 km), Universitas Islam Bandung (3.0 km), RS Umum Bungsu (1.8 km).","2.3 x 2.6 meter, Tidak termasuk listrik","Kasur, Meja, Lemari / Storage, Ventilasi, Jendela, Bantal, Kursi","Kloset Duduk, K. Mandi Luar, Wastafel, Ember mandi, Shower","WiFi, R. Cuci, Kulkas, Laundry, R. Tamu, Penjaga Kos, R. Jemur, Dapur, Jemuran, Pengurus Kos","Parkir Motor, Parkir Sepeda, Parkir Motor & Sepeda",,https://mamikos.com/room/kost-kota-bandung-kost-campur-eksklusif-kost-lilia-cozy-room-standard-astanaanyar-bandung-2?redirection_source=landing%20area,-6.93823012397403,107.6036368349644
Kost Anggrek Barokah Bandung Wetan Bandung,Campur,Rp1.700.000,1700000,Kecamatan Bandung Wetan,Bandung Wetan,"Kost ini berlokasi dekat dengan jalan raya dengan akses yang hanya bisa dilalui oleh motor/sepeda, berlokasi dekat dengan Warteg Abadi (2.3 km), Alfamart A Yani 419 (971 m), Masjid Al Kautsar (1.5 km), Citibank Indonesia (2.0 km), Universitas Padjadjaran Kampus Dipatiukur (2.4 km), RS Umum Bungsu (2.1 km).","3 x 4 meter, Termasuk listrik","Kasur, Dispenser, Meja, TV, Lemari / Storage, Ventilasi, Jendela, Guling, Cermin, Bantal","K. Mandi Dalam, Kloset Duduk, Shower, Air panas","WiFi, R. Cuci, Kulkas, Penjaga Kos, R. Jemur, Dispenser, Dapur, Jemuran, Pengurus Kos, CCTV","Parkir Mobil, Parkir Motor, Parkir Sepeda",,https://mamikos.com/room/kost-kota-bandung-kost-campur-eksklusif-kost-anggrek-barokah-bandung-wetan-bandung?redirection_source=landing%20area,-6.904186396131248,107.61773842792536
Kost No 73 Tipe A Cibeunying Kaler Bandung,Putra,Rp1.000.000,1000000,Cibeunying Kaler,Cibeunying Kaler,"Kost ini berlokasi dekat dengan jalan raya dengan akses yang hanya bisa dilalui oleh motor/sepeda, berlokasi dekat dengan Rumah Makan Boemi Mitoha (786 m), Alfamart A Yani 419 (1.3 km), Masjid Pusdai (725 m), Institut Teknologi Nasional Bandung (612 m), Sinar Abadi Balubur Town Square (2.5 km).","3 x 3 meter, Tidak termasuk listrik",,"Kloset Duduk, K. Mandi Luar, Ember mandi, Bak mandi","WiFi, Laundry, R. Jemur, R. Santai, Dapur","Parkir Mobil, Parkir Motor, Parkir Sepeda",,https://mamikos.com/room/kost-kota-bandung-kost-putra-eksklusif-kost-no-73-tipe-a-cibeunying-kaler-bandung?redirection_source=landing%20area,-6.885912278795505,107.63018906900952
Kost Exclusive Purawinata 11 Lengkong Bandung,Campur,Rp1.500.000,1500000,Lengkong,Lengkong,"Kost ini berlokasi dekat dengan jalan raya dengan akses yang hanya bisa dilalui oleh motor/sepeda, berlokasi dekat dengan Warteg Bahari (605 m), Alfamart (3.2 km), Church of Isa Almasih (269 m), Bank BJB - Cabang Utama Bandung (741 m), Universitas Islam Bandung (2.6 km), RS Umum Bungsu (858 m).","3 x 3 meter, Tidak termasuk listrik","Kasur, Meja, Lemari / Storage, Jendela, Guling, Bantal, Kursi","K. Mandi Dalam, Kloset Duduk, Kloset Jongkok, Air panas","WiFi, Kulkas, R. Tamu, Penjaga Kos, R. Jemur, R. Makan, R. Santai, Pengurus Kos, CCTV, Balcon","Parkir Motor, Parkir Motor & Sepeda",,https://mamikos.com/room/kost-kota-bandung-kost-campur-eksklusif-kost-exclusive-purawinata-11-lengkong-bandung?redirection_source=landing%20area,-6.933502408108093,107.62627543083988
Kost Bengawan 83 Tipe B Bandung Wetan Bandung,Campur,Rp1.350.000,1350000,Bandung Wetan,Bandung Wetan,"Kost ini berlokasi dekat dengan jalan raya dengan akses yang hanya bisa dilalui oleh motor/sepeda, berlokasi dekat dengan Rumah Makan Boemi Mitoha (746 m), Alfamart A Yani 419 (988 m), Masjid Al Jihad (748 m), Bank BJB Weekend Banking (554 m), Universitas Padjadjaran Kampus Dipatiukur (2.4 km), RS Ibu dan Anak Limijati (1.9 km).","3.5 x 3.5 meter, Termasuk listrik","Kasur, Meja, Lemari / Storage, Ventilasi, Jendela, Cermin, Bantal, Kursi, Kipas Angin, Cleaning service","Kloset Duduk, K. Mandi Luar, Shower, Air panas","WiFi, R. Cuci, Kulkas, Mesin Cuci, R. Tamu, Penjaga Kos, R. Jemur, R. Makan, R. Santai, Dispenser","Parkir Mobil, Parkir Motor, Parkir Sepeda",,https://mamikos.com/room/kost-kota-bandung-kost-campur-eksklusif-kost-bengawan-83-tipe-b-bandung-wetan-bandung-2?redirection_source=landing%20area,-6.906777307639339,107.61663710697265
Kost Tsm Gatsu Tipe B Batununggal Bandung,Campur,Rp1.100.000,1100000,Kecamatan Batununggal,Batununggal,"Kost ini berlokasi dekat dengan jalan raya dengan akses yang hanya bisa dilalui oleh motor/sepeda, berlokasi dekat dengan Warteg Bahari (1.6 km), Indomaret Surapati 55 (3.3 km), Gereja Isa Almasih (423 m), Bank BCA KCP Buah Batu (1.9 km), Institut Teknologi Nasional Bandung (3.1 km), RS Ibu dan Anak Al Islam (1.9 km).","3 x 4 meter, Termasuk listrik","Kasur, Lemari / Storage, Ventilasi, Jendela, Bantal","K. Mandi Dalam, Kloset Duduk, Shower","WiFi, R. Tamu, R. Jemur, R. Santai, Dispenser, Dapur, Jemuran, Pengurus Kos, Jual Makanan, CCTV","Parkir Motor, Parkir Sepeda, Parkir Motor & Sepeda",,https://mamikos.com/room/kost-kota-bandung-kost-campur-eksklusif-kost-tsm-gatsu-tipe-b-batununggal-bandung?redirection_source=landing%20area,-6.927046253153162,107.64133652751696
Kost Haga House 2 Regol Bandung,Campur,Rp1.350.000,1350000,Kecamatan Regol,Regol,"Kost ini berlokasi dekat dengan jalan raya dengan akses yang hanya bisa dilalui oleh motor/sepeda, berlokasi dekat dengan Rumah Makan Cikawao (886 m), Circle K (1.0 km), Gereja Kristen Kalam Kudus Pasundan (552 m), Citibank Indonesia (1.5 km), Universitas Islam Bandung (3.1 km), RS Umum Muhammadiyah (1.8 km).","3 x 4 meter, Tidak termasuk listrik","Kasur, Meja, Lemari / Storage, Ventilasi, Jendela, Guling, Bantal, TV Kabel, Wastafel, Kipas Angin","K. Mandi Dalam, Kloset Duduk, Kloset Jongkok, Wastafel, Ember mandi, Shower","WiFi, Kulkas, R. Tamu, R. Jemur, Mushola, R. Santai, Dapur, Jemuran, CCTV, TV",Parkir Motor,,https://mamikos.com/room/kost-kota-bandung-kost-campur-eksklusif-kost-haga-house-2-regol-bandung-2?redirection_source=landing%20area,-6.938449149497482,107.61180660379848
Kost Fans Guest House Regol Bandung,Campur,Rp1.750.000,1750000,Regol,Regol,"Kost ini berlokasi dekat dengan jalan raya dengan akses yang hanya bisa dilalui oleh motor/sepeda, berlokasi dekat dengan Gereja Kristen Kalam Kudus Pasundan (671 m), Institut Seni Budaya Indonesia Bandung (2.8 km), RSU Bhayangkara Tk II Sartika Asih (2.8 km), Bandung Electronic Center (2.7 km).","3 x 4 meter, Tidak termasuk listrik","Kasur, Dispenser, Meja, TV, Meja Rias, Lemari / Storage, Kulkas, Ventilasi, Meja makan, Jendela","K. Mandi Dalam, Kloset Duduk, Wastafel, Shower, Air panas","WiFi, R. Cuci, Laundry, R. Tamu, Penjaga Kos, R. Jemur, R. Makan, R. Santai, Dispenser, Jemuran","Parkir Motor, Parkir Sepeda",,https://mamikos.com/room/kost-kota-bandung-kost-campur-eksklusif-kost-fans-guest-house-regol-bandung--2?redirection_source=landing%20area,-6.937683814151404,107.61271198643158
Kost Lestari Tipe A Bandung Wetan Bandung,Putri,Rp1.200.000,1200000,Bandung Wetan,Bandung Wetan,"Kost ini berlokasi dekat dengan jalan raya dengan akses yang hanya bisa dilalui oleh motor/sepeda, berlokasi dekat dengan Warteg Abadi (384 m), Alfamart (868 m), Masjid Al Asy'ari Unisba (87 m), Bank BJB - Kantor Cabang Tamansari (138 m), Universitas Islam Bandung (121 m), RS Umum Tk IV 03.07.03Sariningsih (485 m).","3 x 3 meter, Termasuk listrik","Kasur, Lemari / Storage, Ventilasi, Jendela, Cermin","K. Mandi Dalam, Kloset Jongkok, K. Mandi Luar, Ember mandi, Shower","WiFi, R. Cuci, Penjaga Kos, R. Jemur, Jemuran, Pengurus Kos, Jual Makanan, CCTV",,,https://mamikos.com/room/kost-kota-bandung-kost-putri-eksklusif-kost-lestari-tipe-a-bandung-wetan-bandung?redirection_source=landing%20area,-6.906502693553239,107.61567783414986
Kost Maleer 14 Tipe A Batununggal Bandung,Putri,Rp1.500.000,1500000,Batununggal,Batununggal,"Kost ini berlokasi dekat dengan jalan raya dengan akses yang hanya bisa dilalui oleh motor/sepeda, berlokasi dekat dengan Rumah Makan Amanah (744 m), Alfamart A Yani 419 (1.7 km), Masjid Al Jihad (1.2 km), Sekolah Tinggi Ilmu Ekonomi Pasundan (784 m).","4 x 6 meter, Termasuk listrik","Kasur, Lemari / Storage","K. Mandi Dalam, Kloset Duduk, Ember mandi, Shower, Air panas, Bak mandi","WiFi, Kulkas, R. Tamu, Penjaga Kos, R. Jemur, Dispenser, Dapur, Balcon, Taman","Parkir Mobil, Parkir Motor, Parkir Sepeda",,https://mamikos.com/room/kost-kota-bandung-kost-putri-eksklusif-kost-maleer-14-tipe-a-batununggal-bandung?redirection_source=landing%20area,-6.929671227330424,107.64028218852148
Kost Crysant House Tipe B Cibeunying Kaler Bandung,Campur,Rp1.350.000,1350000,Cibeunying Kaler,Cibeunying Kaler,"Kost ini berlokasi dekat dengan jalan raya dengan akses yang hanya bisa dilalui oleh motor/sepeda, berlokasi dekat dengan Warteg Abadi (2.2 km), Alfamart (854 m), Christian Church Pasundan Awiligar (2.2 km), Bank BJB Weekend Banking (1.3 km), Institut Teknologi Nasional Bandung (724 m), RS Ibu dan Anak Al Islam (1.5 km).","3 x 4 meter, Tidak termasuk listrik","Kasur, Meja, Lemari / Storage, Ventilasi, Jendela, Kursi","K. Mandi Dalam, Kloset Duduk, Wastafel, Shower, Air panas","WiFi, Penjaga Kos, R. Jemur, R. Santai, Dapur, Jemuran, Pengurus Kos, CCTV, Joglo","Parkir Mobil, Parkir Motor, Parkir Sepeda",,https://mamikos.com/room/kost-kota-bandung-kost-campur-eksklusif-kost-crysant-house-tipe-b-cibeunying-kaler-bandung?redirection_source=landing%20area,-6.887661547436638,107.62898928424502
Kost Auliya Tipe B Regol Bandung,Campur,Rp1.800.000,1800000,Regol,Regol,"Kost ini berlokasi dekat dengan jalan raya dengan akses yang hanya bisa dilalui oleh motor/sepeda, berlokasi dekat dengan Warteg Jaya Bahari (783 m), Gereja Kristen Kalam Kudus Pasundan (484 m), Institut Seni Budaya Indonesia Bandung (2.9 km), RS Ibu dan Anak Kota Bandung (562 m), Bandung Electronic Center (2.5 km).","3 x 3 meter, Termasuk listrik","Kasur, Dispenser, Meja, TV, Lemari / Storage, Kulkas, Ventilasi, Meja makan, Jendela, Cermin","K. Mandi Dalam, Kloset Duduk, Kloset Jongkok, K. Mandi Luar, Ember mandi, Shower, Air panas","WiFi, R. Cuci, Kulkas, Mesin Cuci, Laundry, R. Tamu, Penjaga Kos, R. Jemur, R. Makan, R. Santai","Parkir Mobil, Parkir Motor, Parkir Sepeda",,https://mamikos.com/room/kost-kota-bandung-kost-campur-eksklusif-kost-auliya-tipe-b-regol-bandung-1?redirection_source=landing%20area,-6.937649987988525,107.61310646582136
Kost Ibu Fany Sumur Bandung,Putri,Rp1.300.000,1300000,Kecamatan Sumur Bandung,Sumur Bandung,"Kost ini berlokasi dekat dengan jalan raya dengan akses yang hanya bisa dilalui oleh motor/sepeda, berlokasi dekat dengan Warteg Bahari (1.2 km), Alfamart (2.6 km), Church In Bandung (606 m), Bank BJB - Cabang Utama Bandung (478 m), Universitas Islam Bandung (1.9 km), RS Umum Bungsu (201 m).","3 x 3 meter, Termasuk listrik","Kasur, Dispenser, Meja, Lemari / Storage, Ventilasi, Jendela, Dapur Pribadi, Kursi","K. Mandi Dalam, Kloset Duduk, Shower","WiFi, Kulkas, Laundry, R. Tamu, Penjaga Kos, R. Makan, R. Santai, Dispenser, Dapur, CCTV",,,https://mamikos.com/room/kost-kota-bandung-kost-putri-eksklusif-kost-ibu-fany-sumur-bandung?redirection_source=landing%20area,-6.9135520146455445,107.61510462512808
Kost Tamansari 19 Bandung Wetan Bandung,Putri,Rp950.000,950000,Bandung Wetan,Bandung Wetan,"Kost ini berlokasi dekat dengan jalan raya dengan akses yang hanya bisa dilalui oleh motor/sepeda, berlokasi dekat dengan Rumah Makan Kapau Jaya (257 m), Circle K (3.4 km), Masjid Al-Hidayah (105 m), Bank BJB - Kantor Cabang Tamansari (407 m), Universitas Islam Bandung (405 m), RS Umum Tk IV 03.07.03Sariningsih (792 m).","3 x 4 meter, Termasuk listrik","Kasur, Meja, Lemari / Storage, Ventilasi, Jendela, Guling, Bantal, Kursi","Kloset Jongkok, K. Mandi Luar, Ember mandi","WiFi, R. Cuci, Kulkas, Mesin Cuci, R. Tamu, Penjaga Kos, R. Jemur, R. Makan, R. Santai, Dispenser",Parkir Motor,,https://mamikos.com/room/kost-kota-bandung-kost-putri-murah-kost-tamansari-19-bandung-wetan-bandung?redirection_source=landing%20area,-6.90538036900029,107.61862631238128
Kost Salamah Tipe B Regol Bandung,Campur,Rp750.000,750000,Regol,Regol,"Kost ini berlokasi dekat dengan jalan raya dengan akses jalan raya, berlokasi dekat dengan Warteg Jaya Bahari (349 m), Circle K (526 m), Masjid Raya Bandung (421 m), Bank BJB - Cabang Utama Bandung (828 m), Institut Seni Budaya Indonesia Bandung (3.2 km), RSU Bhayangkara Tk II Sartika Asih (3.6 km).","3 x 3.5 meter, Termasuk listrik","Kasur, Lemari / Storage","Kloset Jongkok, K. Mandi Luar, Ember mandi, Bak mandi","R. Cuci, R. Tamu, R. Jemur, R. Santai, Dapur","Parkir Motor, Parkir Sepeda",,https://mamikos.com/room/kost-bandung-kost-campur-eksklusif-kost-salamah-tipe-b-regol-bandung?redirection_source=landing%20area,-6.939229085696798,107.6130463831247
Kost Barokah 32 Tipe A Non AC Astanaanyar Bandung,Campur,Rp950.000,950000,Kecamatan Astanaanyar,Astanaanyar,"Kost ini berlokasi dekat dengan jalan raya dengan akses yang hanya bisa dilalui oleh motor/sepeda, berlokasi dekat dengan Warteg Jaya Bahari (671 m), Circle K (1.4 km), Gereja Kristen Kalam Kudus Pasundan (799 m), Institut Seni Budaya Indonesia Bandung (3.3 km), RS Umum Immanuel Bandung (918 m), Bandung Electronic Center (2.5 km).","3 x 4 meter, Tidak termasuk listrik","Kasur, Lemari / Storage, Ventilasi, Jendela","K. Mandi Dalam, Kloset Jongkok, Ember mandi","WiFi, R. Cuci, R. Jemur, Dapur, Jemuran, CCTV",Parkir Motor,,https://mamikos.com/room/kost-kota-bandung-kost-campur-murah-kost-barokah-32-tipe-a-non-ac-astanaanyar-bandung?redirection_source=landing%20area,-6.939417737518849,107.60441495865652
Kost Lilia Cozy Room Deluxe Astanaanyar Bandung,Putri,Rp1.400.000,1400000,Kecamatan Astanaanyar,Astanaanyar,"Kost ini berlokasi dekat dengan jalan raya dengan akses yang hanya bisa dilalui oleh motor/sepeda, berlokasi dekat dengan Warteg Bahari (1.6 km), Alfamart (2.7 km), Church of Isa Almasih (1.2 km), Bank BJB - Cabang Utama Bandung (1.4 km), Universitas Islam Bandung (3.0 km), RS Umum Bungsu (1.8 km).","2.7 x 2.8 meter, Tidak termasuk listrik","Kasur, Meja, Lemari / Storage, Ventilasi, Jendela, Bantal, Kursi","Kloset Duduk, K. Mandi Luar, Wastafel, Ember mandi, Shower","WiFi, R. Cuci, Kulkas, Laundry, R. Tamu, Penjaga Kos, R. Jemur, Dapur, Jemuran, Pengurus Kos","Parkir Motor, Parkir Sepeda, Parkir Motor & Sepeda",,https://mamikos.com/room/kost-kota-bandung-kost-putri-eksklusif-kost-lilia-cozy-room-deluxe-astanaanyar-bandung?redirection_source=landing%20area,-6.9387128016358055,107.60392068103005
Kost Mutiara 3 Lengkong Bandung,Campur,Rp1.200.000,1200000,Lengkong,Lengkong,"Kost ini berlokasi dekat dengan jalan raya dengan akses yang hanya bisa dilalui oleh motor/sepeda, berlokasi dekat dengan Warteg Bahari (514 m), Alfamart A Yani 419 (3.3 km), Masjid Al Waritsin (322 m), CIMB Niaga (Buah Batu) (205 m), Akademi Sekretari Dan Manajemen BSI Bandung (596 m), Bandung Electronic Center (3.5 km).","3 x 4 meter, Tidak termasuk listrik","Kasur, Meja, Lemari / Storage, Kipas Angin","K. Mandi Dalam, Kloset Duduk, Shower","WiFi, R. Jemur, Pengurus Kos, CCTV, Balcon",Parkir Motor,,https://mamikos.com/room/kost-bandung-kost-campur-eksklusif-kost-mutiara-3-lengkong-bandung?redirection_source=landing%20area,-6.936123500357812,107.62440296548544
Kost 67 Paledang Lengkong Bandung,Putri,Rp1.300.000,1300000,Lengkong,Lengkong,"Kost ini berlokasi dekat dengan jalan raya dengan akses yang hanya bisa dilalui oleh motor/sepeda, berlokasi dekat dengan Alfamart A Yani 419 (3.1 km), Church of Isa Almasih (504 m), Bandung Electronic Center (2.0 km).","3 x 4 meter, Termasuk listrik",Kipas Angin,"K. Mandi Dalam, Kloset Jongkok",WiFi,,,https://mamikos.com/room/kost-kota-bandung-kost-putri-eksklusif-kost-67-paledang-lengkong-bandung-1?redirection_source=landing%20area,-6.933709189893774,107.62522359240717
Kost Barokah Standart Bandung Wetan Bandung,Putri,Rp910.000,910000,Kecamatan Bandung Wetan,Bandung Wetan,"Kost ini berlokasi dekat dengan jalan raya dengan akses yang hanya bisa dilalui oleh motor/sepeda, berlokasi dekat dengan Warteg Abadi (406 m), Circle K (3.2 km), Masjid Al Asy'ari Unisba (295 m), Bank BJB - Kantor Cabang Tamansari (298 m), Universitas Islam Bandung (261 m), RS Umum Tk IV 03.07.03Sariningsih (765 m).","3 x 4 meter, Termasuk listrik","Kasur, Meja, Lemari / Storage, Ventilasi, Jendela, Guling, Cermin, Bantal, Kursi","Kloset Jongkok, K. Mandi Luar, Wastafel, Ember mandi","WiFi, R. Cuci, R. Tamu, R. Jemur, R. Makan, R. Santai, Dapur, Jemuran, Pengurus Kos, Jual Makanan","Parkir Motor, Parkir Sepeda",,https://mamikos.com/room/kost-kota-bandung-kost-putri-murah-kost-barokah-standart-bandung-wetan-bandung-2?redirection_source=landing%20area,-6.905042468761181,107.6150180012988
Kost Taman Siswa 53 Lengkong Bandung,Campur,Rp2.200.000,2200000,Lengkong,Lengkong,"Kost ini berlokasi dekat dengan jalan raya dengan akses masuk mobil, berlokasi dekat dengan Rumah Makan Ibu Haji Cijantung (266 m), Alfamart A Yani 419 (2.8 km), Masjid Jami Nurul Falah (613 m), CIMB Niaga (Buah Batu) (909 m), Akademi Sekretari Dan Manajemen BSI Bandung (176 m), Bandung Electronic Center (2.8 km).","3 x 3.5 meter, Tidak termasuk listrik","AC, Kasur, Meja, TV, Meja Rias, Lemari / Storage, Kursi, Cleaning service","K. Mandi Dalam, Kloset Duduk, Shower, Air panas","WiFi, Kulkas, Mesin Cuci, R. Tamu, R. Jemur, R. Makan, Dispenser, Dapur, TV","Parkir Mobil, Parkir Motor, Parkir Sepeda",,https://mamikos.com/room/kost-kost-campur-eksklusif-kost-taman-siswa-53-lengkong-bandung?redirection_source=landing%20area,-6.933450562518871,107.62644033346068
Kost Griya Camar Tipe E Lengkong Bandung,Campur,Rp1.300.000,1300000,Lengkong,Lengkong,"Kost ini berlokasi dekat dengan jalan raya dengan akses yang hanya bisa dilalui oleh motor/sepeda, berlokasi dekat dengan Warteg Bahari (1.3 km), Alfamart (2.6 km), Church In Bandung (354 m), Bank BJB - Cabang Utama Bandung (1.4 km), Universitas Islam Bandung (2.5 km), RS Umum Bungsu (1.0 km).","3 x 4 meter, Tidak termasuk listrik","Kasur, Meja, Lemari / Storage, Jendela, Cermin, Bantal, Kursi","Kloset Jongkok, K. Mandi Luar, Ember mandi, Shower","WiFi, R. Cuci, Penjaga Kos, R. Jemur, Dapur, Jemuran, CCTV",Parkir Motor & Sepeda,,https://mamikos.com/room/kost-kota-bandung-kost-campur-eksklusif-kost-griya-camar-tipe-e-lengkong-bandung-2?redirection_source=landing%20area,-6.9329036028598345,107.6251003683183
Kost Samsudin Regol Bandung,Putri,Rp1.300.000,1300000,Regol,Regol,"Kost ini berlokasi dekat dengan jalan raya dengan akses yang hanya bisa dilalui oleh motor/sepeda, berlokasi dekat dengan Church of Isa Almasih (901 m), Institut Seni Budaya Indonesia Bandung (2.4 km), RSU Bhayangkara Tk II Sartika Asih (2.4 km), Bandung Electronic Center (3.0 km).","3 x 4 meter, Termasuk listrik","Kasur, Meja, Lemari / Storage, Jendela, Cermin, Bantal, Kursi","K. Mandi Dalam, Kloset Duduk, Ember mandi, Shower","WiFi, Kulkas, R. Jemur, Dapur, Jemuran, Pengurus Kos, Rooftop","Parkir Mobil, Parkir Motor, Parkir Sepeda",,https://mamikos.com/room/kost-kota-bandung-kost-putri-eksklusif-kost-samsudin-regol-bandung?redirection_source=landing%20area,-6.939418022107419,107.61474756063228
Kost Surapati Coblong Bandung,Putri,Rp1.750.000,1750000,Coblong,Coblong,"Kost ini berlokasi dekat dengan jalan raya dengan akses yang hanya bisa dilalui oleh motor/sepeda, berlokasi dekat dengan Warteg Abadi (620 m), Alfamart A Yani 419 (3.0 km), Masjid Al-Muttaqin (Gedung Sate) (529 m), Bank Mandiri Bandung Priority Banking Soerapatti (262 m), Universitas Padjadjaran Kampus Dipatiukur (677 m), RS Umum Santo Borromeus (551 m).","3 x 4 meter, Tidak termasuk listrik","Kasur, Meja, Lemari / Storage, Ventilasi, Jendela, Cermin, Kursi","K. Mandi Dalam, Kloset Duduk, Wastafel, Shower, Air panas","WiFi, Kulkas, Mesin Cuci, R. Tamu, Dapur, Jemuran, Balcon, TV","Parkir Motor, Parkir Sepeda",,https://mamikos.com/room/kost-bandung-kost-putri-eksklusif-kost-surapati-coblong?redirection_source=landing%20area,-6.8819248537401005,107.61576265559388
Kost Macan 43 Tipe Luxury Lengkong Bandung,Putri,Rp2.400.000,2400000,Lengkong,Lengkong,"Kost ini berlokasi dekat dengan jalan raya dengan akses yang hanya bisa dilalui oleh motor/sepeda, berlokasi dekat dengan Warteg Bahari (231 m), Circle K (2.6 km), Church of Isa Almasih (660 m), Bank BCA KCP Buah Batu (1.3 km), Universitas Islam Bandung (3.3 km), RS Umum Bungsu (1.5 km).","3 x 4 meter, Termasuk listrik","AC, Kasur, Ventilasi, Jendela, Wastafel, Kursi","K. Mandi Dalam, Kloset Duduk, Ember mandi, Shower, Air panas","WiFi, R. Tamu, Penjaga Kos, R. Jemur, R. Makan, Dapur, Jemuran, Pengurus Kos, Jual Makanan, Kartu Akses","Parkir Mobil, Parkir Motor, Parkir Sepeda",,https://mamikos.com/room/kost-kota-bandung-kost-putri-eksklusif-kost-macan-43-tipe-luxury-lengkong-bandung?redirection_source=landing%20area,-6.93540134453001,107.62424636681206
Kost Salamah Tipe C Regol Bandung,Campur,Rp900.000,900000,Regol,Regol,"Kost ini berlokasi dekat dengan jalan raya dengan akses jalan raya, berlokasi dekat dengan Warteg Jaya Bahari (349 m), Circle K (526 m), Masjid Raya Bandung (421 m), Bank BJB - Cabang Utama Bandung (828 m), Institut Seni Budaya Indonesia Bandung (3.2 km), RSU Bhayangkara Tk II Sartika Asih (3.6 km).","3 x 3.5 meter, Termasuk listrik","Kasur, Lemari / Storage, Sofa","Kloset Jongkok, K. Mandi Luar, Ember mandi, Bak mandi","R. Cuci, R. Tamu, R. Jemur, R. Santai, Dapur, K. Mandi Luar","Parkir Motor, Parkir Sepeda",,https://mamikos.com/room/kost-bandung-kost-campur-eksklusif-kost-salamah-tipe-c-regol-bandung?redirection_source=landing%20area,-6.940986999717736,107.61521383849444
Kost Sazara Cibeunying Kidul Bandung,Putri,Rp1.000.000,1000000,Cibeunying Kidul,Cibeunying Kidul,"Kost ini berlokasi dekat dengan jalan raya dengan akses yang hanya bisa dilalui oleh motor/sepeda, berlokasi dekat dengan Alfamart Bojong Koneng (944 m), Christian Church Pasundan Awiligar (2.1 km), Institut Teknologi Nasional Bandung (234 m), Sinar Abadi Balubur Town Square (3.0 km).","3 x 4 meter, Termasuk listrik","Kasur, Meja, Lemari / Storage, Jendela, Bantal","K. Mandi Dalam, Kloset Jongkok, K. Mandi Luar, Ember mandi","WiFi, R. Cuci, Kulkas, Penjaga Kos, R. Jemur, Mushola, Dapur, Jemuran, CCTV, Balcon","Parkir Mobil, Parkir Motor, Parkir Sepeda, Parkir Motor & Sepeda",,https://mamikos.com/room/kost-kota-bandung-kost-putri-murah-kost-sazara-cibeunying-kidul-bandung-2?redirection_source=landing%20area,-6.897210089249164,107.648122922036
Kost Pondok Umi Asiyah Tipe A Lengkong Bandung,Putri,Rp850.000,850000,Kecamatan Lengkong,Lengkong,"Kost ini berlokasi dekat dengan jalan raya dengan akses yang hanya bisa dilalui oleh motor/sepeda, berlokasi dekat dengan Warteg Bahari (81 m), Alfamart A Yani 419 (3.4 km), Church of Isa Almasih (348 m), Bank BJB - Cabang Utama Bandung (1.3 km), Universitas Islam Bandung (3.0 km), RS Umum Bungsu (1.3 km).","3 x 2.5 meter, Termasuk listrik","Kasur, Meja, Lemari / Storage, Jendela, Guling, Cermin, Bantal, Kursi","Kloset Duduk, Kloset Jongkok, Ember mandi, Shower, Air panas","WiFi, Kulkas, R. Tamu, R. Jemur, Dapur, Jemuran, Pengurus Kos, CCTV, TV",Parkir Motor,,https://mamikos.com/room/kost-kota-bandung-kost-putri-murah-kost-pondok-umi-asiyah-tipe-a-lengkong-bandung-2?redirection_source=landing%20area,-6.934192054251157,107.62752260450954
Kost Faiz Tipe D Sumur Bandung Bandung,Putra,Rp800.000,800000,Kecamatan Sumur Bandung,Sumur Bandung,"Kost ini berlokasi dekat dengan jalan raya dengan akses masuk mobil, berlokasi dekat dengan Rumah Makan Mirasa (616 m), Circle K (3.2 km), Masjid Al Asy'ari Unisba (570 m), Bank Permata (418 m), Universitas Islam Bandung (605 m), RS Khusus Mata Cicendo (303 m).","2.5 x 5 meter, Termasuk listrik","Kasur, Lemari / Storage","Kloset Duduk, K. Mandi Luar, Wastafel, Ember mandi, Shower, Air panas","WiFi, R. Jemur, Jemuran, K. Mandi Luar","Parkir Motor, Parkir Sepeda",,https://mamikos.com/room/kost-kota-bandung-kost-putra-murah-kost-faiz-tipe-d-sumur-bandung-bandung-2?redirection_source=landing%20area,-6.9157775220534,107.6161430550906
Kost Bengawan 83 Tipe C1 Bandung Wetan Bandung,Campur,Rp1.250.000,1250000,Kecamatan Bandung Wetan,Bandung Wetan,"Kost ini berlokasi dekat dengan jalan raya dengan akses yang hanya bisa dilalui oleh motor/sepeda, berlokasi dekat dengan Rumah Makan Boemi Mitoha (746 m), Alfamart A Yani 419 (988 m), Masjid Al Jihad (748 m), Bank BJB Weekend Banking (554 m), Universitas Padjadjaran Kampus Dipatiukur (2.4 km), RS Ibu dan Anak Limijati (1.9 km).","3.2 x 3.2 meter, Termasuk listrik","Kasur, Meja, Lemari / Storage, Ventilasi, Jendela, Cermin, Bantal, Kursi, Kipas Angin, Cleaning service","Kloset Duduk, K. Mandi Luar, Shower, Air panas","WiFi, R. Cuci, Kulkas, Mesin Cuci, R. Tamu, Penjaga Kos, R. Jemur, R. Makan, R. Santai, Dispenser","Parkir Mobil, Parkir Motor, Parkir Sepeda",,https://mamikos.com/room/kost-kota-bandung-kost-campur-eksklusif-kost-bengawan-83-tipe-c1-bandung-wetan-bandung-2?redirection_source=landing%20area,-6.90518907832915,107.61608058028064
Kost Macan Executive Lengkong Bandung,Putra,Rp2.000.000,2000000,Kecamatan Lengkong,Lengkong,"Kost ini berlokasi dekat dengan jalan raya dengan akses yang hanya bisa dilalui oleh motor/sepeda, berlokasi dekat dengan Warteg Bahari (311 m), Alfamart (3.3 km), Church of Isa Almasih (695 m), Bank BCA KCP Buah Batu (1.4 km), Universitas Islam Bandung (3.1 km), RS Umum Bungsu (1.4 km).","3 x 4 meter, Tidak termasuk listrik","AC, Kasur, Dispenser, Meja, Lemari / Storage, Ventilasi, Jendela, Cermin, Bantal","K. Mandi Dalam, Kloset Duduk, Shower, Air panas","WiFi, Kulkas, Dispenser, Dapur, Pengurus Kos, CCTV, Balcon","Parkir Motor, Parkir Sepeda, Parkir Motor & Sepeda",,https://mamikos.com/room/kost-kota-bandung-kost-putra-eksklusif-kost-macan-executive-lengkong-bandung?redirection_source=landing%20area,-6.933977496456227,107.62750999317812
Kost Berkat Lengkong Bandung,Putri,Rp900.000,900000,Kecamatan Lengkong,Lengkong,"Kost ini berlokasi dekat dengan jalan raya dengan akses yang hanya bisa dilalui oleh motor/sepeda, berlokasi dekat dengan Warteg Bahari (540 m), Alfamart A Yani 419 (3.1 km), Church of Isa Almasih (430 m), Bank BJB - Cabang Utama Bandung (821 m), Universitas Islam Bandung (2.6 km), RS Umum Bungsu (805 m).","3.5 x 4 meter, Tidak termasuk listrik","Kasur, Meja, Meja Rias, Lemari / Storage, Wastafel, Kursi","K. Mandi Dalam, Kloset Duduk, Wastafel, Shower",R. Jemur,"Parkir Motor, Parkir Sepeda",,https://mamikos.com/room/kost-kota-bandung-kost-putri-murah-kost-berkat-lengkong-bandung?redirection_source=landing%20area,-6.933843262245006,107.62673310201556
Kost Jl Macan 9 Lengkong Bandung,Campur,Rp1.400.000,1400000,Kecamatan Lengkong,Lengkong,"Kost ini berlokasi dekat dengan jalan raya dengan akses yang hanya bisa dilalui oleh motor/sepeda, berlokasi dekat dengan Rumah Makan Cikawao (649 m), Alfamart A Yani 419 (3.1 km), Church of Isa Almasih (698 m), Citibank Indonesia (939 m), Universitas Islam Bandung (3.2 km), RS Ibu dan Anak Kota Bandung (2.0 km).","3 x 3 meter, Termasuk listrik","Kasur, Meja, Lemari / Storage, Ventilasi, Jendela, Guling, Cermin, Bantal, Kipas Angin, Cleaning service","Kloset Duduk, K. Mandi Luar, Shower","WiFi, R. Cuci, Kulkas, Mesin Cuci, Laundry, R. Tamu, Penjaga Kos, R. Jemur, R. Makan, R. Santai","Parkir Mobil, Parkir Motor, Parkir Sepeda",,https://mamikos.com/room/kost-kota-bandung-kost-campur-eksklusif-kost-jl-macan-9-lengkong-bandung?redirection_source=landing%20area,-6.935051773137159,107.62575906101064
Kost Palapa Cibeunying Kidul Bandung,Putra,Rp1.100.000,1100000,Kecamatan Cibeunying Kidul,Cibeunying Kidul,"Kost ini berlokasi dekat dengan jalan raya dengan akses yang hanya bisa dilalui oleh motor/sepeda, berlokasi dekat dengan Rumah Makan Boemi Mitoha (760 m), Alfamart A Yani 419 (791 m), Masjid Al Jihad (985 m), Bank BJB Weekend Banking (791 m), Universitas Padjadjaran Kampus Dipatiukur (2.4 km), RS Ibu dan Anak Al Islam (751 m).","3 x 4 meter, Termasuk listrik","Kasur, Lemari / Storage","K. Mandi Dalam, Kloset Jongkok, Ember mandi, Shower","R. Jemur, Jemuran, CCTV, Balcon, K. Mandi Luar",Parkir Motor,,https://mamikos.com/room/kost-kota-bandung-kost-putra-eksklusif-kost-palapa-cibeunying-kidul-bandung?redirection_source=landing%20area,-6.899373049064841,107.64818916580228
Kost Abizar Batununggal Bandung,Campur,Rp1.500.000,1500000,Kecamatan Batununggal,Batununggal,"Kost ini berlokasi dekat dengan jalan raya dengan akses masuk mobil, berlokasi dekat dengan Warteg Bahari (2.4 km), Alfamart A Yani 419 (925 m), Church In Bandung (1.7 km), Citibank Indonesia (2.1 km), Institut Teknologi Nasional Bandung (2.2 km), RS Khusus Mata Cicendo (3.4 km).","3 x 4 meter, Tidak termasuk listrik","Kasur, Meja, Lemari / Storage, Ventilasi, Jendela, Guling, Cermin, Bantal, Wastafel, Kursi","K. Mandi Dalam, Kloset Duduk, Wastafel, Ember mandi, Shower, Air panas","WiFi, R. Cuci, Kulkas, Mesin Cuci, Penjaga Kos, R. Jemur, R. Santai, Dapur, Jemuran, CCTV","Parkir Motor, Parkir Sepeda",,https://mamikos.com/room/kost-kota-bandung-kost-campur-eksklusif-kost-abizar-batununggal-bandung-2?redirection_source=landing%20area,-6.927883275608514,107.63888653775264
Kost Samz Cibeunying Kidul Bandung,Putri,Rp700.000,700000,Cibeunying Kidul,Cibeunying Kidul,"Kost ini berlokasi dekat dengan jalan raya dengan akses yang hanya bisa dilalui oleh motor/sepeda, berlokasi dekat dengan Alfamart A Yani 419 (198 m), Church In Bandung (2.5 km), Universitas Padjadjaran Kampus Dipatiukur (2.9 km), RS Ibu dan Anak Al Islam (76 m), Bandung Electronic Center (3.3 km).","2.5 x 2.5 meter, Termasuk listrik","Kasur, Dispenser, Meja, Lemari / Storage, Kursi, Kipas Angin","Kloset Jongkok, K. Mandi Luar, Wastafel, Ember mandi, Shower","WiFi, R. Tamu, R. Jemur, Dapur","Parkir Motor, Parkir Sepeda",,https://mamikos.com/room/kost-kota-bandung-kost-putri-eksklusif-kost-samz-cibeunying-kidul-bandung?redirection_source=landing%20area,-6.897274871884575,107.65189470128014
Kost Macan 43 Tipe Vvip Lengkong Bandung,Putri,Rp1.400.000,1400000,Lengkong,Lengkong,"Kost ini berlokasi dekat dengan jalan raya dengan akses yang hanya bisa dilalui oleh motor/sepeda, berlokasi dekat dengan Warteg Bahari (2.8 km), Alfamart A Yani 419 (3.3 km), Masjid Jami Nurul Falah (232 m), CIMB Niaga (Buah Batu) (907 m), Institut Seni Budaya Indonesia Bandung (1.7 km), RS Ibu dan Anak Kota Bandung (2.0 km).","3.2 x 3.4 meter, Termasuk listrik","Kasur, Meja, Lemari / Storage, Ventilasi, Jendela, Cermin, Kursi","K. Mandi Dalam, Kloset Duduk, Ember mandi, Shower, Air panas","WiFi, R. Tamu, Penjaga Kos, R. Jemur, R. Makan, Dapur, Jemuran, Pengurus Kos, Jual Makanan, Kartu Akses","Parkir Mobil, Parkir Motor, Parkir Sepeda",,https://mamikos.com/room/kost-kota-bandung-kost-putri-eksklusif-kost-macan-43-tipe-vvip-lengkong-bandung?redirection_source=landing%20area,-6.935335771622824,107.6256161922556
Kost Otto Residence Tipe F Astanaanyar Bandung,Campur,Rp1.700.000,1700000,Astanaanyar,Astanaanyar,"Kost ini berlokasi dekat dengan jalan raya dengan akses yang hanya bisa dilalui oleh motor/sepeda, berlokasi dekat dengan Warteg Jaya Bahari (211 m), Circle K (534 m), Masjid Raya Bandung (446 m), Bank BJB - Cabang Utama Bandung (905 m), Institut Seni Budaya Indonesia Bandung (3.4 km), Bandung Electronic Center (2.0 km).","3 x 4 meter, Tidak termasuk listrik","Kasur, Meja, Meja Rias, Lemari / Storage, Wastafel, Kursi","K. Mandi Dalam, Kloset Duduk, Wastafel, Shower, Air panas","R. Jemur, Dapur",Parkir Motor,,https://mamikos.com/room/kost-kota-bandung-kost-campur-eksklusif-kost-otto-residence-tipe-f-astanaanyar-bandung?redirection_source=landing%20area,-6.937783283475032,107.60168734075856
Kost Nur Muhaji Tipe F Batununggal Bandung,Campur,Rp1.200.000,1200000,Batununggal,Batununggal,"Kost ini berlokasi dekat dengan jalan raya dengan akses yang hanya bisa dilalui oleh motor/sepeda, berlokasi dekat dengan Warteg Bahari (2.0 km), Alfamart (2.6 km), Masjid Al Jihad (264 m), Bank BJB - Cabang Utama Bandung (2.2 km), Institut Teknologi Nasional Bandung (2.4 km), RS Ibu dan Anak Al Islam (1.5 km).","3 x 4 meter, Tidak termasuk listrik","Kasur, Lemari / Storage, Ventilasi, Jendela, Guling, Bantal","K. Mandi Dalam, Kloset Duduk, Ember mandi","WiFi, Laundry, Penjaga Kos, Jemuran, Pengurus Kos, CCTV","Parkir Motor, Parkir Motor & Sepeda",,https://mamikos.com/room/kost-kota-bandung-kost-campur-eksklusif-kost-nur-muhaji-tipe-f-batununggal-bandung?redirection_source=landing%20area,-6.92919224799507,107.64194593019872
Kost P House Tipe Deluxe Andir Bandung,Campur,Rp1.150.000,1150000,Kecamatan Andir,Andir,"Kost ini berlokasi dekat dengan jalan raya dengan akses yang hanya bisa dilalui oleh motor/sepeda, berlokasi dekat dengan Rumah Makan Legoh (1.5 km), Circle K (3.1 km), Gereja Kristen Kalam Kudus Pasundan (1.3 km), Bank Syariah Indonesia KC Bandung Suniaraja (72 m), Universitas Islam Bandung (1.4 km), RS Umum Kebonjati (875 m).","3 x 4 meter, Termasuk listrik","Kasur, Lemari / Storage, Ventilasi, Jendela, Wastafel","K. Mandi Dalam, Kloset Duduk, Wastafel, Ember mandi, Shower","WiFi, Laundry, Dapur, Jemuran, CCTV",Parkir Motor,,https://mamikos.com/room/kost-kota-bandung-kost-campur-eksklusif-kost-p-house-tipe-deluxe-andir-bandung-2?redirection_source=landing%20area,-6.904269124817656,107.5721218459764
Kost Tatnjung Tipe C Bandung Wetan Bandung,Campur,Rp1.700.000,1700000,Bandung Wetan,Bandung Wetan,"Kost ini berlokasi dekat dengan jalan raya dengan akses yang hanya bisa dilalui oleh motor/sepeda, berlokasi dekat dengan Warteg Cintaasih (695 m), Alfamart A Yani 419 (895 m), Masjid Al Jihad (378 m), Bank BJB Weekend Banking (848 m), Universitas Padjadjaran Kampus Dipatiukur (2.8 km), RS Ibu dan Anak Limijati (2.2 km).","4 x 4 meter, Termasuk listrik","AC, Kasur, Meja, Meja Rias, Lemari / Storage, Kursi","Kloset Duduk, K. Mandi Luar, Wastafel, Shower, Air panas","WiFi, Kulkas, R. Jemur, R. Makan, R. Santai, Dispenser, Dapur, TV","Parkir Mobil, Parkir Motor, Parkir Sepeda",,https://mamikos.com/room/kost-kota-bandung-kost-campur-eksklusif-kost-tatnjung-tipe-c-bandung-wetan-bandung?redirection_source=landing%20area,-6.905737890030851,107.61584864293565
Kost Winwin Tipe A Lengkong Bandung,Putri,Rp800.000,800000,Kecamatan Lengkong,Lengkong,"Kost ini berlokasi dekat dengan jalan raya dengan akses yang hanya bisa dilalui oleh motor/sepeda, berlokasi dekat dengan Warteg Bahari (646 m), Circle K (677 m), Masjid Al Waritsin (535 m), CIMB Niaga (Buah Batu) (568 m), Akademi Sekretari Dan Manajemen BSI Bandung (644 m), Bandung Electronic Center (3.2 km).","3 x 3 meter, Termasuk listrik","Kasur, Meja, Lemari / Storage, Ventilasi, Jendela, Cermin, Bantal","Kloset Duduk, Kloset Jongkok, K. Mandi Luar, Bak mandi","Kulkas, R. Tamu, R. Jemur, R. Makan, Mushola, Dapur, Jemuran, Pengurus Kos, Taman, K. Mandi Luar",Parkir Motor,,https://mamikos.com/room/kost-kota-bandung-kost-putri-murah-kost-winwin-tipe-a-lengkong-bandung?redirection_source=landing%20area,-6.934643911853877,107.62683478748012
Kost Wartong Muararajeun Cibeunying Kaler Bandung,Putri,Rp800.000,800000,Kecamatan Cibeunying Kaler,Cibeunying Kaler,"Kost ini berlokasi dekat dengan jalan raya dengan akses yang hanya bisa dilalui oleh motor/sepeda, berlokasi dekat dengan Warteg Abadi (1.9 km), Alfamart (991 m), Masjid Al Asy'ari Unisba (2.2 km), Bank BJB Weekend Banking (1.0 km), Institut Teknologi Nasional Bandung (970 m), RS Ibu dan Anak Al Islam (1.5 km).","3 x 3 meter, Tidak termasuk listrik","Kasur, Lemari / Storage, Jendela","K. Mandi Dalam, Kloset Jongkok, Ember mandi","WiFi, R. Jemur, Dapur, Jemuran, Pengurus Kos, CCTV",Parkir Motor,,https://mamikos.com/room/kost-kota-bandung-kost-putri-murah-kost-wartong-muararajeun-cibeunying-kaler-bandung-2?redirection_source=landing%20area,-6.887647213313049,107.6273921707497
Kost Geeta Executive Double Regol Bandung,Campur,Rp1.800.000,1800000,Regol,Regol,"Kost ini berlokasi dekat dengan jalan raya dengan akses yang hanya bisa dilalui oleh motor/sepeda, berlokasi dekat dengan Warteg Bahari (976 m), Indomaret YPAC (3.2 km), Church of Isa Almasih (570 m), Bank BJB - Cabang Utama Bandung (997 m), Universitas Islam Bandung (2.8 km), RS Umum Bungsu (1.3 km).","3 x 4 meter, Tidak termasuk listrik","Kasur, Lemari / Storage, Jendela, Bantal","Kloset Duduk, Shower","WiFi, R. Cuci, Penjaga Kos, R. Jemur, R. Santai, Dapur, Jemuran, Pengurus Kos, CCTV, Rooftop","Parkir Mobil, Parkir Motor, Parkir Sepeda, Parkir Motor & Sepeda",,https://mamikos.com/room/kost-kota-bandung-kost-campur-eksklusif-kost-geeta-executive-double-regol-bandung?redirection_source=landing%20area,-6.941027923736323,107.61551141657384
Kost Tamblong Executive Sumur Bandung Bandung,Campur,Rp800.000,800000,Kecamatan Sumur Bandung,Sumur Bandung,"Kost ini berlokasi dekat dengan jalan raya dengan akses yang hanya bisa dilalui oleh motor/sepeda, berlokasi dekat dengan Warteg Bahari (1.2 km), Alfamart A Yani 419 (3.2 km), Masjid Raya Bandung (692 m), Citibank Indonesia (453 m), Universitas Islam Bandung (1.9 km), RS Mata Bandung Eye Center (2.3 km).","3 x 3 meter, Termasuk listrik","Kasur, Lemari / Storage, Jendela, Guling, Cermin, Bantal","Kloset Duduk, Kloset Jongkok, K. Mandi Luar, Wastafel, Shower","WiFi, R. Cuci, Kulkas, Laundry, Penjaga Kos, R. Jemur, R. Makan, R. Santai, Dispenser, Dapur","Parkir Motor, Parkir Sepeda",,https://mamikos.com/room/kost-kota-bandung-kost-campur-murah-kost-tamblong-executive-sumur-bandung-bandung-1?redirection_source=landing%20area,-6.913329985382564,107.61534981019824
Kost Hayati Tipe Paviliun Lengkong Bandung,Putri,Rp2.500.000,2500000,Kecamatan Lengkong,Lengkong,"Kost ini berlokasi dekat dengan jalan raya dengan akses masuk mobil, berlokasi dekat dengan Rumah Makan Ibu Haji Cijantung (277 m), Alfamart A Yani 419 (3.2 km), Masjid Jami Nurul Falah (420 m), CIMB Niaga (Buah Batu) (719 m), Akademi Sekretari Dan Manajemen BSI Bandung (283 m), RS Umum Muhammadiyah (429 m).","2.7 x 10 meter, Termasuk listrik","Kasur, Lemari / Storage, Meja makan, Dapur Pribadi","K. Mandi Dalam, Kloset Duduk, Ember mandi, Shower","WiFi, Penjaga Kos, Pengurus Kos, CCTV, Balcon","Parkir Motor, Parkir Sepeda",,https://mamikos.com/room/kost-kota-bandung-kost-putri-eksklusif-kost-hayati-tipe-paviliun-lengkong-bandung-2?redirection_source=landing%20area,-6.936219040139786,107.62797669555742
Kost Muararajeun Lama 1 Tipe B Cibeunying Kaler Bandung,Campur,Rp925.000,925000,Cibeunying Kaler,Cibeunying Kaler,"Kost ini berlokasi dekat dengan jalan raya dengan akses yang hanya bisa dilalui oleh motor/sepeda, berlokasi dekat dengan Rumah Makan Boemi Mitoha (584 m), Alfamart A Yani 419 (1.3 km), Masjid Pusdai (553 m), Universitas Padjadjaran Kampus Dipatiukur (1.8 km), Sinar Abadi Balubur Town Square (2.3 km).","3 x 3 meter, Termasuk listrik","Kasur, Meja, Lemari / Storage, Ventilasi, Jendela, Bantal","K. Mandi Dalam, Kloset Jongkok, Ember mandi","WiFi, R. Cuci, Penjaga Kos, R. Jemur, Jemuran, Pengurus Kos, CCTV","Parkir Motor, Parkir Sepeda, Parkir Motor & Sepeda",,https://mamikos.com/room/kost-kota-bandung-kost-campur-eksklusif-kost-muararajeun-lama-1-tipe-b-cibeunying-kaler-bandung?redirection_source=landing%20area,-6.88475888041629,107.62956393049409
Kost Rumah Ceria Bandung Wetan Bandung,Putri,Rp600.000,600000,Bandung Wetan,Bandung Wetan,"Kost ini berlokasi dekat dengan jalan raya dengan akses yang hanya bisa dilalui oleh motor/sepeda, berlokasi dekat dengan Warteg Abadi (596 m), Circle K (3.0 km), Masjid Salman ITB (1.0 km), Bank Syariah Indonesia KC Bandung Suniaraja (1.6 km), Institut Teknologi Bandung (1.2 km), RS Umum Hermina Pasteur (2.0 km).","2.5 x 2.5 meter, Termasuk listrik","Kasur, Meja, Lemari / Storage, Ventilasi, Jendela, Guling, Cermin, Bantal","Kloset Duduk, Kloset Jongkok, K. Mandi Luar, Ember mandi, Shower","WiFi, R. Tamu, R. Jemur, Dapur, Jemuran, Balcon, K. Mandi Luar",Parkir Motor,,https://mamikos.com/room/kost-kota-bandung-kost-putri-murah-kost-rumah-ceria-bandung-wetan-bandung?redirection_source=landing%20area,-6.903985450767577,107.61602876092353
Kost Nine 9 Regol Bandung,Campur,Rp1.400.000,1400000,Kecamatan Regol,Regol,"Kost ini berlokasi dekat dengan jalan raya dengan akses masuk mobil, berlokasi dekat dengan Warteg Bahari (1.0 km), Alfamart (3.0 km), Church of Isa Almasih (620 m), Bank BJB - Cabang Utama Bandung (532 m), Universitas Islam Bandung (2.3 km), RS Umum Bungsu (835 m).","3 x 4 meter, Tidak termasuk listrik","AC, Kasur, Meja, Lemari / Storage, Jendela, Kursi","K. Mandi Dalam, Kloset Duduk, K. Mandi Luar, Wastafel, Shower, Air panas","Kulkas, R. Tamu, Dapur, Jemuran, Pengurus Kos",Parkir Motor & Sepeda,,https://mamikos.com/room/kost-kota-bandung-kost-campur-eksklusif-kost-nine-9-regol-bandung-2?redirection_source=landing%20area,-6.938656774211764,107.61434382712704
Kost 17 Tipe A Lengkong Bandung,Putri,Rp600.000,600000,Kecamatan Lengkong,Lengkong,"Kost ini berlokasi dekat dengan jalan raya dengan akses yang hanya bisa dilalui oleh motor/sepeda, berlokasi dekat dengan Warteg Bahari (114 m), Alfamart (2.6 km), Church of Isa Almasih (342 m), Bank BJB - Cabang Utama Bandung (1.3 km), Universitas Islam Bandung (3.1 km), RS Mata Bandung Eye Center (1.3 km).","2.5 x 2.5 meter, Termasuk listrik","Kasur, Meja, Lemari / Storage, Ventilasi, Cermin","Kloset Jongkok, K. Mandi Luar, Ember mandi","WiFi, R. Jemur, Dapur, Jemuran, Pengurus Kos, Rooftop, K. Mandi Luar",,,https://mamikos.com/room/kost-kota-bandung-kost-putri-murah-kost-17-tipe-a-lengkong-bandung?redirection_source=landing%20area,-6.936304143385602,107.62596901682588
Kost Maleer Gatsu Tipe A Batununggal Bandung,Campur,Rp1.250.000,1250000,Kecamatan Batununggal,Batununggal,"Kost ini berlokasi dekat dengan jalan raya dengan akses yang hanya bisa dilalui oleh motor/sepeda, berlokasi dekat dengan Rumah Makan Amanah (813 m), Alfamart A Yani 419 (1.6 km), Church In Bandung (2.0 km), CIMB Niaga (Buah Batu) (2.1 km), Institut Teknologi Nasional Bandung (3.0 km), RS Umum Pindad (1.9 km).","3 x 3 meter, Tidak termasuk listrik","AC, Kasur, Lemari / Storage",K. Mandi Luar,"WiFi, Kulkas, Penjaga Kos, R. Jemur, Dapur, CCTV, K. Mandi Luar",Parkir Motor,,https://mamikos.com/room/kost-kota-bandung-kost-campur-eksklusif-kost-maleer-gatsu-tipe-a-batununggal-bandung-2?redirection_source=landing%20area,-6.93001304872874,107.64114563154372
Kost Kadua Vip Regol Bandung,Campur,Rp1.500.000,1500000,Kecamatan Regol,Regol,"Kost ini berlokasi dekat dengan jalan raya dengan akses yang hanya bisa dilalui oleh motor/sepeda, berlokasi dekat dengan Warteg Bahari (1.0 km), Circle K (2.6 km), Church of Isa Almasih (945 m), Bank BJB - Cabang Utama Bandung (1.8 km), Akademi Sekretari Dan Manajemen BSI Bandung (1.5 km), RS Mata Bandung Eye Center (1.7 km).","3 x 3 meter, Tidak termasuk listrik","Kasur, Meja, Lemari / Storage, Ventilasi, Jendela, Cermin, Bantal, Wastafel, Kursi","K. Mandi Dalam, Kloset Jongkok, Wastafel, Shower, Air panas","WiFi, Kulkas, R. Tamu, Penjaga Kos, R. Jemur, R. Makan, R. Santai, Dispenser, Dapur, Jemuran","Parkir Motor, Parkir Motor & Sepeda",,https://mamikos.com/room/kost-kota-bandung-kost-campur-eksklusif-kost-kadua-vip-regol-bandung-2?redirection_source=landing%20area,-6.941531008310535,107.61441112100692
Kost Akiel Tipe C Regol Bandung,Putri,Rp1.000.000,1000000,Kecamatan Regol,Regol,"Kost ini berlokasi dekat dengan jalan raya dengan akses yang hanya bisa dilalui oleh motor/sepeda, berlokasi dekat dengan Warteg Bahari (930 m), Circle K (911 m), Church of Isa Almasih (740 m), Bank BJB - Cabang Utama Bandung (1.6 km), Universitas Islam Bandung (3.4 km), RS Mata Bandung Eye Center (1.7 km).","3 x 4 meter, Tidak termasuk listrik","Kasur, Meja, TV, Lemari / Storage, Ventilasi, Jendela, Guling, Bantal, Kursi","Kloset Duduk, K. Mandi Luar, Ember mandi, Shower","WiFi, Dispenser, Jemuran",Parkir Motor,,https://mamikos.com/room/kost-kota-bandung-kost-putri-eksklusif-kost-akiel-tipe-c-regol-bandung-2?redirection_source=landing%20area,-6.94111544657276,107.61533454871498
Kost Cj 9 Batununggal Bandung,Campur,Rp1.100.000,1100000,Kecamatan Batununggal,Batununggal,"Kost ini berlokasi dekat dengan jalan raya dengan akses yang hanya bisa dilalui oleh motor/sepeda, berlokasi dekat dengan Warteg Bahari (1.7 km), Alfamart (3.1 km), Masjid Al Jihad (732 m), Bank BCA KCP Buah Batu (1.9 km), Institut Teknologi Nasional Bandung (2.9 km), RS Umum Bungsu (1.9 km).","3 x 3 meter, Termasuk listrik","Kasur, Meja, Lemari / Storage, Ventilasi, Meja makan, Jendela, Cermin, Sofa, Kursi, Cleaning service","Kloset Jongkok, K. Mandi Luar, Ember mandi, Shower","WiFi, R. Cuci, R. Tamu, Penjaga Kos, R. Jemur, R. Makan, R. Santai, Dapur, Jemuran, Pengurus Kos","Parkir Motor, Parkir Sepeda, Parkir Motor & Sepeda",,https://mamikos.com/room/kost-kota-bandung-kost-campur-murah-kost-cj-9-batununggal-bandung-2?redirection_source=landing%20area,-6.926770926943214,107.63907835307197
Kost Kreasi Hub Lengkong Bandung,Putra,Rp2.020.000,2020000,Kecamatan Lengkong,Lengkong,"Kost ini berlokasi dekat dengan jalan raya dengan akses yang hanya bisa dilalui oleh motor/sepeda, berlokasi dekat dengan Warteg Bahari (244 m), Circle K (2.6 km), Church of Isa Almasih (596 m), Bank BCA KCP Buah Batu (1.3 km), Universitas Islam Bandung (3.3 km), RS Mata Bandung Eye Center (1.0 km).","4 x 3.5 meter, Tidak termasuk listrik","AC, Kasur, Meja, Lemari / Storage, Ventilasi, Jendela, Guling, Bantal, Kursi","K. Mandi Dalam, Kloset Duduk, Shower, Air panas","WiFi, Penjaga Kos, Pengurus Kos, CCTV, Balcon, Taman",Parkir Motor,,https://mamikos.com/room/kost-kota-bandung-kost-putra-eksklusif-kost-kreasi-hub-lengkong-bandung?redirection_source=landing%20area,-6.934230529891285,107.6247723002208
Kost Srigadis 25 Tipe I Regol Bandung,Campur,Rp1.200.000,1200000,Regol,Regol,"Kost ini berlokasi dekat dengan jalan raya dengan akses yang hanya bisa dilalui oleh motor/sepeda, berlokasi dekat dengan Warteg Bahari (790 m), Circle K (2.7 km), Church of Isa Almasih (836 m), Bank BCA KCP Buah Batu (1.5 km), Akademi Sekretari Dan Manajemen BSI Bandung (1.2 km), RS Mata Bandung Eye Center (1.3 km).","5 x 4 meter, Termasuk listrik","Kasur, Meja, Lemari / Storage, Jendela, Guling, Cermin, Bantal","K. Mandi Dalam, Kloset Jongkok, Ember mandi","WiFi, R. Tamu, R. Jemur, R. Makan, R. Santai, Dispenser, Dapur, Jemuran",Parkir Motor & Sepeda,,https://mamikos.com/room/kost-kota-bandung-kost-campur-eksklusif-kost-srigadis-25-tipe-i-regol-bandung-2?redirection_source=landing%20area,-6.938619491949776,107.61362932687214
Kost Genjer 29 Lengkong Bandung,Putri,Rp2.750.000,2750000,Kecamatan Lengkong,Lengkong,"Kost ini berlokasi dekat dengan jalan raya dengan akses yang hanya bisa dilalui oleh motor/sepeda, berlokasi dekat dengan Warteg Bahari (999 m), Circle K (3.1 km), Church In Bandung (1.1 km), Bank BCA KCP Buah Batu (1.1 km), Universitas Islam Bandung (3.5 km), RS Umum Bungsu (1.8 km).","2.5 x 8 meter, Tidak termasuk listrik","AC, Kasur, Lemari / Storage, Kulkas, Ventilasi, Jendela, Dapur Pribadi, Bantal, Sofa, Wastafel","K. Mandi Dalam, Kloset Duduk, Wastafel, Ember mandi, Shower","WiFi, Jemuran",Parkir Motor,,https://mamikos.com/room/kost-kota-bandung-kost-putri-eksklusif-kost-genjer-29-lengkong-bandung-2?redirection_source=landing%20area,-6.935458588304069,107.62702565983408
Kost Kalasantay Tipe A Sumur Bandung,Campur,Rp2.850.000,2850000,Kecamatan Sumur Bandung,Sumur Bandung,"Kost ini berlokasi dekat dengan jalan raya dengan akses yang hanya bisa dilalui oleh motor/sepeda, berlokasi dekat dengan Warteg Bahari (1.3 km), Alfamart A Yani 419 (2.9 km), Masjid Al Kautsar (645 m), Citibank Indonesia (396 m), Universitas Islam Bandung (1.8 km), RS Khusus Gigi dan Mulut Kota Bandung (1.4 km).","4.3 x 3 meter, Tidak termasuk listrik","AC, Kasur, Meja, Lemari / Storage, Ventilasi, Jendela, Cermin, Bantal, Wastafel, Kursi","K. Mandi Dalam, Kloset Duduk, Wastafel, Shower, Air panas","WiFi, Kulkas, Penjaga Kos, R. Jemur, Dispenser, Dapur, Pengurus Kos, CCTV, Balcon",Parkir Motor,,https://mamikos.com/room/kost-kota-bandung-kost-campur-eksklusif-kost-kalasantay-tipe-a-sumur-bandung?redirection_source=landing%20area,-6.912894002640237,107.61704288236945
Kost Rancagoong Tipe A Batununggal Bandung,Putra,Rp1.100.000,1100000,Batununggal,Batununggal,"Kost ini berlokasi dekat dengan jalan raya dengan akses yang hanya bisa dilalui oleh motor/sepeda, berlokasi dekat dengan Warteg Berkah Bahari (238 m), Alfamart A Yani 419 (2.4 km), Gereja Katolik Hati Tak Bernoda Santa Perawan Maria (1.5 km), Sekolah Tinggi Ilmu Ekonomi Pasundan (214 m).","3 x 35 meter, Termasuk listrik","Kasur, Lemari / Storage","K. Mandi Dalam, Kloset Duduk, Kloset Jongkok, Ember mandi","WiFi, Laundry, R. Tamu, R. Jemur, Dapur, Jemuran, Pengurus Kos, Jual Makanan, Balcon, K. Mandi Luar","Parkir Mobil, Parkir Motor, Parkir Sepeda",,https://mamikos.com/room/kost-kota-bandung-kost-putra-eksklusif-kost-rancagoong-tipe-a-batununggal-bandung?redirection_source=landing%20area,-6.926065089270204,107.64194494502766
Kost Muararajeun Lama 2 Tipe D Cibeunying Kaler Bandung,Campur,Rp740.000,740000,Cibeunying Kaler,Cibeunying Kaler,"Kost ini berlokasi dekat dengan jalan raya dengan akses yang hanya bisa dilalui oleh motor/sepeda, berlokasi dekat dengan Rumah Makan Boemi Mitoha (593 m), Alfamart A Yani 419 (1.3 km), Masjid Pusdai (561 m), Universitas Padjadjaran Kampus Dipatiukur (1.8 km), Sinar Abadi Balubur Town Square (2.3 km).","3 x 3 meter, Termasuk listrik","Kasur, Meja, Lemari / Storage, Ventilasi, Jendela, Bantal, Kursi","Kloset Jongkok, K. Mandi Luar, Ember mandi","WiFi, R. Cuci, Penjaga Kos, R. Jemur, Jemuran, Pengurus Kos, CCTV, Rooftop, K. Mandi Luar","Parkir Motor, Parkir Sepeda, Parkir Motor & Sepeda",,https://mamikos.com/room/kost-kota-bandung-kost-campur-eksklusif-kost-muararajeun-lama-2-tipe-d-cibeunying-kaler-bandung?redirection_source=landing%20area,-6.887799506633365,107.63082202372397
Kost Chantika Marfalia Tipe Standard Regol Bandung,Campur,Rp750.000,750000,Regol,Regol,"Kost ini berlokasi dekat dengan jalan raya dengan akses yang hanya bisa dilalui oleh motor/sepeda, berlokasi dekat dengan Rumah Makan Cikawao (346 m), Circle K (630 m), Church of Isa Almasih (241 m), Bank BJB - Cabang Utama Bandung (912 m), Institut Seni Budaya Indonesia Bandung (2.5 km), RSU Bhayangkara Tk II Sartika Asih (3.2 km).","3 x 3 meter, Termasuk listrik","Kasur, Meja, Lemari / Storage, Ventilasi, Jendela, Guling, Bantal","Kloset Jongkok, K. Mandi Luar, Ember mandi",K. Mandi Luar,Parkir Motor,,https://mamikos.com/room/kost-kota-bandung-kost-campur-murah-kost-chantika-marfalia-tipe-standard-regol-bandung-2?redirection_source=landing%20area,-6.939535525283309,107.61222604133329
Kost Yurani Tipe A Regol Bandung,Campur,Rp750.000,750000,Regol,Regol,"Kost ini berlokasi dekat dengan jalan raya dengan akses yang hanya bisa dilalui oleh motor/sepeda, berlokasi dekat dengan Warteg Bahari (988 m), Circle K (977 m), Church of Isa Almasih (888 m), Bank Muamalat (2.7 km), Akademi Sekretari Dan Manajemen BSI Bandung (1.5 km), RS Ibu dan Anak Kota Bandung (1.2 km).","3 x 4 meter, Termasuk listrik","Kasur, Lemari / Storage, Ventilasi, Jendela","K. Mandi Dalam, Kloset Jongkok, Ember mandi","R. Jemur, Jemuran, CCTV, Balcon",Parkir Motor,,https://mamikos.com/room/kost-bandung-kost-campur-murah-kost-yurani-tipe-a-regol-bandung?redirection_source=landing%20area,-6.940531258410454,107.61333490815458
Kost Srigadis 25 Tipe Paviliun Regol Bandung,Campur,Rp2.100.000,2100000,Regol,Regol,"Kost ini berlokasi dekat dengan jalan raya dengan akses yang hanya bisa dilalui oleh motor/sepeda, berlokasi dekat dengan Warteg Bahari (783 m), Circle K (782 m), Church of Isa Almasih (822 m), Institut Seni Budaya Indonesia Bandung (1.9 km), RSU Bhayangkara Tk II Sartika Asih (2.3 km), Bandung Electronic Center (3.1 km).","6 x 10 meter, Tidak termasuk listrik",Dapur Pribadi,"K. Mandi Dalam, Kloset Duduk, Ember mandi, Shower","R. Tamu, R. Jemur, R. Makan, R. Santai, Dapur, Jemuran, R. Keluarga","Parkir Motor, Parkir Sepeda",,https://mamikos.com/room/kost-kota-bandung-kost-campur-eksklusif-kost-srigadis-25-tipe-paviliun-regol-bandung?redirection_source=landing%20area,-6.939283544259406,107.61420607919442
Kost Eyang Cipju Tipe A Bandung Wetan Bandung,Putra,Rp1.000.000,1000000,Kecamatan Bandung Wetan,Bandung Wetan,"Kost ini berlokasi dekat dengan jalan raya dengan akses yang hanya bisa dilalui oleh motor/sepeda, berlokasi dekat dengan Warteg Abadi (1.8 km), Alfamart (1.3 km), Masjid Al Asy'ari Unisba (2.1 km), Bank BJB Weekend Banking (719 m), Institut Teknologi Nasional Bandung (1.2 km), RS Ibu dan Anak Al Islam (1.5 km).","3 x 3 meter, Tidak termasuk listrik","Kasur, Meja, Lemari / Storage, Ventilasi, Jendela, Kipas Angin","Kloset Duduk, K. Mandi Luar, Wastafel, Shower","WiFi, Kulkas, Penjaga Kos, Mushola, Dapur, Jemuran, CCTV, Balcon, Taman, Joglo","Parkir Mobil, Parkir Motor & Sepeda",,https://mamikos.com/room/kost-kota-bandung-kost-putra-eksklusif-kost-eyang-cipju-tipe-a-bandung-wetan-bandung?redirection_source=landing%20area,-6.906857832370371,107.61490351579477
Kost Muararajeun Lama 1 Tipe D Cibeunying Kaler Bandung,Campur,Rp725.000,725000,Cibeunying Kaler,Cibeunying Kaler,"Kost ini berlokasi dekat dengan jalan raya dengan akses yang hanya bisa dilalui oleh motor/sepeda, berlokasi dekat dengan Warteg Abadi (2.2 km), Alfamart A Yani 419 (1.3 km), Church In Bandung (2.5 km), Bank BJB Weekend Banking (1.0 km), Institut Teknologi Nasional Bandung (805 m), RS Ibu dan Anak Al Islam (1.2 km).","3 x 4 meter, Termasuk listrik","Kasur, Meja, Lemari / Storage, Ventilasi, Jendela, Bantal, Wastafel","Kloset Jongkok, K. Mandi Luar, Ember mandi","WiFi, Penjaga Kos, R. Jemur, Jemuran, Jual Makanan, K. Mandi Luar","Parkir Motor, Parkir Sepeda, Parkir Motor & Sepeda",,https://mamikos.com/room/kost-kota-bandung-kost-campur-eksklusif-kost-muararajeun-lama-1-tipe-d-cibeunying-kaler-bandung-2?redirection_source=landing%20area,-6.884765411718071,107.62750235835068
Kost Ibu Nola Kebon Manggu Regol Bandung,Campur,Rp650.000,650000,Kecamatan Regol,Regol,"Kost ini berlokasi dekat dengan jalan raya dengan akses yang hanya bisa dilalui oleh motor/sepeda, berlokasi dekat dengan Warteg Bahari (1.5 km), Alfamart (3.0 km), Church of Isa Almasih (1.1 km), Bank BJB - Cabang Utama Bandung (906 m), Universitas Islam Bandung (2.4 km), RS Umum Bungsu (1.3 km).","3 x 4 meter, Termasuk listrik","Kasur, Lemari / Storage, Bantal","Kloset Jongkok, K. Mandi Luar","R. Jemur, Dapur, Jemuran, K. Mandi Luar","Parkir Sepeda, Parkir Motor & Sepeda",,https://mamikos.com/room/kost-kota-bandung-kost-campur-eksklusif-kost-ibu-nola-kebon-manggu-regol-bandung?redirection_source=landing%20area,-6.940863065480679,107.61407481052824
Kost Muararajeun Lama 1 Tipe C Cibeunying Kaler Bandung,Campur,Rp750.000,750000,Cibeunying Kaler,Cibeunying Kaler,"Kost ini berlokasi dekat dengan jalan raya dengan akses yang hanya bisa dilalui oleh motor/sepeda, berlokasi dekat dengan Warteg Abadi (2.2 km), Alfamart A Yani 419 (1.3 km), Masjid Al Kautsar (2.0 km), Bank Mandiri Bandung Priority Banking Soerapatti (1.5 km), Universitas Padjadjaran Kampus Dipatiukur (1.8 km), RS Umum Santo Borromeus (2.1 km).","3.5 x 2 meter, Termasuk listrik","Kasur, Meja, Lemari / Storage, Ventilasi, Jendela, Bantal","Kloset Jongkok, K. Mandi Luar, Ember mandi","WiFi, R. Cuci, Penjaga Kos, R. Jemur, Jemuran, Pengurus Kos, Jual Makanan, K. Mandi Luar","Parkir Motor, Parkir Sepeda, Parkir Motor & Sepeda",,https://mamikos.com/room/kost-kota-bandung-kost-campur-eksklusif-kost-muararajeun-lama-1-tipe-c-cibeunying-kaler-bandung-2?redirection_source=landing%20area,-6.886183975943162,107.62929395398736
Kost Gedung Putih 2 Lengkong Bandung,Campur,Rp2.000.000,2000000,Kecamatan Lengkong,Lengkong,"Kost ini berlokasi dekat dengan jalan raya dengan akses yang hanya bisa dilalui oleh motor/sepeda, berlokasi dekat dengan Warteg Bahari (517 m), Alfamart A Yani 419 (3.2 km), Masjid Al Waritsin (331 m), CIMB Niaga (Buah Batu) (213 m), Akademi Sekretari Dan Manajemen BSI Bandung (589 m), Bandung Electronic Center (3.5 km).","3 x 4 meter, Tidak termasuk listrik","AC, Kasur, Meja, Lemari / Storage, Ventilasi, Jendela, Cermin, Bantal, Wastafel, Kursi","K. Mandi Dalam, Kloset Duduk, Wastafel, Shower, Air panas","WiFi, R. Cuci, Kulkas, Laundry, Penjaga Kos, R. Jemur, R. Makan, R. Santai, Dispenser, Dapur","Parkir Mobil, Parkir Motor, Parkir Sepeda",,https://mamikos.com/room/kost-kota-bandung-kost-campur-eksklusif-kost-gedung-putih-2-lengkong-bandung-1?redirection_source=landing%20area,-6.935046359360332,107.625594218885
Kost Wastu323 Bandung Wetan Bandung,Putri,Rp650.000,650000,Bandung Wetan,Bandung Wetan,"Kost ini berlokasi dekat dengan jalan raya dengan akses yang hanya bisa dilalui oleh motor/sepeda, berlokasi dekat dengan Warteg Abadi (531 m), Alfamart (455 m), Masjid Al Asy'ari Unisba (364 m), Bank BJB - Kantor Cabang Tamansari (386 m), Universitas Islam Bandung (335 m), RS Umum Tk IV 03.07.03Sariningsih (859 m).","3 x 3 meter, Tidak termasuk listrik","Kasur, Meja, Lemari / Storage, Jendela, Bantal, Kursi","K. Mandi Dalam, Kloset Jongkok, K. Mandi Luar, Wastafel, Ember mandi, Bak mandi","WiFi, R. Cuci, R. Jemur, R. Santai, Dapur, Jemuran, Pengurus Kos, Jual Makanan, CCTV, Rooftop","Parkir Motor, Parkir Motor & Sepeda",,https://mamikos.com/room/kost-kota-bandung-kost-putri-murah-kost-wastu323-bandung-wetan-bandung-2?redirection_source=landing%20area,-6.905061437652787,107.6161541707537
Kost Nur Muhaji Tipe A Batununggal Bandung,Campur,Rp1.200.000,1200000,Batununggal,Batununggal,"Kost ini berlokasi dekat dengan jalan raya dengan akses yang hanya bisa dilalui oleh motor/sepeda, berlokasi dekat dengan Warteg Bahari (2.0 km), Alfamart (2.6 km), Masjid Al Jihad (264 m), Bank BJB - Cabang Utama Bandung (2.2 km), Institut Teknologi Nasional Bandung (2.4 km), RS Ibu dan Anak Al Islam (1.5 km).","4 x 4 meter, Tidak termasuk listrik","Kasur, Lemari / Storage, Ventilasi, Jendela, Guling, Bantal","K. Mandi Dalam, Kloset Duduk, Ember mandi","WiFi, Laundry, Penjaga Kos, Jemuran, Pengurus Kos, CCTV","Parkir Motor, Parkir Motor & Sepeda",,https://mamikos.com/room/kost-kota-bandung-kost-campur-eksklusif-kost-nur-muhaji-tipe-a-batununggal-bandung-2?redirection_source=landing%20area,-6.929857682143465,107.64132247426684
Kost Menimurah Tipe Standart Cibeunying Kaler Bandung,Putri,Rp500.000,500000,Cibeunying Kaler,Cibeunying Kaler,"Kost ini berlokasi dekat dengan jalan raya dengan akses yang hanya bisa dilalui oleh motor/sepeda, berlokasi dekat dengan Warteg Cintaasih (2.3 km), Alfamart Bojong Koneng (1.3 km), Christian Church Pasundan Awiligar (2.1 km), Bank BJB Weekend Banking (1.4 km), Institut Teknologi Nasional Bandung (408 m), RS Ibu dan Anak Al Islam (1.3 km).","2 x 3 meter, Termasuk listrik","Kasur, Meja, Lemari / Storage, Ventilasi, Jendela, Kursi","Kloset Jongkok, K. Mandi Luar, Ember mandi, Bak mandi","WiFi, R. Cuci, R. Tamu, R. Jemur, R. Makan, Dapur, Jemuran, Pengurus Kos, Balcon, R. Keluarga",Parkir Motor,,https://mamikos.com/room/kost-kota-bandung-kost-putri-murah-kost-menimurah-tipe-standart-cibeunying-kaler-bandung?redirection_source=landing%20area,-6.885486421342276,107.63044222891229
Kost Paviliun Asmi Regol Bandung,Campur,Rp2.000.000,2000000,Regol,Regol,"Kost ini berlokasi dekat dengan jalan raya dengan akses yang hanya bisa dilalui oleh motor/sepeda, berlokasi dekat dengan Rumah Makan Cikawao (672 m), Circle K (915 m), Gereja Kristen Kalam Kudus Pasundan (219 m), Institut Seni Budaya Indonesia Bandung (2.8 km), RSU Bhayangkara Tk II Sartika Asih (3.1 km), Bandung Electronic Center (2.3 km).","4 x 5 meter, Tidak termasuk listrik","Kasur, Meja, Lemari / Storage, Ventilasi, Jendela, Sofa, Kursi","K. Mandi Dalam, Kloset Duduk, Bak mandi",R. Tamu,,,https://mamikos.com/room/kost-bandung-kost-campur-eksklusif-kost-paviliun-asmi-regol-bandung?redirection_source=landing%20area,-6.941542205170809,107.61563460929274
Kost Griya Asri 2 Cibeunying Kaler Bandung,Campur,Rp1.700.000,1700000,Cibeunying Kaler,Cibeunying Kaler,"Kost ini berlokasi dekat dengan jalan raya dengan akses yang hanya bisa dilalui oleh motor/sepeda, berlokasi dekat dengan Warteg Abadi (2.2 km), Alfamart (1.5 km), Church In Bandung (2.2 km), Bank BJB Weekend Banking (734 m), Institut Teknologi Nasional Bandung (1.1 km), RS Ibu dan Anak Al Islam (1.1 km).","3 x 4 meter, Tidak termasuk listrik","AC, Kasur, Meja, Lemari / Storage, Jendela, Guling, Cermin, Bantal, Kursi","K. Mandi Dalam, Kloset Duduk, K. Mandi Luar, Ember mandi, Shower","WiFi, R. Cuci, Kulkas, Mesin Cuci, Penjaga Kos, R. Jemur, R. Makan, Mushola, R. Santai, Dispenser",Parkir Motor & Sepeda,,https://mamikos.com/room/kost-kota-bandung-kost-campur-eksklusif-kost-griya-asri-2-cibeunying-kaler-bandung?redirection_source=landing%20area,-6.887606358031622,107.62976516102373
Kost Dadang Kebon Sirih Tipe L Besar Sumur Bandung Bandung,Putra,Rp1.300.000,1300000,Kecamatan Sumur Bandung,Sumur Bandung,"Kost ini berlokasi dekat dengan jalan raya dengan akses yang hanya bisa dilalui oleh motor/sepeda, berlokasi dekat dengan Warteg Abadi (1.1 km), Alfamart (1.6 km), Masjid Al Asy'ari Unisba (881 m), Bank BJB - Kantor Cabang Tamansari (915 m), Universitas Islam Bandung (917 m), RS Umum Tk IV 03.07.03Sariningsih (777 m).","3 x 5 meter, Termasuk listrik","Kasur, Meja, Lemari / Storage, Ventilasi, Jendela, Cermin, Kursi","K. Mandi Dalam, Kloset Duduk, Shower, Air panas","WiFi, R. Jemur, Balcon, TV",Parkir Motor & Sepeda,,https://mamikos.com/room/kost-kota-bandung-kost-putra-eksklusif-kost-dadang-kebon-sirih-tipe-l-besar-sumur-bandung-bandung-2?redirection_source=landing%20area,-6.915563272791199,107.61503282925312
Kost Srigadis 25 Tipe B Regol Bandung,Campur,Rp1.200.000,1200000,Kecamatan Regol,Regol,"Kost ini berlokasi dekat dengan jalan raya dengan akses yang hanya bisa dilalui oleh motor/sepeda, berlokasi dekat dengan Warteg Bahari (788 m), Circle K (788 m), Church of Isa Almasih (836 m), Institut Seni Budaya Indonesia Bandung (1.9 km), RSU Bhayangkara Tk II Sartika Asih (2.3 km), Bandung Electronic Center (3.1 km).","5 x 5 meter, Tidak termasuk listrik","Kasur, Meja, Lemari / Storage, Ventilasi, Jendela, Guling, Cermin, Bantal, Kursi","K. Mandi Dalam, Kloset Duduk, Ember mandi","WiFi, R. Jemur, R. Makan, R. Santai, Dapur, Jemuran, Taman","Parkir Motor, Parkir Sepeda",,https://mamikos.com/room/kost-kota-bandung-kost-campur-eksklusif-kost-srigadis-25-tipe-b-regol-bandung-2?redirection_source=landing%20area,-6.940508766739515,107.61561525526275
Kost Ibu Tina Tipe A Cibeunying Kidul Bandung,Putri,Rp900.000,900000,Kecamatan Cibeunying Kidul,Cibeunying Kidul,"Kost ini berlokasi dekat dengan jalan raya dengan akses yang hanya bisa dilalui oleh motor/sepeda, berlokasi dekat dengan Warteg Abadi (3.1 km), Alfamart A Yani 419 (282 m), Masjid Pusdai (1.6 km), Bank Mandiri Bandung Priority Banking Soerapatti (2.5 km), Institut Teknologi Nasional Bandung (1.2 km), RS Umum Santo Yusup (625 m).","3 x 4 meter, Tidak termasuk listrik","Kasur, Lemari / Storage, Ventilasi, Jendela, Guling, Dapur Pribadi, Bantal, Wastafel","K. Mandi Dalam, Kloset Jongkok, Wastafel, Ember mandi","WiFi, R. Cuci, R. Jemur, R. Santai, Dapur, Jemuran, Pengurus Kos, Rooftop, Balcon, Gazebo","Parkir Motor, Parkir Sepeda, Parkir Motor & Sepeda",,https://mamikos.com/room/kost-kota-bandung-kost-putri-murah-kost-ibu-tina-tipe-a-cibeunying-kidul-bandung?redirection_source=landing%20area,-6.899370675223524,107.65205091061604
Kost Kanaya Tipe A Lengkong Bandung,Putra,Rp1.000.000,1000000,Kecamatan Lengkong,Lengkong,"Kost ini berlokasi dekat dengan jalan raya dengan akses yang hanya bisa dilalui oleh motor/sepeda, berlokasi dekat dengan Warteg Bahari (613 m), Alfamart A Yani 419 (3.2 km), Masjid Jami Nurul Falah (598 m), CIMB Niaga (Buah Batu) (556 m), Akademi Sekretari Dan Manajemen BSI Bandung (280 m), RS Ibu dan Anak Kota Bandung (2.3 km).","3 x 4 meter, Termasuk listrik","Kasur, Meja, Lemari / Storage, Ventilasi, Jendela, Guling, Bantal, Kursi","Kloset Jongkok, K. Mandi Luar, Bak mandi","WiFi, Kulkas, R. Tamu, R. Jemur, R. Makan, R. Santai, Dapur, Jemuran, Pengurus Kos, R. Keluarga","Parkir Mobil, Parkir Motor & Sepeda",,https://mamikos.com/room/kost-kota-bandung-kost-putra-murah-kost-kanaya-tipe-a-lengkong-bandung?redirection_source=landing%20area,-6.934572467604986,107.62590531413888
Kost Asia Afrika 1 Standard Sumur Bandung,Campur,Rp875.000,875000,Kecamatan Sumur Bandung,Sumur Bandung,"Kost ini berlokasi dekat dengan jalan raya dengan akses jalan raya, berlokasi dekat dengan Warteg Bahari (1.1 km), Alfamart (2.6 km), Church In Bandung (637 m), Bank BJB - Cabang Utama Bandung (433 m), Universitas Islam Bandung (2.0 km), RS Umum Bungsu (292 m).","3 x 3 meter, Tidak termasuk listrik","Kasur, Lemari / Storage, Jendela, Bantal","K. Mandi Dalam, Kloset Jongkok, K. Mandi Luar, Ember mandi","WiFi, Kulkas, Penjaga Kos, Dispenser, Dapur, Jemuran, Pengurus Kos, CCTV","Parkir Motor, Parkir Sepeda",,https://mamikos.com/room/kost-kota-bandung-kost-campur-murah-kost-asia-afrika-1-standard-sumur-bandung-2?redirection_source=landing%20area,-6.913551373356137,107.61894270222476
Kost Adikacih 6 Astana Anyar Bandung,Putri,Rp850.000,850000,Kecamatan Astanaanyar,Astanaanyar,"Kost ini berlokasi dekat dengan jalan raya dengan akses yang hanya bisa dilalui oleh motor/sepeda, berlokasi dekat dengan Warteg Bahari (1.6 km), Indomaret YPAC (3.3 km), Church of Isa Almasih (1.2 km), Bank BJB - Cabang Utama Bandung (1.3 km), Universitas Islam Bandung (2.8 km), RS Umum Bungsu (1.6 km).","3 x 3 meter, Tidak termasuk listrik","Kasur, Meja, Lemari / Storage, Kulkas, Ventilasi, Jendela, Wastafel, Kursi, Kipas Angin","Kloset Duduk, K. Mandi Luar, Shower, Air panas","WiFi, R. Cuci, Kulkas, Mesin Cuci, R. Jemur, Dapur, Jemuran, Pengurus Kos, CCTV, Kartu Akses",Parkir Motor & Sepeda,,https://mamikos.com/room/kost-kota-bandung-kost-putri-eksklusif-kost-adikacih-6-astana-anyar-bandung?redirection_source=landing%20area,-6.936867447456096,107.60281552400232
Kost Asih Tipe A Lengkong Bandung,Campur,Rp1.000.000,1000000,Lengkong,Lengkong,"Kost ini berlokasi dekat dengan jalan raya dengan akses yang hanya bisa dilalui oleh motor/sepeda, berlokasi dekat dengan Warteg Bahari (712 m), Alfamart (3.1 km), Church of Isa Almasih (370 m), Bank BJB - Cabang Utama Bandung (633 m), Universitas Islam Bandung (2.5 km), RS Umum Bungsu (772 m).","3 x 4 meter, Tidak termasuk listrik","Kasur, Lemari / Storage, Ventilasi, Guling, Cermin, Bantal","K. Mandi Dalam, Kloset Jongkok, Shower, Bak mandi","Penjaga Kos, Dapur, Jemuran, Pengurus Kos, CCTV","Parkir Motor, Parkir Motor & Sepeda",,https://mamikos.com/room/kost-kota-bandung-kost-campur-murah-kost-asih-tipe-a-lengkong-bandung?redirection_source=landing%20area,-6.935247892503261,107.6252211239446
Kost Galunggung Tipe B Lengkong Bandung,Putri,Rp750.000,750000,Lengkong,Lengkong,"Kost ini berlokasi dekat dengan jalan raya dengan akses yang hanya bisa dilalui oleh motor/sepeda, berlokasi dekat dengan Warteg Bahari (1.1 km), Circle K (696 m), Church In Bandung (1.1 km), Bank BCA KCP Buah Batu (1.2 km), Universitas Islam Bandung (3.5 km), RS Umum Bungsu (1.9 km).","3 x 3 meter, Termasuk listrik","Kasur, Lemari / Storage, Ventilasi","Kloset Jongkok, K. Mandi Luar, Ember mandi","Kulkas, R. Jemur, Dapur, Jemuran, Balcon","Parkir Motor, Parkir Sepeda",,https://mamikos.com/room/kost-kota-bandung-kost-putri-murah-kost-galunggung-tipe-b-lengkong-bandung?redirection_source=landing%20area,-6.93262871403733,107.626076780906
Kost Asmi Depan Itc Regol Bandung,Campur,Rp750.000,750000,Regol,Regol,"Kost ini berlokasi dekat dengan jalan raya dengan akses yang hanya bisa dilalui oleh motor/sepeda, berlokasi dekat dengan Rumah Makan Cikawao (664 m), Circle K (878 m), Gereja Kristen Kalam Kudus Pasundan (186 m), Bank BJB - Cabang Utama Bandung (975 m), Institut Seni Budaya Indonesia Bandung (2.8 km), RSU Bhayangkara Tk II Sartika Asih (3.2 km).","3 x 4 meter, Tidak termasuk listrik",Jendela,Kloset Jongkok,R. Jemur,Parkir Motor,,https://mamikos.com/room/kost-bandung-kost-campur-murah-kost-asmi-depan-itc-regol-bandung?redirection_source=landing%20area,-6.939492840886497,107.61452250009356
Kost Rasionas Coblong Bandung,Campur,Rp1.400.000,1400000,Kecamatan Coblong,Coblong,"Kost ini berlokasi dekat dengan jalan raya dengan akses yang hanya bisa dilalui oleh motor/sepeda, berlokasi dekat dengan Swike Waled Rumah Makan (343 m), Circle K (2.8 km), Masjid Al Arief (438 m), Bank BJB - Kantor Cabang Tamansari (765 m), Universitas Islam Bandung (713 m), RS Umum Pusat Dr. Hasan Sadikin (600 m).","3 x 3 meter, Tidak termasuk listrik","Kasur, Meja, Lemari / Storage, Ventilasi, Jendela, Cermin, Kursi","K. Mandi Dalam, Kloset Duduk, Kloset Jongkok, Shower, Air panas","WiFi, R. Cuci, Kulkas, Mesin Cuci, R. Tamu, Penjaga Kos, R. Jemur, R. Santai, Dapur, Jemuran","Parkir Mobil, Parkir Motor, Parkir Sepeda",,https://mamikos.com/room/kost-kost-campur-eksklusif-kost-rasionas-coblong-bandung-1?redirection_source=landing%20area,-6.8824159459021415,107.61236928618877
Kost Wastu Tipe M Bandung Wetan Bandung,Campur,Rp750.000,750000,Kecamatan Bandung Wetan,Bandung Wetan,"Kost ini berlokasi dekat dengan jalan raya dengan akses yang hanya bisa dilalui oleh motor/sepeda, berlokasi dekat dengan Warteg Abadi (508 m), Alfamart (814 m), Masjid Al Asy'ari Unisba (192 m), Bank BJB - Kantor Cabang Tamansari (254 m), Universitas Islam Bandung (211 m), RS Umum Tk IV 03.07.03Sariningsih (603 m).","3 x 3 meter, Tidak termasuk listrik","Jendela, Guling, Bantal, Kipas Angin","Kloset Duduk, Kloset Jongkok, K. Mandi Luar, Bak mandi",Dapur,,,https://mamikos.com/room/kost-kota-bandung-kost-campur-murah-kost-wastu-tipe-m-bandung-wetan-bandung-2?redirection_source=landing%20area,-6.906626177934444,107.6163355466695
Kost Eceng 20 Lengkong Bandung,Putri,Rp650.000,650000,Kecamatan Lengkong,Lengkong,"Kost ini berlokasi dekat dengan jalan raya dengan akses yang hanya bisa dilalui oleh motor/sepeda, berlokasi dekat dengan Warteg Bahari (974 m), Circle K (3.1 km), Church In Bandung (1.1 km), Bank BCA KCP Buah Batu (1.2 km), Universitas Islam Bandung (3.5 km), RS Umum Bungsu (1.8 km).","3 x 2.5 meter, Termasuk listrik","Kasur, Lemari / Storage, Jendela, Bantal","Kloset Jongkok, K. Mandi Luar, Ember mandi","WiFi, Dispenser, Jemuran, Balcon, K. Mandi Luar","Parkir Motor, Parkir Sepeda, Parkir Motor & Sepeda",,https://mamikos.com/room/kost-kota-bandung-kost-putri-murah-kost-eceng-20-lengkong-bandung-2?redirection_source=landing%20area,-6.936041241536709,107.62431360563028
Kost Srigadis 25 Rooms Regol Bandung,Campur,Rp1.100.000,1100000,Regol,Regol,"Kost ini berlokasi dekat dengan jalan raya dengan akses yang hanya bisa dilalui oleh motor/sepeda, berlokasi dekat dengan Warteg Bahari (790 m), Circle K (789 m), Church of Isa Almasih (834 m), Institut Seni Budaya Indonesia Bandung (1.9 km), RSU Bhayangkara Tk II Sartika Asih (2.3 km), Bandung Electronic Center (3.1 km).","4 x 4 meter, Termasuk listrik","Kasur, Meja, Lemari / Storage, Jendela, Guling, Cermin, Bantal","K. Mandi Dalam, Kloset Jongkok, Ember mandi","WiFi, R. Jemur, R. Makan, R. Santai, Dapur, Jemuran","Parkir Motor, Parkir Sepeda",,https://mamikos.com/room/kost-kota-bandung-kost-campur-eksklusif-kost-srigadis-25-rooms-regol-bandung?redirection_source=landing%20area,-6.940485576836907,107.61489067077626
Kost Kurnia Tipe A Cibeunying Kidul Bandung,Putri,Rp1.300.000,1300000,Cibeunying Kidul,Cibeunying Kidul,"Kost ini berlokasi dekat dengan jalan raya dengan akses yang hanya bisa dilalui oleh motor/sepeda, berlokasi dekat dengan Alfamart A Yani 419 (1.0 km), Christian Church Pasundan Awiligar (2.3 km), Universitas Padjadjaran Kampus Dipatiukur (2.4 km), Sinar Abadi Balubur Town Square (3.1 km).","3 x 4 meter, Termasuk listrik","Kasur, Meja, Lemari / Storage, Jendela, Guling, Bantal, Kursi","Kloset Duduk, Ember mandi, Shower","WiFi, Kulkas, Mesin Cuci, R. Santai, Dispenser, Dapur, Jemuran, CCTV, TV",Parkir Motor,,https://mamikos.com/room/kost-kota-bandung-kost-putri-eksklusif-kost-kurnia-tipe-a-cibeunying-kidul-bandung?redirection_source=landing%20area,-6.899649950981727,107.65171950011596
Kost Bu Wati Batununggal Bandung,Putri,Rp1.100.000,1100000,Batununggal,Batununggal,"Kost ini berlokasi dekat dengan jalan raya dengan akses yang hanya bisa dilalui oleh motor/sepeda, berlokasi dekat dengan Warteg Cintaasih (619 m), Alfamart A Yani 419 (2.0 km), Church In Bandung (875 m), Akademi Sekretari Dan Manajemen BSI Bandung (943 m), Bandung Electronic Center (2.7 km).","3 x 3 meter, Tidak termasuk listrik","Kasur, Meja Rias, Lemari / Storage, Ventilasi, Jendela, Cermin, Bantal, Kipas Angin","K. Mandi Dalam, Kloset Jongkok, Shower","R. Cuci, Kulkas, R. Tamu, R. Jemur, R. Makan, R. Santai, Dapur, Jemuran, Pengurus Kos, Balcon","Parkir Motor, Parkir Sepeda",,https://mamikos.com/room/kost-kota-bandung-kost-putri-eksklusif-kost-bu-wati-batununggal-bandung?redirection_source=landing%20area,-6.926670470245321,107.6418006039097
Kost Rahma Homes TSM Gatot Subroto Batununggal Bandung,Putri,Rp700.000,700000,Kecamatan Batununggal,Batununggal,"Kost ini berlokasi dekat dengan jalan raya dengan akses yang hanya bisa dilalui oleh motor/sepeda, berlokasi dekat dengan Warteg Bahari (2.0 km), Alfamart A Yani 419 (1.7 km), Church In Bandung (1.6 km), CIMB Niaga (Buah Batu) (1.8 km), Institut Teknologi Nasional Bandung (3.1 km), RS Umum Pindad (2.1 km).","3 x 3 meter, Termasuk listrik","Kasur, Lemari / Storage, Ventilasi, Jendela, Guling, Bantal","K. Mandi Dalam, Kloset Jongkok, K. Mandi Luar, Ember mandi","R. Cuci, R. Jemur, R. Santai, Dispenser, Jemuran, Pengurus Kos, Balcon, Taman, TV",Parkir Motor & Sepeda,,https://mamikos.com/room/kost-kota-bandung-kost-putri-murah-kost-rahma-homes-tsm-gatot-subroto-batununggal-bandung-1?redirection_source=landing%20area,-6.926799315675005,107.64069791060422
Kost Srigadis 25 Tipe Paviliun B Regol Bandung,Campur,Rp1.500.000,1500000,Regol,Regol,"Kost ini berlokasi dekat dengan jalan raya dengan akses yang hanya bisa dilalui oleh motor/sepeda, berlokasi dekat dengan Warteg Bahari (774 m), Circle K (774 m), Church of Isa Almasih (825 m), Institut Seni Budaya Indonesia Bandung (1.9 km), RSU Bhayangkara Tk II Sartika Asih (2.3 km), Bandung Electronic Center (3.1 km).","3 x 4 meter, Tidak termasuk listrik","Kasur, Meja, Lemari / Storage, Ventilasi, Jendela, Guling, Dapur Pribadi, Cermin, Bantal, Kursi","K. Mandi Dalam, Kloset Duduk, Ember mandi","WiFi, R. Tamu, R. Jemur, R. Santai, Dapur, Jemuran, Pengurus Kos, CCTV","Parkir Mobil, Parkir Motor & Sepeda",,https://mamikos.com/room/kost-kota-bandung-kost-campur-eksklusif-kost-srigadis-25-tipe-paviliun-b-regol-bandung-2?redirection_source=landing%20area,-6.938935288645082,107.61530001650242
Kost Mahameru Co Living Suite Cibeunying Kidul Bandung,Campur,Rp2.500.000,2500000,Kecamatan Cibeunying Kidul,Cibeunying Kidul,"Kost ini berlokasi dekat dengan jalan raya dengan akses masuk mobil, berlokasi dekat dengan Warteg Bahari (2.8 km), Alfamart (2.4 km), Masjid Al Jihad (592 m), Bank BJB - Cabang Utama Bandung (2.8 km), Institut Teknologi Nasional Bandung (1.6 km), RS Ibu dan Anak Al Islam (642 m).","3 x 4 meter, Tidak termasuk listrik","AC, Kasur, Dispenser, Meja, TV, Lemari / Storage, Jendela, Guling, Cermin, Bantal","Kloset Duduk, Kloset Jongkok, K. Mandi Luar, Wastafel, Shower, Air panas","WiFi, R. Cuci, Kulkas, Penjaga Kos, R. Jemur, R. Santai, Dispenser, Dapur, Jemuran, Pengurus Kos","Parkir Mobil, Parkir Motor & Sepeda",,https://mamikos.com/room/kost-kota-bandung-kost-campur-eksklusif-kost-mahameru-co-living-suite-cibeunying-kidul-bandung?redirection_source=landing%20area,-6.897548109316193,107.6518207823072
Kost Siela Mansion Lengkong Bandung,Campur,Rp3.600.000,3600000,Kecamatan Lengkong,Lengkong,"Kost ini berlokasi dekat dengan jalan raya dengan akses yang hanya bisa dilalui oleh motor/sepeda, berlokasi dekat dengan Warteg Bahari (494 m), Alfamart A Yani 419 (3.3 km), Masjid Al Waritsin (312 m), CIMB Niaga (Buah Batu) (190 m), Akademi Sekretari Dan Manajemen BSI Bandung (615 m), Bandung Electronic Center (3.5 km).","3 x 5 meter, Tidak termasuk listrik","AC, Kasur, Meja, TV, Meja Rias, Lemari / Storage, Kulkas, Ventilasi, Jendela, Guling","K. Mandi Dalam, Kloset Duduk, Wastafel, Shower, Air panas","WiFi, R. Cuci, Kulkas, Mesin Cuci, Laundry, R. Tamu, Penjaga Kos, R. Jemur, R. Makan, R. Santai","Parkir Mobil, Parkir Motor, Parkir Sepeda",,https://mamikos.com/room/kost-kota-bandung-kost-campur-eksklusif-kost-siela-mansion-lengkong-bandung-1?redirection_source=landing%20area,-6.935159963980556,107.62611613142582
Kost Muararajeun Lama 2 Tipe C Cibeunying Kaler Bandung,Campur,Rp850.000,850000,Cibeunying Kaler,Cibeunying Kaler,"Kost ini berlokasi dekat dengan jalan raya dengan akses yang hanya bisa dilalui oleh motor/sepeda, berlokasi dekat dengan Rumah Makan Boemi Mitoha (593 m), Alfamart A Yani 419 (1.3 km), Masjid Pusdai (561 m), Universitas Padjadjaran Kampus Dipatiukur (1.8 km), Sinar Abadi Balubur Town Square (2.3 km).","3 x 3 meter, Termasuk listrik","Kasur, Meja, Lemari / Storage, Ventilasi, Jendela, Bantal","Kloset Jongkok, K. Mandi Luar, Ember mandi","WiFi, R. Cuci, R. Jemur, Dapur, Jemuran, Pengurus Kos, Jual Makanan, CCTV, K. Mandi Luar","Parkir Motor, Parkir Sepeda, Parkir Motor & Sepeda",,https://mamikos.com/room/kost-kota-bandung-kost-campur-eksklusif-kost-muararajeun-lama-2-tipe-c-cibeunying-kaler-bandung?redirection_source=landing%20area,-6.885013954171779,107.6286513842785
Kost Partadisastra Regol Bandung,Putra,Rp750.000,750000,Regol,Regol,"Kost ini berlokasi dekat dengan jalan raya dengan akses yang hanya bisa dilalui oleh motor/sepeda, berlokasi dekat dengan Rumah Makan Cikawao (636 m), Circle K (787 m), Gereja Kristen Kalam Kudus Pasundan (406 m), Institut Seni Budaya Indonesia Bandung (2.5 km), RS Ibu dan Anak Kota Bandung (943 m), Bandung Electronic Center (2.5 km).","3 x 3 meter, Termasuk listrik","Kasur, Meja, Lemari / Storage, Kursi","Kloset Jongkok, K. Mandi Luar, Ember mandi, Bak mandi","WiFi, R. Cuci, Kulkas, R. Tamu, R. Jemur, Dapur, TV","Parkir Motor, Parkir Sepeda",,https://mamikos.com/room/kost-kota-bandung-kost-putra-murah-kost-partadisastra-regol-bandung-2?redirection_source=landing%20area,-6.940968955727172,107.61485758419344
Kost Griya Camar Tipe B Lengkong Bandung,Campur,Rp850.000,850000,Lengkong,Lengkong,"Kost ini berlokasi dekat dengan jalan raya dengan akses yang hanya bisa dilalui oleh motor/sepeda, berlokasi dekat dengan Warteg Bahari (1.3 km), Alfamart (2.6 km), Church In Bandung (354 m), Bank BJB - Cabang Utama Bandung (1.4 km), Universitas Islam Bandung (2.5 km), RS Umum Bungsu (1.0 km).","3 x 3 meter, Tidak termasuk listrik","Kasur, Meja, Lemari / Storage, Jendela, Cermin, Bantal, Kursi","Kloset Jongkok, K. Mandi Luar, Ember mandi, Shower","WiFi, R. Cuci, Penjaga Kos, R. Jemur, Dapur, Jemuran, CCTV",Parkir Motor & Sepeda,,https://mamikos.com/room/kost-kota-bandung-kost-campur-murah-kost-griya-camar-tipe-b-lengkong-bandung-2?redirection_source=landing%20area,-6.935251784562972,107.62614721891416
Kost Akiel Tipe Standard Regol Bandung,Putri,Rp1.000.000,1000000,Regol,Regol,"Kost ini berlokasi dekat dengan jalan raya dengan akses yang hanya bisa dilalui oleh motor/sepeda, berlokasi dekat dengan Warteg Bahari (930 m), Circle K (911 m), Church of Isa Almasih (739 m), Bank BJB - Cabang Utama Bandung (1.6 km), Universitas Islam Bandung (3.4 km), RS Mata Bandung Eye Center (1.7 km).","3 x 4 meter, Termasuk listrik","Kasur, Dispenser, Meja, TV, Lemari / Storage, Kulkas, Ventilasi, Jendela, Guling, Cermin","Kloset Duduk, K. Mandi Luar, Ember mandi, Shower","WiFi, Kulkas, R. Tamu, R. Jemur, Dispenser, Jemuran, Pengurus Kos, CCTV, Balcon, TV",Parkir Motor,,https://mamikos.com/room/kost-kota-bandung-kost-putri-eksklusif-kost-akiel-tipe-standard-regol-bandung-2?redirection_source=landing%20area,-6.939654534225722,107.61348876656788
Kost Mahameru Co Living Deluxe Cibeunying Kidul Bandung,Campur,Rp1.350.000,1350000,Kecamatan Cibeunying Kidul,Cibeunying Kidul,"Kost ini berlokasi dekat dengan jalan raya dengan akses masuk mobil, berlokasi dekat dengan Warteg Bahari (2.8 km), Alfamart (2.4 km), Masjid Al Jihad (592 m), Bank BJB - Cabang Utama Bandung (2.8 km), Institut Teknologi Nasional Bandung (1.6 km), RS Ibu dan Anak Al Islam (642 m).","3 x 3 meter, Tidak termasuk listrik","Kasur, Meja, Lemari / Storage, Jendela, Guling, Bantal, Kursi, Kipas Angin","Kloset Duduk, Kloset Jongkok, K. Mandi Luar, Wastafel, Shower, Air panas","WiFi, R. Cuci, Kulkas, Penjaga Kos, R. Jemur, R. Santai, Dispenser, Dapur, Jemuran, Pengurus Kos","Parkir Mobil, Parkir Motor & Sepeda",,https://mamikos.com/room/kost-kota-bandung-kost-campur-eksklusif-kost-mahameru-co-living-deluxe-cibeunying-kidul-bandung?redirection_source=landing%20area,-6.897796802118923,107.65040663556732
Kost Bu Lia Cicendo Bandung,Campur,Rp850.000,850000,Cicendo,Cicendo,"Kost ini berlokasi dekat dengan jalan raya dengan akses yang hanya bisa dilalui oleh motor/sepeda, berlokasi dekat dengan Swike Waled Rumah Makan (680 m), Circle K (2.7 km), Masjid Jami Mathla'ul Khoeriyah (689 m), Bank BJB - Kantor Cabang Tamansari (804 m), Universitas Islam Bandung (766 m), RS Umum Hermina Pasteur (2.0 km).","3 x 4 meter, Tidak termasuk listrik","Kasur, Lemari / Storage, Ventilasi, Jendela, Guling, Bantal","K. Mandi Dalam, Kloset Jongkok, Ember mandi","Dapur, Jemuran",,,https://mamikos.com/room/kost-kota-bandung-kost-campur-murah-kost-bu-lia-cicendo-bandung-2?redirection_source=landing%20area,-6.902599610591245,107.58618655424958
Kost Fira Tipe B Cibeunying Kaler Bandung,Campur,Rp1.000.000,1000000,Cibeunying Kaler,Cibeunying Kaler,"Kost ini berlokasi dekat dengan jalan raya dengan akses yang hanya bisa dilalui oleh motor/sepeda, berlokasi dekat dengan Warteg Abadi (2.2 km), Alfamart A Yani 419 (1.3 km), Masjid Pusdai (602 m), Bank Permata (2.3 km), Universitas Padjadjaran Kampus Dipatiukur (1.8 km), RS Umum Santo Borromeus (2.1 km).","3 x 3 meter, Termasuk listrik","Kasur, Meja, Lemari / Storage, Ventilasi, Jendela, Bantal, Kursi","K. Mandi Dalam, Kloset Duduk, Ember mandi","WiFi, R. Cuci, Laundry, Penjaga Kos, R. Jemur, Jemuran, Pengurus Kos, CCTV, Kartu Akses","Parkir Motor, Parkir Sepeda, Parkir Motor & Sepeda",,https://mamikos.com/room/kost-kota-bandung-kost-campur-eksklusif-kost-fira-tipe-b-cibeunying-kaler-bandung?redirection_source=landing%20area,-6.887018622547454,107.6278912979601
Kost Sumarmo 13 Regol Bandung,Putri,Rp850.000,850000,Regol,Regol,"Kost ini berlokasi dekat dengan jalan raya dengan akses yang hanya bisa dilalui oleh motor/sepeda, berlokasi dekat dengan Rumah Makan Cikawao (349 m), Circle K (413 m), Church of Isa Almasih (178 m), Institut Seni Budaya Indonesia Bandung (2.3 km), RSU Bhayangkara Tk II Sartika Asih (2.9 km), Bandung Electronic Center (2.5 km).","3 x 3 meter, Termasuk listrik","Kasur, Lemari / Storage","K. Mandi Dalam, Kloset Jongkok","WiFi, Dapur",Parkir Motor,,https://mamikos.com/room/kost-kota-bandung-kost-putri-murah-kost-sumarmo-13-regol-bandung?redirection_source=landing%20area,-6.937622880209661,107.61516509735632
Kost Rancagoong Paviliun 2 Batununggal Bandung,Putra,Rp2.500.000,2500000,Batununggal,Batununggal,"Kost ini berlokasi dekat dengan jalan raya dengan akses yang hanya bisa dilalui oleh motor/sepeda, berlokasi dekat dengan Warteg Bahari (2.0 km), Alfamart (2.8 km), Gereja Isa Almasih (688 m), Bank BCA KCP Buah Batu (1.6 km), Sekolah Tinggi Ilmu Ekonomi Pasundan (214 m), RS Mata Bandung Eye Center (1.6 km).","4 x 5 meter, Termasuk listrik","Ventilasi, Jendela, Dapur Pribadi","Kloset Duduk, Kloset Jongkok, Ember mandi","WiFi, Laundry, R. Tamu, R. Jemur, Dapur, Jemuran, Pengurus Kos, Jual Makanan, Balcon","Parkir Mobil, Parkir Motor, Parkir Sepeda",,https://mamikos.com/room/kost-kota-bandung-kost-putra-eksklusif-kost-rancagoong-paviliun-2-batununggal-bandung-2?redirection_source=landing%20area,-6.926111160340598,107.641927874025
Kost Warta Batununggal Bandung,Putri,Rp900.000,900000,Batununggal,Batununggal,"Kost ini berlokasi dekat dengan jalan raya dengan akses yang hanya bisa dilalui oleh motor/sepeda, berlokasi dekat dengan Warteg Cintaasih (603 m), Alfamart A Yani 419 (1.8 km), Masjid Al Jihad (893 m), Sekolah Tinggi Ilmu Ekonomi Pasundan (842 m), Bandung Electronic Center (3.3 km).","3 x 3 meter, Termasuk listrik","Kasur, Meja, Lemari / Storage, Ventilasi, Jendela, Guling, Cermin, Bantal","Kloset Duduk, Kloset Jongkok, K. Mandi Luar, Ember mandi, Shower","Kulkas, R. Tamu, R. Jemur, R. Makan, Dispenser, Dapur, Jemuran, Pengurus Kos, CCTV, Taman","Parkir Motor, Parkir Sepeda",,https://mamikos.com/room/kost-bandung-kost-putri-murah-kost-warta-batununggal-bandung?redirection_source=landing%20area,-6.9295012237680655,107.6396113569424
Kost Miraclee Tipe C Regol Bandung,Putri,Rp1.500.000,1500000,Kecamatan Regol,Regol,"Kost ini berlokasi dekat dengan jalan raya dengan akses yang hanya bisa dilalui oleh motor/sepeda, berlokasi dekat dengan Warteg Bahari (922 m), Alfamart (2.6 km), Church of Isa Almasih (737 m), Bank BJB - Cabang Utama Bandung (1.6 km), Universitas Islam Bandung (3.4 km), RS Mata Bandung Eye Center (1.7 km).","3 x 4 meter, Tidak termasuk listrik","Kasur, Meja, Meja Rias, Lemari / Storage, Ventilasi, Jendela, Guling, Cermin, Bantal, Kursi","Kloset Duduk, Wastafel, Ember mandi, Shower, Air panas","WiFi, Kulkas, Penjaga Kos, Dapur, Jemuran, Pengurus Kos, Jual Makanan, CCTV, Rooftop, Balcon","Parkir Motor, Parkir Motor & Sepeda",,https://mamikos.com/room/kost-kota-bandung-kost-putri-eksklusif-kost-miraclee-tipe-c-regol-bandung?redirection_source=landing%20area,-6.941459534408023,107.61563877023409
Kost Kidang Lengkong Bandung,Putri,Rp800.000,800000,Lengkong,Lengkong,"Kost ini berlokasi dekat dengan jalan raya dengan akses yang hanya bisa dilalui oleh motor/sepeda, berlokasi dekat dengan Rumah Makan Ibu Haji Cijantung (315 m), Alfamart A Yani 419 (3.3 km), Masjid Jami Nurul Falah (393 m), CIMB Niaga (Buah Batu) (745 m), Akademi Sekretari Dan Manajemen BSI Bandung (346 m), Bandung Electronic Center (2.9 km).","4 x 4 meter, Termasuk listrik","Kasur, Meja, Lemari / Storage","Kloset Jongkok, K. Mandi Luar, Ember mandi, Bak mandi","WiFi, K. Mandi Luar","Parkir Motor, Parkir Sepeda",,https://mamikos.com/room/kost-kota-bandung-kost-putri-murah-kost-kidang-lengkong-bandung?redirection_source=landing%20area,-6.935629849996912,107.62712358764756
Kost Jl.Pajajaran Bandung Wetan,Campur,Rp800.000,800000,Bandung Wetan,Bandung Wetan,"Kost ini berlokasi dekat dengan jalan raya dengan akses jalan raya, berlokasi dekat dengan Rumah Makan Kapau Jaya (565 m), Circle K (3.1 km), Masjid Al Asy'ari Unisba (380 m), Bank BJB - Kantor Cabang Tamansari (428 m), Universitas Islam Bandung (413 m), RS Ibu dan Anak Limijati (799 m).","4 x 4 meter, Termasuk listrik","Kasur, Meja, Lemari / Storage, Jendela, Kursi","Kloset Jongkok, K. Mandi Luar, Bak mandi","Mesin Cuci, R. Jemur, Jemuran, Jual Makanan",Parkir Motor,,https://mamikos.com/room/kost-bandung-kost-campur-murah-kost-jlpajajaran-16-bandung-wetan?redirection_source=landing%20area,-6.905281562447669,107.61540567326124
Kost Macan 43 Tipe VIP Lengkong Bandung,Putri,Rp2.500.000,2500000,Kecamatan Lengkong,Lengkong,"Kost ini berlokasi dekat dengan jalan raya dengan akses yang hanya bisa dilalui oleh motor/sepeda, berlokasi dekat dengan Rumah Makan Cikawao (652 m), Alfamart A Yani 419 (3.3 km), Masjid Jami Nurul Falah (228 m), CIMB Niaga (Buah Batu) (911 m), Universitas Islam Bandung (3.3 km), RS Ibu dan Anak Kota Bandung (2.0 km).","4 x 5 meter, Tidak termasuk listrik","AC, Kasur, Meja, TV, Lemari / Storage, Jendela, Cermin","K. Mandi Dalam, Kloset Duduk, Shower, Air panas","WiFi, R. Tamu, Penjaga Kos, R. Jemur, Dapur, Jemuran, Pengurus Kos, R. Keluarga","Parkir Mobil, Parkir Motor, Parkir Sepeda",,https://mamikos.com/room/kost-kota-bandung-kost-putri-eksklusif-kost-macan-43-tipe-vip-lengkong-bandung-1?redirection_source=landing%20area,-6.934290122878223,107.62638570566769
Kost 41 Lengkong Bandung,Putri,Rp700.000,700000,Kecamatan Lengkong,Lengkong,"Kost ini berlokasi dekat dengan jalan raya dengan akses yang hanya bisa dilalui oleh motor/sepeda, berlokasi dekat dengan Rumah Makan Cikawao (660 m), Alfamart A Yani 419 (3.3 km), Masjid Jami Nurul Falah (236 m), CIMB Niaga (Buah Batu) (904 m), Universitas Islam Bandung (3.3 km), RS Ibu dan Anak Kota Bandung (2.0 km).","3 x 3 meter, Termasuk listrik","Kasur, Meja, Lemari / Storage, Jendela, Cermin",Kloset Duduk,"WiFi, R. Cuci, Kulkas, Penjaga Kos, R. Jemur, R. Makan, Dispenser, Dapur, Jemuran, Pengurus Kos",Parkir Motor,,https://mamikos.com/room/kost-kota-bandung-kost-putri-murah-kost-41-lengkong-bandung-1?redirection_source=landing%20area,-6.933762611715013,107.62645286250034
Kost Griya Camar Tipe A Lengkong Bandung,Campur,Rp800.000,800000,Lengkong,Lengkong,"Kost ini berlokasi dekat dengan jalan raya dengan akses yang hanya bisa dilalui oleh motor/sepeda, berlokasi dekat dengan Warteg Bahari (1.3 km), Alfamart (2.6 km), Church In Bandung (354 m), Bank BJB - Cabang Utama Bandung (1.4 km), Universitas Islam Bandung (2.5 km), RS Umum Bungsu (1.0 km).","3 x 3 meter, Tidak termasuk listrik","Kasur, Meja, Lemari / Storage, Jendela, Cermin, Bantal, Kursi","Kloset Jongkok, K. Mandi Luar, Ember mandi, Shower","WiFi, R. Cuci, Penjaga Kos, R. Jemur, Dapur, Jemuran, CCTV",Parkir Motor & Sepeda,,https://mamikos.com/room/kost-kota-bandung-kost-campur-murah-kost-griya-camar-tipe-a-lengkong-bandung?redirection_source=landing%20area,-6.936066104260921,107.62692429471882
Kost Maulana Yusuf Tipe B Bandung Wetan Bandung,Putra,Rp1.600.000,1600000,Bandung Wetan,Bandung Wetan,"Kost ini berlokasi dekat dengan jalan raya dengan akses yang hanya bisa dilalui oleh motor/sepeda, berlokasi dekat dengan Warteg Abadi (320 m), Alfamart (1.2 km), Masjid Al Asy'ari Unisba (636 m), Bank BJB - Kantor Cabang Tamansari (573 m), Universitas Islam Bandung (624 m), RS Umum Tk IV 03.07.03Sariningsih (569 m).","3 x 4 meter, Termasuk listrik","Kasur, Dispenser, Meja, Lemari / Storage, Ventilasi, Jendela, Cermin, Bantal, Kipas Angin, Cleaning service","Kloset Duduk, K. Mandi Luar, Wastafel, Shower, Air panas","WiFi, R. Cuci, Kulkas, Mesin Cuci, Laundry, R. Tamu, Penjaga Kos, R. Jemur, R. Makan, R. Santai","Parkir Mobil, Parkir Motor, Parkir Sepeda",,https://mamikos.com/room/kost-kota-bandung-kost-putra-eksklusif-kost-maulana-yusuf-tipe-b-bandung-wetan-bandung?redirection_source=landing%20area,-6.904292581031164,107.61467505148347
Kost Genaka Batununggal Bandung,Putri,Rp760.000,760000,Kecamatan Batununggal,Batununggal,"Kost ini berlokasi dekat dengan jalan raya dengan akses yang hanya bisa dilalui oleh motor/sepeda, berlokasi dekat dengan Warteg Bahari (2.1 km), Alfamart A Yani 419 (1.3 km), Masjid Al Jihad (932 m), Bank BCA KCP Buah Batu (2.4 km), Institut Teknologi Nasional Bandung (2.8 km), RS Ibu dan Anak Al Islam (1.5 km).","3 x 4 meter, Tidak termasuk listrik","Kasur, Lemari / Storage, Bantal","K. Mandi Dalam, Kloset Jongkok, Ember mandi","WiFi, R. Tamu, Dapur","Parkir Motor, Parkir Sepeda, Parkir Motor & Sepeda",,https://mamikos.com/room/kost-kota-bandung-kost-putri-murah-kost-genaka-batununggal-bandung?redirection_source=landing%20area,-6.927131374732976,107.63914301836076
Kost Bp Aan Tipe A Cibeunying Kaler Bandung,Putra,Rp600.000,600000,Cibeunying Kaler,Cibeunying Kaler,"Kost ini berlokasi dekat dengan jalan raya dengan akses yang hanya bisa dilalui oleh motor/sepeda, berlokasi dekat dengan Rumah Makan Pondok (210 m), Alfamart A Yani 419 (1.8 km), Masjid Pusdai (64 m), Bank Mandiri Bandung Martadinata (781 m), Universitas Padjadjaran Kampus Dipatiukur (1.3 km), Sinar Abadi Balubur Town Square (1.8 km).","3 x 3 meter, Tidak termasuk listrik","Kasur, Meja, Lemari / Storage, Ventilasi","Kloset Duduk, Kloset Jongkok, K. Mandi Luar, Bak mandi","Jemuran, K. Mandi Luar","Parkir Motor, Parkir Sepeda",,https://mamikos.com/room/kost-kota-bandung-kost-putra-murah-kost-bp-aan-tipe-a-cibeunying-kaler-bandung-2?redirection_source=landing%20area,-6.884621207126413,107.63043277370666
Kost Heritage House Paviliun Lengkong Bandung,Campur,Rp1.000.000,1000000,Kecamatan Lengkong,Lengkong,"Kost ini berlokasi dekat dengan jalan raya dengan akses masuk mobil, berlokasi dekat dengan Warteg Bahari (532 m), Circle K (2.9 km), Church of Isa Almasih (957 m), Bank BCA KCP Buah Batu (975 m), Akademi Sekretari Dan Manajemen BSI Bandung (319 m), RS Umum Bungsu (1.8 km).","3 x 3 meter, Tidak termasuk listrik","Kasur, Kursi","Kloset Duduk, Shower","WiFi, Kulkas, Dispenser, Dapur, Pengurus Kos, K. Mandi Luar","Parkir Mobil, Parkir Motor, Parkir Sepeda, Parkir Motor & Sepeda",,https://mamikos.com/room/kost-kota-bandung-kost-campur-eksklusif-kost-heritage-house-paviliun-lengkong-bandung?redirection_source=landing%20area,-6.935009224839573,107.62506494040584
Kost Ancol59 Regol Bandung,Campur,Rp1.100.000,1100000,Regol,Regol,"Kost ini berlokasi dekat dengan jalan raya dengan akses yang hanya bisa dilalui oleh motor/sepeda, berlokasi dekat dengan Warteg Bahari (394 m), Circle K (407 m), Masjid Jami Nurul Falah (506 m), CIMB Niaga (Buah Batu) (987 m), Akademi Sekretari Dan Manajemen BSI Bandung (773 m), RS Umum Muhammadiyah (877 m).","3 x 3 meter, Tidak termasuk listrik","AC, Kasur, Lemari / Storage","K. Mandi Dalam, Kloset Duduk, Kloset Jongkok, Air panas","WiFi, R. Cuci, R. Jemur, Dapur, K. Mandi Luar","Parkir Motor, Parkir Sepeda",,https://mamikos.com/room/kost-kota-bandung-kost-campur-eksklusif-kost-ancol59-regol-bandung?redirection_source=landing%20area,-6.937690081272342,107.61205368586909
Kost Muararajeun Lama 1 Tipe A Cibeunying Kaler Bandung,Campur,Rp885.000,885000,Cibeunying Kaler,Cibeunying Kaler,"Kost ini berlokasi dekat dengan jalan raya dengan akses yang hanya bisa dilalui oleh motor/sepeda, berlokasi dekat dengan Rumah Makan Boemi Mitoha (584 m), Alfamart A Yani 419 (1.3 km), Masjid Pusdai (553 m), Universitas Padjadjaran Kampus Dipatiukur (1.8 km), Sinar Abadi Balubur Town Square (2.3 km).","3 x 4 meter, Termasuk listrik","Kasur, Meja, Lemari / Storage, Ventilasi, Jendela, Cermin, Bantal","K. Mandi Dalam, Kloset Duduk, Ember mandi","WiFi, R. Cuci, Penjaga Kos, R. Jemur, Jemuran, Pengurus Kos, CCTV","Parkir Motor, Parkir Sepeda, Parkir Motor & Sepeda",,https://mamikos.com/room/kost-kota-bandung-kost-campur-eksklusif-kost-muararajeun-lama-1-tipe-a-cibeunying-kaler-bandung?redirection_source=landing%20area,-6.886450888173123,107.6278554157741
Kost Healthy Rooms Tipe A Astanaanyar Bandung,Putri,Rp900.000,900000,Kecamatan Astanaanyar,Astanaanyar,"Kost ini berlokasi dekat dengan jalan raya dengan akses yang hanya bisa dilalui oleh motor/sepeda, berlokasi dekat dengan Warteg Bahari (1.9 km), Alfamart (3.0 km), Church of Isa Almasih (1.5 km), Bank BJB - Cabang Utama Bandung (1.2 km), Universitas Islam Bandung (2.5 km), RS Umum Bungsu (1.6 km).","3 x 1.5 meter, Termasuk listrik","Kasur, Meja, Lemari / Storage, Ventilasi, Guling, Cermin, Bantal, Kursi","Kloset Duduk, K. Mandi Luar, Air panas","WiFi, Kulkas, Mesin Cuci, Laundry, R. Tamu, R. Jemur, Dapur, Jemuran, Rice Cooker, CCTV","Parkir Motor, Parkir Sepeda, Parkir Motor & Sepeda",,https://mamikos.com/room/kost-kota-bandung-kost-putri-murah-kost-healthy-rooms-tipe-a-astanaanyar-bandung-2?redirection_source=landing%20area,-6.938881430485125,107.6029343280169
Kost Cemara Boarding House Lengkong Bandung,Putri,Rp2.250.000,2250000,Kecamatan Lengkong,Lengkong,"Kost ini berlokasi dekat dengan jalan raya dengan akses yang hanya bisa dilalui oleh motor/sepeda, berlokasi dekat dengan Warteg Bahari (377 m), Indomaret Surapati 55 (3.3 km), Church of Isa Almasih (89 m), Bank BJB - Cabang Utama Bandung (992 m), Universitas Islam Bandung (2.8 km), RS Umum Bungsu (1.1 km).","3 x 4 meter, Tidak termasuk listrik","AC, Kasur, Meja, TV, Lemari / Storage, Guling, Cermin, Bantal, Kursi, Cleaning service","K. Mandi Dalam, Kloset Duduk, Shower, Air panas","Kulkas, Laundry, Penjaga Kos, R. Makan, R. Santai, Dispenser, Dapur, Pengurus Kos, CCTV, Balcon","Parkir Mobil, Parkir Motor, Parkir Sepeda",,https://mamikos.com/room/kost-kota-bandung-kost-putri-eksklusif-kost-cemara-boarding-house-lengkong-bandung-2?redirection_source=landing%20area,-6.935220755930181,107.62500981672696
Kost Kadua Homestay Double Vip Regol Bandung,Campur,Rp2.500.000,2500000,Kecamatan Regol,Regol,"Kost ini berlokasi dekat dengan jalan raya dengan akses yang hanya bisa dilalui oleh motor/sepeda, berlokasi dekat dengan Warteg Bahari (1.0 km), Circle K (2.6 km), Church of Isa Almasih (945 m), Bank BJB - Cabang Utama Bandung (1.8 km), Akademi Sekretari Dan Manajemen BSI Bandung (1.5 km), RS Mata Bandung Eye Center (1.7 km).","3.5 x 4.5 meter, Tidak termasuk listrik","AC, Kasur, Meja, Lemari / Storage, Kulkas, Ventilasi, Jendela, Cermin, Wastafel, Kursi","K. Mandi Dalam, Kloset Duduk, Wastafel, Shower, Air panas","WiFi, Kulkas, R. Tamu, Penjaga Kos, R. Jemur, R. Makan, R. Santai, Dapur, Jemuran, Jual Makanan",Parkir Motor,,https://mamikos.com/room/kost-kota-bandung-kost-campur-eksklusif-kost-kadua-homestay-double-vip-regol-bandung?redirection_source=landing%20area,-6.941161531524028,107.61373947801007
Kost Lovina House Tipe A Astanaanyar Bandung,Putri,Rp900.000,900000,Kecamatan Astanaanyar,Astanaanyar,"Kost ini berlokasi dekat dengan jalan raya dengan akses yang hanya bisa dilalui oleh motor/sepeda, berlokasi dekat dengan Warteg Bahari (1.6 km), Alfamart (3.1 km), Church of Isa Almasih (1.1 km), Bank BJB - Cabang Utama Bandung (1.0 km), Universitas Islam Bandung (2.5 km), RS Umum Bungsu (1.4 km).","3 x 3 meter, Termasuk listrik","Kasur, Lemari / Storage, Ventilasi, Jendela, Cermin, Bantal","Kloset Duduk, Kloset Jongkok, Wastafel, Shower, Air panas","Kulkas, R. Tamu, Mushola, R. Santai, Dapur, Jemuran, Rice Cooker, Pengurus Kos, CCTV, Rooftop","Parkir Motor, Parkir Sepeda, Parkir Motor & Sepeda",,https://mamikos.com/room/kost-kota-bandung-kost-putri-murah-kost-lovina-house-astanaanyar-bandung-3?redirection_source=landing%20area,-6.939178748624732,107.6040413588333
Kost Griya Camar tipe F Lengkong Bandung,Campur,Rp1.350.000,1350000,Lengkong,Lengkong,"Kost ini berlokasi dekat dengan jalan raya dengan akses yang hanya bisa dilalui oleh motor/sepeda, berlokasi dekat dengan Warteg Bahari (1.3 km), Alfamart (2.6 km), Church In Bandung (354 m), Bank BJB - Cabang Utama Bandung (1.4 km), Universitas Islam Bandung (2.5 km), RS Umum Bungsu (1.0 km).","3 x 4 meter, Tidak termasuk listrik","Kasur, Meja, Lemari / Storage, Jendela, Cermin, Bantal, Kursi","Kloset Jongkok, K. Mandi Luar, Ember mandi, Shower","WiFi, R. Cuci, Penjaga Kos, R. Jemur, Dapur, Jemuran, CCTV",Parkir Motor & Sepeda,,https://mamikos.com/room/kost-kota-bandung-kost-campur-eksklusif-kost-griya-camar-tipe-f-lengkong-bandung-2?redirection_source=landing%20area,-6.93390646215094,107.62656297793124
Kost Esatu Reguler Lengkong Bandung,Campur,Rp950.000,950000,Kecamatan Lengkong,Lengkong,"Kost ini berlokasi dekat dengan jalan raya dengan akses yang hanya bisa dilalui oleh motor/sepeda, berlokasi dekat dengan Warteg Bahari (510 m), Alfamart (3.1 km), Church In Bandung (522 m), Bank BJB - Cabang Utama Bandung (1.2 km), Universitas Islam Bandung (2.8 km), RS Umum Bungsu (1.0 km).","3 x 3 meter, Tidak termasuk listrik","Kasur, Ventilasi, Jendela","K. Mandi Dalam, Kloset Jongkok","WiFi, R. Tamu, R. Jemur, Dapur, Jemuran, Pengurus Kos, CCTV",Parkir Motor & Sepeda,,https://mamikos.com/room/kost-kota-bandung-kost-campur-murah-kost-esatu-reguler-lengkong-bandung-2?redirection_source=landing%20area,-6.933201395408889,107.62430025358758
Kost Pak Hendra Tipe A Batununggal Bandung,Campur,Rp750.000,750000,Kecamatan Batununggal,Batununggal,"Kost ini berlokasi dekat dengan jalan raya dengan akses yang hanya bisa dilalui oleh motor/sepeda, berlokasi dekat dengan Warteg Bahari (1.6 km), Alfamart (2.9 km), Masjid Al Jihad (634 m), Bank BJB - Cabang Utama Bandung (2.0 km), Institut Teknologi Nasional Bandung (2.8 km), RS Umum Bungsu (1.7 km).","2.5 x 2.5 meter, Termasuk listrik","Kasur, Lemari / Storage, Ventilasi, Jendela, Guling, Bantal","Kloset Jongkok, K. Mandi Luar, Bak mandi","WiFi, R. Cuci, Kulkas, Penjaga Kos, R. Jemur, Jemuran, CCTV",Parkir Motor & Sepeda,,https://mamikos.com/room/kost-kota-bandung-kost-campur-murah-kost-pak-hendra-tipe-a-batununggal-bandung-2?redirection_source=landing%20area,-6.928600236439022,107.64111671138572
Kost Srigadis 25 Tipe C Regol Bandung,Campur,Rp1.200.000,1200000,Regol,Regol,"Kost ini berlokasi dekat dengan jalan raya dengan akses yang hanya bisa dilalui oleh motor/sepeda, berlokasi dekat dengan Warteg Bahari (775 m), Circle K (774 m), Church of Isa Almasih (825 m), Institut Seni Budaya Indonesia Bandung (1.9 km), RSU Bhayangkara Tk II Sartika Asih (2.3 km), Bandung Electronic Center (3.1 km).","5 x 4 meter, Tidak termasuk listrik","Kasur, Meja, Lemari / Storage, Ventilasi, Jendela, Guling, Cermin, Bantal","K. Mandi Dalam, Kloset Jongkok, Ember mandi","WiFi, R. Jemur, R. Makan, R. Santai, Dapur, Jemuran","Parkir Motor, Parkir Sepeda",,https://mamikos.com/room/kost-kota-bandung-kost-campur-eksklusif-kost-srigadis-25-tipe-c-regol-bandung?redirection_source=landing%20area,-6.938845824229404,107.61421126406375
Kost Hilman Ardiansyah Bandung Wetan Bandung,Putri,Rp650.000,650000,Bandung Wetan,Bandung Wetan,"Kost ini berlokasi dekat dengan jalan raya dengan akses yang hanya bisa dilalui oleh motor/sepeda, berlokasi dekat dengan Rumah Makan Mirasa (239 m), Circle K (3.2 km), Masjid Al Asy'ari Unisba (138 m), Bank BJB - Kantor Cabang Tamansari (179 m), Universitas Islam Bandung (174 m), RS Umum Tk IV 03.07.03Sariningsih (455 m).","3 x 3 meter, Tidak termasuk listrik","Kasur, Meja, Lemari / Storage","Kloset Duduk, Kloset Jongkok, Ember mandi","WiFi, R. Jemur, Jemuran, K. Mandi Luar",,,https://mamikos.com/room/kost-kota-bandung-kost-putri-murah-kost-hilman-ardiansyah-bandung-wetan-bandung?redirection_source=landing%20area,-6.905594245187114,107.61731662728442
Kost Srigadis 25 Type L Regol Bandung,Campur,Rp1.200.000,1200000,Regol,Regol,"Kost ini berlokasi dekat dengan jalan raya dengan akses yang hanya bisa dilalui oleh motor/sepeda, berlokasi dekat dengan Warteg Bahari (774 m), Circle K (1.8 km), Church of Isa Almasih (825 m), Bank Muamalat (2.4 km), Akademi Sekretari Dan Manajemen BSI Bandung (1.2 km), RS Umum Santosa Hospital Bandung Central (2.6 km).","6 x 5 meter, Tidak termasuk listrik","Kasur, Meja, Lemari / Storage, Ventilasi, Guling, Cermin, Bantal","K. Mandi Dalam, Kloset Jongkok, Ember mandi","WiFi, R. Jemur, R. Santai, Dapur, Jemuran","Parkir Motor, Parkir Sepeda",,https://mamikos.com/room/kost-kota-bandung-kost-campur-eksklusif-kost-srigadis-25-type-l-regol-bandung?redirection_source=landing%20area,-6.941140024867271,107.61208205482752
Kost 78D Tipe A Regol Bandung,Putri,Rp1.350.000,1350000,Regol,Regol,"Kost ini berlokasi dekat dengan jalan raya dengan akses jalan raya, berlokasi dekat dengan Rumah Makan Cikawao (889 m), Circle K (819 m), Gereja Kristen Kalam Kudus Pasundan (342 m), Citibank Indonesia (1.4 km), Sekolah Tinggi Ilmu Kesehatan Immanuel Bandung (1.4 km), RS Khusus Mata Cicendo (2.0 km).","5 x 4 meter, Tidak termasuk listrik","Kasur, Meja, Lemari / Storage, Jendela, Guling, Bantal, Kursi","K. Mandi Dalam, Kloset Duduk","WiFi, Penjaga Kos, R. Jemur, R. Santai, Dapur, Jemuran, CCTV, Balcon","Parkir Motor, Parkir Sepeda, Parkir Motor & Sepeda",,https://mamikos.com/room/kost-kota-bandung-kost-putri-eksklusif-kost-78d-tipe-a-regol-bandung?redirection_source=landing%20area,-6.940636448256472,107.61389199968389
Kost Pak Edwin Standar Kesambi Cirebon,Campur,Rp1.100.000,1100000,Kesambi,Kesambi,"Kost ini berlokasi dekat dengan jalan raya dengan akses yang hanya bisa dilalui oleh motor/sepeda, berlokasi dekat dengan Warteg Jaya Bahari (1.3 km), Alfamart (3.2 km), Church of Isa Almasih (1.4 km), Bank BJB - Cabang Utama Bandung (1.9 km), Akademi Sekretari Dan Manajemen BSI Bandung (2.2 km), RS Umum Bungsu (2.2 km).","3 x 4 meter, Tidak termasuk listrik",Ventilasi,K. Mandi Luar,"R. Tamu, Dapur, R. Keluarga",Parkir Motor & Sepeda,,https://mamikos.com/room/kost-kota-cirebon-kost-campur-eksklusif-kost-pak-edwin-standar-kesambi-cirebon?redirection_source=landing%20area,-8.652465069907953,115.17408439896072
Kost Pangarang Tipe Executive Lengkong Bandung,Campur,Rp1.350.000,1350000,Lengkong,Lengkong,"Kost ini berlokasi dekat dengan jalan raya dengan akses yang hanya bisa dilalui oleh motor/sepeda, berlokasi dekat dengan Warteg Bahari (892 m), Alfamart (3.0 km), Church of Isa Almasih (527 m), Bank BJB - Cabang Utama Bandung (480 m), Universitas Islam Bandung (2.3 km), RS Umum Bungsu (691 m).","3.3 x 3 meter, Tidak termasuk listrik","Kasur, Meja, Lemari / Storage, Jendela, Guling, Cermin, Bantal","K. Mandi Dalam, Kloset Duduk, Ember mandi","WiFi, Jemuran, Jual Makanan, CCTV","Parkir Motor, Parkir Sepeda, Parkir Motor & Sepeda",,https://mamikos.com/room/kost-kota-bandung-kost-campur-eksklusif-kost-pangarang-tipe-executive-lengkong-bandung-2?redirection_source=landing%20area,-6.932767826634967,107.6262705516475
Kost Bu Ella 2 Lengkong Bandung,Putri,Rp1.100.000,1100000,Lengkong,Lengkong,"Kost ini berlokasi dekat dengan jalan raya dengan akses yang hanya bisa dilalui oleh motor/sepeda, berlokasi dekat dengan Warteg Abadi (2.6 km), Alfamart A Yani 419 (3.1 km), Church of Isa Almasih (479 m), Citibank Indonesia (442 m), Universitas Islam Bandung (2.6 km), RS Umum Bungsu (863 m).","3 x 4 meter, Termasuk listrik","Kasur, Meja, Lemari / Storage, Kursi","K. Mandi Dalam, Kloset Jongkok, K. Mandi Luar, Ember mandi, Shower, Air panas","Kulkas, Mesin Cuci, Laundry, R. Tamu, R. Jemur, R. Makan, R. Santai, Dispenser, Dapur, TV","Parkir Motor, Parkir Sepeda",,https://mamikos.com/room/kost-kota-bandung-kost-putri-murah-kost-bu-ella-2-lengkong-bandung?redirection_source=landing%20area,-6.9352500371089,107.62640993870906
Kost Bersih Ibu Solo Cibeunying Kaler Bandung,Putri,Rp750.000,750000,Kecamatan Cibeunying Kaler,Cibeunying Kaler,"Kost ini berlokasi dekat dengan jalan raya dengan akses yang hanya bisa dilalui oleh motor/sepeda, berlokasi dekat dengan Rumah Makan Pondok (524 m), Alfamart A Yani 419 (1.5 km), Masjid Al Kautsar (1.9 km), Citibank Indonesia (2.6 km), Universitas Padjadjaran Kampus Dipatiukur (1.6 km), RS Ibu dan Anak Al Islam (1.4 km).","3 x 4 meter, Termasuk listrik","Kasur, Lemari / Storage, Guling, Bantal","Kloset Jongkok, K. Mandi Luar, Ember mandi, Bak mandi","WiFi, R. Cuci, R. Tamu, R. Jemur, R. Makan, R. Santai, Dapur, Jemuran, Balcon, R. Keluarga",,,https://mamikos.com/room/kost-kota-bandung-kost-putri-murah-kost-bersih-ibu-solo-cibeunying-kaler-bandung-1?redirection_source=landing%20area,-6.887401774038485,107.62813499896434
Kost Ilufa Regol Bandung,Campur,Rp2.700.000,2700000,Regol,Regol,"Kost ini berlokasi dekat dengan jalan raya dengan akses yang hanya bisa dilalui oleh motor/sepeda, berlokasi dekat dengan Warteg Bahari (839 m), Circle K (829 m), Church of Isa Almasih (774 m), Institut Seni Budaya Indonesia Bandung (2.1 km), RSU Bhayangkara Tk II Sartika Asih (2.4 km), Bandung Electronic Center (3.0 km).","3.5 x 4 meter, Termasuk listrik",,"K. Mandi Dalam, Kloset Duduk, Wastafel, Shower, Air panas","Penjaga Kos, R. Jemur, Dapur, Pengurus Kos, CCTV",Parkir Motor,,https://mamikos.com/room/kost-kota-bandung-kost-campur-eksklusif-kost-ilufa-regol-bandung-1?redirection_source=landing%20area,-6.938596439062558,107.61180501301313
Kost Yurani Tipe B Regol Bandung,Campur,Rp600.000,600000,Regol,Regol,"Kost ini berlokasi dekat dengan jalan raya dengan akses yang hanya bisa dilalui oleh motor/sepeda, berlokasi dekat dengan Warteg Bahari (991 m), Circle K (1.7 km), Church of Isa Almasih (884 m), Bank Muamalat (2.7 km), Akademi Sekretari Dan Manajemen BSI Bandung (1.5 km), RS Ibu dan Anak Kota Bandung (1.2 km).","3 x 4 meter, Termasuk listrik","Kasur, Lemari / Storage, Ventilasi, Jendela","Kloset Jongkok, K. Mandi Luar, Ember mandi","R. Jemur, Jemuran, CCTV, Balcon",Parkir Motor,,https://mamikos.com/room/kost-kota-bandung-kost-campur-murah-kost-yurani-tipe-b-regol-bandung?redirection_source=landing%20area,-6.940501552961514,107.61520528438142
Kost Ibu Tina Tipe B Cibeunying Kidul Bandung,Putri,Rp750.000,750000,Kecamatan Cibeunying Kidul,Cibeunying Kidul,"Kost ini berlokasi dekat dengan jalan raya dengan akses yang hanya bisa dilalui oleh motor/sepeda, berlokasi dekat dengan Warteg Abadi (3.1 km), Alfamart A Yani 419 (282 m), Masjid Pusdai (1.6 km), Bank Mandiri Bandung Priority Banking Soerapatti (2.5 km), Institut Teknologi Nasional Bandung (1.2 km), RS Umum Santo Yusup (625 m).","3 x 3 meter, Tidak termasuk listrik","Kasur, Lemari / Storage, Ventilasi, Jendela, Guling, Bantal, Wastafel","Kloset Jongkok, K. Mandi Luar, Wastafel, Ember mandi","WiFi, R. Cuci, R. Jemur, R. Santai, Dapur, Jemuran, Pengurus Kos, Rooftop, Balcon, K. Mandi Luar","Parkir Motor, Parkir Sepeda, Parkir Motor & Sepeda",,https://mamikos.com/room/kost-kota-bandung-kost-putri-murah-kost-ibu-tina-tipe-b-cibeunying-kidul-bandung-2?redirection_source=landing%20area,-6.897021076502833,107.65125079468731
Kost Murah Ancol Timur Iv Tipe A1 Regol Bandung,Putra,Rp600.000,600000,Regol,Regol,"Kost ini berlokasi dekat dengan jalan raya dengan akses yang hanya bisa dilalui oleh motor/sepeda, berlokasi dekat dengan Warteg Bahari (2.8 km), Circle K (1.3 km), Masjid Jami Nurul Falah (456 m), CIMB Niaga (Buah Batu) (880 m), Universitas Islam Bandung (3.5 km), RS Umum Muhammadiyah (747 m).","3 x 3 meter, Termasuk listrik",Kasur,"Kloset Jongkok, K. Mandi Luar, Ember mandi, Bak mandi","WiFi, R. Cuci, R. Jemur, CCTV, K. Mandi Luar","Parkir Motor, Parkir Sepeda",,https://mamikos.com/room/kost-kota-bandung-kost-putra-murah-kost-murah-ancol-timur-iv-tipe-a1-regol-bandung?redirection_source=landing%20area,-6.941337361498438,107.6141516406452
Kost Griya Camar Tipe C Lengkong Bandung,Campur,Rp900.000,900000,Lengkong,Lengkong,"Kost ini berlokasi dekat dengan jalan raya dengan akses yang hanya bisa dilalui oleh motor/sepeda, berlokasi dekat dengan Warteg Bahari (1.3 km), Alfamart (2.6 km), Church In Bandung (354 m), Bank BJB - Cabang Utama Bandung (1.4 km), Universitas Islam Bandung (2.5 km), RS Umum Bungsu (1.0 km).","3 x 3 meter, Tidak termasuk listrik","Kasur, Meja, Lemari / Storage, Jendela, Cermin, Bantal, Kursi","Kloset Jongkok, K. Mandi Luar, Ember mandi, Shower","WiFi, R. Cuci, Penjaga Kos, R. Jemur, Dapur, Jemuran, CCTV",Parkir Motor & Sepeda,,https://mamikos.com/room/kost-kota-bandung-kost-campur-murah-kost-griya-camar-tipe-c-lengkong-bandung?redirection_source=landing%20area,-6.933650226607146,107.6253232359726
Kost Geeta Tipe Vvip Double Regol Bandung,Campur,Rp1.900.000,1900000,Regol,Regol,"Kost ini berlokasi dekat dengan jalan raya dengan akses yang hanya bisa dilalui oleh motor/sepeda, berlokasi dekat dengan Warteg Bahari (976 m), Indomaret YPAC (3.2 km), Church of Isa Almasih (570 m), Bank BJB - Cabang Utama Bandung (997 m), Universitas Islam Bandung (2.8 km), RS Umum Bungsu (1.3 km).","3 x 4 meter, Tidak termasuk listrik","Kasur, Lemari / Storage, Ventilasi, Jendela, Guling, Bantal","Kloset Duduk, Shower","WiFi, R. Cuci, Penjaga Kos, R. Jemur, R. Santai, Dapur, Jemuran, Pengurus Kos, CCTV, Rooftop","Parkir Mobil, Parkir Motor",,https://mamikos.com/room/kost-kota-bandung-kost-campur-eksklusif-kost-geeta-tipe-vvip-double-regol-bandung?redirection_source=landing%20area,-6.940084177397191,107.61180951463416
Kost Singgahsini YL Cikawao Tipe B Lengkong Bandung,Putri,Rp2.225.000,2225000,Lengkong,Lengkong,"Kost ini berlokasi dekat dengan jalan raya dengan akses masuk mobil, berlokasi dekat dengan Warteg Bahari (339 m), Indomaret Surapati 55 (3.3 km), Church of Isa Almasih (166 m), Bank BJB - Cabang Utama Bandung (997 m), Universitas Islam Bandung (2.8 km), RS Umum Bungsu (1.1 km).","3.6 x 2.4 meter, Termasuk listrik","AC, Kasur, Meja, Lemari / Storage, Jendela, Cermin, Bantal, Kursi","K. Mandi Dalam, Kloset Duduk, Shower, Air panas","WiFi, R. Cuci, Kulkas, Mesin Cuci, R. Tamu, Penjaga Kos, R. Jemur, Dispenser, Dapur, Jemuran",Parkir Motor & Sepeda,,https://mamikos.com/room/kost-kota-bandung-kost-putri-eksklusif-kost-singgahsini-yl-cikawao-tipe-b-lengkong-bandung-2?redirection_source=landing%20area,-6.9338417292792816,107.62444356568194
Kost Kebon Sirih 6 Tipe C Babakan Ciamis Sumur Bandung,Putri,Rp900.000,900000,Sumur Bandung,Sumur Bandung,"Kost ini berlokasi dekat dengan jalan raya dengan akses yang hanya bisa dilalui oleh motor/sepeda, berlokasi dekat dengan Rumah Makan Kapau Jaya (844 m), Circle K (3.2 km), Masjid Al Asy'ari Unisba (642 m), Bank Permata (447 m), Universitas Islam Bandung (678 m), RS Ibu dan Anak Limijati (799 m).","2.5 x 2.5 meter, Tidak termasuk listrik","Kasur, Lemari / Storage","Kloset Duduk, K. Mandi Luar, Wastafel, Air panas",,"Parkir Motor, Parkir Sepeda",,https://mamikos.com/room/kost-bandung-kost-putri-murah-kost-kebon-sirih-no-6-babakan-ciamis-sumur-bandung?redirection_source=landing%20area,-6.9125850191376905,107.61855869587612
Kost Guyub Tipe A Cibeunying Kaler Bandung,Campur,Rp600.000,600000,Cibeunying Kaler,Cibeunying Kaler,"Kost ini berlokasi dekat dengan jalan raya dengan akses yang hanya bisa dilalui oleh motor/sepeda, berlokasi dekat dengan Warteg Abadi (2.2 km), Alfamart (1.3 km), Church In Bandung (2.5 km), Bank BJB Weekend Banking (984 m), Institut Teknologi Nasional Bandung (808 m), RS Ibu dan Anak Al Islam (1.2 km).","3 x 3 meter, Termasuk listrik","Kasur, Lemari / Storage, Guling, Cermin","Kloset Jongkok, K. Mandi Luar, Ember mandi","WiFi, R. Jemur, Jemuran, Pengurus Kos, CCTV, Balcon, K. Mandi Luar",Parkir Motor & Sepeda,,https://mamikos.com/room/kost-kota-bandung-kost-campur-murah-kost-guyub-tipe-a-cibeunying-kaler-bandung?redirection_source=landing%20area,-6.887831882871226,107.62759133090852
Kost Srigadis 25 Tipe A Regol Bandung,Campur,Rp1.200.000,1200000,Regol,Regol,"Kost ini berlokasi dekat dengan jalan raya dengan akses yang hanya bisa dilalui oleh motor/sepeda, berlokasi dekat dengan Warteg Bahari (788 m), Circle K (788 m), Church of Isa Almasih (836 m), Institut Seni Budaya Indonesia Bandung (1.9 km), RSU Bhayangkara Tk II Sartika Asih (2.3 km), Bandung Electronic Center (3.1 km).","7 x 8 meter, Tidak termasuk listrik","Kasur, Meja, Lemari / Storage, Ventilasi, Jendela, Guling, Cermin, Bantal","K. Mandi Dalam, Kloset Duduk, Ember mandi","WiFi, R. Jemur, R. Makan, R. Santai, Dapur, Jemuran, Balcon, Taman","Parkir Motor, Parkir Sepeda",,https://mamikos.com/room/kost-kota-bandung-kost-campur-eksklusif-kost-srigadis-25-tipe-a-regol-bandung-1?redirection_source=landing%20area,-6.937821543707862,107.61459890944712
Kost Wastu Tipe B Bandung Wetan Bandung,Putra,Rp1.350.000,1350000,Bandung Wetan,Bandung Wetan,"Kost ini berlokasi dekat dengan jalan raya dengan akses yang hanya bisa dilalui oleh motor/sepeda, berlokasi dekat dengan Rumah Makan Mirasa (282 m), Circle K (3.2 km), Masjid Al Asy'ari Unisba (150 m), Bank BJB - Kantor Cabang Tamansari (204 m), Universitas Islam Bandung (182 m), RS Ibu dan Anak Melinda (499 m).","6 x 4 meter, Termasuk listrik","Kasur, Meja, Lemari / Storage, Ventilasi, Jendela, Guling, Bantal, Kursi","K. Mandi Dalam, Kloset Jongkok, Ember mandi","WiFi, Kulkas, R. Jemur, R. Santai, Dapur","Parkir Motor, Parkir Sepeda",,https://mamikos.com/room/kost-bandung-kost-putra-eksklusif-kost-wastu-tipe-b-bandung-wetan-bandung-2?redirection_source=landing%20area,-6.907045362712917,107.616348176076
Kost Muararajeun Lama 2 Tipe A Cibeunying Kaler Bandung,Campur,Rp1.000.000,1000000,Cibeunying Kaler,Cibeunying Kaler,"Kost ini berlokasi dekat dengan jalan raya dengan akses yang hanya bisa dilalui oleh motor/sepeda, berlokasi dekat dengan Warteg Abadi (2.2 km), Alfamart A Yani 419 (1.3 km), Masjid Al Kautsar (2.0 km), Bank Mandiri Bandung Priority Banking Soerapatti (1.5 km), Universitas Padjadjaran Kampus Dipatiukur (1.8 km), RS Umum Santo Borromeus (2.1 km).","3.5 x 2.5 meter, Termasuk listrik","Kasur, Meja, Lemari / Storage, Ventilasi, Jendela, Dapur Pribadi, Bantal, Wastafel","K. Mandi Dalam, Kloset Jongkok, Ember mandi","WiFi, R. Cuci, Penjaga Kos, R. Jemur, Jemuran, Jual Makanan","Parkir Motor, Parkir Sepeda",,https://mamikos.com/room/kost-kota-bandung-kost-campur-eksklusif-kost-muararajeun-lama-2-tipe-a-cibeunying-kaler-bandung?redirection_source=landing%20area,-6.887403628465521,107.62709287991107
Kost Bella Tipe 2 Lengkong Bandung,Putri,Rp1.500.000,1500000,Kecamatan Lengkong,Lengkong,"Kost ini berlokasi dekat dengan jalan raya dengan akses yang hanya bisa dilalui oleh motor/sepeda, berlokasi dekat dengan Warteg Bahari (590 m), Alfamart (3.0 km), Church of Isa Almasih (487 m), Bank BJB - Cabang Utama Bandung (795 m), Universitas Islam Bandung (2.5 km), RS Umum Bungsu (757 m).","2.7 x 2.7 meter, Termasuk listrik","Kasur, Meja, Meja Rias, Lemari / Storage, Ventilasi, Jendela, Cermin, Bantal, Kursi","K. Mandi Dalam, Kloset Duduk, Ember mandi, Shower, Air panas","WiFi, Kulkas, Penjaga Kos, R. Makan, Dapur, Jemuran, CCTV, Balcon, R. Keluarga, TV",Parkir Motor & Sepeda,,https://mamikos.com/room/kost-kota-bandung-kost-putri-eksklusif-kost-bella-tipe-2-lengkong-bandung?redirection_source=landing%20area,-6.933046164634322,107.62645798828676
Kost Aldy Maleer II Tipe B Batununggal Bandung,Putri,Rp750.000,750000,Batununggal,Batununggal,"Kost ini berlokasi dekat dengan jalan raya dengan akses yang hanya bisa dilalui oleh motor/sepeda, berlokasi dekat dengan Warteg Bahari (2.5 km), Alfamart (2.7 km), Gereja Isa Almasih (189 m), Bank BCA KCP Buah Batu (2.0 km), Institut Teknologi Nasional Bandung (3.3 km), RS Mata Bandung Eye Center (1.9 km).","3.4 x 2.4 meter, Termasuk listrik","Kasur, Meja, Meja Rias, Lemari / Storage, Ventilasi, Meja makan, Jendela, Guling, Cermin, Bantal","Kloset Duduk, K. Mandi Luar, Ember mandi, Shower","WiFi, R. Cuci, Kulkas, Mesin Cuci, R. Tamu, R. Jemur, R. Makan, R. Santai, Dispenser, Dapur","Parkir Motor, Parkir Sepeda",,https://mamikos.com/room/kost-kota-bandung-kost-putri-eksklusif-kost-aldy-maleer-ii-tipe-b-batununggal-bandung?redirection_source=landing%20area,-6.926540223552252,107.640671502505
Kost Tom Tom Tipe A Regol Bandung,Campur,Rp2.500.000,2500000,Kecamatan Regol,Regol,"Kost ini berlokasi dekat dengan jalan raya dengan akses yang hanya bisa dilalui oleh motor/sepeda, berlokasi dekat dengan Warteg Bahari (454 m), Circle K (2.5 km), Church of Isa Almasih (517 m), Bank BJB - Cabang Utama Bandung (1.5 km), Universitas Islam Bandung (3.3 km), RS Mata Bandung Eye Center (1.3 km).","3 x 7 meter, Tidak termasuk listrik","AC, Kasur, Meja, Lemari / Storage, Kulkas, Ventilasi, Meja makan, Jendela, Cermin, Bantal","K. Mandi Dalam, Kloset Duduk, K. Mandi Luar, Wastafel, Ember mandi, Shower, Air panas","WiFi, Kulkas, R. Tamu, Penjaga Kos, R. Jemur, R. Makan, R. Santai, Dapur, Jemuran, Pengurus Kos","Parkir Mobil, Parkir Motor, Parkir Sepeda, Parkir Motor & Sepeda",,https://mamikos.com/room/kost-kota-bandung-kost-campur-eksklusif-kost-tom-tom-tipe-a-regol-bandung?redirection_source=landing%20area,-6.940086691958041,107.61223573009588
Kost Geeta Vvip Singgle Regol Bandung,Campur,Rp1.600.000,1600000,Regol,Regol,"Kost ini berlokasi dekat dengan jalan raya dengan akses yang hanya bisa dilalui oleh motor/sepeda, berlokasi dekat dengan Warteg Bahari (976 m), Indomaret YPAC (3.2 km), Church of Isa Almasih (570 m), Bank BJB - Cabang Utama Bandung (997 m), Universitas Islam Bandung (2.8 km), RS Umum Bungsu (1.3 km).","4 x 5 meter, Tidak termasuk listrik","Kasur, Bantal","Kloset Duduk, Shower","WiFi, R. Cuci, Penjaga Kos, R. Jemur, R. Santai, Dapur, Jemuran, Pengurus Kos, CCTV, Rooftop","Parkir Mobil, Parkir Motor",,https://mamikos.com/room/kost-kota-bandung-kost-campur-eksklusif-kost-geeta-vvip-singgle-regol-bandung-2?redirection_source=landing%20area,-6.940086817847519,107.61192628984284
Kost Hayati Tipe A Lengkong Bandung,Putri,Rp1.100.000,1100000,Lengkong,Lengkong,"Kost ini berlokasi dekat dengan jalan raya dengan akses masuk mobil, berlokasi dekat dengan Rumah Makan Ibu Haji Cijantung (277 m), Alfamart A Yani 419 (3.2 km), Masjid Jami Nurul Falah (420 m), CIMB Niaga (Buah Batu) (719 m), Akademi Sekretari Dan Manajemen BSI Bandung (283 m), RS Umum Muhammadiyah (429 m).","3 x 3 meter, Termasuk listrik","Kasur, Meja, Lemari / Storage, Ventilasi, Jendela, Cermin, Bantal","K. Mandi Dalam, Kloset Duduk, Ember mandi","WiFi, Kulkas, Penjaga Kos, R. Jemur, R. Makan, Dispenser, Dapur, Jemuran, Rice Cooker, Pengurus Kos","Parkir Motor, Parkir Sepeda, Parkir Motor & Sepeda",,https://mamikos.com/room/kost-kota-bandung-kost-putri-eksklusif-kost-hayati-tipe-a-lengkong-bandung-2?redirection_source=landing%20area,-6.935437088811128,107.62430647550588
Kost Asri Gatot Subroto Dan Laswi Batununggal Bandung,Putra,Rp750.000,750000,Batununggal,Batununggal,"Kost ini berlokasi dekat dengan jalan raya dengan akses yang hanya bisa dilalui oleh motor/sepeda, berlokasi dekat dengan Warteg Cintaasih (416 m), Alfamart A Yani 419 (1.8 km), Masjid Al Jihad (737 m), STMIK Amik Bandung (1.4 km), Bandung Electronic Center (2.8 km).","3 x 3 meter, Termasuk listrik","Kasur, Meja, Lemari / Storage, Ventilasi, Jendela, Guling, Bantal, Kursi","Kloset Duduk, K. Mandi Luar, Ember mandi, Shower","R. Jemur, R. Santai, Jemuran, K. Mandi Luar",Parkir Motor,,https://mamikos.com/room/kost-kota-bandung-kost-putra-murah-kost-asri-gatot-subroto-dan-laswi-batununggal-bandung?redirection_source=landing%20area,-6.9291085434047295,107.64019798908129
Kost Rumah Ileya Tipe Family Cibeunying Kaler Bandung,Campur,Rp1.200.000,1200000,Kecamatan Cibeunying Kaler,Cibeunying Kaler,"Kost ini berlokasi dekat dengan jalan raya dengan akses yang hanya bisa dilalui oleh motor/sepeda, berlokasi dekat dengan Warteg Cintaasih (2.3 km), Alfamart (1.1 km), Christian Church Pasundan Awiligar (2.1 km), Bank BJB Weekend Banking (1.4 km), Institut Teknologi Nasional Bandung (403 m), RS Ibu dan Anak Al Islam (1.3 km).","2.5 x 2.5 meter, Termasuk listrik","Kasur, Meja, Lemari / Storage","K. Mandi Dalam, Kloset Duduk, Kloset Jongkok, Ember mandi, Shower","WiFi, Dapur, Rice Cooker, Pengurus Kos, CCTV, Balcon","Parkir Motor, Parkir Motor & Sepeda",,https://mamikos.com/room/kost-kota-bandung-kost-campur-eksklusif-kost-rumah-ileya-tipe-family-cibeunying-kaler-bandung?redirection_source=landing%20area,-6.8844234871409045,107.6305006399292
Kost Heritage House Vip Lengkong Bandung,Campur,Rp2.500.000,2500000,Kecamatan Lengkong,Lengkong,"Kost ini berlokasi dekat dengan jalan raya dengan akses masuk mobil, berlokasi dekat dengan Warteg Bahari (544 m), Circle K (2.9 km), Church of Isa Almasih (969 m), Bank BCA KCP Buah Batu (963 m), Akademi Sekretari Dan Manajemen BSI Bandung (322 m), RS Umum Bungsu (1.8 km).","4 x 5 meter, Tidak termasuk listrik","Kasur, Lemari / Storage, Kulkas, Jendela, Bantal, Kursi","Kloset Duduk, Shower","WiFi, Kulkas, Dispenser, Dapur, Pengurus Kos, K. Mandi Luar","Parkir Mobil, Parkir Motor, Parkir Sepeda, Parkir Motor & Sepeda",,https://mamikos.com/room/kost-kota-bandung-kost-campur-eksklusif-kost-heritage-house-vip-lengkong-bandung?redirection_source=landing%20area,-6.935173327487766,107.62432416604564
Kost P House Tipe Standard Andir Bandung,Campur,Rp1.050.000,1050000,Kecamatan Andir,Andir,"Kost ini berlokasi dekat dengan jalan raya dengan akses yang hanya bisa dilalui oleh motor/sepeda, berlokasi dekat dengan Rumah Makan Legoh (1.5 km), Circle K (3.1 km), Gereja Kristen Kalam Kudus Pasundan (1.3 km), Bank Syariah Indonesia KC Bandung Suniaraja (74 m), Universitas Islam Bandung (1.4 km), RS Umum Kebonjati (874 m).","3 x 4 meter, Termasuk listrik","Kasur, Lemari / Storage, Ventilasi, Jendela, Cermin, Bantal, Wastafel","K. Mandi Dalam, Kloset Jongkok, Ember mandi, Shower","WiFi, Laundry, R. Tamu, Penjaga Kos, R. Makan, Dapur, Jemuran, CCTV, K. Mandi Luar",Parkir Motor,,https://mamikos.com/room/kost-kota-bandung-kost-campur-eksklusif-kost-p-house-tipe-standard-andir-bandung?redirection_source=landing%20area,-6.9051698602404405,107.57017593523896
Kost Srigadis 25 Tipe Standard Regol Bandung,Campur,Rp1.100.000,1100000,Kecamatan Regol,Regol,"Kost ini berlokasi dekat dengan jalan raya dengan akses yang hanya bisa dilalui oleh motor/sepeda, berlokasi dekat dengan Warteg Bahari (788 m), Circle K (788 m), Church of Isa Almasih (836 m), Institut Seni Budaya Indonesia Bandung (1.9 km), RSU Bhayangkara Tk II Sartika Asih (2.3 km), Bandung Electronic Center (3.1 km).","6 x 4 meter, Tidak termasuk listrik","Kasur, Meja, Lemari / Storage, Ventilasi, Jendela, Guling, Cermin, Bantal","K. Mandi Dalam, Kloset Jongkok, Ember mandi","WiFi, R. Jemur, R. Makan, R. Santai, Dapur, Jemuran","Parkir Motor, Parkir Sepeda",,https://mamikos.com/room/kost-kota-bandung-kost-campur-eksklusif-kost-srigadis-25-tipe-standard-regol-bandung?redirection_source=landing%20area,-6.937875413332341,107.61374655953392
Kost Bunda Executive Regol Bandung,Campur,Rp900.000,900000,Kecamatan Regol,Regol,"Kost ini berlokasi dekat dengan jalan raya dengan akses yang hanya bisa dilalui oleh motor/sepeda, berlokasi dekat dengan Warteg Bahari (763 m), Circle K (2.7 km), Church of Isa Almasih (816 m), Bank BCA KCP Buah Batu (1.5 km), Akademi Sekretari Dan Manajemen BSI Bandung (1.2 km), RS Mata Bandung Eye Center (1.3 km).","3 x 3 meter, Tidak termasuk listrik","Kasur, Lemari / Storage, Jendela","Kloset Duduk, Ember mandi","WiFi, Kulkas, Dispenser, Dapur, Jemuran, CCTV",Parkir Motor,,https://mamikos.com/room/kost-kota-bandung-kost-campur-murah-kost-bunda-executive-regol-bandung-2?redirection_source=landing%20area,-6.938196431334548,107.6142315898315
Kost Mesri 40 Tipe A Cicendo Bandung,Campur,Rp2.000.000,2000000,Kecamatan Cicendo,Cicendo,"Kost ini berlokasi dekat dengan jalan raya dengan akses yang hanya bisa dilalui oleh motor/sepeda, berlokasi dekat dengan Warteg Abadi (1.3 km), Alfamart (1.3 km), Catholic Church of Our Lady of the Seven Sorrows (894 m), Bank BJB - Kantor Cabang Tamansari (1.1 km), Universitas Islam Bandung (1.0 km), RS Umum Melinda 2 (453 m).","3 x 4 meter, Tidak termasuk listrik","AC, Kasur, Meja, Lemari / Storage, Ventilasi, Jendela, TV Kabel","K. Mandi Dalam, Kloset Duduk, Shower, Air panas","WiFi, Kulkas, R. Makan, Dapur, CCTV","Parkir Mobil, Parkir Motor, Parkir Sepeda, Parkir Motor & Sepeda",,https://mamikos.com/room/kost-kota-bandung-kost-campur-eksklusif-kost-mesri-40-cicendo-bandung-2?redirection_source=landing%20area,-6.90285835677417,107.58567380851402
Kost Tsm Gatsu Tipe A Batununggal Bandung,Campur,Rp1.100.000,1100000,Kecamatan Batununggal,Batununggal,"Kost ini berlokasi dekat dengan jalan raya dengan akses yang hanya bisa dilalui oleh motor/sepeda, berlokasi dekat dengan Warteg Bahari (1.6 km), Indomaret Surapati 55 (3.3 km), Gereja Isa Almasih (423 m), Bank BCA KCP Buah Batu (1.9 km), Institut Teknologi Nasional Bandung (3.1 km), RS Ibu dan Anak Al Islam (1.9 km).","3 x 4 meter, Termasuk listrik","Kasur, Lemari / Storage, Ventilasi, Jendela, Bantal","K. Mandi Dalam, Kloset Duduk, Shower","WiFi, R. Tamu, R. Jemur, R. Santai, Dispenser, Dapur, Jemuran, Pengurus Kos, Jual Makanan, CCTV","Parkir Motor, Parkir Sepeda, Parkir Motor & Sepeda",,https://mamikos.com/room/kost-kota-bandung-kost-campur-eksklusif-kost-tsm-gatsu-tipe-a-batununggal-bandung-2?redirection_source=landing%20area,-6.926696604546232,107.63889365306
Kost Faiz Tipe A Sumur Bandung Bandung,Putra,Rp650.000,650000,Kecamatan Sumur Bandung,Sumur Bandung,"Kost ini berlokasi dekat dengan jalan raya dengan akses jalan raya, berlokasi dekat dengan Rumah Makan Kapau Jaya (770 m), Circle K (3.2 km), Masjid Al Asy'ari Unisba (570 m), Bank Permata (418 m), Universitas Islam Bandung (605 m), RS Ibu dan Anak Limijati (774 m).","2.5 x 3 meter, Tidak termasuk listrik","Kasur, Lemari / Storage","Kloset Duduk, K. Mandi Luar, Shower, Air panas","WiFi, K. Mandi Luar",Parkir Motor,,https://mamikos.com/room/kost-kota-bandung-kost-putra-murah-kost-faiz-tipe-a-sumur-bandung-bandung-2?redirection_source=landing%20area,-6.915036943273461,107.61659764532996
Kost H Mesri Cicendo Bandung,Putri,Rp1.350.000,1350000,Cicendo,Cicendo,"Kost ini berlokasi dekat dengan jalan raya dengan akses yang hanya bisa dilalui oleh motor/sepeda, berlokasi dekat dengan Warteg Abadi (1.3 km), Circle K (2.5 km), Masjid Al Arief (1.6 km), Bank Syariah Indonesia KC Bandung Suniaraja (800 m), Universitas Islam Bandung (1.0 km), RS Umum Santosa Hospital Bandung Central (661 m).","3.5 x 2 meter, Tidak termasuk listrik","Kasur, Meja, Lemari / Storage, Ventilasi, Jendela, Bantal, Kursi","K. Mandi Dalam, Kloset Duduk, Wastafel, Shower","WiFi, R. Tamu, Dispenser, Dapur, Jemuran","Parkir Mobil, Parkir Motor, Parkir Sepeda",,https://mamikos.com/room/kost-kota-bandung-kost-putri-eksklusif-kost-h-mesri-cicendo-bandung-2?redirection_source=landing%20area,-6.900660997588752,107.58523963425051
Kost Maleer 14 Tipe B Batununggal Bandung,Putri,Rp1.600.000,1600000,Batununggal,Batununggal,"Kost ini berlokasi dekat dengan jalan raya dengan akses yang hanya bisa dilalui oleh motor/sepeda, berlokasi dekat dengan Rumah Makan Amanah (744 m), Alfamart A Yani 419 (1.7 km), Masjid Al Jihad (1.2 km), Sekolah Tinggi Ilmu Ekonomi Pasundan (784 m).","4 x 6 meter, Termasuk listrik",Kasur,"K. Mandi Dalam, Kloset Duduk, Ember mandi, Shower, Air panas, Bak mandi","WiFi, Kulkas, R. Tamu, Penjaga Kos, R. Jemur, Dispenser, Dapur, Balcon, Taman","Parkir Mobil, Parkir Motor, Parkir Sepeda",,https://mamikos.com/room/kost-kota-bandung-kost-putri-eksklusif-kost-maleer-14-tipe-b-batununggal-bandung?redirection_source=landing%20area,-6.929385332349773,107.6385130871789
Kost The Yellow House I Lengkong Bandung,Putri,Rp700.000,700000,Kecamatan Lengkong,Lengkong,"Kost ini berlokasi dekat dengan jalan raya dengan akses yang hanya bisa dilalui oleh motor/sepeda, berlokasi dekat dengan Warteg Bahari (2.0 km), Alfamart (2.6 km), Gereja Isa Almasih (732 m), Bank BCA KCP Buah Batu (1.4 km), Sekolah Tinggi Ilmu Ekonomi Pasundan (51 m), RS Mata Bandung Eye Center (1.4 km).","2 x 2 meter, Termasuk listrik","Kasur, Meja, Lemari / Storage","Kloset Duduk, K. Mandi Luar, Wastafel, Ember mandi, Shower","WiFi, Kulkas, R. Santai, Dispenser, Dapur, Jemuran, Balcon",Parkir Motor,,https://mamikos.com/room/kost-kota-bandung-kost-putri-murah-kost-the-yellow-house-i-lengkong-bandung?redirection_source=landing%20area,-6.932377711826046,107.6251814682663
Kost Pondok Nadine Tipe A Bandung Wetan Bandung,Campur,Rp850.000,850000,Kecamatan Bandung Wetan,Bandung Wetan,"Kost ini berlokasi dekat dengan jalan raya dengan akses yang hanya bisa dilalui oleh motor/sepeda, berlokasi dekat dengan Warteg Abadi (521 m), Alfamart (606 m), Masjid Al Asy'ari Unisba (255 m), Bank BJB - Kantor Cabang Tamansari (303 m), Universitas Islam Bandung (242 m), RS Umum Tk IV 03.07.03Sariningsih (753 m).","3 x 4 meter, Tidak termasuk listrik","Kasur, Lemari / Storage","Kloset Jongkok, K. Mandi Luar","WiFi, R. Tamu, R. Jemur, Dapur, Jemuran, Balcon, K. Mandi Luar",Parkir Motor,,https://mamikos.com/room/kost-kota-bandung-kost-campur-murah-kost-pondok-nadine-tipe-a-bandung-wetan-bandung?redirection_source=landing%20area,-6.907027554349141,107.61601201608062
Kost Pondok Hijau Tipe A Astanaanyar Bandung,Putri,Rp750.000,750000,Astanaanyar,Astanaanyar,"Kost ini berlokasi dekat dengan jalan raya dengan akses yang hanya bisa dilalui oleh motor/sepeda, berlokasi dekat dengan Warteg Jaya Bahari (1.4 km), Circle K (2.0 km), Gereja Kristen Kalam Kudus Pasundan (1.2 km), Sekolah Tinggi Ilmu Kesehatan Immanuel Bandung (666 m), RS Umum Immanuel Bandung (630 m), Bandung Electronic Center (3.2 km).","3 x 3 meter, Termasuk listrik","Kasur, Lemari / Storage, Jendela, Bantal","Kloset Jongkok, K. Mandi Luar, Ember mandi, Bak mandi","WiFi, R. Cuci, Kulkas, R. Tamu, Penjaga Kos, R. Jemur, Dapur, CCTV, K. Mandi Luar","Parkir Motor, Parkir Sepeda",,https://mamikos.com/room/kost-kota-bandung-kost-putri-murah-kost-pondok-hijau-tipe-a-astanaanyar-bandung?redirection_source=landing%20area,-6.937766305917268,107.60208058994472
Kost Wastu Tipe C Bandung Wetan,Campur,Rp900.000,900000,Kecamatan Bandung Wetan,Bandung Wetan,"Kost ini berlokasi dekat dengan jalan raya dengan akses yang hanya bisa dilalui oleh motor/sepeda, berlokasi dekat dengan Rumah Makan Mirasa (282 m), Circle K (3.2 km), Masjid Al Asy'ari Unisba (150 m), Bank BJB - Kantor Cabang Tamansari (204 m), Universitas Islam Bandung (182 m), RS Ibu dan Anak Melinda (499 m).","4 x 4 meter, Tidak termasuk listrik","Kasur, Meja, Lemari / Storage, Ventilasi, Jendela, Guling, Cermin, Bantal, Kursi","Kloset Duduk, Kloset Jongkok, K. Mandi Luar, Ember mandi, Bak mandi","WiFi, Kulkas, Laundry, R. Tamu, Penjaga Kos, R. Jemur, R. Santai, Dapur, Taman, K. Mandi Luar","Parkir Mobil, Parkir Motor, Parkir Sepeda",,https://mamikos.com/room/kost-kota-bandung-kost-campur-murah-kost-wastu-tipe-c-bandung-wetan?redirection_source=landing%20area,-6.904509360091312,107.61480248027046
Kost Srigadis 25 Tipe Executive Regol Bandung,Campur,Rp1.400.000,1400000,Kecamatan Regol,Regol,"Kost ini berlokasi dekat dengan jalan raya dengan akses yang hanya bisa dilalui oleh motor/sepeda, berlokasi dekat dengan Warteg Bahari (788 m), Circle K (788 m), Church of Isa Almasih (836 m), Institut Seni Budaya Indonesia Bandung (1.9 km), RSU Bhayangkara Tk II Sartika Asih (2.3 km), Bandung Electronic Center (3.1 km).","8 x 6 meter, Tidak termasuk listrik","Kasur, Meja, Ventilasi, Jendela, Guling, Dapur Pribadi, Cermin, Bantal","K. Mandi Dalam, Kloset Duduk, Ember mandi","WiFi, R. Jemur, Dapur, Jemuran, Rooftop, Kartu Akses",Parkir Motor & Sepeda,,https://mamikos.com/room/kost-kota-bandung-kost-campur-eksklusif-kost-srigadis-25-tipe-executive-regol-bandung?redirection_source=landing%20area,-6.94129209518525,107.61359285920538
Kost Jl Jati 24 Tipe B Lengkong Besar Bandung,Campur,Rp1.900.000,1900000,Lengkong,Lengkong,"Kost ini berlokasi dekat dengan jalan raya dengan akses yang hanya bisa dilalui oleh motor/sepeda, berlokasi dekat dengan Alfamart A Yani 419 (3.2 km).","3.5 x 4 meter, Tidak termasuk listrik","AC, Kasur, Dispenser, TV, Lemari / Storage, TV Kabel, Kursi","K. Mandi Dalam, Kloset Duduk, Shower, Air panas","WiFi, Kulkas, R. Tamu, Penjaga Kos, R. Jemur, R. Makan, R. Santai, Dispenser, Dapur, TV","Parkir Mobil, Parkir Motor, Parkir Sepeda",,https://mamikos.com/room/kost-bandung-kost-campur-eksklusif-kost-jl-jati-24-tipe-b-lengkong-besar-bandung?redirection_source=landing%20area,-6.936296655633672,107.6264117546012
Kost Modern Mezanin Tipe A Regol Bandung,Campur,Rp1.200.000,1200000,Kecamatan Regol,Regol,"Kost ini berlokasi dekat dengan jalan raya dengan akses yang hanya bisa dilalui oleh motor/sepeda, berlokasi dekat dengan Warteg Bahari (431 m), Circle K (2.7 km), Church of Isa Almasih (686 m), Bank BCA KCP Buah Batu (1.3 km), Universitas Islam Bandung (3.5 km), RS Mata Bandung Eye Center (1.0 km).","3 x 3 meter, Tidak termasuk listrik","AC, Kasur, Lemari / Storage, Ventilasi","K. Mandi Dalam, Kloset Duduk, Kloset Jongkok, Shower, Air panas","WiFi, Laundry, Penjaga Kos, R. Jemur, Dapur, Jemuran, Pengurus Kos, CCTV, Rooftop, Balcon","Parkir Motor, Parkir Sepeda, Parkir Motor & Sepeda",,https://mamikos.com/room/kost-kota-bandung-kost-campur-eksklusif-kost-modern-mezanin-tipe-a-regol-bandung?redirection_source=landing%20area,-6.939807651692469,107.61407074799916
Kost Singgahsini YL Cikawao Tipe A Lengkong Bandung,Putri,Rp2.525.000,2525000,Lengkong,Lengkong,"Kost ini berlokasi dekat dengan jalan raya dengan akses masuk mobil, berlokasi dekat dengan Warteg Bahari (339 m), Indomaret Surapati 55 (3.3 km), Church of Isa Almasih (166 m), Bank BJB - Cabang Utama Bandung (997 m), Universitas Islam Bandung (2.8 km), RS Umum Bungsu (1.1 km).","4 x 4 meter, Termasuk listrik","AC, Kasur, Meja, Lemari / Storage, Jendela, Cermin, Bantal, Kursi","K. Mandi Dalam, Kloset Duduk, Shower, Air panas","WiFi, R. Cuci, Kulkas, Mesin Cuci, R. Tamu, Penjaga Kos, R. Jemur, Dispenser, Dapur, Jemuran",Parkir Motor & Sepeda,,https://mamikos.com/room/kost-kota-bandung-kost-putri-eksklusif-kost-singgahsini-yl-cikawao-tipe-a-lengkong-bandung-2?redirection_source=landing%20area,-6.934585597271398,107.624370872163
Kost Tiga Tujuh Cibeunying Kaler Bandung,Putra,Rp1.900.000,1900000,Cibeunying Kaler,Cibeunying Kaler,"Kost ini berlokasi dekat dengan jalan raya dengan akses yang hanya bisa dilalui oleh motor/sepeda, berlokasi dekat dengan Warteg Abadi (1.9 km), Alfamart (1.1 km), Masjid Al Asy'ari Unisba (2.2 km), Bank BJB Weekend Banking (931 m), Institut Teknologi Nasional Bandung (1.0 km), RS Ibu dan Anak Al Islam (1.5 km).","3 x 4 meter, Tidak termasuk listrik","AC, Kasur, Meja, TV, Lemari / Storage, Guling, Bantal","K. Mandi Dalam, Kloset Duduk, Shower, Air panas","Kulkas, Laundry, Penjaga Kos, Dispenser, Dapur, Jemuran, CCTV, TV",Parkir Motor,,https://mamikos.com/room/kost-kota-bandung-kost-putra-eksklusif-kost-tiga-tujuh-cibeunying-kaler-bandung-2?redirection_source=landing%20area,-6.886185664558853,107.6280647005416
Kost Johar 14 Bandung Wetan Bandung,Putri,Rp2.350.000,2350000,Bandung Wetan,Bandung Wetan,"Kost ini berlokasi dekat dengan jalan raya dengan akses yang hanya bisa dilalui oleh motor/sepeda, berlokasi dekat dengan Warteg Abadi (2.1 km), Alfamart (1.8 km), Church In Bandung (1.5 km), Bank BJB - Cabang Utama Bandung (2.2 km), Institut Teknologi Nasional Bandung (1.7 km), RS Ibu dan Anak Al Islam (1.2 km).","3 x 4 meter, Tidak termasuk listrik","AC, Kasur, Meja, Lemari / Storage, Ventilasi, Jendela, Cermin, Bantal, Wastafel","K. Mandi Dalam, Kloset Duduk, Wastafel, Shower, Air panas","WiFi, Penjaga Kos, R. Jemur, Dapur, CCTV","Parkir Motor, Parkir Motor & Sepeda",,https://mamikos.com/room/kost-kota-bandung-kost-putri-eksklusif-kost-johar-14-bandung-wetan-bandung-2?redirection_source=landing%20area,-6.905373970438739,107.6169040292796
Kost Apik Sukarta Tipe B Tegallega Bandung,Putra,Rp1.075.000,1075000,Kecamatan Regol,Regol,"Kost ini berlokasi dekat dengan jalan raya dengan akses masuk mobil, berlokasi dekat dengan Rumah Makan Bungo Tanjung (3.2 km), Circle K (1.4 km), Church of Isa Almasih (640 m), Bank BRI KCP Simpang Buah Batu (2.8 km), Universitas Islam Bandung (3.3 km), RS Khusus Mata Cicendo (2.6 km).","2.7 x 2.7 meter, Termasuk listrik","Kasur, Lemari / Storage, Ventilasi, Jendela, Bantal","Kloset Duduk, K. Mandi Luar, Ember mandi, Shower, Bak mandi","WiFi, R. Cuci, Kulkas, Mesin Cuci, R. Tamu, Penjaga Kos, R. Jemur, R. Makan, R. Santai, Dispenser",Parkir Motor & Sepeda,,https://mamikos.com/room/kost-kota-bandung-kost-putra-eksklusif-kost-apik-sukarta-tipe-b-tegallega-bandung?redirection_source=landing%20area,-6.937606002239333,107.61229333781664
Kost Mama Upi Vvip Andir Bandung,Putri,Rp1.100.000,1100000,Kecamatan Andir,Andir,"Kost ini berlokasi dekat dengan jalan raya dengan akses yang hanya bisa dilalui oleh motor/sepeda, berlokasi dekat dengan Warteg Bahari (1.9 km), Alfamart (2.4 km), Church of Isa Almasih (1.5 km), Bank BJB - Cabang Utama Bandung (823 m), Universitas Islam Bandung (1.8 km), RS Umum Bungsu (1.2 km).","4 x 3 meter, Termasuk listrik","AC, Kasur, Meja Rias, Lemari / Storage, Ventilasi, Jendela, Guling, Cermin, Bantal","Kloset Duduk, K. Mandi Luar, Ember mandi, Bak mandi","WiFi, R. Cuci, Kulkas, Mesin Cuci, R. Tamu, Penjaga Kos, R. Jemur, R. Makan, R. Santai, Dapur","Parkir Motor, Parkir Sepeda, Parkir Motor & Sepeda",,https://mamikos.com/room/kost-kota-bandung-kost-putri-eksklusif-kost-mama-upi-vvip-andir-bandung-2?redirection_source=landing%20area,-6.908118942067252,107.56979692547117
Kost Banama Tipe C Regol Bandung,Campur,Rp1.900.001,1900001,Kecamatan Regol,Regol,"Kost ini berlokasi dekat dengan jalan raya dengan akses yang hanya bisa dilalui oleh motor/sepeda, berlokasi dekat dengan Warteg Bahari (892 m), Circle K (1.6 km), Church of Isa Almasih (745 m), Bank Muamalat (2.7 km), Universitas Islam Bandung (3.4 km), RS Khusus Mata Cicendo (2.8 km).","4 x 5 meter, Termasuk listrik","AC, Kasur, Lemari / Storage, Kulkas, Ventilasi, Jendela, Guling, Bantal, Wastafel","K. Mandi Dalam, Kloset Jongkok, Ember mandi","WiFi, R. Jemur, Dapur, Jemuran, Pengurus Kos, Balcon","Parkir Motor, Parkir Sepeda, Parkir Motor & Sepeda",,https://mamikos.com/room/kost-kota-bandung-kost-campur-eksklusif-kost-banama-tipe-c-regol-bandung?redirection_source=landing%20area,-6.941576037817662,107.61493510678342
Kost Armas Bandung Wetan Bandung,Putra,Rp750.000,750000,Kecamatan Bandung Wetan,Bandung Wetan,"Kost ini berlokasi dekat dengan jalan raya dengan akses yang hanya bisa dilalui oleh motor/sepeda, berlokasi dekat dengan Warteg Abadi (399 m), Alfamart (545 m), Masjid Al Asy'ari Unisba (376 m), Bank BJB - Kantor Cabang Tamansari (363 m), Universitas Islam Bandung (340 m), RS Umum Tk IV 03.07.03Sariningsih (806 m).","2.5 x 3 meter, Termasuk listrik","Kasur, Meja, Lemari / Storage, Ventilasi, Jendela, Guling, Bantal, Cleaning service","Kloset Jongkok, K. Mandi Luar, Ember mandi","WiFi, R. Cuci, Penjaga Kos, R. Jemur, Jemuran, Pengurus Kos, Jual Makanan, Balcon, K. Mandi Luar",Parkir Motor & Sepeda,,https://mamikos.com/room/kost-kota-bandung-kost-putra-murah-kost-armas-bandung-wetan-bandung-2?redirection_source=landing%20area,-6.903322587840388,107.61820847980329
Kost Srigadis 25 Type H Regol Bandung,Campur,Rp1.200.000,1200000,Regol,Regol,"Kost ini berlokasi dekat dengan jalan raya dengan akses yang hanya bisa dilalui oleh motor/sepeda, berlokasi dekat dengan Warteg Bahari (789 m), Circle K (1.8 km), Church of Isa Almasih (834 m), CIMB Niaga (Buah Batu) (1.3 km), Institut Seni Budaya Indonesia Bandung (1.9 km), RS Umum Santosa Hospital Bandung Central (2.6 km).","5 x 4 meter, Tidak termasuk listrik","Kasur, Meja, Lemari / Storage, Ventilasi, Jendela, Guling, Cermin, Bantal","K. Mandi Dalam, Kloset Jongkok, Ember mandi","WiFi, R. Jemur, R. Makan, R. Santai, Dapur, Jemuran","Parkir Motor, Parkir Sepeda",,https://mamikos.com/room/kost-kota-bandung-kost-campur-eksklusif-kost-srigadis-25-type-h-regol-bandung?redirection_source=landing%20area,-6.938893547186305,107.61205530040505
Kost Kancil 12 Tipe A Lengkong Bandung,Putri,Rp650.000,650000,Kecamatan Lengkong,Lengkong,"Kost ini berlokasi dekat dengan jalan raya dengan akses yang hanya bisa dilalui oleh motor/sepeda, berlokasi dekat dengan Rumah Makan Ibu Haji Cijantung (314 m), Alfamart A Yani 419 (3.2 km), Masjid Jami Nurul Falah (448 m), CIMB Niaga (Buah Batu) (689 m), Akademi Sekretari Dan Manajemen BSI Bandung (309 m), Bandung Electronic Center (3.0 km).","3 x 3 meter, Termasuk listrik","Lemari / Storage, Ventilasi, Jendela","Kloset Duduk, Kloset Jongkok, K. Mandi Luar, Ember mandi","R. Jemur, Dapur, Jemuran, Balcon, K. Mandi Luar","Parkir Motor, Parkir Sepeda",,https://mamikos.com/room/kost-kota-bandung-kost-putri-murah-kost-kancil-12-tipe-a-lengkong-bandung?redirection_source=landing%20area,-6.935519983859874,107.62641797991228
