Nama Kost,Tipe,Harga,Harga_Int,Lokasi,Lokasi Clean,Deskripsi,Spesifikasi Kamar,Fasilitas Kamar,Fasilitas Kamar Mandi,Fasilitas Umum,Fasilitas Parkir,Fasilitas Lain,Link,lat,lon
Kost Apik Emji Kotabaru Tipe B Regol Bandung,Campur,Rp975.000,975000,Kecamatan Regol,Regol,"Kost ini berlokasi dekat dengan jalan raya dengan akses masuk mobil, berlokasi dekat dengan Warteg Bahari (900 m), Circle K (1.6 km), Church of Isa Almasih (747 m), Bank Muamalat (2.8 km), Universitas Islam Bandung (3.4 km), RS Khusus Mata Cicendo (2.7 km).","3 x 2.8 meter, Termasuk listrik","Kasur, Lemari / Storage, Ventilasi, Jendela, Bantal","Kloset Duduk, K. Mandi Luar, Ember mandi","WiFi, Penjaga Kos, R. Jemur, R. Makan, Dapur, CCTV","Parkir Motor, Parkir Sepeda",,https://mamikos.com/room/kost-kota-bandung-kost-campur-murah-kost-apik-emji-kotabaru-tipe-b-regol-bandung-1?redirection_source=landing%20area,-6.939678327321843,107.61325435204009
Kost Apik Tamblong 2A Tipe D Asia Afrika Bandung,Campur,Rp825.000,825000,Sumur Bandung,Sumur Bandung,"Kost ini berlokasi dekat dengan jalan raya dengan akses masuk mobil, berlokasi dekat dengan Warteg Bahari (1.1 km), Alfamart A Yani 419 (3.2 km), Masjid Raya Bandung (669 m), Citibank Indonesia (441 m), Universitas Islam Bandung (2.0 km), RS Umum Bungsu (352 m).","3 x 3 meter, Termasuk listrik","Kasur, Meja, Lemari / Storage, Jendela, Bantal, Kursi","Kloset Jongkok, K. Mandi Luar, Ember mandi","WiFi, Kulkas, R. Tamu, R. Jemur, R. Makan, Dapur, TV, K. Mandi Luar",Parkir Motor,,https://mamikos.com/room/kost-kota-bandung-kost-campur-murah-kost-apik-tamblong-2a-tipe-d-asia-afrika-bandung?redirection_source=landing%20area,-6.915930599225585,107.61612650629239
Kost Singgahsini Arcadia Tipe A Batununggal Bandung,Campur,Rp1.575.000,1575000,Batununggal,Batununggal,"Kost ini berlokasi dekat dengan jalan raya dengan akses masuk mobil, berlokasi dekat dengan Warteg Cintaasih (540 m), Alfamart A Yani 419 (1.7 km), Masjid Al Jihad (838 m), Sekolah Tinggi Ilmu Ekonomi Pasundan (907 m), Bandung Electronic Center (3.2 km).","4 x 3.5 meter, Tidak termasuk listrik","Kasur, Meja, Lemari / Storage, Ventilasi, Jendela, Cermin, Bantal, Wastafel, Kursi","K. Mandi Dalam, Kloset Duduk, Shower, Air panas","WiFi, R. Cuci, Mesin Cuci, R. Tamu, Dapur",Parkir Motor & Sepeda,,https://mamikos.com/room/kost-kota-bandung-kost-campur-eksklusif-kost-singgahsini-arcadia-tipe-a-batununggal-bandung?redirection_source=landing%20area,-6.928333831650837,107.64136144874287
Kost Singgahsini Arcadia Tipe B Batununggal Bandung,Campur,Rp1.875.000,1875000,Batununggal,Batununggal,"Kost ini berlokasi dekat dengan jalan raya dengan akses masuk mobil, berlokasi dekat dengan Warteg Bahari (1.9 km), Indomaret Surapati 55 (3.1 km), Gereja Isa Almasih (658 m), Bank BCA KCP Buah Batu (1.9 km), Institut Teknologi Nasional Bandung (3.0 km), RS Ibu dan Anak Al Islam (1.9 km).","4 x 3.5 meter, Tidak termasuk listrik","AC, Kasur, Meja, Lemari / Storage, Ventilasi, Jendela, Cermin, Bantal, Wastafel, Kursi","K. Mandi Dalam, Kloset Duduk, Shower, Air panas","WiFi, R. Cuci, Mesin Cuci, R. Tamu, Dapur",Parkir Motor & Sepeda,,https://mamikos.com/room/kost-kota-bandung-kost-campur-eksklusif-kost-singgahsini-arcadia-tipe-b-batununggal-bandung?redirection_source=landing%20area,-6.928333933880503,107.6399183874721
Kost Apik Sukarta Tipe C Tegallega Bandung,Putra,Rp1.325.000,1325000,Kecamatan Regol,Regol,"Kost ini berlokasi dekat dengan jalan raya dengan akses masuk mobil, berlokasi dekat dengan Rumah Makan Bungo Tanjung (3.2 km), Circle K (1.4 km), Church of Isa Almasih (640 m), Bank BRI KCP Simpang Buah Batu (2.8 km), Universitas Islam Bandung (3.3 km), RS Khusus Mata Cicendo (2.6 km).","3.4 x 2.8 meter, Termasuk listrik","Kasur, Lemari / Storage, Ventilasi, Jendela, Bantal","K. Mandi Dalam, Kloset Duduk, Ember mandi, Shower, Bak mandi","WiFi, R. Cuci, Kulkas, Mesin Cuci, R. Tamu, Penjaga Kos, R. Jemur, R. Makan, R. Santai, Dispenser",Parkir Motor & Sepeda,,https://mamikos.com/room/kost-kota-bandung-kost-putra-eksklusif-kost-apik-sukarta-tipe-c-tegallega-bandung-1?redirection_source=landing%20area,-6.93998433912532,107.61204836238092
Kost Apik Tamblong 2A Tipe C Asia Afrika Bandung,Campur,Rp1.425.000,1425000,Sumur Bandung,Sumur Bandung,"Kost ini berlokasi dekat dengan jalan raya dengan akses masuk mobil, berlokasi dekat dengan Warteg Bahari (1.1 km), Alfamart A Yani 419 (3.2 km), Masjid Raya Bandung (669 m), Citibank Indonesia (441 m), Universitas Islam Bandung (2.0 km), RS Umum Bungsu (352 m).","3 x 2 meter, Termasuk listrik","Kasur, Meja, Lemari / Storage, Jendela, Bantal, Kursi","K. Mandi Dalam, Kloset Jongkok, Ember mandi","WiFi, Kulkas, R. Tamu, R. Jemur, R. Makan, Dapur, TV, K. Mandi Luar",Parkir Motor,,https://mamikos.com/room/kost-kota-bandung-kost-campur-eksklusif-kost-apik-tamblong-2a-tipe-c-asia-afrika-bandung?redirection_source=landing%20area,-6.914490439117385,107.61580353367412
Kost Apik Sukarta Tipe A Tegallega Bandung,Putra,Rp975.000,975000,Kecamatan Regol,Regol,"Kost ini berlokasi dekat dengan jalan raya dengan akses masuk mobil, berlokasi dekat dengan Rumah Makan Bungo Tanjung (3.2 km), Circle K (1.4 km), Church of Isa Almasih (640 m), Bank BRI KCP Simpang Buah Batu (2.8 km), Universitas Islam Bandung (3.3 km), RS Khusus Mata Cicendo (2.6 km).","2.7 x 2.1 meter, Termasuk listrik","Kasur, Lemari / Storage, Ventilasi, Jendela, Bantal","Kloset Duduk, K. Mandi Luar, Ember mandi, Shower, Bak mandi","WiFi, R. Cuci, Kulkas, Mesin Cuci, R. Tamu, Penjaga Kos, R. Jemur, R. Makan, R. Santai, Dispenser",Parkir Motor & Sepeda,,https://mamikos.com/room/kost-kota-bandung-kost-putra-murah-kost-apik-sukarta-tipe-a-tegallega-bandung?redirection_source=landing%20area,-6.938356897039782,107.61258428913281
Kost Otto Residence Tipe A Astanaanyar Bandung,Campur,Rp1.800.000,1800000,Astanaanyar,Astanaanyar,"Kost ini berlokasi dekat dengan jalan raya dengan akses yang hanya bisa dilalui oleh motor/sepeda, berlokasi dekat dengan Warteg Jaya Bahari (211 m), Circle K (534 m), Masjid Raya Bandung (446 m), Bank BJB - Cabang Utama Bandung (905 m), Institut Seni Budaya Indonesia Bandung (3.4 km), Bandung Electronic Center (2.0 km).","4 x 4 meter, Tidak termasuk listrik","AC, Kasur, Meja, Meja Rias, Lemari / Storage, Ventilasi, Jendela, Cermin, Bantal, Wastafel","K. Mandi Dalam, Kloset Duduk, Wastafel, Shower, Air panas","WiFi, R. Jemur, Dapur","Parkir Motor, Parkir Sepeda",,https://mamikos.com/room/kost-kota-bandung-kost-campur-eksklusif-kost-otto-residence-tipe-a-astanaanyar-bandung?redirection_source=landing%20area,-6.936867676997191,107.60273203600056
Kost Ama House Tipe Standar Regol Bandung,Putri,Rp1.500.000,1500000,Regol,Regol,"Kost ini berlokasi dekat dengan jalan raya dengan akses yang hanya bisa dilalui oleh motor/sepeda, berlokasi dekat dengan Warteg Bahari (866 m), Alfamart (2.9 km), Church of Isa Almasih (569 m), Bank BJB - Cabang Utama Bandung (1.3 km), Universitas Islam Bandung (3.1 km), RS Umum Bungsu (1.5 km).","3 x 4 meter, Tidak termasuk listrik","Kasur, Meja, Lemari / Storage, Ventilasi, Kursi","K. Mandi Dalam, Kloset Duduk, Ember mandi, Shower","WiFi, R. Tamu, Penjaga Kos, R. Jemur, Dapur, Pengurus Kos, CCTV, Rooftop, Balcon","Parkir Mobil, Parkir Motor",,https://mamikos.com/room/kost-kota-bandung-kost-putri-eksklusif-kost-ama-house-tipe-standar-regol-bandung-2?redirection_source=landing%20area,-6.9407048698745175,107.61442109540059
Kost Singgahsini YL Cikawao Tipe D Lengkong Bandung,Putri,Rp1.525.000,1525000,Lengkong,Lengkong,"Kost ini berlokasi dekat dengan jalan raya dengan akses masuk mobil, berlokasi dekat dengan Warteg Bahari (339 m), Indomaret Surapati 55 (3.3 km), Church of Isa Almasih (166 m), Bank BJB - Cabang Utama Bandung (997 m), Universitas Islam Bandung (2.8 km), RS Umum Bungsu (1.1 km).","3.2 x 2.7 meter, Termasuk listrik","Kasur, Meja, Lemari / Storage, Jendela, Cermin, Bantal, Kursi","K. Mandi Dalam, Kloset Duduk, Shower, Air panas","WiFi, R. Cuci, Kulkas, Mesin Cuci, R. Tamu, Penjaga Kos, R. Jemur, Dispenser, Dapur, Jemuran",Parkir Motor & Sepeda,,https://mamikos.com/room/kost-kota-bandung-kost-putri-eksklusif-kost-singgahsini-yl-cikawao-tipe-d-lengkong-bandung-2?redirection_source=landing%20area,-6.934576107090607,107.62465076760039
Kost Otto Residence Tipe C Astanaanyar Bandung,Campur,Rp2.000.000,2000000,Astanaanyar,Astanaanyar,"Kost ini berlokasi dekat dengan jalan raya dengan akses yang hanya bisa dilalui oleh motor/sepeda, berlokasi dekat dengan Warteg Jaya Bahari (211 m), Circle K (534 m), Masjid Raya Bandung (446 m), Bank BJB - Cabang Utama Bandung (905 m), Institut Seni Budaya Indonesia Bandung (3.4 km), Bandung Electronic Center (2.0 km).","4 x 4 meter, Tidak termasuk listrik","AC, Kasur, Meja, Meja Rias, Lemari / Storage, Ventilasi, Jendela, Cermin, Bantal, Wastafel","K. Mandi Dalam, Kloset Duduk, Wastafel, Shower, Air panas","R. Jemur, Dapur, Jemuran, CCTV, K. Mandi Luar","Parkir Motor, Parkir Sepeda",,https://mamikos.com/room/kost-kota-bandung-kost-campur-eksklusif-kost-otto-residence-tipe-c-astanaanyar-bandung?redirection_source=landing%20area,-6.9370717941267985,107.60469493088947
Kost Apik Emji Kotabaru Tipe A Regol Bandung,Campur,Rp1.275.000,1275000,Kecamatan Regol,Regol,"Kost ini berlokasi dekat dengan jalan raya dengan akses masuk mobil, berlokasi dekat dengan Warteg Bahari (900 m), Circle K (1.6 km), Church of Isa Almasih (747 m), Bank Muamalat (2.8 km), Universitas Islam Bandung (3.4 km), RS Khusus Mata Cicendo (2.7 km).","3 x 4 meter, Termasuk listrik","Kasur, Lemari / Storage, Ventilasi, Jendela, Bantal","K. Mandi Dalam, Kloset Duduk, Ember mandi","WiFi, Penjaga Kos, R. Jemur, R. Makan, Dapur, CCTV","Parkir Motor, Parkir Sepeda",,https://mamikos.com/room/kost-kota-bandung-kost-campur-eksklusif-kost-apik-emji-kotabaru-tipe-a-regol-bandung-1?redirection_source=landing%20area,-6.939779887234983,107.61229813207186
Kost Apik Sukarta Tipe D Tegallega Bandung,Putra,Rp1.375.000,1375000,Regol,Regol,"Kost ini berlokasi dekat dengan jalan raya dengan akses masuk mobil, berlokasi dekat dengan Warteg Bahari (857 m), Alfamart (2.5 km), Church of Isa Almasih (640 m), Bank BJB - Cabang Utama Bandung (1.5 km), Universitas Islam Bandung (3.3 km), RS Umum Bungsu (1.7 km).","4 x 5 meter, Termasuk listrik","Kasur, Lemari / Storage, Ventilasi, Jendela, Bantal","Kloset Duduk, K. Mandi Luar, Ember mandi, Shower, Bak mandi","WiFi, R. Cuci, Kulkas, Mesin Cuci, R. Tamu, Penjaga Kos, R. Jemur, R. Makan, R. Santai, Dispenser",Parkir Motor & Sepeda,,https://mamikos.com/room/kost-kota-bandung-kost-putra-eksklusif-kost-apik-sukarta-tipe-d-tegallega-bandung?redirection_source=landing%20area,-6.940628905581772,107.61534403764057
Kost Kadua Homestay Double Regol Bandung,Campur,Rp2.100.000,2100000,Kecamatan Regol,Regol,"Kost ini berlokasi dekat dengan jalan raya dengan akses yang hanya bisa dilalui oleh motor/sepeda, berlokasi dekat dengan Warteg Bahari (1.0 km), Circle K (2.6 km), Church of Isa Almasih (945 m), Bank BJB - Cabang Utama Bandung (1.8 km), Akademi Sekretari Dan Manajemen BSI Bandung (1.5 km), RS Mata Bandung Eye Center (1.7 km).","3 x 4 meter, Tidak termasuk listrik","AC, Kasur, Meja, Lemari / Storage, Kulkas, Ventilasi, Jendela, Cermin, Wastafel, Kursi","K. Mandi Dalam, Kloset Duduk, Wastafel, Shower, Air panas","WiFi, Kulkas, R. Tamu, Penjaga Kos, R. Jemur, R. Makan, R. Santai, Dapur, Jemuran, Jual Makanan",Parkir Motor,,https://mamikos.com/room/kost-kota-bandung-kost-campur-eksklusif-kost-kadua-homestay-double-regol-bandung-2?redirection_source=landing%20area,-6.938340332311832,107.61277721894183
Kost Apik Tamblong 2A Tipe A Asia Afrika Bandung,Campur,Rp1.525.000,1525000,Sumur Bandung,Sumur Bandung,"Kost ini berlokasi dekat dengan jalan raya dengan akses masuk mobil, berlokasi dekat dengan Warteg Bahari (1.1 km), Alfamart A Yani 419 (3.2 km), Masjid Raya Bandung (669 m), Citibank Indonesia (441 m), Universitas Islam Bandung (2.0 km), RS Umum Bungsu (352 m).","3 x 3 meter, Termasuk listrik","Kasur, Meja, Lemari / Storage, Jendela, Bantal, Kursi",,"WiFi, Kulkas, R. Tamu, R. Jemur, R. Makan, Dapur, TV, K. Mandi Luar",Parkir Motor,,https://mamikos.com/room/kost-kota-bandung-kost-campur-eksklusif-kost-apik-tamblong-2a-tipe-a-asia-afrika-bandung?redirection_source=landing%20area,-6.913384007098165,107.61680948411124
Kost Yasin Batununggal Bandung,Putri,Rp700.000,700000,Batununggal,Batununggal,"Kost ini berlokasi dekat dengan jalan raya dengan akses yang hanya bisa dilalui oleh motor/sepeda, berlokasi dekat dengan Warteg Bahari (1.9 km), Alfamart A Yani 419 (2.5 km), Gereja Katolik Hati Tak Bernoda Santa Perawan Maria (1.4 km), Bank BCA KCP Buah Batu (1.4 km), Sekolah Tinggi Ilmu Ekonomi Pasundan (106 m), RS Mata Bandung Eye Center (1.4 km).","3 x 3 meter, Termasuk listrik","Kasur, Meja, Lemari / Storage, Ventilasi, Jendela, Bantal, Kursi","Kloset Jongkok, K. Mandi Luar, Ember mandi","WiFi, R. Tamu, R. Jemur, Jemuran, Pengurus Kos, Taman, TV, K. Mandi Luar","Parkir Motor, Parkir Sepeda",,https://mamikos.com/room/kost-kota-bandung-kost-putri-murah-kost-yasin-batununggal-bandung-2?redirection_source=landing%20area,-6.9266817843300394,107.64088076150036
Kost Yodya Cibeunying Kaler Bandung,Putri,Rp1.000.000,1000000,Kecamatan Cibeunying Kaler,Cibeunying Kaler,"Kost ini berlokasi dekat dengan jalan raya dengan akses yang hanya bisa dilalui oleh motor/sepeda, berlokasi dekat dengan Warteg Abadi (2.1 km), Alfamart (1.5 km), Church In Bandung (2.2 km), Bank BJB Weekend Banking (707 m), Institut Teknologi Nasional Bandung (1.1 km), RS Ibu dan Anak Al Islam (1.1 km).","3 x 3 meter, Tidak termasuk listrik","Kasur, Meja, Lemari / Storage, Jendela, Cermin, Bantal","Kloset Duduk, Kloset Jongkok, Wastafel, Ember mandi, Shower, Air panas","WiFi, R. Cuci, Kulkas, Mesin Cuci, Penjaga Kos, R. Jemur, Dispenser, Dapur, Jemuran, Pengurus Kos",Parkir Motor,,https://mamikos.com/room/kost-kota-bandung-kost-putri-eksklusif-kost-yodya-cibeunying-kaler-bandung-2?redirection_source=landing%20area,-6.886459138519403,107.62881596869256
Kost Otto Residence Tipe B Astanaanyar Bandung,Campur,Rp1.800.000,1800000,Astanaanyar,Astanaanyar,"Kost ini berlokasi dekat dengan jalan raya dengan akses yang hanya bisa dilalui oleh motor/sepeda, berlokasi dekat dengan Warteg Jaya Bahari (211 m), Circle K (534 m), Masjid Raya Bandung (446 m), Bank BJB - Cabang Utama Bandung (905 m), Institut Seni Budaya Indonesia Bandung (3.4 km), Bandung Electronic Center (2.0 km).","3 x 4 meter, Tidak termasuk listrik","AC, Kasur, Meja, Meja Rias, Lemari / Storage, Wastafel, Kursi","K. Mandi Dalam, Kloset Duduk, Wastafel, Shower, Air panas","WiFi, R. Jemur, Dapur, CCTV","Parkir Motor, Parkir Sepeda",,https://mamikos.com/room/kost-kota-bandung-kost-campur-eksklusif-kost-otto-residence-tipe-b-astanaanyar-bandung?redirection_source=landing%20area,-6.936943213644473,107.60339313660641
Kost Singgahsini YL Cikawao Tipe C Lengkong Bandung,Putri,Rp1.825.000,1825000,Lengkong,Lengkong,"Kost ini berlokasi dekat dengan jalan raya dengan akses masuk mobil, berlokasi dekat dengan Warteg Bahari (339 m), Indomaret Surapati 55 (3.3 km), Church of Isa Almasih (166 m), Bank BJB - Cabang Utama Bandung (997 m), Universitas Islam Bandung (2.8 km), RS Umum Bungsu (1.1 km).","3 x 3 meter, Termasuk listrik","Kasur, Meja, Lemari / Storage, Jendela, Cermin, Bantal, Kursi","K. Mandi Dalam, Kloset Duduk, Shower, Air panas","WiFi, R. Cuci, Kulkas, Mesin Cuci, R. Tamu, Penjaga Kos, R. Jemur, Dispenser, Dapur, Jemuran",Parkir Motor & Sepeda,,https://mamikos.com/room/kost-kota-bandung-kost-putri-eksklusif-kost-singgahsini-yl-cikawao-tipe-c-lengkong-bandung-2?redirection_source=landing%20area,-6.93619304890002,107.62580298586755
Kost Barokah 32 Tipe Ac Astanaanyar Bandung,Campur,Rp1.950.000,1950000,Kecamatan Astanaanyar,Astanaanyar,"Kost ini berlokasi dekat dengan jalan raya dengan akses yang hanya bisa dilalui oleh motor/sepeda, berlokasi dekat dengan Rumah Makan Cikawao (1.3 km), Circle K (1.4 km), Gereja Kristen Kalam Kudus Pasundan (796 m), Bank DBS Indonesia - Djuanda (2.8 km), Universitas Islam Bandung (3.0 km), RS Ibu dan Anak Kota Bandung (163 m).","3 x 7 meter, Tidak termasuk listrik","AC, Kasur, Lemari / Storage, Ventilasi, Jendela, Dapur Pribadi","K. Mandi Dalam, Kloset Duduk, Ember mandi","R. Cuci, Penjaga Kos, R. Jemur, Dapur, Jemuran, Pengurus Kos, K. Mandi Luar",Parkir Motor,,https://mamikos.com/room/kost-kota-bandung-kost-campur-eksklusif-kost-barokah-32-tipe-ac-astanaanyar-bandung-1?redirection_source=landing%20area,-6.938678567215816,107.60136346208449
Kost Omah Wening Tipe A Cicendo Bandung,Putri,Rp1.400.000,1400000,Kecamatan Cicendo,Cicendo,"Kost ini berlokasi dekat dengan jalan raya dengan akses yang hanya bisa dilalui oleh motor/sepeda, berlokasi dekat dengan Rumah Makan Kapau Jaya (1.0 km), Circle K (2.7 km), Masjid Raya Bandung (1.4 km), Bank Syariah Indonesia KC Bandung Suniaraja (708 m), Universitas Padjadjaran Kampus Dipatiukur (2.4 km), RS Khusus Mata Cicendo (242 m).","3 x 3 meter, Termasuk listrik","Kasur, Meja, Lemari / Storage, Ventilasi, Jendela, Cermin, Bantal, Kursi","K. Mandi Dalam, Kloset Duduk, Shower","WiFi, Jemuran, Pengurus Kos, CCTV, Balcon",Parkir Motor,,https://mamikos.com/room/kost-kota-bandung-kost-putri-eksklusif-kost-omah-wening-tipe-a-cicendo-bandung?redirection_source=landing%20area,-6.900457484977144,107.58703787704736
Kost Apik Tamblong 2A Tipe B Asia Afrika Bandung,Campur,Rp1.425.000,1425000,Sumur Bandung,Sumur Bandung,"Kost ini berlokasi dekat dengan jalan raya dengan akses masuk mobil, berlokasi dekat dengan Warteg Bahari (1.1 km), Alfamart A Yani 419 (3.2 km), Masjid Raya Bandung (669 m), Citibank Indonesia (441 m), Universitas Islam Bandung (2.0 km), RS Umum Bungsu (352 m).","3 x 3 meter, Termasuk listrik","Kasur, Meja, Lemari / Storage, Jendela, Bantal, Kursi","K. Mandi Dalam, Kloset Duduk, Ember mandi","WiFi, Kulkas, R. Tamu, R. Jemur, R. Makan, Dapur, TV, K. Mandi Luar",Parkir Motor,,https://mamikos.com/room/kost-kota-bandung-kost-campur-eksklusif-kost-apik-tamblong-2a-tipe-b-asia-afrika-bandung?redirection_source=landing%20area,-6.91466038351044,107.61814718574107
Kost Apik Sukarta Tipe A Tegallega Bandung,Putra,Rp975.000,975000,Kecamatan Regol,Regol,"Kost ini berlokasi dekat dengan jalan raya dengan akses masuk mobil, berlokasi dekat dengan Rumah Makan Bungo Tanjung (3.2 km), Circle K (1.4 km), Church of Isa Almasih (640 m), Bank BRI KCP Simpang Buah Batu (2.8 km), Universitas Islam Bandung (3.3 km), RS Khusus Mata Cicendo (2.6 km).","2.7 x 2.1 meter, Termasuk listrik","Kasur, Lemari / Storage, Ventilasi, Jendela, Bantal","Kloset Duduk, K. Mandi Luar, Ember mandi, Shower, Bak mandi","WiFi, R. Cuci, Kulkas, Mesin Cuci, R. Tamu, Penjaga Kos, R. Jemur, R. Makan, R. Santai, Dispenser",Parkir Motor & Sepeda,,https://mamikos.com/room/kost-kota-bandung-kost-putra-murah-kost-apik-sukarta-tipe-a-tegallega-bandung?redirection_source=landing%20area,-6.939638200254311,107.61352984729363
Kost Kadua Homestay Vip Plus Regol Bandung,Campur,Rp1.800.000,1800000,Kecamatan Regol,Regol,"Kost ini berlokasi dekat dengan jalan raya dengan akses yang hanya bisa dilalui oleh motor/sepeda, berlokasi dekat dengan Warteg Bahari (1.0 km), Circle K (2.6 km), Church of Isa Almasih (945 m), Bank BJB - Cabang Utama Bandung (1.8 km), Akademi Sekretari Dan Manajemen BSI Bandung (1.5 km), RS Mata Bandung Eye Center (1.7 km).","3.2 x 3.5 meter, Tidak termasuk listrik","AC, Kasur, Meja, Lemari / Storage, Ventilasi, Jendela, Cermin, Wastafel, Kursi","K. Mandi Dalam, Kloset Duduk, Wastafel, Shower, Air panas","WiFi, Kulkas, R. Tamu, Penjaga Kos, R. Jemur, R. Makan, R. Santai, Dapur, Jemuran, Jual Makanan","Parkir Mobil, Parkir Motor",,https://mamikos.com/room/kost-kota-bandung-kost-campur-eksklusif-kost-kadua-homestay-vip-plus-regol-bandung-2?redirection_source=landing%20area,-6.941022818586218,107.61496749480321
Kost Singgahsini YL Cikawao Tipe D Lengkong Bandung,Putri,Rp1.525.000,1525000,Lengkong,Lengkong,"Kost ini berlokasi dekat dengan jalan raya dengan akses masuk mobil, berlokasi dekat dengan Warteg Bahari (339 m), Indomaret Surapati 55 (3.3 km), Church of Isa Almasih (166 m), Bank BJB - Cabang Utama Bandung (997 m), Universitas Islam Bandung (2.8 km), RS Umum Bungsu (1.1 km).","3.2 x 2.7 meter, Termasuk listrik","Kasur, Meja, Lemari / Storage, Jendela, Cermin, Bantal, Kursi","K. Mandi Dalam, Kloset Duduk, Shower, Air panas","WiFi, R. Cuci, Kulkas, Mesin Cuci, R. Tamu, Penjaga Kos, R. Jemur, Dispenser, Dapur, Jemuran",Parkir Motor & Sepeda,,https://mamikos.com/room/kost-kota-bandung-kost-putri-eksklusif-kost-singgahsini-yl-cikawao-tipe-d-lengkong-bandung-2?redirection_source=landing%20area,-6.932670687827911,107.62671613840428
Kost Ibu Reni Tipe A Lengkong Bandung,Campur,Rp1.000.000,1000000,Kecamatan Lengkong,Lengkong,"Kost ini berlokasi dekat dengan jalan raya dengan akses yang hanya bisa dilalui oleh motor/sepeda, berlokasi dekat dengan Warteg Bahari (458 m), Alfamart (3.3 km), Church of Isa Almasih (151 m), Bank BJB - Cabang Utama Bandung (890 m), Universitas Islam Bandung (2.7 km), RS Umum Bungsu (985 m).","3 x 3 meter, Tidak termasuk listrik","Kasur, Lemari / Storage, Jendela, Cermin, Bantal","K. Mandi Dalam, Kloset Jongkok","WiFi, Penjaga Kos, Jemuran, Pengurus Kos, CCTV, Balcon",Parkir Motor,,https://mamikos.com/room/kost-kota-bandung-kost-campur-eksklusif-kost-ibu-reni-tipe-a-lengkong-bandung?redirection_source=landing%20area,-6.935755524056086,107.62471685843771
Kost Singgahsini YL Cikawao Tipe E Lengkong Bandung,Putri,Rp1.275.000,1275000,Lengkong,Lengkong,"Kost ini berlokasi dekat dengan jalan raya dengan akses masuk mobil, berlokasi dekat dengan Warteg Bahari (339 m), Indomaret Surapati 55 (3.3 km), Church of Isa Almasih (166 m), Bank BJB - Cabang Utama Bandung (997 m), Universitas Islam Bandung (2.8 km), RS Umum Bungsu (1.1 km).","3.2 x 2.5 meter, Termasuk listrik","Kasur, Meja, Lemari / Storage, Jendela, Cermin, Bantal","K. Mandi Dalam, Kloset Duduk, Shower, Air panas","WiFi, R. Cuci, Kulkas, Mesin Cuci, R. Tamu, Penjaga Kos, R. Jemur, Dispenser, Dapur, Jemuran",Parkir Motor & Sepeda,,https://mamikos.com/room/kost-kota-bandung-kost-putri-eksklusif-kost-singgahsini-yl-cikawao-tipe-e-lengkong-bandung-2?redirection_source=landing%20area,-6.9345271941553,107.62613799183981
Kost Bu Ena Tipe B Lengkong Bandung,Putri,Rp1.200.000,1200000,Kecamatan Lengkong,Lengkong,"Kost ini berlokasi dekat dengan jalan raya dengan akses yang hanya bisa dilalui oleh motor/sepeda, berlokasi dekat dengan Rumah Makan Cikawao (232 m), Alfamart A Yani 419 (3.1 km), Church of Isa Almasih (401 m), Citibank Indonesia (479 m), Universitas Islam Bandung (2.6 km), RS Umum Bungsu (867 m).","3 x 4 meter, Tidak termasuk listrik","Kasur, Meja, Lemari / Storage, Ventilasi, Jendela, Guling, Cermin, Bantal, Kipas Angin","K. Mandi Dalam, Kloset Jongkok, Ember mandi, Shower","WiFi, Kulkas, Penjaga Kos, Dispenser, Dapur, Jemuran, Jual Makanan, CCTV",Parkir Motor & Sepeda,,https://mamikos.com/room/kost-kota-bandung-kost-putri-eksklusif-kost-bu-ena-tipe-b-lengkong-bandung?redirection_source=landing%20area,-6.935065359337413,107.6248173970355
Kost Singgahsini YL Cikawao Tipe C Lengkong Bandung,Putri,Rp1.825.000,1825000,Lengkong,Lengkong,"Kost ini berlokasi dekat dengan jalan raya dengan akses masuk mobil, berlokasi dekat dengan Warteg Bahari (339 m), Indomaret Surapati 55 (3.3 km), Church of Isa Almasih (166 m), Bank BJB - Cabang Utama Bandung (997 m), Universitas Islam Bandung (2.8 km), RS Umum Bungsu (1.1 km).","3 x 3 meter, Termasuk listrik","Kasur, Meja, Lemari / Storage, Jendela, Cermin, Bantal, Kursi","K. Mandi Dalam, Kloset Duduk, Shower, Air panas","WiFi, R. Cuci, Kulkas, Mesin Cuci, R. Tamu, Penjaga Kos, R. Jemur, Dispenser, Dapur, Jemuran",Parkir Motor & Sepeda,,https://mamikos.com/room/kost-kota-bandung-kost-putri-eksklusif-kost-singgahsini-yl-cikawao-tipe-c-lengkong-bandung-2?redirection_source=landing%20area,-6.935451490811939,107.62624718824823
Kost Apik Sukarta Tipe D Tegallega Bandung,Putra,Rp1.375.000,1375000,Regol,Regol,"Kost ini berlokasi dekat dengan jalan raya dengan akses masuk mobil, berlokasi dekat dengan Warteg Bahari (857 m), Alfamart (2.5 km), Church of Isa Almasih (640 m), Bank BJB - Cabang Utama Bandung (1.5 km), Universitas Islam Bandung (3.3 km), RS Umum Bungsu (1.7 km).","4 x 5 meter, Termasuk listrik","Kasur, Lemari / Storage, Ventilasi, Jendela, Bantal","Kloset Duduk, K. Mandi Luar, Ember mandi, Shower, Bak mandi","WiFi, R. Cuci, Kulkas, Mesin Cuci, R. Tamu, Penjaga Kos, R. Jemur, R. Makan, R. Santai, Dispenser",Parkir Motor & Sepeda,,https://mamikos.com/room/kost-kota-bandung-kost-putra-eksklusif-kost-apik-sukarta-tipe-d-tegallega-bandung?redirection_source=landing%20area,-6.940110948401621,107.6154654457251
Kost Kadua Homestay Double Regol Bandung,Campur,Rp2.100.000,2100000,Kecamatan Regol,Regol,"Kost ini berlokasi dekat dengan jalan raya dengan akses yang hanya bisa dilalui oleh motor/sepeda, berlokasi dekat dengan Warteg Bahari (1.0 km), Circle K (2.6 km), Church of Isa Almasih (945 m), Bank BJB - Cabang Utama Bandung (1.8 km), Akademi Sekretari Dan Manajemen BSI Bandung (1.5 km), RS Mata Bandung Eye Center (1.7 km).","3 x 4 meter, Tidak termasuk listrik","AC, Kasur, Meja, Lemari / Storage, Kulkas, Ventilasi, Jendela, Cermin, Wastafel, Kursi","K. Mandi Dalam, Kloset Duduk, Wastafel, Shower, Air panas","WiFi, Kulkas, R. Tamu, Penjaga Kos, R. Jemur, R. Makan, R. Santai, Dapur, Jemuran, Jual Makanan",Parkir Motor,,https://mamikos.com/room/kost-kota-bandung-kost-campur-eksklusif-kost-kadua-homestay-double-regol-bandung-2?redirection_source=landing%20area,-6.941533007650005,107.61312459555921
Kost Seyakata Lengkong Bandung,Putri,Rp1.000.000,1000000,Kecamatan Lengkong,Lengkong,"Kost ini berlokasi dekat dengan jalan raya dengan akses yang hanya bisa dilalui oleh motor/sepeda, berlokasi dekat dengan Rumah Makan Ibu Haji Cijantung (464 m), Alfamart A Yani 419 (2.8 km), Church In Bandung (452 m), Citibank Indonesia (534 m), Akademi Sekretari Dan Manajemen BSI Bandung (603 m), RS Umum Muhammadiyah (980 m).","2.7 x 2.7 meter, Termasuk listrik","Kasur, TV, Lemari / Storage, Ventilasi, Jendela, Bantal","K. Mandi Dalam, Kloset Jongkok","WiFi, R. Jemur, R. Santai, Jemuran, Jual Makanan, CCTV","Parkir Motor, Parkir Sepeda",,https://mamikos.com/room/kost-kota-bandung-kost-putri-eksklusif-kost-seyakata-lengkong-bandung?redirection_source=landing%20area,-6.9324840739264,107.62730194544164
Kost Angel Mihardja Tipe A Regol Bandung,Putri,Rp1.800.000,1800000,Regol,Regol,"Kost ini berlokasi dekat dengan jalan raya dengan akses yang hanya bisa dilalui oleh motor/sepeda, berlokasi dekat dengan Warteg Bahari (539 m), Circle K (2.6 km), Church of Isa Almasih (657 m), Bank BCA KCP Buah Batu (1.4 km), Universitas Islam Bandung (3.5 km), RS Mata Bandung Eye Center (1.2 km).","3 x 4 meter, Tidak termasuk listrik","AC, Kasur, Meja, Meja Rias, Lemari / Storage, Jendela, Cermin, Bantal, Kursi","K. Mandi Dalam, Kloset Duduk, Ember mandi, Shower, Air panas","WiFi, Kulkas, Penjaga Kos, R. Jemur, Dispenser, Dapur, Jemuran, Pengurus Kos, Jual Makanan, CCTV",Parkir Motor & Sepeda,,https://mamikos.com/room/kost-kota-bandung-kost-putri-eksklusif-kost-angel-mihardja-tipe-a-regol-bandung?redirection_source=landing%20area,-6.938673267876155,107.61419472582944
Kost Pondok Karapitan VIP Lengkong Bandung,Campur,Rp1.100.000,1100000,Kecamatan Lengkong,Lengkong,"Kost ini berlokasi dekat dengan jalan raya dengan akses yang hanya bisa dilalui oleh motor/sepeda, berlokasi dekat dengan Warteg Bahari (481 m), Alfamart (3.1 km), Church In Bandung (550 m), Bank BJB - Cabang Utama Bandung (1.0 km), Universitas Islam Bandung (2.7 km), RS Umum Bungsu (952 m).","2.5 x 5 meter, Tidak termasuk listrik","Kasur, Lemari / Storage, Bantal","K. Mandi Dalam, Kloset Jongkok","WiFi, Penjaga Kos, R. Jemur, Jemuran, CCTV","Parkir Motor, Parkir Sepeda",,https://mamikos.com/room/kost-kota-bandung-kost-campur-eksklusif-kost-pondok-karapitan-vip-lengkong-bandung?redirection_source=landing%20area,-6.934707092292514,107.62681931010192
Kost Daffa Cibeunying Kaler Bandung,Putra,Rp625.000,625000,Cibeunying Kaler,Cibeunying Kaler,"Kost ini berlokasi dekat dengan jalan raya dengan akses yang hanya bisa dilalui oleh motor/sepeda, berlokasi dekat dengan Warteg Cintaasih (2.2 km), Alfamart (1.0 km), Christian Church Pasundan Awiligar (2.2 km), Bank BJB Weekend Banking (1.2 km), Institut Teknologi Nasional Bandung (647 m), RS Ibu dan Anak Al Islam (1.4 km).","2 x 3 meter, Termasuk listrik","Kasur, Lemari / Storage, Jendela, Guling, Bantal","Kloset Jongkok, K. Mandi Luar, Ember mandi","WiFi, R. Tamu, Penjaga Kos, R. Jemur, Jemuran, Jual Makanan, Balcon, K. Mandi Luar","Parkir Motor, Parkir Sepeda",,https://mamikos.com/room/kost-kota-bandung-kost-putra-murah-kost-daffa-cibeunying-kaler-bandung-1?redirection_source=landing%20area,-6.885963919127037,107.62970276149493
Kost 5B Ancol Tipe A Regol Bandung,Campur,Rp750.000,750000,Regol,Regol,"Kost ini berlokasi dekat dengan jalan raya dengan akses yang hanya bisa dilalui oleh motor/sepeda, berlokasi dekat dengan Rumah Makan Cikawao (650 m), Circle K (1.6 km), Masjid Jami Nurul Falah (483 m), CIMB Niaga (Buah Batu) (1.1 km), Universitas Islam Bandung (3.4 km), RS Ibu dan Anak Kota Bandung (1.6 km).","3 x 3 meter, Termasuk listrik","Kasur, Jendela","K. Mandi Dalam, Kloset Jongkok, Ember mandi","R. Tamu, Penjaga Kos, R. Jemur, Jemuran, CCTV, Balcon","Parkir Motor, Parkir Sepeda",,https://mamikos.com/room/kost-kota-bandung-kost-campur-murah-kost-5b-ancol-tipe-a-regol-bandung?redirection_source=landing%20area,-6.940026525978481,107.61550284873606
Kost Tatnjung Tipe D Bandung Wetan Bandung,Campur,Rp2.500.000,2500000,Bandung Wetan,Bandung Wetan,"Kost ini berlokasi dekat dengan jalan raya dengan akses yang hanya bisa dilalui oleh motor/sepeda, berlokasi dekat dengan Warteg Cintaasih (695 m), Alfamart A Yani 419 (895 m), Masjid Al Jihad (378 m), Bank BJB Weekend Banking (848 m), Universitas Padjadjaran Kampus Dipatiukur (2.8 km), RS Ibu dan Anak Al Islam (976 m).","5 x 3 meter, Termasuk listrik","AC, Kasur, Meja, TV, Meja Rias, Lemari / Storage, Kursi","K. Mandi Dalam, Kloset Duduk, Wastafel, Shower, Air panas","WiFi, Kulkas, R. Jemur, R. Makan, R. Santai, Dapur, TV","Parkir Mobil, Parkir Motor, Parkir Sepeda",,https://mamikos.com/room/kost-kota-bandung-kost-campur-eksklusif-kost-tatnjung-tipe-d-bandung-wetan-bandung?redirection_source=landing%20area,-6.905346120746456,107.61786013769037
Kost Kristi 2 Bandung Wetan Bandung,Putri,Rp950.000,950000,Kecamatan Bandung Wetan,Bandung Wetan,"Kost ini berlokasi dekat dengan jalan raya dengan akses yang hanya bisa dilalui oleh motor/sepeda, berlokasi dekat dengan Warteg Abadi (573 m), Alfamart (1.0 km), Masjid Al Asy'ari Unisba (302 m), Bank BJB - Kantor Cabang Tamansari (347 m), Universitas Islam Bandung (335 m), RS Umum Tk IV 03.07.03Sariningsih (504 m).","3 x 3 meter, Tidak termasuk listrik","Kasur, Lemari / Storage",K. Mandi Luar,"WiFi, R. Tamu, Penjaga Kos, Dapur, K. Mandi Luar","Parkir Motor, Parkir Sepeda",,https://mamikos.com/room/kost-kota-bandung-kost-putri-murah-kost-kristi-2-bandung-wetan-bandung-2?redirection_source=landing%20area,-6.903628381910041,107.61649619999963
Kost Seven Tamim Otista Andir Bandung,Campur,Rp1.700.000,1700000,Andir,Andir,"Kost ini berlokasi dekat dengan jalan raya dengan akses yang hanya bisa dilalui oleh motor/sepeda, berlokasi dekat dengan Warteg Jaya Bahari (591 m), Circle K (3.2 km), Masjid Raya Bandung (443 m), Bank Syariah Indonesia KC Bandung Suniaraja (361 m), Universitas Padjadjaran Kampus Dipatiukur (3.2 km), Bandung Electronic Center (1.3 km).","3 x 3.5 meter, Tidak termasuk listrik","AC, Kasur, Ventilasi, Jendela, Kursi, Kipas Angin, Cleaning service","K. Mandi Dalam, Kloset Duduk, Shower, Air panas","WiFi, R. Cuci, Laundry, Penjaga Kos, R. Jemur, R. Santai, Dapur, Jemuran, Pengurus Kos, CCTV","Parkir Motor, Parkir Sepeda",,https://mamikos.com/room/kost-kota-bandung-kost-campur-eksklusif-kost-seven-tamim-otista-andir-bandung?redirection_source=landing%20area,-6.907771556824514,107.57320702235614
Kost 46 A Bandung Wetan Bandung,Putri,Rp800.000,800000,Kecamatan Bandung Wetan,Bandung Wetan,"Kost ini berlokasi dekat dengan jalan raya dengan akses yang hanya bisa dilalui oleh motor/sepeda, berlokasi dekat dengan Warteg Abadi (291 m), Alfamart (655 m), Masjid Al Asy'ari Unisba (325 m), Bank BJB - Kantor Cabang Tamansari (296 m), Universitas Islam Bandung (290 m), RS Umum Tk IV 03.07.03Sariningsih (711 m).","3 x 4 meter, Termasuk listrik","Ventilasi, Jendela","Kloset Duduk, K. Mandi Luar","WiFi, Penjaga Kos, Dapur, Pengurus Kos, Jual Makanan, Taman, K. Mandi Luar",Parkir Motor,,https://mamikos.com/room/kost-kota-bandung-kost-putri-murah-kost-46-a-bandung-wetan-bandung-2?redirection_source=landing%20area,-6.903652552946682,107.61730875919844
Kost Bu Ena Tipe A1 Lengkong Bandung,Putri,Rp1.300.000,1300000,Kecamatan Lengkong,Lengkong,"Kost ini berlokasi dekat dengan jalan raya dengan akses yang hanya bisa dilalui oleh motor/sepeda, berlokasi dekat dengan Warteg Bahari (479 m), Alfamart A Yani 419 (3.1 km), Church of Isa Almasih (401 m), Bank BJB - Cabang Utama Bandung (880 m), Universitas Islam Bandung (2.6 km), RS Umum Bungsu (867 m).","3 x 3 meter, Tidak termasuk listrik","Kasur, Lemari / Storage, Ventilasi, Jendela, Guling, Cermin, Bantal, TV Kabel, Kipas Angin","K. Mandi Dalam, Kloset Duduk, Kloset Jongkok, Ember mandi, Shower, Air panas","WiFi, Kulkas, Penjaga Kos, Dispenser, Dapur, Jemuran, Jual Makanan, CCTV",Parkir Motor & Sepeda,,https://mamikos.com/room/kost-kota-bandung-kost-putri-eksklusif-kost-bu-ena-tipe-a1-lengkong-bandung?redirection_source=landing%20area,-6.933562067784621,107.62579169025841
Kost Syauqiyyah Tipe A Regol Bandung,Putri,Rp1.450.000,1450000,Regol,Regol,"Kost ini berlokasi dekat dengan jalan raya dengan akses yang hanya bisa dilalui oleh motor/sepeda, berlokasi dekat dengan Warteg Bahari (505 m), Circle K (1.6 km), Masjid Jami Nurul Falah (623 m), CIMB Niaga (Buah Batu) (1.1 km), Akademi Sekretari Dan Manajemen BSI Bandung (904 m), RS Ibu dan Anak Kota Bandung (1.7 km).","3 x 4 meter, Termasuk listrik","Kasur, Meja, Ventilasi, Jendela, Guling, Bantal, Kursi","K. Mandi Dalam, Kloset Duduk, Kloset Jongkok, Shower, Air panas","WiFi, R. Cuci, Kulkas, Mesin Cuci, R. Tamu, Penjaga Kos, R. Jemur, R. Makan, R. Santai, Dispenser","Parkir Motor, Parkir Sepeda",,https://mamikos.com/room/kost-kota-bandung-kost-putri-eksklusif-kost-syauqiyyah-tipe-a-regol-bandung?redirection_source=landing%20area,-6.941173766301282,107.61330355625616
Kost Pusat Laundry Nasional Astanaanyar Bandung,Campur,Rp650.000,650000,Kecamatan Astanaanyar,Astanaanyar,"Kost ini berlokasi dekat dengan jalan raya dengan akses masuk mobil, berlokasi dekat dengan Warteg Jaya Bahari (377 m), Circle K (778 m), Gereja Kristen Kalam Kudus Pasundan (602 m), Institut Seni Budaya Indonesia Bandung (3.3 km), Bandung Electronic Center (2.2 km).","3 x 3 meter, Termasuk listrik","Kasur, Lemari / Storage, Kipas Angin","Kloset Duduk, K. Mandi Luar, Shower, Air panas","WiFi, Laundry, Penjaga Kos, R. Makan, R. Santai, Dapur, Pengurus Kos, CCTV, Balcon, R. Keluarga",Parkir Motor,,https://mamikos.com/room/kost-kota-bandung-kost-campur-murah-kost-pusat-laundry-nasional-astanaanyar-bandung-1?redirection_source=landing%20area,-6.940586019990519,107.60391134798232
Kost Deme 25 Tipe A Batununggal Bandung,Campur,Rp1.150.000,1150000,Kecamatan Batununggal,Batununggal,"Kost ini berlokasi dekat dengan jalan raya dengan akses yang hanya bisa dilalui oleh motor/sepeda, berlokasi dekat dengan Warteg Bahari (1.6 km), Indomaret Surapati 55 (3.3 km), Gereja Isa Almasih (451 m), Bank BCA KCP Buah Batu (1.9 km), Institut Teknologi Nasional Bandung (3.1 km), RS Ibu dan Anak Al Islam (1.9 km).","3 x 3 meter, Tidak termasuk listrik","AC, Kasur, Lemari / Storage, Ventilasi, Jendela, Cermin","K. Mandi Dalam, Kloset Duduk, Kloset Jongkok, Ember mandi, Shower, Air panas","WiFi, Penjaga Kos, R. Jemur, Dapur, Jemuran, Pengurus Kos, CCTV, Rooftop, Balcon","Parkir Motor, Parkir Sepeda, Parkir Motor & Sepeda",,https://mamikos.com/room/kost-kota-bandung-kost-campur-eksklusif-kost-deme-25-tipe-a-batununggal-bandung?redirection_source=landing%20area,-6.92879147811164,107.64010152030116
Kost Neo Lengkong Bandung,Campur,Rp1.100.000,1100000,Lengkong,Lengkong,"Kost ini berlokasi dekat dengan jalan raya dengan akses yang hanya bisa dilalui oleh motor/sepeda, berlokasi dekat dengan Rumah Makan Cikawao (402 m), Alfamart A Yani 419 (3.2 km), Church of Isa Almasih (555 m), Citibank Indonesia (341 m), Universitas Padjadjaran Kampus Dipatiukur (3.4 km), RS Umum Bungsu (580 m).","3 x 4 meter, Tidak termasuk listrik","Kasur, Lemari / Storage, Ventilasi, Jendela, Cermin","K. Mandi Dalam, Kloset Duduk, Ember mandi, Shower","WiFi, R. Jemur, Dapur, Jemuran, Pengurus Kos, Balcon",Parkir Motor,,https://mamikos.com/room/kost-kota-bandung-kost-campur-eksklusif-kost-neo-lengkong-bandung-2?redirection_source=landing%20area,-6.934417161654739,107.62505650819621
Kost Kukka Tipe A Lengkong Bandung,Putri,Rp1.500.000,1500000,Lengkong,Lengkong,"Kost ini berlokasi dekat dengan jalan raya dengan akses yang hanya bisa dilalui oleh motor/sepeda, berlokasi dekat dengan Warteg Bahari (459 m), Alfamart (3.2 km), Church In Bandung (611 m), Bank BJB - Cabang Utama Bandung (1.3 km), Universitas Islam Bandung (2.9 km), RS Umum Bungsu (1.1 km).","2.5 x 4.5 meter, Tidak termasuk listrik","Kasur, Meja, Lemari / Storage, Ventilasi, Jendela, Wastafel, Kursi, Cleaning service","K. Mandi Dalam, Kloset Duduk, Wastafel, Shower, Air panas","WiFi, Kulkas, Dapur, CCTV",Parkir Motor,,https://mamikos.com/room/kost-kota-bandung-kost-putri-eksklusif-kost-kukka-tipe-a-lengkong-bandung-2?redirection_source=landing%20area,-6.932905518693763,107.6272828616874
Kost Pungkur Vip Regol Bandung,Putri,Rp650.000,650000,Kecamatan Regol,Regol,"Kost ini berlokasi dekat dengan jalan raya dengan akses yang hanya bisa dilalui oleh motor/sepeda, berlokasi dekat dengan Warteg Abadi (3.0 km), Circle K (1.3 km), Church of Isa Almasih (176 m), Citibank Indonesia (1.0 km), Universitas Islam Bandung (3.0 km), RS Umum Muhammadiyah (1.3 km).","3 x 3 meter, Termasuk listrik","Kasur, Lemari / Storage, Jendela, Guling, Bantal","K. Mandi Dalam, Kloset Duduk, K. Mandi Luar, Shower","R. Jemur, Dapur, Jemuran, Rice Cooker",Parkir Motor,,https://mamikos.com/room/kost-kota-bandung-kost-putri-murah-kost-pungkur-vip-regol-bandung?redirection_source=landing%20area,-6.939598183666471,107.61354976869528
Kost Naumanda Cikaso Cibeunying Kidul Bandung,Putri,Rp1.333.333,1333333,Kecamatan Cibeunying Kidul,Cibeunying Kidul,"Kost ini berlokasi dekat dengan jalan raya dengan akses masuk mobil, berlokasi dekat dengan Warteg Abadi (2.8 km), Alfamart A Yani 419 (465 m), Masjid Al Barokah (1.8 km), Bank BJB - Cabang Utama Bandung (2.9 km), Institut Teknologi Nasional Bandung (1.4 km), RS Ibu dan Anak Al Islam (477 m).","3 x 4 meter, Tidak termasuk listrik","Kasur, Meja, Lemari / Storage, Ventilasi, Jendela, Guling, Bantal, Kursi","K. Mandi Dalam, Kloset Duduk, Shower, Air panas","WiFi, R. Cuci, Kulkas, Mesin Cuci, R. Tamu, Penjaga Kos, R. Jemur, R. Santai, Dapur, Jemuran",Parkir Motor & Sepeda,,https://mamikos.com/room/kost-kota-bandung-kost-putri-eksklusif-kost-naumanda-cikaso-cibeunying-kidul-bandung?redirection_source=landing%20area,-6.899827993611743,107.6518575411438
Kost Melkid 47abc Lengkong Bandung,Putri,Rp900.000,900000,Kecamatan Lengkong,Lengkong,"Kost ini berlokasi dekat dengan jalan raya dengan akses yang hanya bisa dilalui oleh motor/sepeda, berlokasi dekat dengan Warteg Bahari (127 m), Circle K (98 m), Church of Isa Almasih (318 m), Bank BJB - Cabang Utama Bandung (1.3 km), Universitas Islam Bandung (3.1 km), RS Mata Bandung Eye Center (1.3 km).","4 x 4 meter, Tidak termasuk listrik","Kasur, Lemari / Storage, Ventilasi, Jendela","K. Mandi Dalam, Kloset Duduk, K. Mandi Luar, Shower","R. Cuci, R. Tamu, R. Santai, Dapur, Pengurus Kos, CCTV, K. Mandi Luar","Parkir Motor, Parkir Sepeda",,https://mamikos.com/room/kost-kota-bandung-kost-putri-murah-kost-melkid-47abc-lengkong-bandung-2?redirection_source=landing%20area,-6.9353251921637415,107.62610428344738
Kost Yukiyama Sawah Kurung Regol Bandung,Putri,Rp1.800.000,1800000,Kecamatan Regol,Regol,"Kost ini berlokasi dekat dengan jalan raya dengan akses jalan raya, berlokasi dekat dengan Rumah Makan Cikawao (671 m), Circle K (1.5 km), Church of Isa Almasih (503 m), Citibank Indonesia (1.3 km), Universitas Islam Bandung (3.3 km), RS Ibu dan Anak Kota Bandung (1.3 km).","3 x 4 meter, Tidak termasuk listrik","AC, Kasur, Meja, TV, Lemari / Storage, Cermin, Bantal","K. Mandi Dalam, Kloset Duduk, Wastafel, Shower, Air panas","WiFi, Kulkas, R. Jemur, Dapur, CCTV",Parkir Motor,,https://mamikos.com/room/kost-kota-bandung-kost-putri-eksklusif-kost-yukiyama-sawah-kurung-regol-bandung-?redirection_source=landing%20area,-6.937690302463485,107.61526582708431
Kost Komura Cibeunying Kaler Bandung,Campur,Rp550.000,550000,Kecamatan Cibeunying Kaler,Cibeunying Kaler,"Kost ini berlokasi dekat dengan jalan raya dengan akses yang hanya bisa dilalui oleh motor/sepeda, berlokasi dekat dengan Warteg Abadi (2.0 km), Alfamart (996 m), Masjid Al Asy'ari Unisba (2.3 km), Bank BJB Weekend Banking (1.1 km), Institut Teknologi Nasional Bandung (864 m), RS Ibu dan Anak Al Islam (1.5 km).","2.5 x 3 meter, Termasuk listrik","Kasur, Meja, Lemari / Storage, Ventilasi, Jendela","Kloset Jongkok, K. Mandi Luar, Ember mandi","WiFi, R. Cuci, R. Tamu, Penjaga Kos, R. Jemur, R. Makan, R. Santai, Dapur, Jemuran, Pengurus Kos","Parkir Motor, Parkir Sepeda, Parkir Motor & Sepeda",,https://mamikos.com/room/kost-kota-bandung-kost-campur-murah-kost-komura-cibeunying-kaler-bandung?redirection_source=landing%20area,-6.885522440052941,107.62784438444842
Kost Cibo 33 Batununggal Bandung,Putri,Rp955.000,955000,Batununggal,Batununggal,"Kost ini berlokasi dekat dengan jalan raya dengan akses yang hanya bisa dilalui oleh motor/sepeda, berlokasi dekat dengan Warteg Cintaasih (472 m), Alfamart A Yani 419 (1.7 km), Masjid Al Jihad (763 m), Sekolah Tinggi Ilmu Ekonomi Pasundan (973 m), Bandung Electronic Center (3.2 km).","3 x 3.5 meter, Termasuk listrik","Kasur, Dispenser, Meja, Lemari / Storage, Ventilasi, Jendela, Guling, Cermin, Bantal","K. Mandi Dalam, Kloset Jongkok, Ember mandi, Shower","Kulkas, R. Tamu, R. Jemur, R. Santai, Dispenser, Dapur, Jemuran, CCTV, TV","Parkir Motor, Parkir Sepeda",,https://mamikos.com/room/kost-bandung-kost-putri-murah-kost-cibo-33-batununggal-bandung-1?redirection_source=landing%20area,-6.927701815855811,107.63860941999502
Kost Rumah Ene Kos Putri Regol Bandung,Putri,Rp1.950.000,1950000,Regol,Regol,"Kost ini berlokasi dekat dengan jalan raya dengan akses yang hanya bisa dilalui oleh motor/sepeda, berlokasi dekat dengan Warteg Bahari (782 m), Circle K (764 m), Church of Isa Almasih (628 m), Institut Seni Budaya Indonesia Bandung (2.3 km), RSU Bhayangkara Tk II Sartika Asih (2.6 km), Bandung Electronic Center (2.8 km).","3 x 4 meter, Tidak termasuk listrik","AC, Kasur, Meja, Lemari / Storage, Ventilasi, Jendela, Guling, Bantal, Kursi","K. Mandi Dalam, Kloset Duduk, Shower, Air panas","WiFi, Laundry, R. Tamu, Penjaga Kos, R. Jemur, Mushola, Jemuran, Pengurus Kos, Jual Makanan, CCTV","Parkir Mobil, Parkir Motor",,https://mamikos.com/room/kost-kota-bandung-kost-putri-eksklusif-kost-rumah-ene-kos-putri-regol-bandung-1?redirection_source=landing%20area,-6.941470767344098,107.61308177618949
Kost M Dian Ediana Regol Bandung,Putri,Rp850.000,850000,Regol,Regol,"Kost ini berlokasi dekat dengan jalan raya dengan akses masuk mobil, berlokasi dekat dengan Warteg Bahari (474 m), Circle K (501 m), Masjid Jami Nurul Falah (556 m), CIMB Niaga (Buah Batu) (776 m), Akademi Sekretari Dan Manajemen BSI Bandung (659 m), RS Umum Muhammadiyah (691 m).","2.5 x 2.8 meter, Termasuk listrik","Kasur, Dispenser, Meja, Meja Rias, Lemari / Storage, Ventilasi, Jendela, Guling, Cermin, Bantal","Kloset Duduk, K. Mandi Luar, Ember mandi, Bak mandi","WiFi, R. Cuci, R. Tamu, R. Jemur, R. Santai, Dispenser, Jemuran, Balcon, K. Mandi Luar",Parkir Motor,,https://mamikos.com/room/kost-kota-bandung-kost-putri-murah-kost-m-dian-ediana-regol-bandung-2?redirection_source=landing%20area,-6.940898420263867,107.61280971375314
Kost Turangga Executive Lengkong Bandung,Putri,Rp800.000,800000,Kecamatan Lengkong,Lengkong,"Kost ini berlokasi dekat dengan jalan raya dengan akses yang hanya bisa dilalui oleh motor/sepeda, berlokasi dekat dengan Warteg Bahari (709 m), Circle K (3.1 km), Church of Isa Almasih (1.1 km), Bank BCA KCP Buah Batu (804 m), Akademi Sekretari Dan Manajemen BSI Bandung (393 m), RS Umum Bungsu (1.9 km).","3 x 3 meter, Tidak termasuk listrik","Ventilasi, Jendela","K. Mandi Dalam, Kloset Jongkok","Dapur, Jemuran, Pengurus Kos","Parkir Motor, Parkir Sepeda, Parkir Motor & Sepeda",,https://mamikos.com/room/kost-kota-bandung-kost-putri-murah-kost-turangga-executive-lengkong-bandung?redirection_source=landing%20area,-6.933740403294801,107.6253538328249
Kost Kukka Tipe AC Lengkong Bandung,Putri,Rp1.750.000,1750000,Lengkong,Lengkong,"Kost ini berlokasi dekat dengan jalan raya dengan akses yang hanya bisa dilalui oleh motor/sepeda, berlokasi dekat dengan Warteg Bahari (459 m), Alfamart (3.2 km), Church In Bandung (611 m), Bank BJB - Cabang Utama Bandung (1.3 km), Universitas Islam Bandung (2.9 km), RS Umum Bungsu (1.1 km).","2.5 x 4.5 meter, Tidak termasuk listrik","AC, Kasur, Meja, Lemari / Storage, Ventilasi, Jendela, Wastafel, Kursi, Cleaning service","K. Mandi Dalam, Kloset Duduk, Wastafel, Shower, Air panas","WiFi, Kulkas, Dapur, CCTV","Parkir Mobil, Parkir Motor",,https://mamikos.com/room/kost-kota-bandung-kost-putri-eksklusif-kost-kukka-tipe-ac-lengkong-bandung-2?redirection_source=landing%20area,-6.932497999891953,107.62687127849658
Kost 78D Tipe B Regol Bandung,Putri,Rp1.250.000,1250000,Regol,Regol,"Kost ini berlokasi dekat dengan jalan raya dengan akses yang hanya bisa dilalui oleh motor/sepeda, berlokasi dekat dengan Rumah Makan Cikawao (892 m), Circle K (829 m), Gereja Kristen Kalam Kudus Pasundan (348 m), Citibank Indonesia (1.4 km), Sekolah Tinggi Ilmu Kesehatan Immanuel Bandung (1.4 km), RS Khusus Mata Cicendo (2.0 km).","4 x 5 meter, Tidak termasuk listrik","Kasur, Meja, Lemari / Storage, Ventilasi, Jendela, Guling, Bantal, Kursi","K. Mandi Dalam, Kloset Duduk","WiFi, Penjaga Kos, R. Jemur, R. Santai, Dapur, Jemuran, CCTV, Balcon","Parkir Motor, Parkir Sepeda",,https://mamikos.com/room/kost-kota-bandung-kost-putri-eksklusif-kost-78d-tipe-b-regol-bandung?redirection_source=landing%20area,-6.940004190602669,107.61292531768493
Kost Miru Minami Tipe A Lengkong Bandung,Putri,Rp1.500.000,1500000,Kecamatan Lengkong,Lengkong,"Kost ini berlokasi dekat dengan jalan raya dengan akses yang hanya bisa dilalui oleh motor/sepeda, berlokasi dekat dengan Warteg Bahari (142 m), Alfamart A Yani 419 (3.4 km), Church of Isa Almasih (292 m), Bank BJB - Cabang Utama Bandung (1.2 km), Universitas Islam Bandung (3.0 km), RS Umum Bungsu (1.3 km).","3 x 4 meter, Tidak termasuk listrik","Kasur, Meja, Lemari / Storage, Ventilasi, Jendela, Kursi","Kloset Duduk, K. Mandi Luar, Shower","WiFi, R. Cuci, Kulkas, Penjaga Kos, R. Jemur, Dapur, Jemuran, CCTV, Rooftop, Kartu Akses",Parkir Motor,,https://mamikos.com/room/kost-kota-bandung-kost-putri-eksklusif-kost-miru-minami-tipe-a-lengkong-bandung?redirection_source=landing%20area,-6.935693068133672,107.62580685240164
Kost Kencana Big Room Bandung Wetan Bandung,Campur,Rp2.100.000,2100000,Bandung Wetan,Bandung Wetan,"Kost ini berlokasi dekat dengan jalan raya dengan akses yang hanya bisa dilalui oleh motor/sepeda, berlokasi dekat dengan Swike Waled Rumah Makan (256 m), Circle K (2.9 km), Masjid Jami Mathla'ul Khoeriyah (196 m), Bank BJB - Kantor Cabang Tamansari (397 m), Universitas Islam Bandung (340 m), RS Ibu dan Anak Melinda (384 m).","3 x 4 meter, Tidak termasuk listrik","AC, Kasur, Meja, Lemari / Storage, Wastafel, Kursi","K. Mandi Dalam, Kloset Duduk, Wastafel, Shower, Air panas","WiFi, Kulkas, Laundry, R. Tamu, R. Santai",Parkir Motor,,https://mamikos.com/room/kost-kota-bandung-kost-campur-eksklusif-kost-kencana-big-room-bandung-wetan-bandung-2?redirection_source=landing%20area,-6.903745032801655,107.61543452481021
Kost Nomad Coliving Asia Afrika Loft Lengkong Bandung,Campur,Rp2.699.998,2699998,Lengkong,Lengkong,"Kost ini berlokasi dekat dengan jalan raya dengan akses yang hanya bisa dilalui oleh motor/sepeda, berlokasi dekat dengan Warteg Bahari (527 m), Alfamart (3.1 km), Church In Bandung (501 m), Bank BJB - Cabang Utama Bandung (1.1 km), Universitas Islam Bandung (2.7 km), RS Umum Bungsu (1.0 km).","3 x 4 meter, Tidak termasuk listrik","AC, Kasur, Meja, Lemari / Storage, Jendela, Cermin, Bantal, Wastafel, Kursi","K. Mandi Dalam, Kloset Duduk, Wastafel, Shower, Air panas","WiFi, Kulkas, Penjaga Kos, R. Makan, Dapur, Pengurus Kos, CCTV, Rooftop, TV",,,https://mamikos.com/room/kost-kota-bandung-kost-campur-eksklusif-kost-nomad-coliving-asia-afrika-loft-lengkong-bandung?redirection_source=landing%20area,-6.934523767942547,107.62498688842099
Kost Amavi Lengkong Besar Regol Bandung,Putra,Rp1.800.000,1800000,Regol,Regol,"Kost ini berlokasi dekat dengan jalan raya dengan akses yang hanya bisa dilalui oleh motor/sepeda, berlokasi dekat dengan Rumah Makan Cikawao (292 m), Circle K (393 m), Church of Isa Almasih (121 m), Citibank Indonesia (964 m), Institut Seni Budaya Indonesia Bandung (2.3 km), RSU Bhayangkara Tk II Sartika Asih (3.0 km).","4 x 2.5 meter, Tidak termasuk listrik","Kasur, Meja, TV, Lemari / Storage, Kursi, Cleaning service","K. Mandi Dalam, Kloset Duduk, Shower","WiFi, R. Santai, Dapur, Kartu Akses","Parkir Motor, Parkir Sepeda",,https://mamikos.com/room/kost-bandung-kost-putra-eksklusif-kost-amavi-lengkong-besar-bandung-1?redirection_source=landing%20area,-6.941221258468446,107.61545835754752
Kost Kenari 18 Tipe 1 Sumur Bandung Bandung,Putra,Rp1.999.999,1999999,Kecamatan Sumur Bandung,Sumur Bandung,"Kost ini berlokasi dekat dengan jalan raya dengan akses yang hanya bisa dilalui oleh motor/sepeda, berlokasi dekat dengan Warteg Abadi (962 m), Alfamart (1.7 km), Masjid Al Asy'ari Unisba (917 m), Bank BJB - Kantor Cabang Tamansari (914 m), Universitas Islam Bandung (950 m), RS Umum Tk IV 03.07.03Sariningsih (513 m).","2.5 x 4.2 meter, Tidak termasuk listrik","AC, Kasur, Dispenser, Meja, Lemari / Storage, Meja makan, Jendela, Guling, Bantal, Wastafel","Kloset Duduk, K. Mandi Luar, Wastafel, Shower, Air panas","WiFi, Laundry, R. Tamu, Penjaga Kos, R. Jemur, R. Makan, R. Santai, Dapur, CCTV, Taman","Parkir Mobil, Parkir Motor, Parkir Sepeda, Parkir Motor & Sepeda",,https://mamikos.com/room/kost-kota-bandung-kost-putra-eksklusif-kost-kenari-18-tipe-1-sumur-bandung-bandung-2?redirection_source=landing%20area,-6.916036362836533,107.61890613769131
Kost Samping Trans Studio Mall Batununggal Bandung,Campur,Rp850.000,850000,Batununggal,Batununggal,"Kost ini berlokasi dekat dengan jalan raya dengan akses yang hanya bisa dilalui oleh motor/sepeda, berlokasi dekat dengan Warteg Berkah Bahari (742 m), Alfamart A Yani 419 (1.8 km), Masjid Al Jihad (1.1 km), Sekolah Tinggi Ilmu Ekonomi Pasundan (695 m).","3 x 3 meter, Termasuk listrik","Kasur, Dispenser, Lemari / Storage, Ventilasi, Jendela, Kursi","Kloset Jongkok, K. Mandi Luar, Wastafel, Bak mandi","WiFi, R. Tamu, R. Jemur, R. Santai, Dispenser, Dapur, Jemuran, Pengurus Kos, CCTV, Balcon","Parkir Motor, Parkir Sepeda",,https://mamikos.com/room/kost-kota-bandung-kost-campur-murah-kost-samping-trans-studio-mall-batununggal-bandung-2?redirection_source=landing%20area,-6.927351613882056,107.63994569730501
Kost Crysant House Tipe A Cibeunying Kaler Bandung,Campur,Rp1.600.000,1600000,Cibeunying Kaler,Cibeunying Kaler,"Kost ini berlokasi dekat dengan jalan raya dengan akses yang hanya bisa dilalui oleh motor/sepeda, berlokasi dekat dengan Warteg Abadi (2.2 km), Alfamart (854 m), Christian Church Pasundan Awiligar (2.2 km), Bank BJB Weekend Banking (1.3 km), Institut Teknologi Nasional Bandung (724 m), RS Ibu dan Anak Al Islam (1.5 km).","3 x 3 meter, Tidak termasuk listrik","Kasur, Meja, Ventilasi, Jendela, Bantal, Wastafel, Kursi","K. Mandi Dalam, Kloset Duduk, Wastafel, Shower, Air panas","WiFi, Penjaga Kos, R. Jemur, R. Santai, Dapur, Jemuran, Pengurus Kos, CCTV, Joglo","Parkir Mobil, Parkir Motor, Parkir Sepeda",,https://mamikos.com/room/kost-kota-bandung-kost-campur-eksklusif-kost-crysant-house-tipe-a-cibeunying-kaler-bandung?redirection_source=landing%20area,-6.887979471441159,107.62727952005507
Kost P House Tipe L Andir Bandung,Campur,Rp900.000,900000,Andir,Andir,"Kost ini berlokasi dekat dengan jalan raya dengan akses yang hanya bisa dilalui oleh motor/sepeda, berlokasi dekat dengan Warteg Jaya Bahari (904 m), Circle K (3.1 km), Masjid AL-IKHLAS (573 m), Bank Syariah Indonesia KC Bandung Suniaraja (79 m), Universitas Padjadjaran Kampus Dipatiukur (2.9 km), Bandung Electronic Center (1.0 km).","3 x 3 meter, Tidak termasuk listrik","Kasur, Lemari / Storage, Ventilasi, Meja makan, Jendela, Sofa, Wastafel","Kloset Jongkok, Wastafel, Ember mandi, Shower","WiFi, Laundry, R. Makan, R. Santai, Dapur, Pengurus Kos, CCTV, Balcon, K. Mandi Luar","Parkir Motor, Parkir Sepeda",,https://mamikos.com/room/kost-kota-bandung-kost-campur-murah-kost-p-house-tipe-l-andir-bandung-2?redirection_source=landing%20area,-6.906239291597566,107.56998768637031
Kost Amavi L Regol Bandung,Putri,Rp1.950.000,1950000,Kecamatan Regol,Regol,"Kost ini berlokasi dekat dengan jalan raya dengan akses yang hanya bisa dilalui oleh motor/sepeda, berlokasi dekat dengan Warteg Abadi (3.1 km), Circle K (1.2 km), Church of Isa Almasih (199 m), Citibank Indonesia (1.0 km), Universitas Islam Bandung (3.0 km), RS Umum Muhammadiyah (1.3 km).","2.5 x 4.5 meter, Tidak termasuk listrik","AC, Kasur, Meja, TV, Lemari / Storage, Ventilasi, Jendela, TV Kabel, Kursi","K. Mandi Dalam, Kloset Duduk, Shower, Air panas","WiFi, Kulkas, Penjaga Kos, Dapur, CCTV, Kartu Akses, Balcon, Gazebo, TV","Parkir Motor, Parkir Sepeda",,https://mamikos.com/room/kost-kota-bandung-kost-putri-eksklusif-kost-amavi-l-regol-bandung-1?redirection_source=landing%20area,-6.94042708100597,107.614726578108
Kost Pangkur Opat Lengkong Bandung,Putra,Rp1.200.000,1200000,Lengkong,Lengkong,"Kost ini berlokasi dekat dengan jalan raya dengan akses jalan raya, berlokasi dekat dengan Warteg Bahari (495 m), Alfamart A Yani 419 (2.9 km), Masjid Al Waritsin (748 m), CIMB Niaga (Buah Batu) (610 m), Akademi Sekretari Dan Manajemen BSI Bandung (792 m), RS Umum Muhammadiyah (506 m).","3 x 3 meter, Tidak termasuk listrik","AC, TV, Kipas Angin","Kloset Duduk, K. Mandi Luar, Shower, Air panas","WiFi, Mesin Cuci, Penjaga Kos, R. Makan, Dispenser, Dapur, Jemuran, CCTV, TV","Parkir Mobil, Parkir Motor",,https://mamikos.com/room/kost-bandung-kost-putra-eksklusif-kost-pangkur-opat-lengkong-bandung?redirection_source=landing%20area,-6.936263583525458,107.62626226756598
Kost Srimahi Tipe Single Regol Bandung,Campur,Rp1.750.000,1750000,Kecamatan Regol,Regol,"Kost ini berlokasi dekat dengan jalan raya dengan akses yang hanya bisa dilalui oleh motor/sepeda, berlokasi dekat dengan Warteg Bahari (679 m), Circle K (2.9 km), Church of Isa Almasih (925 m), Bank BCA KCP Buah Batu (1.1 km), Akademi Sekretari Dan Manajemen BSI Bandung (913 m), RS Mata Bandung Eye Center (910 m).","3 x 3 meter, Tidak termasuk listrik","AC, Kasur, Meja, TV, Lemari / Storage, Ventilasi, Jendela, Cermin, Wastafel, Kursi","K. Mandi Dalam, Kloset Duduk, Wastafel, Shower, Air panas","WiFi, R. Tamu, Penjaga Kos, R. Jemur, R. Santai, Dispenser, Dapur, Pengurus Kos, Jual Makanan, CCTV",Parkir Motor & Sepeda,,https://mamikos.com/room/kost-kota-bandung-kost-campur-eksklusif-kost-srimahi-tipe-single-regol-bandung?redirection_source=landing%20area,-6.939637552466824,107.61355976161121
Kost Rumah Wayang 8 Standart Lengkong Bandung,Campur,Rp2.100.000,2100000,Kecamatan Lengkong,Lengkong,"Kost ini berlokasi dekat dengan jalan raya dengan akses yang hanya bisa dilalui oleh motor/sepeda, berlokasi dekat dengan Warteg Abadi (2.9 km), Alfamart A Yani 419 (2.7 km), Church In Bandung (569 m), Citibank Indonesia (725 m), Universitas Islam Bandung (2.9 km), RS Mata Bandung Eye Center (1.3 km).","3 x 4 meter, Tidak termasuk listrik","AC, Kasur, Dispenser, Meja, TV, Lemari / Storage, Kulkas, Ventilasi, Meja makan, Jendela","K. Mandi Dalam, Kloset Duduk, Kloset Jongkok, Ember mandi, Shower, Air panas","WiFi, Kulkas, Laundry, R. Tamu, Penjaga Kos, R. Makan, R. Santai, Dispenser, Dapur, Pengurus Kos","Parkir Mobil, Parkir Motor, Parkir Sepeda",,https://mamikos.com/room/kost-kota-bandung-kost-campur-eksklusif-kost-rumah-wayang-8-standart-lengkong-bandung?redirection_source=landing%20area,-6.9332452846923545,107.626255855361
Kost Gatsu Bapak Agus Tipe A Gatot Subroto Batununggal Bandung,Putri,Rp1.100.000,1100000,Batununggal,Batununggal,"Kost ini berlokasi dekat dengan jalan raya dengan akses yang hanya bisa dilalui oleh motor/sepeda, berlokasi dekat dengan Warteg Cintaasih (646 m), Alfamart A Yani 419 (2.0 km), Church In Bandung (739 m), Universitas Padjadjaran Kampus Dipatiukur (3.5 km), Bandung Electronic Center (2.6 km).","3 x 4 meter, Tidak termasuk listrik","Kasur, Meja, Meja Rias, Lemari / Storage, Cermin, Bantal, Kipas Angin","K. Mandi Dalam, Kloset Jongkok, Ember mandi, Shower","WiFi, Kulkas, R. Tamu, R. Jemur, R. Makan, Dapur","Parkir Motor, Parkir Sepeda",,https://mamikos.com/room/kost-kota-bandung-kost-putri-murah-kost-gatsu-bpk-agus-gatot-subroto-batununggal-bandung?redirection_source=landing%20area,-6.927695773086462,107.64171525318585
Kost Maleo Sumur Bandung Bandung,Putri,Rp600.000,600000,Kecamatan Sumur Bandung,Sumur Bandung,"Kost ini berlokasi dekat dengan jalan raya dengan akses yang hanya bisa dilalui oleh motor/sepeda, berlokasi dekat dengan Rumah Makan Kapau Jaya (872 m), Circle K (3.2 km), Masjid Al Asy'ari Unisba (670 m), Bank Permata (465 m), Universitas Islam Bandung (706 m), RS Ibu dan Anak Limijati (814 m).","3 x 3 meter, Termasuk listrik","Kasur, Meja, Lemari / Storage, Jendela, Guling, Cermin, Bantal","Kloset Duduk, Kloset Jongkok, K. Mandi Luar, Ember mandi, Bak mandi","WiFi, R. Cuci, R. Jemur, Pengurus Kos, K. Mandi Luar","Parkir Motor, Parkir Sepeda",,https://mamikos.com/room/kost-kota-bandung-kost-putri-murah-kost-maleo-sumur-bandung-bandung?redirection_source=landing%20area,-6.915393131747322,107.61829190378344
Kost Tegalega 249 Astanaanyar Bandung,Campur,Rp900.000,900000,Kecamatan Astanaanyar,Astanaanyar,"Kost ini berlokasi dekat dengan jalan raya dengan akses yang hanya bisa dilalui oleh motor/sepeda, berlokasi dekat dengan Rumah Makan Cikawao (1.6 km), Circle K (1.6 km), Gereja Kristen Kalam Kudus Pasundan (1.2 km), Citibank Indonesia (2.2 km), Sekolah Tinggi Ilmu Kesehatan Immanuel Bandung (723 m), RS Umum Bungsu (2.3 km).","3 x 4 meter, Tidak termasuk listrik","Kasur, Lemari / Storage",Kloset Jongkok,"WiFi, Penjaga Kos, Jemuran, Pengurus Kos, CCTV, Taman",Parkir Motor,,https://mamikos.com/room/kost-kota-bandung-kost-campur-murah-kost-tegalega-249-astanaanyar-bandung?redirection_source=landing%20area,-6.937175296794731,107.60453305621728
Kost Casa De Suno Exclusive Cicendo Bandung,Campur,Rp3.000.000,3000000,Cicendo,Cicendo,"Kost ini berlokasi dekat dengan jalan raya dengan akses yang hanya bisa dilalui oleh motor/sepeda, berlokasi dekat dengan Warteg Abadi (979 m), Alfamart (651 m), Masjid Al Asy'ari Unisba (686 m), Bank BJB - Kantor Cabang Tamansari (744 m), Universitas Islam Bandung (685 m), RS Umum Melinda 2 (524 m).","4 x 4 meter, Tidak termasuk listrik","AC, Kasur, Meja, Lemari / Storage, Jendela, Guling, Cermin, Bantal, Wastafel, Kursi","K. Mandi Dalam, Kloset Duduk, Wastafel, Shower, Air panas","WiFi, Kulkas, Penjaga Kos, R. Jemur, R. Makan, Mushola, R. Santai, Dapur, Jemuran, CCTV","Parkir Mobil, Parkir Motor",,https://mamikos.com/room/kost-kota-bandung-kost-campur-eksklusif-kost-casa-de-suno-exclusive-cicendo-bandung?redirection_source=landing%20area,-6.9025889444183015,107.58805067103107
Kost Terusan Cisokan Cibeunying Kaler Bandung,Putri,Rp1.350.000,1350000,Cibeunying Kaler,Cibeunying Kaler,"Kost ini berlokasi dekat dengan jalan raya dengan akses yang hanya bisa dilalui oleh motor/sepeda, berlokasi dekat dengan Rumah Makan Boemi Mitoha (804 m), Alfamart A Yani 419 (1.1 km), Masjid Pusdai (834 m), Institut Teknologi Nasional Bandung (652 m), Sinar Abadi Balubur Town Square (2.6 km).","3 x 4 meter, Tidak termasuk listrik","Kasur, Meja, Lemari / Storage, Kursi","K. Mandi Dalam, Kloset Duduk, Shower, Air panas","WiFi, Kulkas, Mesin Cuci, R. Jemur, R. Makan, R. Santai, Dapur, TV",Parkir Motor,,https://mamikos.com/room/kost-kota-bandung-kost-putri-eksklusif-kost-terusan-cisokan-cibeunying-kaler-bandung-2?redirection_source=landing%20area,-6.887955717481965,107.62923858480802
Kost Nomad Coliving Asia Afrika Deluxe Lengkong Bandung,Campur,Rp2.499.999,2499999,Lengkong,Lengkong,"Kost ini berlokasi dekat dengan jalan raya dengan akses yang hanya bisa dilalui oleh motor/sepeda, berlokasi dekat dengan Warteg Bahari (527 m), Alfamart (3.1 km), Church In Bandung (501 m), Bank BJB - Cabang Utama Bandung (1.1 km), Universitas Islam Bandung (2.7 km), RS Umum Bungsu (1.0 km).","3 x 4 meter, Tidak termasuk listrik","AC, Kasur, Meja, Lemari / Storage, Jendela, Cermin, Bantal, Wastafel, Kursi","K. Mandi Dalam, Kloset Duduk, Wastafel, Shower, Air panas","WiFi, Kulkas, Penjaga Kos, R. Makan, Dapur, Pengurus Kos, CCTV, Rooftop, TV",,,https://mamikos.com/room/kost-kota-bandung-kost-campur-eksklusif-kost-nomad-coliving-asia-afrika-deluxe-lengkong-bandung?redirection_source=landing%20area,-6.9355327472183435,107.6243691716833
Kost Haga House 1 Tipe A Regol Bandung,Campur,Rp1.000.000,1000000,Regol,Regol,"Kost ini berlokasi dekat dengan jalan raya dengan akses yang hanya bisa dilalui oleh motor/sepeda, berlokasi dekat dengan Warteg Bahari (1.1 km), Circle K (1.0 km), Church of Isa Almasih (730 m), Bank BJB - Cabang Utama Bandung (1.3 km), Universitas Islam Bandung (3.1 km), RS Umum Bungsu (1.6 km).","3 x 4 meter, Termasuk listrik","Kasur, Meja, Ventilasi, Jendela, Guling, Bantal, Wastafel","K. Mandi Dalam, Kloset Duduk, Kloset Jongkok, Wastafel, Ember mandi, Shower","WiFi, Kulkas, R. Tamu, R. Jemur, Mushola, R. Santai, Dapur, Jemuran, Pengurus Kos, CCTV",Parkir Motor,,https://mamikos.com/room/kost-kota-bandung-kost-campur-murah-kost-haga-house-1-tipe-a-regol-bandung-2?redirection_source=landing%20area,-6.940132327380008,107.612222924972
Kost Paledang Lengkong Bandung,Putri,Rp1.300.000,1300000,Kecamatan Lengkong,Lengkong,"Kost ini berlokasi dekat dengan jalan raya dengan akses yang hanya bisa dilalui oleh motor/sepeda, berlokasi dekat dengan Rumah Makan Cikawao (330 m), Alfamart A Yani 419 (3.1 km), Church of Isa Almasih (504 m), Citibank Indonesia (352 m), Akademi Sekretari Dan Manajemen BSI Bandung (931 m), RS Umum Bungsu (742 m).","3 x 4 meter, Tidak termasuk listrik","Kasur, Lemari / Storage, Ventilasi, Jendela, Guling, Cermin, Cleaning service","K. Mandi Dalam, Kloset Jongkok, Ember mandi","R. Tamu, Penjaga Kos, R. Jemur, R. Santai, Jemuran, Pengurus Kos, Jual Makanan, CCTV, Balcon","Parkir Motor, Parkir Sepeda",,https://mamikos.com/room/kost-kota-bandung-kost-putri-eksklusif-kost-paledang-lengkong-bandung?redirection_source=landing%20area,-6.932364924048918,107.62716944683072
Kost Nomad Coliving Asia Afrika Superior Lengkong Bandung,Campur,Rp2.299.998,2299998,Lengkong,Lengkong,"Kost ini berlokasi dekat dengan jalan raya dengan akses yang hanya bisa dilalui oleh motor/sepeda, berlokasi dekat dengan Warteg Bahari (527 m), Alfamart (3.1 km), Church In Bandung (501 m), Bank BJB - Cabang Utama Bandung (1.1 km), Universitas Islam Bandung (2.7 km), RS Umum Bungsu (1.0 km).","3 x 4 meter, Tidak termasuk listrik","AC, Kasur, Meja, Lemari / Storage, Jendela, Cermin, Bantal, Wastafel, Kursi","K. Mandi Dalam, Kloset Duduk, Wastafel, Shower, Air panas","WiFi, Kulkas, Penjaga Kos, R. Makan, Dapur, Pengurus Kos, CCTV, Rooftop, TV",,,https://mamikos.com/room/kost-kota-bandung-kost-campur-eksklusif-kost-nomad-coliving-asia-afrika-superior-lengkong-bandung?redirection_source=landing%20area,-6.93276248316043,107.62742602874403
Kost Laswi Pavilion I Batununggal Bandung,Putri,Rp850.000,850000,Kecamatan Batununggal,Batununggal,"Kost ini berlokasi dekat dengan jalan raya dengan akses yang hanya bisa dilalui oleh motor/sepeda, berlokasi dekat dengan Warteg Bahari (1.6 km), Alfamart A Yani 419 (1.8 km), Masjid Al Jihad (783 m), Bank BCA KCP Buah Batu (1.9 km), Institut Teknologi Nasional Bandung (3.0 km), RS Umum Bungsu (1.8 km).","3 x 3 meter, Termasuk listrik","Kasur, Lemari / Storage, Jendela, Guling, Cermin, Bantal","Kloset Jongkok, K. Mandi Luar","WiFi, Penjaga Kos, Dapur, Balcon, K. Mandi Luar",Parkir Motor,,https://mamikos.com/room/kost-kota-bandung-kost-putri-murah-kost-laswi-pavilion-i-batununggal-bandung?redirection_source=landing%20area,-6.926058194647173,107.63994464456562
Kost Shekinah Bandung Wetan Bandung,Putri,Rp1.510.000,1510000,Bandung Wetan,Bandung Wetan,"Kost ini berlokasi dekat dengan jalan raya dengan akses yang hanya bisa dilalui oleh motor/sepeda, berlokasi dekat dengan Warteg Abadi (382 m), Circle K (3.2 km), Masjid Al Asy'ari Unisba (336 m), Bank BJB - Kantor Cabang Tamansari (326 m), Universitas Islam Bandung (300 m), RS Umum Tk IV 03.07.03Sariningsih (775 m).","3 x 2.5 meter, Tidak termasuk listrik","Kasur, Meja, Lemari / Storage, Ventilasi, Jendela, Guling, Bantal, Kursi","K. Mandi Dalam, Kloset Duduk, Shower, Air panas","WiFi, Kulkas, Dispenser, Dapur, Jemuran, CCTV",,,https://mamikos.com/room/kost-kota-bandung-kost-putri-eksklusif-kost-shekinah-bandung-wetan-bandung-2?redirection_source=landing%20area,-6.906011032279029,107.61510559396442
Kost Java Gamelan Lengkong Bandung,Putra,Rp1.550.000,1550000,Kecamatan Lengkong,Lengkong,"Kost ini berlokasi dekat dengan jalan raya dengan akses yang hanya bisa dilalui oleh motor/sepeda, berlokasi dekat dengan Warteg Bahari (420 m), Alfamart (2.5 km), Gereja Isa Almasih (1.4 km), Bank BCA KCP Buah Batu (699 m), Sekolah Tinggi Ilmu Ekonomi Pasundan (677 m), RS Mata Bandung Eye Center (738 m).","3 x 4 meter, Tidak termasuk listrik","AC, Kasur, Meja, TV, Lemari / Storage, Jendela, Cermin, Bantal, Kursi","K. Mandi Dalam, Kloset Duduk, Wastafel, Shower, Air panas","WiFi, R. Cuci, Kulkas, Mesin Cuci, R. Tamu, Penjaga Kos, R. Makan, Dispenser, Dapur, Jemuran","Parkir Mobil, Parkir Motor, Parkir Sepeda, Parkir Motor & Sepeda",,https://mamikos.com/room/kost-kota-bandung-kost-putra-eksklusif-kost-java-gamelan-lengkong-bandung?redirection_source=landing%20area,-6.935497160865984,107.62753307281459
Kost Griya Camar Tipe D Lengkong Bandung,Campur,Rp1.200.000,1200000,Lengkong,Lengkong,"Kost ini berlokasi dekat dengan jalan raya dengan akses yang hanya bisa dilalui oleh motor/sepeda, berlokasi dekat dengan Warteg Bahari (1.3 km), Alfamart (2.6 km), Church In Bandung (354 m), Bank BJB - Cabang Utama Bandung (1.4 km), Universitas Islam Bandung (2.5 km), RS Umum Bungsu (1.0 km).","3 x 3 meter, Tidak termasuk listrik","Kasur, Meja, Lemari / Storage, Jendela, Cermin, Bantal, Kursi","Kloset Jongkok, K. Mandi Luar, Ember mandi, Shower","WiFi, R. Cuci, Penjaga Kos, R. Jemur, Dapur, Jemuran, CCTV",Parkir Motor & Sepeda,,https://mamikos.com/room/kost-kota-bandung-kost-campur-eksklusif-kost-griya-camar-tipe-d-lengkong-bandung-2?redirection_source=landing%20area,-6.935623326024849,107.62655659458001
Kost Ibu Fany Saad Tipe Sedang Sumur Bandung,Putri,Rp1.300.000,1300000,Kecamatan Sumur Bandung,Sumur Bandung,"Kost ini berlokasi dekat dengan jalan raya dengan akses yang hanya bisa dilalui oleh motor/sepeda, berlokasi dekat dengan Warteg Bahari (1.2 km), Alfamart (2.6 km), Church In Bandung (606 m), Bank BJB - Cabang Utama Bandung (478 m), Universitas Islam Bandung (1.9 km), RS Umum Bungsu (201 m).","3 x 4 meter, Termasuk listrik","Meja, Lemari / Storage, Jendela","K. Mandi Dalam, Kloset Jongkok, Ember mandi, Shower, Air panas","WiFi, R. Cuci, Kulkas, Mesin Cuci, Laundry, R. Tamu, R. Jemur, R. Makan, R. Santai, Dispenser",,,https://mamikos.com/room/kost-kota-bandung-kost-putri-eksklusif-kost-ibu-fany-saad-tipe-sedang-sumur-bandung-bandung?redirection_source=landing%20area,-6.915259484365516,107.61813363476209
Kost Gajah Sebelas Lengkong Bandung,Campur,Rp3.499.999,3499999,Kecamatan Lengkong,Lengkong,"Kost ini berlokasi dekat dengan jalan raya dengan akses yang hanya bisa dilalui oleh motor/sepeda, berlokasi dekat dengan Warteg Bahari (695 m), Circle K (3.1 km), Church of Isa Almasih (1.1 km), Bank BCA KCP Buah Batu (852 m), Akademi Sekretari Dan Manajemen BSI Bandung (320 m), RS Umum Bungsu (1.9 km).","5 x 4.5 meter, Tidak termasuk listrik","AC, Kasur, Lemari / Storage, Jendela, Cermin, Bantal, Kursi","K. Mandi Dalam, Kloset Duduk, Shower, Air panas","WiFi, Penjaga Kos, Pengurus Kos, Jual Makanan, CCTV, Balcon, TV","Parkir Mobil, Parkir Motor",,https://mamikos.com/room/kost-kota-bandung-kost-campur-eksklusif-kost-gajah-sebelas-lengkong-bandung-2?redirection_source=landing%20area,-6.9339667258613895,107.62792867095578
Kost Bumi Putri Sukasenang Tipe B Cibeunying Kidul Bandung,Putri,Rp1.450.000,1450000,Cibeunying Kidul,Cibeunying Kidul,"Kost ini berlokasi dekat dengan jalan raya dengan akses yang hanya bisa dilalui oleh motor/sepeda, berlokasi dekat dengan Alfamart Bojong Koneng (1.1 km), Institut Teknologi Nasional Bandung (229 m), Sinar Abadi Balubur Town Square (2.8 km).","3 x 4 meter, Termasuk listrik","Kasur, Meja, Lemari / Storage, Kursi","K. Mandi Dalam, Kloset Duduk, Wastafel, Air panas","WiFi, Kulkas, Penjaga Kos, R. Jemur, R. Makan, Dapur","Parkir Mobil, Parkir Motor, Parkir Sepeda",,https://mamikos.com/room/kost-kota-bandung-kost-putri-eksklusif-kost-bumi-putri-sukasenang-tipe-b-cibeunying-kidul-bandung?redirection_source=landing%20area,-6.8994284240105985,107.64911255866808
Kost Otto Residence Tipe D Astanaanyar Bandung,Campur,Rp1.800.000,1800000,Astanaanyar,Astanaanyar,"Kost ini berlokasi dekat dengan jalan raya dengan akses yang hanya bisa dilalui oleh motor/sepeda, berlokasi dekat dengan Warteg Jaya Bahari (211 m), Circle K (534 m), Masjid Raya Bandung (446 m), Bank BJB - Cabang Utama Bandung (905 m), Institut Seni Budaya Indonesia Bandung (3.4 km), Bandung Electronic Center (2.0 km).","4 x 4 meter, Tidak termasuk listrik","AC, Kasur, Meja, Meja Rias, Lemari / Storage, Ventilasi, Jendela, Cermin, Bantal, Wastafel","K. Mandi Dalam, Kloset Duduk, Wastafel, Shower, Air panas","WiFi, R. Jemur, Dapur, Jemuran","Parkir Motor, Parkir Sepeda",,https://mamikos.com/room/kost-kota-bandung-kost-campur-eksklusif-kost-otto-residence-tipe-d-astanaanyar-bandung?redirection_source=landing%20area,-6.93802074503869,107.60484263040951
Kost Faiz Tipe B Sumur Bandung Bandung,Putra,Rp750.000,750000,Kecamatan Sumur Bandung,Sumur Bandung,"Kost ini berlokasi dekat dengan jalan raya dengan akses masuk mobil, berlokasi dekat dengan Rumah Makan Mirasa (616 m), Circle K (3.2 km), Masjid Al Asy'ari Unisba (570 m), Bank Permata (418 m), Universitas Islam Bandung (605 m), RS Khusus Mata Cicendo (303 m).","3 x 3 meter, Termasuk listrik","Kasur, Lemari / Storage","Kloset Duduk, Kloset Jongkok, K. Mandi Luar, Ember mandi, Shower, Air panas","WiFi, K. Mandi Luar","Parkir Motor, Parkir Sepeda",,https://mamikos.com/room/kost-kota-bandung-kost-putra-murah-kost-faiz-tipe-b-sumur-bandung-bandung-2?redirection_source=landing%20area,-6.915483515945689,107.61684378045365
Kost Otto Residence Tipe B Astanaanyar Bandung,Campur,Rp1.800.000,1800000,Astanaanyar,Astanaanyar,"Kost ini berlokasi dekat dengan jalan raya dengan akses yang hanya bisa dilalui oleh motor/sepeda, berlokasi dekat dengan Warteg Jaya Bahari (211 m), Circle K (534 m), Masjid Raya Bandung (446 m), Bank BJB - Cabang Utama Bandung (905 m), Institut Seni Budaya Indonesia Bandung (3.4 km), Bandung Electronic Center (2.0 km).","3 x 4 meter, Tidak termasuk listrik","AC, Kasur, Meja, Meja Rias, Lemari / Storage, Wastafel, Kursi","K. Mandi Dalam, Kloset Duduk, Wastafel, Shower, Air panas","WiFi, R. Jemur, Dapur, CCTV","Parkir Motor, Parkir Sepeda",,https://mamikos.com/room/kost-kota-bandung-kost-campur-eksklusif-kost-otto-residence-tipe-b-astanaanyar-bandung?redirection_source=landing%20area,-6.936928795673565,107.60206839318042
Kost P House Tipe Premium Andir Bandung,Campur,Rp1.250.000,1250000,Andir,Andir,"Kost ini berlokasi dekat dengan jalan raya dengan akses yang hanya bisa dilalui oleh motor/sepeda, berlokasi dekat dengan Warteg Abadi (1.6 km), Alfamart (2.0 km), Masjid Al Asy'ari Unisba (1.4 km), Bank BJB - Cabang Utama Bandung (835 m), Universitas Islam Bandung (1.4 km), RS Umum Bungsu (1.1 km).","3 x 4 meter, Termasuk listrik","Kasur, Lemari / Storage, Ventilasi, Jendela, Wastafel","K. Mandi Dalam, Kloset Duduk, Shower","WiFi, Laundry, Dapur, Jemuran, CCTV",Parkir Motor,,https://mamikos.com/room/kost-kota-bandung-kost-campur-eksklusif-kost-p-house-tipe-premium-andir-bandung-2?redirection_source=landing%20area,-6.905989996978337,107.57041070160177
Kost Sitimunigar Reguler Astanaanyar Bandung,Campur,Rp1.300.000,1300000,Kecamatan Astanaanyar,Astanaanyar,"Kost ini berlokasi dekat dengan jalan raya dengan akses masuk mobil, berlokasi dekat dengan Warteg Bahari (1.5 km), Alfamart (2.8 km), Church of Isa Almasih (1.1 km), Bank BJB - Cabang Utama Bandung (1.3 km), Universitas Islam Bandung (2.9 km), RS Umum Bungsu (1.6 km).","3 x 3 meter, Tidak termasuk listrik","Kasur, Meja, Lemari / Storage, Jendela, Kursi","K. Mandi Dalam, Kloset Duduk, Ember mandi, Shower","WiFi, Laundry, Penjaga Kos, R. Makan, R. Santai, Dapur, Pengurus Kos, CCTV, Balcon, R. Keluarga","Parkir Motor, Parkir Motor & Sepeda",,https://mamikos.com/room/kost-kota-bandung-kost-campur-eksklusif-kost-sitimunigar-reguler-astanaanyar-bandung?redirection_source=landing%20area,-6.938876355786187,107.60184883433763
Kost Rania Modern Tipe A1 Regol Bandung,Putri,Rp950.000,950000,Regol,Regol,"Kost ini berlokasi dekat dengan jalan raya dengan akses yang hanya bisa dilalui oleh motor/sepeda, berlokasi dekat dengan Warteg Bahari (876 m), Alfamart (3.2 km), Church of Isa Almasih (449 m), Bank BJB - Cabang Utama Bandung (723 m), Universitas Islam Bandung (2.5 km), RS Umum Bungsu (984 m).","3 x 3 meter, Tidak termasuk listrik","Kasur, Meja, Lemari / Storage, Ventilasi, Jendela, Guling, Cermin, Bantal, Kursi, Kipas Angin","K. Mandi Dalam, Kloset Duduk, Shower","WiFi, R. Jemur, Dispenser, Dapur, Jemuran, Pengurus Kos, K. Mandi Luar","Parkir Motor, Parkir Sepeda",,https://mamikos.com/room/kost-kota-bandung-kost-putri-murah-kost-rania-modern-tipe-a1-regol-bandung-2?redirection_source=landing%20area,-6.941484276989615,107.61476648208446
Kost Salamah Tipe A Regol Bandung,Campur,Rp700.000,700000,Kecamatan Regol,Regol,"Kost ini berlokasi dekat dengan jalan raya dengan akses yang hanya bisa dilalui oleh motor/sepeda, berlokasi dekat dengan Warteg Jaya Bahari (350 m), Circle K (522 m), Masjid Raya Bandung (417 m), Bank BJB - Cabang Utama Bandung (824 m), Institut Seni Budaya Indonesia Bandung (3.2 km), RSU Bhayangkara Tk II Sartika Asih (3.6 km).","2.9 x 3 meter, Termasuk listrik","Kasur, Lemari / Storage, Sofa","Kloset Jongkok, K. Mandi Luar, Ember mandi, Bak mandi","R. Cuci, R. Tamu, R. Jemur, R. Santai, Dapur, K. Mandi Luar","Parkir Motor, Parkir Sepeda",,https://mamikos.com/room/kost-kota-bandung-kost-campur-murah-kost-salamah-tipe-a-regol-bandung?redirection_source=landing%20area,-6.941469213393193,107.61256488273268
Kost Nangkasuni 47F Tipe A Bandung Wetan Bandung,Putri,Rp515.000,515000,Kecamatan Bandung Wetan,Bandung Wetan,"Kost ini berlokasi dekat dengan jalan raya dengan akses yang hanya bisa dilalui oleh motor/sepeda, berlokasi dekat dengan Rumah Makan Kapau Jaya (481 m), Circle K (3.0 km), Masjid Salman ITB (1.5 km), Bank Syariah Indonesia KC Bandung Suniaraja (1.1 km), Institut Teknologi Bandung (1.7 km), RS Ibu dan Anak Limijati (830 m).","3 x 3 meter, Tidak termasuk listrik","Kasur, TV, Lemari / Storage, Kulkas, Wastafel, Cleaning service","Kloset Jongkok, K. Mandi Luar, Bak mandi","R. Cuci, Kulkas, Laundry, R. Tamu, R. Jemur, R. Makan, Mushola, R. Santai, Dapur, Balcon","Parkir Motor, Parkir Sepeda",,https://mamikos.com/room/kost-kota-bandung-kost-putri-murah-kost-nangkasuni-47f-tipe-a-bandung-wetan-bandung?redirection_source=landing%20area,-6.906547122365442,107.61468866561503
Kost Adipati 10 Bandung Wetan Bandung,Putri,Rp2.000.000,2000000,Kecamatan Bandung Wetan,Bandung Wetan,"Kost ini berlokasi dekat dengan jalan raya dengan akses yang hanya bisa dilalui oleh motor/sepeda, berlokasi dekat dengan Warteg Abadi (547 m), Alfamart A Yani 419 (3.0 km), Masjid Al-Muttaqin (Gedung Sate) (451 m), Bank Mandiri Bandung Priority Banking Soerapatti (252 m), Universitas Padjadjaran Kampus Dipatiukur (779 m), RS Umum Santo Borromeus (663 m).","3 x 3 meter, Termasuk listrik","Kasur, Meja, Lemari / Storage, Ventilasi, Jendela, Cermin, Bantal, Kursi","K. Mandi Dalam, Kloset Duduk, Wastafel, Shower, Air panas","WiFi, Kulkas, Mesin Cuci, R. Jemur, R. Makan, Dispenser, Dapur, Jemuran, Rice Cooker, Pengurus Kos","Parkir Motor, Parkir Sepeda",,https://mamikos.com/room/kost-kota-bandung-kost-putri-eksklusif-kost-adipati-10-bandung-wetan-bandung-2?redirection_source=landing%20area,-6.9065190616645955,107.61623023890417
Kost Pinta Pahlawan Cibeunying Kidul Bandung,Putri,Rp600.000,600000,Kecamatan Cibeunying Kidul,Cibeunying Kidul,"Kost ini berlokasi dekat dengan jalan raya dengan akses yang hanya bisa dilalui oleh motor/sepeda, berlokasi dekat dengan Warteg Cintaasih (2.4 km), Alfamart (1.1 km), Christian Church Pasundan Awiligar (2.0 km), Bank BJB Weekend Banking (1.6 km), Institut Teknologi Nasional Bandung (175 m), RS Ibu dan Anak Al Islam (1.3 km).","3 x 4 meter, Termasuk listrik","Kasur, Lemari / Storage, Ventilasi","Kloset Jongkok, K. Mandi Luar, Ember mandi, Bak mandi","WiFi, Jemuran, CCTV, Balcon, K. Mandi Luar",,,https://mamikos.com/room/kost-kota-bandung-kost-putri-murah-kost-pinta-pahlawan-cibeunying-kidul-bandung-2?redirection_source=landing%20area,-6.8968445773562115,107.65038575644765
Kost Bu Enita Cibeunying Kaler Bandung,Campur,Rp550.000,550000,Cibeunying Kaler,Cibeunying Kaler,"Kost ini berlokasi dekat dengan jalan raya dengan akses yang hanya bisa dilalui oleh motor/sepeda, berlokasi dekat dengan Rumah Makan Pondok (796 m), Alfamart Bojong Koneng (1.5 km), Masjid Pusdai (569 m), Universitas Padjadjaran Kampus Dipatiukur (1.6 km), Sinar Abadi Balubur Town Square (2.3 km).","3 x 5 meter, Termasuk listrik","Kasur, Lemari / Storage, Jendela, Cleaning service","Kloset Jongkok, K. Mandi Luar, Ember mandi, Bak mandi","R. Cuci, Penjaga Kos, Mushola, Dapur, Pengurus Kos, K. Mandi Luar","Parkir Motor, Parkir Sepeda",,https://mamikos.com/room/kost-kota-bandung-kost-campur-murah-kost-bu-enita-cibeunying-kaler-bandung?redirection_source=landing%20area,-6.8844413758855305,107.62840956338299
Kost Sukamulus Cibeunying Kidul Bandung,Campur,Rp450.000,450000,Cibeunying Kidul,Cibeunying Kidul,"Kost ini berlokasi dekat dengan jalan raya dengan akses yang hanya bisa dilalui oleh motor/sepeda, berlokasi dekat dengan Warteg Abadi (3.1 km), Alfamart A Yani 419 (284 m), Masjid Pusdai (1.6 km), Bank Mandiri Bandung Priority Banking Soerapatti (2.6 km), Institut Teknologi Nasional Bandung (1.2 km), RS Umum Santo Yusup (583 m).","3 x 3 meter, Termasuk listrik","Kasur, Meja, Ventilasi, Jendela, Cermin, Bantal, Cleaning service","Kloset Jongkok, K. Mandi Luar, Ember mandi, Shower, Bak mandi","WiFi, R. Cuci, Penjaga Kos, R. Jemur, Dispenser, Dapur, Jemuran, Pengurus Kos, CCTV, Gazebo","Parkir Mobil, Parkir Motor, Parkir Sepeda",,https://mamikos.com/room/kost-kota-bandung-kost-campur-murah-kost-sukamulus-cibeunying-kidul-bandung?redirection_source=landing%20area,-6.8982642129275105,107.65168037738702
Kost Otto Residence Tipe E Astanaanyar Bandung,Campur,Rp1.700.000,1700000,Astanaanyar,Astanaanyar,"Kost ini berlokasi dekat dengan jalan raya dengan akses yang hanya bisa dilalui oleh motor/sepeda, berlokasi dekat dengan Warteg Jaya Bahari (211 m), Circle K (534 m), Masjid Raya Bandung (446 m), Bank BJB - Cabang Utama Bandung (905 m), Institut Seni Budaya Indonesia Bandung (3.4 km), Bandung Electronic Center (2.0 km).","4 x 4 meter, Tidak termasuk listrik","Kasur, Meja, Meja Rias, Lemari / Storage, Wastafel, Kursi","K. Mandi Dalam, Kloset Duduk, Wastafel, Shower, Air panas","R. Jemur, Dapur",Parkir Motor,,https://mamikos.com/room/kost-kota-bandung-kost-campur-eksklusif-kost-otto-residence-tipe-e-astanaanyar-bandung?redirection_source=landing%20area,-6.939545847371026,107.60156335542956
Kost Ciguriang 25 Exclusive Regol Bandung,Campur,Rp2.500.000,2500000,Kecamatan Regol,Regol,"Kost ini berlokasi dekat dengan jalan raya dengan akses yang hanya bisa dilalui oleh motor/sepeda, berlokasi dekat dengan Warteg Bahari (1.4 km), Alfamart (3.0 km), Church of Isa Almasih (1.0 km), Bank BJB - Cabang Utama Bandung (817 m), Universitas Islam Bandung (2.4 km), RS Umum Bungsu (1.2 km).","3 x 4 meter, Tidak termasuk listrik","AC, Kasur, Lemari / Storage, Ventilasi, Jendela, Guling, Cermin, Bantal, Wastafel, Kursi","K. Mandi Dalam, Kloset Duduk, Wastafel, Shower, Air panas","WiFi, R. Cuci, Kulkas, Mesin Cuci, Laundry, Penjaga Kos, R. Jemur, R. Santai, Dispenser, Dapur","Parkir Mobil, Parkir Motor, Parkir Sepeda, Parkir Motor & Sepeda",,https://mamikos.com/room/kost-kota-bandung-kost-campur-eksklusif-kost-ciguriang-25-exclusive-regol-bandung?redirection_source=landing%20area,-6.938690078692421,107.6124217053918
Kost Mudita Kasih Executive Cicendo Bandung,Campur,Rp1.850.000,1850000,Kecamatan Cicendo,Cicendo,"Kost ini berlokasi dekat dengan jalan raya dengan akses yang hanya bisa dilalui oleh motor/sepeda, berlokasi dekat dengan Warteg Abadi (1.0 km), Alfamart (1.2 km), Masjid Al Asy'ari Unisba (749 m), Bank BJB - Kantor Cabang Tamansari (803 m), Universitas Islam Bandung (777 m), RS Umum Melinda 2 (701 m).","3 x 4 meter, Tidak termasuk listrik","Kasur, Meja, Ventilasi, Jendela, Guling, Cermin, Bantal, Kursi","K. Mandi Dalam, Kloset Duduk, Ember mandi, Shower, Air panas","WiFi, Kulkas, Mesin Cuci, R. Jemur, Dapur, Jemuran, CCTV",Parkir Motor & Sepeda,,https://mamikos.com/room/kost-kota-bandung-kost-campur-eksklusif-kost-mudita-kasih-executive-cicendo-bandung?redirection_source=landing%20area,-6.902933997970407,107.58748377295892
Kost Anton Tipe B Lengkong Bandung,Campur,Rp1.300.000,1300000,Lengkong,Lengkong,"Kost ini berlokasi dekat dengan jalan raya dengan akses yang hanya bisa dilalui oleh motor/sepeda, berlokasi dekat dengan Warteg Bahari (683 m), Alfamart (2.9 km), Church In Bandung (409 m), Bank BJB - Cabang Utama Bandung (876 m), Universitas Islam Bandung (2.5 km), RS Umum Bungsu (743 m).","3.6 x 2.4 meter, Tidak termasuk listrik","Kasur, Meja, TV, Lemari / Storage, Kulkas, Ventilasi, Meja makan, Jendela, Cermin, Bantal","K. Mandi Dalam, Kloset Duduk, Kloset Jongkok, K. Mandi Luar, Ember mandi, Shower","WiFi, Kulkas, Laundry, R. Tamu, Penjaga Kos, R. Jemur, R. Makan, R. Santai, Dispenser, Dapur","Parkir Motor, Parkir Sepeda",,https://mamikos.com/room/kost-kota-bandung-kost-campur-eksklusif-kost-anton-tipe-b-lengkong-bandung-2?redirection_source=landing%20area,-6.933454485417355,107.62690901348634
Kost Mania Regol Bandung,Campur,Rp1.600.000,1600000,Kecamatan Regol,Regol,"Kost ini berlokasi dekat dengan jalan raya dengan akses yang hanya bisa dilalui oleh motor/sepeda, berlokasi dekat dengan Warteg Jaya Bahari (526 m), Circle K (846 m), Gereja Kristen Kalam Kudus Pasundan (494 m), Institut Seni Budaya Indonesia Bandung (3.1 km), RSU Bhayangkara Tk II Sartika Asih (3.3 km), Bandung Electronic Center (2.3 km).","3 x 3 meter, Termasuk listrik","Kasur, Meja, TV, Lemari / Storage, Meja makan","K. Mandi Dalam, Kloset Duduk, Kloset Jongkok, Ember mandi, Shower, Air panas","WiFi, R. Cuci, Kulkas, Mesin Cuci, R. Tamu, Penjaga Kos, R. Jemur, R. Makan, R. Santai, Dispenser","Parkir Motor, Parkir Sepeda, Parkir Motor & Sepeda",,https://mamikos.com/room/kost-kota-bandung-kost-campur-eksklusif-kost-mania-regol-bandung-2?redirection_source=landing%20area,-6.938264607352755,107.6131126479979
Kost My Four Tipe A Bandung Wetan Bandung,Campur,Rp1.100.000,1100000,Bandung Wetan,Bandung Wetan,"Kost ini berlokasi dekat dengan jalan raya dengan akses yang hanya bisa dilalui oleh motor/sepeda, berlokasi dekat dengan Warteg Abadi (346 m), Alfamart A Yani 419 (3.0 km), Masjid Al-Muttaqin (Gedung Sate) (469 m), Bank Mandiri Bandung Priority Banking Soerapatti (452 m), Universitas Islam Bandung (650 m), RS Ibu dan Anak Limijati (476 m).","2.5 x 3 meter, Termasuk listrik","Kasur, Meja, Lemari / Storage, Kursi","Kloset Jongkok, K. Mandi Luar, Shower, Air panas, Bak mandi","WiFi, Mesin Cuci, R. Jemur, R. Makan, Dapur, Taman","Parkir Motor, Parkir Sepeda",,https://mamikos.com/room/kost-kota-bandung-kost-campur-eksklusif-kost-my-four-tipe-a-bandung-wetan-bandung?redirection_source=landing%20area,-6.903519461555258,107.61648421056486
Kost Sitimunigar Executive Ac Astanaanyar Bandung,Campur,Rp1.700.000,1700000,Kecamatan Astanaanyar,Astanaanyar,"Kost ini berlokasi dekat dengan jalan raya dengan akses masuk mobil, berlokasi dekat dengan Warteg Bahari (1.5 km), Alfamart (2.8 km), Church of Isa Almasih (1.1 km), Bank BJB - Cabang Utama Bandung (1.3 km), Universitas Islam Bandung (2.9 km), RS Umum Bungsu (1.6 km).","4 x 4 meter, Tidak termasuk listrik","AC, Kasur, Meja, Lemari / Storage, Ventilasi, Guling, Bantal, Kursi","K. Mandi Dalam, Kloset Duduk, Ember mandi, Shower","WiFi, Laundry, Penjaga Kos, R. Makan, R. Santai, Dapur, Pengurus Kos, CCTV, Balcon, R. Keluarga","Parkir Motor, Parkir Motor & Sepeda",,https://mamikos.com/room/kost-kota-bandung-kost-campur-eksklusif-kost-sitimunigar-executive-ac-astanaanyar-bandung?redirection_source=landing%20area,-6.939737013876714,107.60100727052256
Kost Sitimunigar Reguler Ac Astanaanyar Bandung,Campur,Rp1.500.000,1500000,Kecamatan Astanaanyar,Astanaanyar,"Kost ini berlokasi dekat dengan jalan raya dengan akses masuk mobil, berlokasi dekat dengan Warteg Bahari (1.5 km), Alfamart (2.8 km), Church of Isa Almasih (1.1 km), Bank BJB - Cabang Utama Bandung (1.3 km), Universitas Islam Bandung (2.9 km), RS Umum Bungsu (1.6 km).","3 x 3 meter, Tidak termasuk listrik","AC, Kasur, Meja, Lemari / Storage, Jendela, Kursi","K. Mandi Dalam, Kloset Duduk, Ember mandi, Shower","WiFi, Kulkas, Laundry, Penjaga Kos, R. Jemur, R. Makan, R. Santai, Dapur, Pengurus Kos, CCTV","Parkir Motor, Parkir Motor & Sepeda",,https://mamikos.com/room/kost-kota-bandung-kost-campur-eksklusif-kost-sitimunigar-reguler-ac-astanaanyar-bandung-2?redirection_source=landing%20area,-6.937387331370375,107.60143266772107
Kost Cikawao Lengkong Besar Bandung,Campur,Rp800.000,800000,Lengkong,Lengkong,"Kost ini berlokasi dekat dengan jalan raya dengan akses yang hanya bisa dilalui oleh motor/sepeda, berlokasi dekat dengan Rumah Makan Cikawao (98 m), Alfamart A Yani 419 (3.3 km), Church of Isa Almasih (271 m), Citibank Indonesia (574 m), Akademi Sekretari Dan Manajemen BSI Bandung (940 m), RS Umum Bungsu (898 m).","3 x 3 meter, Tidak termasuk listrik","Kasur, Lemari / Storage","K. Mandi Dalam, Kloset Jongkok, Ember mandi","WiFi, R. Tamu, Penjaga Kos, R. Jemur, R. Makan, R. Santai, Dapur, TV","Parkir Motor, Parkir Sepeda",,https://mamikos.com/room/kost-bandung-kost-campur-murah-kost-cikawao-lengkong-besar-bandung-1?redirection_source=landing%20area,-6.934955720214048,107.62518383684782
Kost Kelinci 11 AC Lengkong Bandung,Campur,Rp1.250.000,1250000,Kecamatan Lengkong,Lengkong,"Kost ini berlokasi dekat dengan jalan raya dengan akses masuk mobil, berlokasi dekat dengan Warteg Bahari (439 m), Alfamart A Yani 419 (3.2 km), Masjid Jami Nurul Falah (439 m), CIMB Niaga (Buah Batu) (697 m), Akademi Sekretari Dan Manajemen BSI Bandung (318 m), RS Umum Muhammadiyah (430 m).","3 x 3 meter, Tidak termasuk listrik","AC, Kasur, Meja, Lemari / Storage, Kursi","K. Mandi Dalam, Kloset Duduk","WiFi, R. Cuci, Kulkas, R. Tamu, Penjaga Kos, R. Jemur, Dispenser, Dapur, CCTV","Parkir Motor, Parkir Sepeda",,https://mamikos.com/room/kost-kota-bandung-kost-campur-eksklusif-kost-kelinci-11-ac-lengkong-bandung-2?redirection_source=landing%20area,-6.934078989248152,107.62494204954602
Kost Albani Regol Bandung,Putri,Rp1.650.001,1650001,Kecamatan Regol,Regol,"Kost ini berlokasi dekat dengan jalan raya dengan akses yang hanya bisa dilalui oleh motor/sepeda, berlokasi dekat dengan Warteg Bahari (884 m), Circle K (867 m), Church of Isa Almasih (726 m), Institut Seni Budaya Indonesia Bandung (2.3 km), RSU Bhayangkara Tk II Sartika Asih (2.5 km), Bandung Electronic Center (2.9 km).","2.9 x 2.2 meter, Termasuk listrik","AC, Kasur, Meja, Lemari / Storage, Ventilasi, Jendela, Guling, Cermin, Bantal, Kipas Angin","K. Mandi Dalam, Kloset Duduk, Ember mandi, Shower","WiFi, Kulkas, R. Jemur, Dapur, Jemuran, Pengurus Kos, Rooftop, Balcon","Parkir Motor, Parkir Sepeda, Parkir Motor & Sepeda",,https://mamikos.com/room/kost-kota-bandung-kost-putri-eksklusif-kost-albani-regol-bandung?redirection_source=landing%20area,-6.937885191610193,107.61425030894654
Kost Kejaksaan Tipe Street View Sumur Bandung,Putri,Rp1.200.000,1200000,Sumur Bandung,Sumur Bandung,"Kost ini berlokasi dekat dengan jalan raya dengan akses yang hanya bisa dilalui oleh motor/sepeda, berlokasi dekat dengan Rumah Makan Soto Bali (897 m), Alfamart A Yani 419 (3.3 km), Masjid Raya Bandung (546 m), Bank BJB - Cabang Utama Bandung (172 m), Universitas Padjadjaran Kampus Dipatiukur (2.9 km), Bandung Electronic Center (1.2 km).","2.5 x 3.1 meter, Tidak termasuk listrik","AC, Kasur, Meja, Lemari / Storage, Kursi","Kloset Duduk, K. Mandi Luar, Wastafel, Shower, Air panas","WiFi, Dapur, Pengurus Kos, CCTV, K. Mandi Luar",Parkir Motor,,https://mamikos.com/room/kost-kota-bandung-kost-putri-eksklusif-kost-kejaksaan-tipe-street-view-sumur-bandung-?redirection_source=landing%20area,-6.913067719689407,107.61600050399879
Kost Sitimunigar Executive Astanaanyar Bandung,Campur,Rp1.600.000,1600000,Kecamatan Astanaanyar,Astanaanyar,"Kost ini berlokasi dekat dengan jalan raya dengan akses masuk mobil, berlokasi dekat dengan Warteg Bahari (1.5 km), Alfamart (2.8 km), Church of Isa Almasih (1.1 km), Bank BJB - Cabang Utama Bandung (1.3 km), Universitas Islam Bandung (2.9 km), RS Umum Bungsu (1.6 km).","4 x 4 meter, Tidak termasuk listrik","Kasur, Meja, Lemari / Storage, Guling, Bantal, Kursi","K. Mandi Dalam, Kloset Duduk, Ember mandi, Shower","WiFi, Laundry, Penjaga Kos, R. Makan, R. Santai, Dapur, Pengurus Kos, CCTV, Balcon, R. Keluarga","Parkir Motor, Parkir Motor & Sepeda",,https://mamikos.com/room/kost-kota-bandung-kost-campur-eksklusif-kost-sitimunigar-executive-astanaanyar-bandung?redirection_source=landing%20area,-6.940138044642174,107.60218106128
Kost Pondok Kebon Kembang 3 Tipe A Bandung Wetan Bandung,Campur,Rp1.450.000,1450000,Kecamatan Bandung Wetan,Bandung Wetan,"Kost ini berlokasi dekat dengan jalan raya dengan akses yang hanya bisa dilalui oleh motor/sepeda, berlokasi dekat dengan Warteg Abadi (451 m), Alfamart (597 m), Masjid Al Arief (371 m), Bank BJB - Kantor Cabang Tamansari (513 m), Universitas Islam Bandung (506 m), RS Umum Tk IV 03.07.03Sariningsih (900 m).","3 x 4 meter, Termasuk listrik","AC, Kasur, Dispenser, Meja, Lemari / Storage, Jendela, Cermin, Bantal, TV Kabel, Kursi","K. Mandi Dalam, Kloset Duduk, Ember mandi, Shower, Air panas","WiFi, R. Cuci, Kulkas, Mesin Cuci, R. Tamu, Penjaga Kos, R. Jemur, R. Santai, Dispenser, Dapur","Parkir Motor, Parkir Motor & Sepeda",,https://mamikos.com/room/kost-kota-bandung-kost-campur-eksklusif-kost-pondok-kebon-kembang-3-tipe-a-bandung-wetan-bandung?redirection_source=landing%20area,-6.905133136371865,107.61771071249558
Kost Lilia Cozy Room Smart Astanaanyar Bandung,Campur,Rp1.000.000,1000000,Kecamatan Astanaanyar,Astanaanyar,"Kost ini berlokasi dekat dengan jalan raya dengan akses yang hanya bisa dilalui oleh motor/sepeda, berlokasi dekat dengan Warteg Bahari (1.6 km), Alfamart (2.7 km), Church of Isa Almasih (1.2 km), Bank BJB - Cabang Utama Bandung (1.4 km), Universitas Islam Bandung (3.0 km), RS Umum Bungsu (1.8 km).","1.9 x 2.9 meter, Tidak termasuk listrik","Kasur, Meja, Lemari / Storage, Ventilasi, Jendela, Bantal, Kursi","Kloset Duduk, K. Mandi Luar, Wastafel, Ember mandi, Shower","WiFi, R. Cuci, Kulkas, Laundry, R. Tamu, Penjaga Kos, R. Jemur, Dapur, Jemuran, Pengurus Kos","Parkir Motor, Parkir Sepeda, Parkir Motor & Sepeda",,https://mamikos.com/room/kost-kota-bandung-kost-campur-eksklusif-kost-lilia-cozy-room-smart-astanaanyar-bandung?redirection_source=landing%20area,-6.9389026700013705,107.603789165063
Kost Pandawa Jl Masjid At Taufiq Batununggal Bandung,Putra,Rp750.000,750000,Kecamatan Batununggal,Batununggal,"Kost ini berlokasi dekat dengan jalan raya dengan akses yang hanya bisa dilalui oleh motor/sepeda, berlokasi dekat dengan Warteg Berkah Bahari (407 m), Alfamart A Yani 419 (2.7 km), Gereja Katolik Hati Tak Bernoda Santa Perawan Maria (1.5 km), Sekolah Tinggi Ilmu Ekonomi Pasundan (421 m).","3 x 3 meter, Termasuk listrik","Kasur, Meja, Lemari / Storage, Ventilasi, Jendela","Kloset Jongkok, K. Mandi Luar, Ember mandi","WiFi, Dapur, Jemuran, K. Mandi Luar","Parkir Motor, Parkir Sepeda",,https://mamikos.com/room/kost-kota-bandung-kost-putra-murah-kost-pandawa-jl-masjid-at-taufiq-batununggal-bandung?redirection_source=landing%20area,-6.928162451128451,107.64207153930488
Kost Lilia Cozy Room Standard Astanaanyar Bandung,Campur,Rp1.200.000,1200000,Kecamatan Astanaanyar,Astanaanyar,"Kost ini berlokasi dekat dengan jalan raya dengan akses yang hanya bisa dilalui oleh motor/sepeda, berlokasi dekat dengan Warteg Bahari (1.6 km), Alfamart (2.7 km), Church of Isa Almasih (1.2 km), Bank BJB - Cabang Utama Bandung (1.4 km), Universitas Islam Bandung (3.0 km), RS Umum Bungsu (1.8 km).","2.3 x 2.6 meter, Tidak termasuk listrik","Kasur, Meja, Lemari / Storage, Ventilasi, Jendela, Bantal, Kursi","Kloset Duduk, K. Mandi Luar, Wastafel, Ember mandi, Shower","WiFi, R. Cuci, Kulkas, Laundry, R. Tamu, Penjaga Kos, R. Jemur, Dapur, Jemuran, Pengurus Kos","Parkir Motor, Parkir Sepeda, Parkir Motor & Sepeda",,https://mamikos.com/room/kost-kota-bandung-kost-campur-eksklusif-kost-lilia-cozy-room-standard-astanaanyar-bandung-2?redirection_source=landing%20area,-6.93823012397403,107.6036368349644
Kost Anggrek Barokah Bandung Wetan Bandung,Campur,Rp1.700.000,1700000,Kecamatan Bandung Wetan,Bandung Wetan,"Kost ini berlokasi dekat dengan jalan raya dengan akses yang hanya bisa dilalui oleh motor/sepeda, berlokasi dekat dengan Warteg Abadi (2.3 km), Alfamart A Yani 419 (971 m), Masjid Al Kautsar (1.5 km), Citibank Indonesia (2.0 km), Universitas Padjadjaran Kampus Dipatiukur (2.4 km), RS Umum Bungsu (2.1 km).","3 x 4 meter, Termasuk listrik","Kasur, Dispenser, Meja, TV, Lemari / Storage, Ventilasi, Jendela, Guling, Cermin, Bantal","K. Mandi Dalam, Kloset Duduk, Shower, Air panas","WiFi, R. Cuci, Kulkas, Penjaga Kos, R. Jemur, Dispenser, Dapur, Jemuran, Pengurus Kos, CCTV","Parkir Mobil, Parkir Motor, Parkir Sepeda",,https://mamikos.com/room/kost-kota-bandung-kost-campur-eksklusif-kost-anggrek-barokah-bandung-wetan-bandung?redirection_source=landing%20area,-6.904186396131248,107.61773842792535
Kost No 73 Tipe A Cibeunying Kaler Bandung,Putra,Rp1.000.000,1000000,Cibeunying Kaler,Cibeunying Kaler,"Kost ini berlokasi dekat dengan jalan raya dengan akses yang hanya bisa dilalui oleh motor/sepeda, berlokasi dekat dengan Rumah Makan Boemi Mitoha (786 m), Alfamart A Yani 419 (1.3 km), Masjid Pusdai (725 m), Institut Teknologi Nasional Bandung (612 m), Sinar Abadi Balubur Town Square (2.5 km).","3 x 3 meter, Tidak termasuk listrik",,"Kloset Duduk, K. Mandi Luar, Ember mandi, Bak mandi","WiFi, Laundry, R. Jemur, R. Santai, Dapur","Parkir Mobil, Parkir Motor, Parkir Sepeda",,https://mamikos.com/room/kost-kota-bandung-kost-putra-eksklusif-kost-no-73-tipe-a-cibeunying-kaler-bandung?redirection_source=landing%20area,-6.885912278795505,107.63018906900952
Kost Exclusive Purawinata 11 Lengkong Bandung,Campur,Rp1.500.000,1500000,Lengkong,Lengkong,"Kost ini berlokasi dekat dengan jalan raya dengan akses yang hanya bisa dilalui oleh motor/sepeda, berlokasi dekat dengan Warteg Bahari (605 m), Alfamart (3.2 km), Church of Isa Almasih (269 m), Bank BJB - Cabang Utama Bandung (741 m), Universitas Islam Bandung (2.6 km), RS Umum Bungsu (858 m).","3 x 3 meter, Tidak termasuk listrik","Kasur, Meja, Lemari / Storage, Jendela, Guling, Bantal, Kursi","K. Mandi Dalam, Kloset Duduk, Kloset Jongkok, Air panas","WiFi, Kulkas, R. Tamu, Penjaga Kos, R. Jemur, R. Makan, R. Santai, Pengurus Kos, CCTV, Balcon","Parkir Motor, Parkir Motor & Sepeda",,https://mamikos.com/room/kost-kota-bandung-kost-campur-eksklusif-kost-exclusive-purawinata-11-lengkong-bandung?redirection_source=landing%20area,-6.933502408108093,107.62627543083987
Kost Bengawan 83 Tipe B Bandung Wetan Bandung,Campur,Rp1.350.000,1350000,Bandung Wetan,Bandung Wetan,"Kost ini berlokasi dekat dengan jalan raya dengan akses yang hanya bisa dilalui oleh motor/sepeda, berlokasi dekat dengan Rumah Makan Boemi Mitoha (746 m), Alfamart A Yani 419 (988 m), Masjid Al Jihad (748 m), Bank BJB Weekend Banking (554 m), Universitas Padjadjaran Kampus Dipatiukur (2.4 km), RS Ibu dan Anak Limijati (1.9 km).","3.5 x 3.5 meter, Termasuk listrik","Kasur, Meja, Lemari / Storage, Ventilasi, Jendela, Cermin, Bantal, Kursi, Kipas Angin, Cleaning service","Kloset Duduk, K. Mandi Luar, Shower, Air panas","WiFi, R. Cuci, Kulkas, Mesin Cuci, R. Tamu, Penjaga Kos, R. Jemur, R. Makan, R. Santai, Dispenser","Parkir Mobil, Parkir Motor, Parkir Sepeda",,https://mamikos.com/room/kost-kota-bandung-kost-campur-eksklusif-kost-bengawan-83-tipe-b-bandung-wetan-bandung-2?redirection_source=landing%20area,-6.906777307639339,107.61663710697263
Kost Tsm Gatsu Tipe B Batununggal Bandung,Campur,Rp1.100.000,1100000,Kecamatan Batununggal,Batununggal,"Kost ini berlokasi dekat dengan jalan raya dengan akses yang hanya bisa dilalui oleh motor/sepeda, berlokasi dekat dengan Warteg Bahari (1.6 km), Indomaret Surapati 55 (3.3 km), Gereja Isa Almasih (423 m), Bank BCA KCP Buah Batu (1.9 km), Institut Teknologi Nasional Bandung (3.1 km), RS Ibu dan Anak Al Islam (1.9 km).","3 x 4 meter, Termasuk listrik","Kasur, Lemari / Storage, Ventilasi, Jendela, Bantal","K. Mandi Dalam, Kloset Duduk, Shower","WiFi, R. Tamu, R. Jemur, R. Santai, Dispenser, Dapur, Jemuran, Pengurus Kos, Jual Makanan, CCTV","Parkir Motor, Parkir Sepeda, Parkir Motor & Sepeda",,https://mamikos.com/room/kost-kota-bandung-kost-campur-eksklusif-kost-tsm-gatsu-tipe-b-batununggal-bandung?redirection_source=landing%20area,-6.927046253153162,107.64133652751696
Kost Haga House 2 Regol Bandung,Campur,Rp1.350.000,1350000,Kecamatan Regol,Regol,"Kost ini berlokasi dekat dengan jalan raya dengan akses yang hanya bisa dilalui oleh motor/sepeda, berlokasi dekat dengan Rumah Makan Cikawao (886 m), Circle K (1.0 km), Gereja Kristen Kalam Kudus Pasundan (552 m), Citibank Indonesia (1.5 km), Universitas Islam Bandung (3.1 km), RS Umum Muhammadiyah (1.8 km).","3 x 4 meter, Tidak termasuk listrik","Kasur, Meja, Lemari / Storage, Ventilasi, Jendela, Guling, Bantal, TV Kabel, Wastafel, Kipas Angin","K. Mandi Dalam, Kloset Duduk, Kloset Jongkok, Wastafel, Ember mandi, Shower","WiFi, Kulkas, R. Tamu, R. Jemur, Mushola, R. Santai, Dapur, Jemuran, CCTV, TV",Parkir Motor,,https://mamikos.com/room/kost-kota-bandung-kost-campur-eksklusif-kost-haga-house-2-regol-bandung-2?redirection_source=landing%20area,-6.938449149497482,107.61180660379848
Kost Fans Guest House Regol Bandung,Campur,Rp1.750.000,1750000,Regol,Regol,"Kost ini berlokasi dekat dengan jalan raya dengan akses yang hanya bisa dilalui oleh motor/sepeda, berlokasi dekat dengan Gereja Kristen Kalam Kudus Pasundan (671 m), Institut Seni Budaya Indonesia Bandung (2.8 km), RSU Bhayangkara Tk II Sartika Asih (2.8 km), Bandung Electronic Center (2.7 km).","3 x 4 meter, Tidak termasuk listrik","Kasur, Dispenser, Meja, TV, Meja Rias, Lemari / Storage, Kulkas, Ventilasi, Meja makan, Jendela","K. Mandi Dalam, Kloset Duduk, Wastafel, Shower, Air panas","WiFi, R. Cuci, Laundry, R. Tamu, Penjaga Kos, R. Jemur, R. Makan, R. Santai, Dispenser, Jemuran","Parkir Motor, Parkir Sepeda",,https://mamikos.com/room/kost-kota-bandung-kost-campur-eksklusif-kost-fans-guest-house-regol-bandung--2?redirection_source=landing%20area,-6.937683814151404,107.61271198643158
Kost Lestari Tipe A Bandung Wetan Bandung,Putri,Rp1.200.000,1200000,Bandung Wetan,Bandung Wetan,"Kost ini berlokasi dekat dengan jalan raya dengan akses yang hanya bisa dilalui oleh motor/sepeda, berlokasi dekat dengan Warteg Abadi (384 m), Alfamart (868 m), Masjid Al Asy'ari Unisba (87 m), Bank BJB - Kantor Cabang Tamansari (138 m), Universitas Islam Bandung (121 m), RS Umum Tk IV 03.07.03Sariningsih (485 m).","3 x 3 meter, Termasuk listrik","Kasur, Lemari / Storage, Ventilasi, Jendela, Cermin","K. Mandi Dalam, Kloset Jongkok, K. Mandi Luar, Ember mandi, Shower","WiFi, R. Cuci, Penjaga Kos, R. Jemur, Jemuran, Pengurus Kos, Jual Makanan, CCTV",,,https://mamikos.com/room/kost-kota-bandung-kost-putri-eksklusif-kost-lestari-tipe-a-bandung-wetan-bandung?redirection_source=landing%20area,-6.906502693553239,107.61567783414986
Kost Maleer 14 Tipe A Batununggal Bandung,Putri,Rp1.500.000,1500000,Batununggal,Batununggal,"Kost ini berlokasi dekat dengan jalan raya dengan akses yang hanya bisa dilalui oleh motor/sepeda, berlokasi dekat dengan Rumah Makan Amanah (744 m), Alfamart A Yani 419 (1.7 km), Masjid Al Jihad (1.2 km), Sekolah Tinggi Ilmu Ekonomi Pasundan (784 m).","4 x 6 meter, Termasuk listrik","Kasur, Lemari / Storage","K. Mandi Dalam, Kloset Duduk, Ember mandi, Shower, Air panas, Bak mandi","WiFi, Kulkas, R. Tamu, Penjaga Kos, R. Jemur, Dispenser, Dapur, Balcon, Taman","Parkir Mobil, Parkir Motor, Parkir Sepeda",,https://mamikos.com/room/kost-kota-bandung-kost-putri-eksklusif-kost-maleer-14-tipe-a-batununggal-bandung?redirection_source=landing%20area,-6.929671227330424,107.64028218852147
Kost Crysant House Tipe B Cibeunying Kaler Bandung,Campur,Rp1.350.000,1350000,Cibeunying Kaler,Cibeunying Kaler,"Kost ini berlokasi dekat dengan jalan raya dengan akses yang hanya bisa dilalui oleh motor/sepeda, berlokasi dekat dengan Warteg Abadi (2.2 km), Alfamart (854 m), Christian Church Pasundan Awiligar (2.2 km), Bank BJB Weekend Banking (1.3 km), Institut Teknologi Nasional Bandung (724 m), RS Ibu dan Anak Al Islam (1.5 km).","3 x 4 meter, Tidak termasuk listrik","Kasur, Meja, Lemari / Storage, Ventilasi, Jendela, Kursi","K. Mandi Dalam, Kloset Duduk, Wastafel, Shower, Air panas","WiFi, Penjaga Kos, R. Jemur, R. Santai, Dapur, Jemuran, Pengurus Kos, CCTV, Joglo","Parkir Mobil, Parkir Motor, Parkir Sepeda",,https://mamikos.com/room/kost-kota-bandung-kost-campur-eksklusif-kost-crysant-house-tipe-b-cibeunying-kaler-bandung?redirection_source=landing%20area,-6.887661547436638,107.62898928424502
Kost Auliya Tipe B Regol Bandung,Campur,Rp1.800.000,1800000,Regol,Regol,"Kost ini berlokasi dekat dengan jalan raya dengan akses yang hanya bisa dilalui oleh motor/sepeda, berlokasi dekat dengan Warteg Jaya Bahari (783 m), Gereja Kristen Kalam Kudus Pasundan (484 m), Institut Seni Budaya Indonesia Bandung (2.9 km), RS Ibu dan Anak Kota Bandung (562 m), Bandung Electronic Center (2.5 km).","3 x 3 meter, Termasuk listrik","Kasur, Dispenser, Meja, TV, Lemari / Storage, Kulkas, Ventilasi, Meja makan, Jendela, Cermin","K. Mandi Dalam, Kloset Duduk, Kloset Jongkok, K. Mandi Luar, Ember mandi, Shower, Air panas","WiFi, R. Cuci, Kulkas, Mesin Cuci, Laundry, R. Tamu, Penjaga Kos, R. Jemur, R. Makan, R. Santai","Parkir Mobil, Parkir Motor, Parkir Sepeda",,https://mamikos.com/room/kost-kota-bandung-kost-campur-eksklusif-kost-auliya-tipe-b-regol-bandung-1?redirection_source=landing%20area,-6.937649987988525,107.61310646582137
Kost Ibu Fany Sumur Bandung,Putri,Rp1.300.000,1300000,Kecamatan Sumur Bandung,Sumur Bandung,"Kost ini berlokasi dekat dengan jalan raya dengan akses yang hanya bisa dilalui oleh motor/sepeda, berlokasi dekat dengan Warteg Bahari (1.2 km), Alfamart (2.6 km), Church In Bandung (606 m), Bank BJB - Cabang Utama Bandung (478 m), Universitas Islam Bandung (1.9 km), RS Umum Bungsu (201 m).","3 x 3 meter, Termasuk listrik","Kasur, Dispenser, Meja, Lemari / Storage, Ventilasi, Jendela, Dapur Pribadi, Kursi","K. Mandi Dalam, Kloset Duduk, Shower","WiFi, Kulkas, Laundry, R. Tamu, Penjaga Kos, R. Makan, R. Santai, Dispenser, Dapur, CCTV",,,https://mamikos.com/room/kost-kota-bandung-kost-putri-eksklusif-kost-ibu-fany-sumur-bandung?redirection_source=landing%20area,-6.9135520146455445,107.61510462512808
Kost Tamansari 19 Bandung Wetan Bandung,Putri,Rp950.000,950000,Bandung Wetan,Bandung Wetan,"Kost ini berlokasi dekat dengan jalan raya dengan akses yang hanya bisa dilalui oleh motor/sepeda, berlokasi dekat dengan Rumah Makan Kapau Jaya (257 m), Circle K (3.4 km), Masjid Al-Hidayah (105 m), Bank BJB - Kantor Cabang Tamansari (407 m), Universitas Islam Bandung (405 m), RS Umum Tk IV 03.07.03Sariningsih (792 m).","3 x 4 meter, Termasuk listrik","Kasur, Meja, Lemari / Storage, Ventilasi, Jendela, Guling, Bantal, Kursi","Kloset Jongkok, K. Mandi Luar, Ember mandi","WiFi, R. Cuci, Kulkas, Mesin Cuci, R. Tamu, Penjaga Kos, R. Jemur, R. Makan, R. Santai, Dispenser",Parkir Motor,,https://mamikos.com/room/kost-kota-bandung-kost-putri-murah-kost-tamansari-19-bandung-wetan-bandung?redirection_source=landing%20area,-6.90538036900029,107.61862631238127
Kost Salamah Tipe B Regol Bandung,Campur,Rp750.000,750000,Regol,Regol,"Kost ini berlokasi dekat dengan jalan raya dengan akses jalan raya, berlokasi dekat dengan Warteg Jaya Bahari (349 m), Circle K (526 m), Masjid Raya Bandung (421 m), Bank BJB - Cabang Utama Bandung (828 m), Institut Seni Budaya Indonesia Bandung (3.2 km), RSU Bhayangkara Tk II Sartika Asih (3.6 km).","3 x 3.5 meter, Termasuk listrik","Kasur, Lemari / Storage","Kloset Jongkok, K. Mandi Luar, Ember mandi, Bak mandi","R. Cuci, R. Tamu, R. Jemur, R. Santai, Dapur","Parkir Motor, Parkir Sepeda",,https://mamikos.com/room/kost-bandung-kost-campur-eksklusif-kost-salamah-tipe-b-regol-bandung?redirection_source=landing%20area,-6.939229085696798,107.6130463831247
Kost Barokah 32 Tipe A Non AC Astanaanyar Bandung,Campur,Rp950.000,950000,Kecamatan Astanaanyar,Astanaanyar,"Kost ini berlokasi dekat dengan jalan raya dengan akses yang hanya bisa dilalui oleh motor/sepeda, berlokasi dekat dengan Warteg Jaya Bahari (671 m), Circle K (1.4 km), Gereja Kristen Kalam Kudus Pasundan (799 m), Institut Seni Budaya Indonesia Bandung (3.3 km), RS Umum Immanuel Bandung (918 m), Bandung Electronic Center (2.5 km).","3 x 4 meter, Tidak termasuk listrik","Kasur, Lemari / Storage, Ventilasi, Jendela","K. Mandi Dalam, Kloset Jongkok, Ember mandi","WiFi, R. Cuci, R. Jemur, Dapur, Jemuran, CCTV",Parkir Motor,,https://mamikos.com/room/kost-kota-bandung-kost-campur-murah-kost-barokah-32-tipe-a-non-ac-astanaanyar-bandung?redirection_source=landing%20area,-6.939417737518849,107.60441495865653
Kost Lilia Cozy Room Deluxe Astanaanyar Bandung,Putri,Rp1.400.000,1400000,Kecamatan Astanaanyar,Astanaanyar,"Kost ini berlokasi dekat dengan jalan raya dengan akses yang hanya bisa dilalui oleh motor/sepeda, berlokasi dekat dengan Warteg Bahari (1.6 km), Alfamart (2.7 km), Church of Isa Almasih (1.2 km), Bank BJB - Cabang Utama Bandung (1.4 km), Universitas Islam Bandung (3.0 km), RS Umum Bungsu (1.8 km).","2.7 x 2.8 meter, Tidak termasuk listrik","Kasur, Meja, Lemari / Storage, Ventilasi, Jendela, Bantal, Kursi","Kloset Duduk, K. Mandi Luar, Wastafel, Ember mandi, Shower","WiFi, R. Cuci, Kulkas, Laundry, R. Tamu, Penjaga Kos, R. Jemur, Dapur, Jemuran, Pengurus Kos","Parkir Motor, Parkir Sepeda, Parkir Motor & Sepeda",,https://mamikos.com/room/kost-kota-bandung-kost-putri-eksklusif-kost-lilia-cozy-room-deluxe-astanaanyar-bandung?redirection_source=landing%20area,-6.9387128016358055,107.60392068103003
Kost Mutiara 3 Lengkong Bandung,Campur,Rp1.200.000,1200000,Lengkong,Lengkong,"Kost ini berlokasi dekat dengan jalan raya dengan akses yang hanya bisa dilalui oleh motor/sepeda, berlokasi dekat dengan Warteg Bahari (514 m), Alfamart A Yani 419 (3.3 km), Masjid Al Waritsin (322 m), CIMB Niaga (Buah Batu) (205 m), Akademi Sekretari Dan Manajemen BSI Bandung (596 m), Bandung Electronic Center (3.5 km).","3 x 4 meter, Tidak termasuk listrik","Kasur, Meja, Lemari / Storage, Kipas Angin","K. Mandi Dalam, Kloset Duduk, Shower","WiFi, R. Jemur, Pengurus Kos, CCTV, Balcon",Parkir Motor,,https://mamikos.com/room/kost-bandung-kost-campur-eksklusif-kost-mutiara-3-lengkong-bandung?redirection_source=landing%20area,-6.936123500357812,107.62440296548544
Kost 67 Paledang Lengkong Bandung,Putri,Rp1.300.000,1300000,Lengkong,Lengkong,"Kost ini berlokasi dekat dengan jalan raya dengan akses yang hanya bisa dilalui oleh motor/sepeda, berlokasi dekat dengan Alfamart A Yani 419 (3.1 km), Church of Isa Almasih (504 m), Bandung Electronic Center (2.0 km).","3 x 4 meter, Termasuk listrik",Kipas Angin,"K. Mandi Dalam, Kloset Jongkok",WiFi,,,https://mamikos.com/room/kost-kota-bandung-kost-putri-eksklusif-kost-67-paledang-lengkong-bandung-1?redirection_source=landing%20area,-6.933709189893774,107.62522359240715
Kost Barokah Standart Bandung Wetan Bandung,Putri,Rp910.000,910000,Kecamatan Bandung Wetan,Bandung Wetan,"Kost ini berlokasi dekat dengan jalan raya dengan akses yang hanya bisa dilalui oleh motor/sepeda, berlokasi dekat dengan Warteg Abadi (406 m), Circle K (3.2 km), Masjid Al Asy'ari Unisba (295 m), Bank BJB - Kantor Cabang Tamansari (298 m), Universitas Islam Bandung (261 m), RS Umum Tk IV 03.07.03Sariningsih (765 m).","3 x 4 meter, Termasuk listrik","Kasur, Meja, Lemari / Storage, Ventilasi, Jendela, Guling, Cermin, Bantal, Kursi","Kloset Jongkok, K. Mandi Luar, Wastafel, Ember mandi","WiFi, R. Cuci, R. Tamu, R. Jemur, R. Makan, R. Santai, Dapur, Jemuran, Pengurus Kos, Jual Makanan","Parkir Motor, Parkir Sepeda",,https://mamikos.com/room/kost-kota-bandung-kost-putri-murah-kost-barokah-standart-bandung-wetan-bandung-2?redirection_source=landing%20area,-6.905042468761181,107.6150180012988
Kost Taman Siswa 53 Lengkong Bandung,Campur,Rp2.200.000,2200000,Lengkong,Lengkong,"Kost ini berlokasi dekat dengan jalan raya dengan akses masuk mobil, berlokasi dekat dengan Rumah Makan Ibu Haji Cijantung (266 m), Alfamart A Yani 419 (2.8 km), Masjid Jami Nurul Falah (613 m), CIMB Niaga (Buah Batu) (909 m), Akademi Sekretari Dan Manajemen BSI Bandung (176 m), Bandung Electronic Center (2.8 km).","3 x 3.5 meter, Tidak termasuk listrik","AC, Kasur, Meja, TV, Meja Rias, Lemari / Storage, Kursi, Cleaning service","K. Mandi Dalam, Kloset Duduk, Shower, Air panas","WiFi, Kulkas, Mesin Cuci, R. Tamu, R. Jemur, R. Makan, Dispenser, Dapur, TV","Parkir Mobil, Parkir Motor, Parkir Sepeda",,https://mamikos.com/room/kost-kost-campur-eksklusif-kost-taman-siswa-53-lengkong-bandung?redirection_source=landing%20area,-6.933450562518871,107.62644033346069
Kost Griya Camar Tipe E Lengkong Bandung,Campur,Rp1.300.000,1300000,Lengkong,Lengkong,"Kost ini berlokasi dekat dengan jalan raya dengan akses yang hanya bisa dilalui oleh motor/sepeda, berlokasi dekat dengan Warteg Bahari (1.3 km), Alfamart (2.6 km), Church In Bandung (354 m), Bank BJB - Cabang Utama Bandung (1.4 km), Universitas Islam Bandung (2.5 km), RS Umum Bungsu (1.0 km).","3 x 4 meter, Tidak termasuk listrik","Kasur, Meja, Lemari / Storage, Jendela, Cermin, Bantal, Kursi","Kloset Jongkok, K. Mandi Luar, Ember mandi, Shower","WiFi, R. Cuci, Penjaga Kos, R. Jemur, Dapur, Jemuran, CCTV",Parkir Motor & Sepeda,,https://mamikos.com/room/kost-kota-bandung-kost-campur-eksklusif-kost-griya-camar-tipe-e-lengkong-bandung-2?redirection_source=landing%20area,-6.9329036028598345,107.6251003683183
Kost Samsudin Regol Bandung,Putri,Rp1.300.000,1300000,Regol,Regol,"Kost ini berlokasi dekat dengan jalan raya dengan akses yang hanya bisa dilalui oleh motor/sepeda, berlokasi dekat dengan Church of Isa Almasih (901 m), Institut Seni Budaya Indonesia Bandung (2.4 km), RSU Bhayangkara Tk II Sartika Asih (2.4 km), Bandung Electronic Center (3.0 km).","3 x 4 meter, Termasuk listrik","Kasur, Meja, Lemari / Storage, Jendela, Cermin, Bantal, Kursi","K. Mandi Dalam, Kloset Duduk, Ember mandi, Shower","WiFi, Kulkas, R. Jemur, Dapur, Jemuran, Pengurus Kos, Rooftop","Parkir Mobil, Parkir Motor, Parkir Sepeda",,https://mamikos.com/room/kost-kota-bandung-kost-putri-eksklusif-kost-samsudin-regol-bandung?redirection_source=landing%20area,-6.939418022107419,107.61474756063227
Kost Surapati Coblong Bandung,Putri,Rp1.750.000,1750000,Coblong,Coblong,"Kost ini berlokasi dekat dengan jalan raya dengan akses yang hanya bisa dilalui oleh motor/sepeda, berlokasi dekat dengan Warteg Abadi (620 m), Alfamart A Yani 419 (3.0 km), Masjid Al-Muttaqin (Gedung Sate) (529 m), Bank Mandiri Bandung Priority Banking Soerapatti (262 m), Universitas Padjadjaran Kampus Dipatiukur (677 m), RS Umum Santo Borromeus (551 m).","3 x 4 meter, Tidak termasuk listrik","Kasur, Meja, Lemari / Storage, Ventilasi, Jendela, Cermin, Kursi","K. Mandi Dalam, Kloset Duduk, Wastafel, Shower, Air panas","WiFi, Kulkas, Mesin Cuci, R. Tamu, Dapur, Jemuran, Balcon, TV","Parkir Motor, Parkir Sepeda",,https://mamikos.com/room/kost-bandung-kost-putri-eksklusif-kost-surapati-coblong?redirection_source=landing%20area,-6.8819248537401005,107.61576265559387
Kost Macan 43 Tipe Luxury Lengkong Bandung,Putri,Rp2.400.000,2400000,Lengkong,Lengkong,"Kost ini berlokasi dekat dengan jalan raya dengan akses yang hanya bisa dilalui oleh motor/sepeda, berlokasi dekat dengan Warteg Bahari (231 m), Circle K (2.6 km), Church of Isa Almasih (660 m), Bank BCA KCP Buah Batu (1.3 km), Universitas Islam Bandung (3.3 km), RS Umum Bungsu (1.5 km).","3 x 4 meter, Termasuk listrik","AC, Kasur, Ventilasi, Jendela, Wastafel, Kursi","K. Mandi Dalam, Kloset Duduk, Ember mandi, Shower, Air panas","WiFi, R. Tamu, Penjaga Kos, R. Jemur, R. Makan, Dapur, Jemuran, Pengurus Kos, Jual Makanan, Kartu Akses","Parkir Mobil, Parkir Motor, Parkir Sepeda",,https://mamikos.com/room/kost-kota-bandung-kost-putri-eksklusif-kost-macan-43-tipe-luxury-lengkong-bandung?redirection_source=landing%20area,-6.9354013445300104,107.62424636681206
Kost Salamah Tipe C Regol Bandung,Campur,Rp900.000,900000,Regol,Regol,"Kost ini berlokasi dekat dengan jalan raya dengan akses jalan raya, berlokasi dekat dengan Warteg Jaya Bahari (349 m), Circle K (526 m), Masjid Raya Bandung (421 m), Bank BJB - Cabang Utama Bandung (828 m), Institut Seni Budaya Indonesia Bandung (3.2 km), RSU Bhayangkara Tk II Sartika Asih (3.6 km).","3 x 3.5 meter, Termasuk listrik","Kasur, Lemari / Storage, Sofa","Kloset Jongkok, K. Mandi Luar, Ember mandi, Bak mandi","R. Cuci, R. Tamu, R. Jemur, R. Santai, Dapur, K. Mandi Luar","Parkir Motor, Parkir Sepeda",,https://mamikos.com/room/kost-bandung-kost-campur-eksklusif-kost-salamah-tipe-c-regol-bandung?redirection_source=landing%20area,-6.940986999717736,107.61521383849444
Kost Sazara Cibeunying Kidul Bandung,Putri,Rp1.000.000,1000000,Cibeunying Kidul,Cibeunying Kidul,"Kost ini berlokasi dekat dengan jalan raya dengan akses yang hanya bisa dilalui oleh motor/sepeda, berlokasi dekat dengan Alfamart Bojong Koneng (944 m), Christian Church Pasundan Awiligar (2.1 km), Institut Teknologi Nasional Bandung (234 m), Sinar Abadi Balubur Town Square (3.0 km).","3 x 4 meter, Termasuk listrik","Kasur, Meja, Lemari / Storage, Jendela, Bantal","K. Mandi Dalam, Kloset Jongkok, K. Mandi Luar, Ember mandi","WiFi, R. Cuci, Kulkas, Penjaga Kos, R. Jemur, Mushola, Dapur, Jemuran, CCTV, Balcon","Parkir Mobil, Parkir Motor, Parkir Sepeda, Parkir Motor & Sepeda",,https://mamikos.com/room/kost-kota-bandung-kost-putri-murah-kost-sazara-cibeunying-kidul-bandung-2?redirection_source=landing%20area,-6.897210089249164,107.64812292203601
Kost Pondok Umi Asiyah Tipe A Lengkong Bandung,Putri,Rp850.000,850000,Kecamatan Lengkong,Lengkong,"Kost ini berlokasi dekat dengan jalan raya dengan akses yang hanya bisa dilalui oleh motor/sepeda, berlokasi dekat dengan Warteg Bahari (81 m), Alfamart A Yani 419 (3.4 km), Church of Isa Almasih (348 m), Bank BJB - Cabang Utama Bandung (1.3 km), Universitas Islam Bandung (3.0 km), RS Umum Bungsu (1.3 km).","3 x 2.5 meter, Termasuk listrik","Kasur, Meja, Lemari / Storage, Jendela, Guling, Cermin, Bantal, Kursi","Kloset Duduk, Kloset Jongkok, Ember mandi, Shower, Air panas","WiFi, Kulkas, R. Tamu, R. Jemur, Dapur, Jemuran, Pengurus Kos, CCTV, TV",Parkir Motor,,https://mamikos.com/room/kost-kota-bandung-kost-putri-murah-kost-pondok-umi-asiyah-tipe-a-lengkong-bandung-2?redirection_source=landing%20area,-6.934192054251157,107.62752260450954
Kost Otto Residence Tipe C Astanaanyar Bandung,Campur,Rp2.000.000,2000000,Astanaanyar,Astanaanyar,"Kost ini berlokasi dekat dengan jalan raya dengan akses yang hanya bisa dilalui oleh motor/sepeda, berlokasi dekat dengan Warteg Jaya Bahari (211 m), Circle K (534 m), Masjid Raya Bandung (446 m), Bank BJB - Cabang Utama Bandung (905 m), Institut Seni Budaya Indonesia Bandung (3.4 km), Bandung Electronic Center (2.0 km).","4 x 4 meter, Tidak termasuk listrik","AC, Kasur, Meja, Meja Rias, Lemari / Storage, Ventilasi, Jendela, Cermin, Bantal, Wastafel","K. Mandi Dalam, Kloset Duduk, Wastafel, Shower, Air panas","R. Jemur, Dapur, Jemuran, CCTV, K. Mandi Luar","Parkir Motor, Parkir Sepeda",,https://mamikos.com/room/kost-kota-bandung-kost-campur-eksklusif-kost-otto-residence-tipe-c-astanaanyar-bandung?redirection_source=landing%20area,-6.939583955110441,107.60400243585873
Kost Faiz Tipe D Sumur Bandung Bandung,Putra,Rp800.000,800000,Kecamatan Sumur Bandung,Sumur Bandung,"Kost ini berlokasi dekat dengan jalan raya dengan akses masuk mobil, berlokasi dekat dengan Rumah Makan Mirasa (616 m), Circle K (3.2 km), Masjid Al Asy'ari Unisba (570 m), Bank Permata (418 m), Universitas Islam Bandung (605 m), RS Khusus Mata Cicendo (303 m).","2.5 x 5 meter, Termasuk listrik","Kasur, Lemari / Storage","Kloset Duduk, K. Mandi Luar, Wastafel, Ember mandi, Shower, Air panas","WiFi, R. Jemur, Jemuran, K. Mandi Luar","Parkir Motor, Parkir Sepeda",,https://mamikos.com/room/kost-kota-bandung-kost-putra-murah-kost-faiz-tipe-d-sumur-bandung-bandung-2?redirection_source=landing%20area,-6.9157775220534,107.61614305509059
Kost Bengawan 83 Tipe C1 Bandung Wetan Bandung,Campur,Rp1.250.000,1250000,Kecamatan Bandung Wetan,Bandung Wetan,"Kost ini berlokasi dekat dengan jalan raya dengan akses yang hanya bisa dilalui oleh motor/sepeda, berlokasi dekat dengan Rumah Makan Boemi Mitoha (746 m), Alfamart A Yani 419 (988 m), Masjid Al Jihad (748 m), Bank BJB Weekend Banking (554 m), Universitas Padjadjaran Kampus Dipatiukur (2.4 km), RS Ibu dan Anak Limijati (1.9 km).","3.2 x 3.2 meter, Termasuk listrik","Kasur, Meja, Lemari / Storage, Ventilasi, Jendela, Cermin, Bantal, Kursi, Kipas Angin, Cleaning service","Kloset Duduk, K. Mandi Luar, Shower, Air panas","WiFi, R. Cuci, Kulkas, Mesin Cuci, R. Tamu, Penjaga Kos, R. Jemur, R. Makan, R. Santai, Dispenser","Parkir Mobil, Parkir Motor, Parkir Sepeda",,https://mamikos.com/room/kost-kota-bandung-kost-campur-eksklusif-kost-bengawan-83-tipe-c1-bandung-wetan-bandung-2?redirection_source=landing%20area,-6.90518907832915,107.61608058028064
Kost Macan Executive Lengkong Bandung,Putra,Rp2.000.000,2000000,Kecamatan Lengkong,Lengkong,"Kost ini berlokasi dekat dengan jalan raya dengan akses yang hanya bisa dilalui oleh motor/sepeda, berlokasi dekat dengan Warteg Bahari (311 m), Alfamart (3.3 km), Church of Isa Almasih (695 m), Bank BCA KCP Buah Batu (1.4 km), Universitas Islam Bandung (3.1 km), RS Umum Bungsu (1.4 km).","3 x 4 meter, Tidak termasuk listrik","AC, Kasur, Dispenser, Meja, Lemari / Storage, Ventilasi, Jendela, Cermin, Bantal","K. Mandi Dalam, Kloset Duduk, Shower, Air panas","WiFi, Kulkas, Dispenser, Dapur, Pengurus Kos, CCTV, Balcon","Parkir Motor, Parkir Sepeda, Parkir Motor & Sepeda",,https://mamikos.com/room/kost-kota-bandung-kost-putra-eksklusif-kost-macan-executive-lengkong-bandung?redirection_source=landing%20area,-6.933977496456227,107.62750999317812
Kost Berkat Lengkong Bandung,Putri,Rp900.000,900000,Kecamatan Lengkong,Lengkong,"Kost ini berlokasi dekat dengan jalan raya dengan akses yang hanya bisa dilalui oleh motor/sepeda, berlokasi dekat dengan Warteg Bahari (540 m), Alfamart A Yani 419 (3.1 km), Church of Isa Almasih (430 m), Bank BJB - Cabang Utama Bandung (821 m), Universitas Islam Bandung (2.6 km), RS Umum Bungsu (805 m).","3.5 x 4 meter, Tidak termasuk listrik","Kasur, Meja, Meja Rias, Lemari / Storage, Wastafel, Kursi","K. Mandi Dalam, Kloset Duduk, Wastafel, Shower",R. Jemur,"Parkir Motor, Parkir Sepeda",,https://mamikos.com/room/kost-kota-bandung-kost-putri-murah-kost-berkat-lengkong-bandung?redirection_source=landing%20area,-6.933843262245006,107.62673310201555
Kost Jl Macan 9 Lengkong Bandung,Campur,Rp1.400.000,1400000,Kecamatan Lengkong,Lengkong,"Kost ini berlokasi dekat dengan jalan raya dengan akses yang hanya bisa dilalui oleh motor/sepeda, berlokasi dekat dengan Rumah Makan Cikawao (649 m), Alfamart A Yani 419 (3.1 km), Church of Isa Almasih (698 m), Citibank Indonesia (939 m), Universitas Islam Bandung (3.2 km), RS Ibu dan Anak Kota Bandung (2.0 km).","3 x 3 meter, Termasuk listrik","Kasur, Meja, Lemari / Storage, Ventilasi, Jendela, Guling, Cermin, Bantal, Kipas Angin, Cleaning service","Kloset Duduk, K. Mandi Luar, Shower","WiFi, R. Cuci, Kulkas, Mesin Cuci, Laundry, R. Tamu, Penjaga Kos, R. Jemur, R. Makan, R. Santai","Parkir Mobil, Parkir Motor, Parkir Sepeda",,https://mamikos.com/room/kost-kota-bandung-kost-campur-eksklusif-kost-jl-macan-9-lengkong-bandung?redirection_source=landing%20area,-6.935051773137159,107.62575906101064
Kost Palapa Cibeunying Kidul Bandung,Putra,Rp1.100.000,1100000,Kecamatan Cibeunying Kidul,Cibeunying Kidul,"Kost ini berlokasi dekat dengan jalan raya dengan akses yang hanya bisa dilalui oleh motor/sepeda, berlokasi dekat dengan Rumah Makan Boemi Mitoha (760 m), Alfamart A Yani 419 (791 m), Masjid Al Jihad (985 m), Bank BJB Weekend Banking (791 m), Universitas Padjadjaran Kampus Dipatiukur (2.4 km), RS Ibu dan Anak Al Islam (751 m).","3 x 4 meter, Termasuk listrik","Kasur, Lemari / Storage","K. Mandi Dalam, Kloset Jongkok, Ember mandi, Shower","R. Jemur, Jemuran, CCTV, Balcon, K. Mandi Luar",Parkir Motor,,https://mamikos.com/room/kost-kota-bandung-kost-putra-eksklusif-kost-palapa-cibeunying-kidul-bandung?redirection_source=landing%20area,-6.899373049064841,107.64818916580228
Kost Abizar Batununggal Bandung,Campur,Rp1.500.000,1500000,Kecamatan Batununggal,Batununggal,"Kost ini berlokasi dekat dengan jalan raya dengan akses masuk mobil, berlokasi dekat dengan Warteg Bahari (2.4 km), Alfamart A Yani 419 (925 m), Church In Bandung (1.7 km), Citibank Indonesia (2.1 km), Institut Teknologi Nasional Bandung (2.2 km), RS Khusus Mata Cicendo (3.4 km).","3 x 4 meter, Tidak termasuk listrik","Kasur, Meja, Lemari / Storage, Ventilasi, Jendela, Guling, Cermin, Bantal, Wastafel, Kursi","K. Mandi Dalam, Kloset Duduk, Wastafel, Ember mandi, Shower, Air panas","WiFi, R. Cuci, Kulkas, Mesin Cuci, Penjaga Kos, R. Jemur, R. Santai, Dapur, Jemuran, CCTV","Parkir Motor, Parkir Sepeda",,https://mamikos.com/room/kost-kota-bandung-kost-campur-eksklusif-kost-abizar-batununggal-bandung-2?redirection_source=landing%20area,-6.927883275608514,107.63888653775263
Kost Samz Cibeunying Kidul Bandung,Putri,Rp700.000,700000,Cibeunying Kidul,Cibeunying Kidul,"Kost ini berlokasi dekat dengan jalan raya dengan akses yang hanya bisa dilalui oleh motor/sepeda, berlokasi dekat dengan Alfamart A Yani 419 (198 m), Church In Bandung (2.5 km), Universitas Padjadjaran Kampus Dipatiukur (2.9 km), RS Ibu dan Anak Al Islam (76 m), Bandung Electronic Center (3.3 km).","2.5 x 2.5 meter, Termasuk listrik","Kasur, Dispenser, Meja, Lemari / Storage, Kursi, Kipas Angin","Kloset Jongkok, K. Mandi Luar, Wastafel, Ember mandi, Shower","WiFi, R. Tamu, R. Jemur, Dapur","Parkir Motor, Parkir Sepeda",,https://mamikos.com/room/kost-kota-bandung-kost-putri-eksklusif-kost-samz-cibeunying-kidul-bandung?redirection_source=landing%20area,-6.897274871884575,107.65189470128014
Kost Macan 43 Tipe Vvip Lengkong Bandung,Putri,Rp1.400.000,1400000,Lengkong,Lengkong,"Kost ini berlokasi dekat dengan jalan raya dengan akses yang hanya bisa dilalui oleh motor/sepeda, berlokasi dekat dengan Warteg Bahari (2.8 km), Alfamart A Yani 419 (3.3 km), Masjid Jami Nurul Falah (232 m), CIMB Niaga (Buah Batu) (907 m), Institut Seni Budaya Indonesia Bandung (1.7 km), RS Ibu dan Anak Kota Bandung (2.0 km).","3.2 x 3.4 meter, Termasuk listrik","Kasur, Meja, Lemari / Storage, Ventilasi, Jendela, Cermin, Kursi","K. Mandi Dalam, Kloset Duduk, Ember mandi, Shower, Air panas","WiFi, R. Tamu, Penjaga Kos, R. Jemur, R. Makan, Dapur, Jemuran, Pengurus Kos, Jual Makanan, Kartu Akses","Parkir Mobil, Parkir Motor, Parkir Sepeda",,https://mamikos.com/room/kost-kota-bandung-kost-putri-eksklusif-kost-macan-43-tipe-vvip-lengkong-bandung?redirection_source=landing%20area,-6.935335771622824,107.62561619225559
Kost Otto Residence Tipe F Astanaanyar Bandung,Campur,Rp1.700.000,1700000,Astanaanyar,Astanaanyar,"Kost ini berlokasi dekat dengan jalan raya dengan akses yang hanya bisa dilalui oleh motor/sepeda, berlokasi dekat dengan Warteg Jaya Bahari (211 m), Circle K (534 m), Masjid Raya Bandung (446 m), Bank BJB - Cabang Utama Bandung (905 m), Institut Seni Budaya Indonesia Bandung (3.4 km), Bandung Electronic Center (2.0 km).","3 x 4 meter, Tidak termasuk listrik","Kasur, Meja, Meja Rias, Lemari / Storage, Wastafel, Kursi","K. Mandi Dalam, Kloset Duduk, Wastafel, Shower, Air panas","R. Jemur, Dapur",Parkir Motor,,https://mamikos.com/room/kost-kota-bandung-kost-campur-eksklusif-kost-otto-residence-tipe-f-astanaanyar-bandung?redirection_source=landing%20area,-6.937783283475032,107.60168734075857
Kost Nur Muhaji Tipe F Batununggal Bandung,Campur,Rp1.200.000,1200000,Batununggal,Batununggal,"Kost ini berlokasi dekat dengan jalan raya dengan akses yang hanya bisa dilalui oleh motor/sepeda, berlokasi dekat dengan Warteg Bahari (2.0 km), Alfamart (2.6 km), Masjid Al Jihad (264 m), Bank BJB - Cabang Utama Bandung (2.2 km), Institut Teknologi Nasional Bandung (2.4 km), RS Ibu dan Anak Al Islam (1.5 km).","3 x 4 meter, Tidak termasuk listrik","Kasur, Lemari / Storage, Ventilasi, Jendela, Guling, Bantal","K. Mandi Dalam, Kloset Duduk, Ember mandi","WiFi, Laundry, Penjaga Kos, Jemuran, Pengurus Kos, CCTV","Parkir Motor, Parkir Motor & Sepeda",,https://mamikos.com/room/kost-kota-bandung-kost-campur-eksklusif-kost-nur-muhaji-tipe-f-batununggal-bandung?redirection_source=landing%20area,-6.92919224799507,107.64194593019872
Kost P House Tipe Deluxe Andir Bandung,Campur,Rp1.150.000,1150000,Kecamatan Andir,Andir,"Kost ini berlokasi dekat dengan jalan raya dengan akses yang hanya bisa dilalui oleh motor/sepeda, berlokasi dekat dengan Rumah Makan Legoh (1.5 km), Circle K (3.1 km), Gereja Kristen Kalam Kudus Pasundan (1.3 km), Bank Syariah Indonesia KC Bandung Suniaraja (72 m), Universitas Islam Bandung (1.4 km), RS Umum Kebonjati (875 m).","3 x 4 meter, Termasuk listrik","Kasur, Lemari / Storage, Ventilasi, Jendela, Wastafel","K. Mandi Dalam, Kloset Duduk, Wastafel, Ember mandi, Shower","WiFi, Laundry, Dapur, Jemuran, CCTV",Parkir Motor,,https://mamikos.com/room/kost-kota-bandung-kost-campur-eksklusif-kost-p-house-tipe-deluxe-andir-bandung-2?redirection_source=landing%20area,-6.904269124817656,107.57212184597641
Kost Tatnjung Tipe C Bandung Wetan Bandung,Campur,Rp1.700.000,1700000,Bandung Wetan,Bandung Wetan,"Kost ini berlokasi dekat dengan jalan raya dengan akses yang hanya bisa dilalui oleh motor/sepeda, berlokasi dekat dengan Warteg Cintaasih (695 m), Alfamart A Yani 419 (895 m), Masjid Al Jihad (378 m), Bank BJB Weekend Banking (848 m), Universitas Padjadjaran Kampus Dipatiukur (2.8 km), RS Ibu dan Anak Limijati (2.2 km).","4 x 4 meter, Termasuk listrik","AC, Kasur, Meja, Meja Rias, Lemari / Storage, Kursi","Kloset Duduk, K. Mandi Luar, Wastafel, Shower, Air panas","WiFi, Kulkas, R. Jemur, R. Makan, R. Santai, Dispenser, Dapur, TV","Parkir Mobil, Parkir Motor, Parkir Sepeda",,https://mamikos.com/room/kost-kota-bandung-kost-campur-eksklusif-kost-tatnjung-tipe-c-bandung-wetan-bandung?redirection_source=landing%20area,-6.905737890030851,107.61584864293563
Kost Winwin Tipe A Lengkong Bandung,Putri,Rp800.000,800000,Kecamatan Lengkong,Lengkong,"Kost ini berlokasi dekat dengan jalan raya dengan akses yang hanya bisa dilalui oleh motor/sepeda, berlokasi dekat dengan Warteg Bahari (646 m), Circle K (677 m), Masjid Al Waritsin (535 m), CIMB Niaga (Buah Batu) (568 m), Akademi Sekretari Dan Manajemen BSI Bandung (644 m), Bandung Electronic Center (3.2 km).","3 x 3 meter, Termasuk listrik","Kasur, Meja, Lemari / Storage, Ventilasi, Jendela, Cermin, Bantal","Kloset Duduk, Kloset Jongkok, K. Mandi Luar, Bak mandi","Kulkas, R. Tamu, R. Jemur, R. Makan, Mushola, Dapur, Jemuran, Pengurus Kos, Taman, K. Mandi Luar",Parkir Motor,,https://mamikos.com/room/kost-kota-bandung-kost-putri-murah-kost-winwin-tipe-a-lengkong-bandung?redirection_source=landing%20area,-6.934643911853877,107.62683478748012
Kost Wartong Muararajeun Cibeunying Kaler Bandung,Putri,Rp800.000,800000,Kecamatan Cibeunying Kaler,Cibeunying Kaler,"Kost ini berlokasi dekat dengan jalan raya dengan akses yang hanya bisa dilalui oleh motor/sepeda, berlokasi dekat dengan Warteg Abadi (1.9 km), Alfamart (991 m), Masjid Al Asy'ari Unisba (2.2 km), Bank BJB Weekend Banking (1.0 km), Institut Teknologi Nasional Bandung (970 m), RS Ibu dan Anak Al Islam (1.5 km).","3 x 3 meter, Tidak termasuk listrik","Kasur, Lemari / Storage, Jendela","K. Mandi Dalam, Kloset Jongkok, Ember mandi","WiFi, R. Jemur, Dapur, Jemuran, Pengurus Kos, CCTV",Parkir Motor,,https://mamikos.com/room/kost-kota-bandung-kost-putri-murah-kost-wartong-muararajeun-cibeunying-kaler-bandung-2?redirection_source=landing%20area,-6.887647213313049,107.6273921707497
Kost Geeta Executive Double Regol Bandung,Campur,Rp1.800.000,1800000,Regol,Regol,"Kost ini berlokasi dekat dengan jalan raya dengan akses yang hanya bisa dilalui oleh motor/sepeda, berlokasi dekat dengan Warteg Bahari (976 m), Indomaret YPAC (3.2 km), Church of Isa Almasih (570 m), Bank BJB - Cabang Utama Bandung (997 m), Universitas Islam Bandung (2.8 km), RS Umum Bungsu (1.3 km).","3 x 4 meter, Tidak termasuk listrik","Kasur, Lemari / Storage, Jendela, Bantal","Kloset Duduk, Shower","WiFi, R. Cuci, Penjaga Kos, R. Jemur, R. Santai, Dapur, Jemuran, Pengurus Kos, CCTV, Rooftop","Parkir Mobil, Parkir Motor, Parkir Sepeda, Parkir Motor & Sepeda",,https://mamikos.com/room/kost-kota-bandung-kost-campur-eksklusif-kost-geeta-executive-double-regol-bandung?redirection_source=landing%20area,-6.941027923736323,107.61551141657385
Kost Tamblong Executive Sumur Bandung Bandung,Campur,Rp800.000,800000,Kecamatan Sumur Bandung,Sumur Bandung,"Kost ini berlokasi dekat dengan jalan raya dengan akses yang hanya bisa dilalui oleh motor/sepeda, berlokasi dekat dengan Warteg Bahari (1.2 km), Alfamart A Yani 419 (3.2 km), Masjid Raya Bandung (692 m), Citibank Indonesia (453 m), Universitas Islam Bandung (1.9 km), RS Mata Bandung Eye Center (2.3 km).","3 x 3 meter, Termasuk listrik","Kasur, Lemari / Storage, Jendela, Guling, Cermin, Bantal","Kloset Duduk, Kloset Jongkok, K. Mandi Luar, Wastafel, Shower","WiFi, R. Cuci, Kulkas, Laundry, Penjaga Kos, R. Jemur, R. Makan, R. Santai, Dispenser, Dapur","Parkir Motor, Parkir Sepeda",,https://mamikos.com/room/kost-kota-bandung-kost-campur-murah-kost-tamblong-executive-sumur-bandung-bandung-1?redirection_source=landing%20area,-6.913329985382564,107.61534981019825
Kost Hayati Tipe Paviliun Lengkong Bandung,Putri,Rp2.500.000,2500000,Kecamatan Lengkong,Lengkong,"Kost ini berlokasi dekat dengan jalan raya dengan akses masuk mobil, berlokasi dekat dengan Rumah Makan Ibu Haji Cijantung (277 m), Alfamart A Yani 419 (3.2 km), Masjid Jami Nurul Falah (420 m), CIMB Niaga (Buah Batu) (719 m), Akademi Sekretari Dan Manajemen BSI Bandung (283 m), RS Umum Muhammadiyah (429 m).","2.7 x 10 meter, Termasuk listrik","Kasur, Lemari / Storage, Meja makan, Dapur Pribadi","K. Mandi Dalam, Kloset Duduk, Ember mandi, Shower","WiFi, Penjaga Kos, Pengurus Kos, CCTV, Balcon","Parkir Motor, Parkir Sepeda",,https://mamikos.com/room/kost-kota-bandung-kost-putri-eksklusif-kost-hayati-tipe-paviliun-lengkong-bandung-2?redirection_source=landing%20area,-6.936219040139786,107.62797669555742
Kost Muararajeun Lama 1 Tipe B Cibeunying Kaler Bandung,Campur,Rp925.000,925000,Cibeunying Kaler,Cibeunying Kaler,"Kost ini berlokasi dekat dengan jalan raya dengan akses yang hanya bisa dilalui oleh motor/sepeda, berlokasi dekat dengan Rumah Makan Boemi Mitoha (584 m), Alfamart A Yani 419 (1.3 km), Masjid Pusdai (553 m), Universitas Padjadjaran Kampus Dipatiukur (1.8 km), Sinar Abadi Balubur Town Square (2.3 km).","3 x 3 meter, Termasuk listrik","Kasur, Meja, Lemari / Storage, Ventilasi, Jendela, Bantal","K. Mandi Dalam, Kloset Jongkok, Ember mandi","WiFi, R. Cuci, Penjaga Kos, R. Jemur, Jemuran, Pengurus Kos, CCTV","Parkir Motor, Parkir Sepeda, Parkir Motor & Sepeda",,https://mamikos.com/room/kost-kota-bandung-kost-campur-eksklusif-kost-muararajeun-lama-1-tipe-b-cibeunying-kaler-bandung?redirection_source=landing%20area,-6.88475888041629,107.62956393049407
Kost Rumah Ceria Bandung Wetan Bandung,Putri,Rp600.000,600000,Bandung Wetan,Bandung Wetan,"Kost ini berlokasi dekat dengan jalan raya dengan akses yang hanya bisa dilalui oleh motor/sepeda, berlokasi dekat dengan Warteg Abadi (596 m), Circle K (3.0 km), Masjid Salman ITB (1.0 km), Bank Syariah Indonesia KC Bandung Suniaraja (1.6 km), Institut Teknologi Bandung (1.2 km), RS Umum Hermina Pasteur (2.0 km).","2.5 x 2.5 meter, Termasuk listrik","Kasur, Meja, Lemari / Storage, Ventilasi, Jendela, Guling, Cermin, Bantal","Kloset Duduk, Kloset Jongkok, K. Mandi Luar, Ember mandi, Shower","WiFi, R. Tamu, R. Jemur, Dapur, Jemuran, Balcon, K. Mandi Luar",Parkir Motor,,https://mamikos.com/room/kost-kota-bandung-kost-putri-murah-kost-rumah-ceria-bandung-wetan-bandung?redirection_source=landing%20area,-6.903985450767577,107.61602876092351
Kost Nine 9 Regol Bandung,Campur,Rp1.400.000,1400000,Kecamatan Regol,Regol,"Kost ini berlokasi dekat dengan jalan raya dengan akses masuk mobil, berlokasi dekat dengan Warteg Bahari (1.0 km), Alfamart (3.0 km), Church of Isa Almasih (620 m), Bank BJB - Cabang Utama Bandung (532 m), Universitas Islam Bandung (2.3 km), RS Umum Bungsu (835 m).","3 x 4 meter, Tidak termasuk listrik","AC, Kasur, Meja, Lemari / Storage, Jendela, Kursi","K. Mandi Dalam, Kloset Duduk, K. Mandi Luar, Wastafel, Shower, Air panas","Kulkas, R. Tamu, Dapur, Jemuran, Pengurus Kos",Parkir Motor & Sepeda,,https://mamikos.com/room/kost-kota-bandung-kost-campur-eksklusif-kost-nine-9-regol-bandung-2?redirection_source=landing%20area,-6.938656774211764,107.61434382712704
Kost 17 Tipe A Lengkong Bandung,Putri,Rp600.000,600000,Kecamatan Lengkong,Lengkong,"Kost ini berlokasi dekat dengan jalan raya dengan akses yang hanya bisa dilalui oleh motor/sepeda, berlokasi dekat dengan Warteg Bahari (114 m), Alfamart (2.6 km), Church of Isa Almasih (342 m), Bank BJB - Cabang Utama Bandung (1.3 km), Universitas Islam Bandung (3.1 km), RS Mata Bandung Eye Center (1.3 km).","2.5 x 2.5 meter, Termasuk listrik","Kasur, Meja, Lemari / Storage, Ventilasi, Cermin","Kloset Jongkok, K. Mandi Luar, Ember mandi","WiFi, R. Jemur, Dapur, Jemuran, Pengurus Kos, Rooftop, K. Mandi Luar",,,https://mamikos.com/room/kost-kota-bandung-kost-putri-murah-kost-17-tipe-a-lengkong-bandung?redirection_source=landing%20area,-6.936304143385602,107.62596901682589
Kost Maleer Gatsu Tipe A Batununggal Bandung,Campur,Rp1.250.000,1250000,Kecamatan Batununggal,Batununggal,"Kost ini berlokasi dekat dengan jalan raya dengan akses yang hanya bisa dilalui oleh motor/sepeda, berlokasi dekat dengan Rumah Makan Amanah (813 m), Alfamart A Yani 419 (1.6 km), Church In Bandung (2.0 km), CIMB Niaga (Buah Batu) (2.1 km), Institut Teknologi Nasional Bandung (3.0 km), RS Umum Pindad (1.9 km).","3 x 3 meter, Tidak termasuk listrik","AC, Kasur, Lemari / Storage",K. Mandi Luar,"WiFi, Kulkas, Penjaga Kos, R. Jemur, Dapur, CCTV, K. Mandi Luar",Parkir Motor,,https://mamikos.com/room/kost-kota-bandung-kost-campur-eksklusif-kost-maleer-gatsu-tipe-a-batununggal-bandung-2?redirection_source=landing%20area,-6.93001304872874,107.64114563154372
Kost Kadua Vip Regol Bandung,Campur,Rp1.500.000,1500000,Kecamatan Regol,Regol,"Kost ini berlokasi dekat dengan jalan raya dengan akses yang hanya bisa dilalui oleh motor/sepeda, berlokasi dekat dengan Warteg Bahari (1.0 km), Circle K (2.6 km), Church of Isa Almasih (945 m), Bank BJB - Cabang Utama Bandung (1.8 km), Akademi Sekretari Dan Manajemen BSI Bandung (1.5 km), RS Mata Bandung Eye Center (1.7 km).","3 x 3 meter, Tidak termasuk listrik","Kasur, Meja, Lemari / Storage, Ventilasi, Jendela, Cermin, Bantal, Wastafel, Kursi","K. Mandi Dalam, Kloset Jongkok, Wastafel, Shower, Air panas","WiFi, Kulkas, R. Tamu, Penjaga Kos, R. Jemur, R. Makan, R. Santai, Dispenser, Dapur, Jemuran","Parkir Motor, Parkir Motor & Sepeda",,https://mamikos.com/room/kost-kota-bandung-kost-campur-eksklusif-kost-kadua-vip-regol-bandung-2?redirection_source=landing%20area,-6.941531008310535,107.61441112100692
Kost Akiel Tipe C Regol Bandung,Putri,Rp1.000.000,1000000,Kecamatan Regol,Regol,"Kost ini berlokasi dekat dengan jalan raya dengan akses yang hanya bisa dilalui oleh motor/sepeda, berlokasi dekat dengan Warteg Bahari (930 m), Circle K (911 m), Church of Isa Almasih (740 m), Bank BJB - Cabang Utama Bandung (1.6 km), Universitas Islam Bandung (3.4 km), RS Mata Bandung Eye Center (1.7 km).","3 x 4 meter, Tidak termasuk listrik","Kasur, Meja, TV, Lemari / Storage, Ventilasi, Jendela, Guling, Bantal, Kursi","Kloset Duduk, K. Mandi Luar, Ember mandi, Shower","WiFi, Dispenser, Jemuran",Parkir Motor,,https://mamikos.com/room/kost-kota-bandung-kost-putri-eksklusif-kost-akiel-tipe-c-regol-bandung-2?redirection_source=landing%20area,-6.94111544657276,107.61533454871498
Kost Cj 9 Batununggal Bandung,Campur,Rp1.100.000,1100000,Kecamatan Batununggal,Batununggal,"Kost ini berlokasi dekat dengan jalan raya dengan akses yang hanya bisa dilalui oleh motor/sepeda, berlokasi dekat dengan Warteg Bahari (1.7 km), Alfamart (3.1 km), Masjid Al Jihad (732 m), Bank BCA KCP Buah Batu (1.9 km), Institut Teknologi Nasional Bandung (2.9 km), RS Umum Bungsu (1.9 km).","3 x 3 meter, Termasuk listrik","Kasur, Meja, Lemari / Storage, Ventilasi, Meja makan, Jendela, Cermin, Sofa, Kursi, Cleaning service","Kloset Jongkok, K. Mandi Luar, Ember mandi, Shower","WiFi, R. Cuci, R. Tamu, Penjaga Kos, R. Jemur, R. Makan, R. Santai, Dapur, Jemuran, Pengurus Kos","Parkir Motor, Parkir Sepeda, Parkir Motor & Sepeda",,https://mamikos.com/room/kost-kota-bandung-kost-campur-murah-kost-cj-9-batununggal-bandung-2?redirection_source=landing%20area,-6.926770926943214,107.63907835307197
Kost Kreasi Hub Lengkong Bandung,Putra,Rp2.020.000,2020000,Kecamatan Lengkong,Lengkong,"Kost ini berlokasi dekat dengan jalan raya dengan akses yang hanya bisa dilalui oleh motor/sepeda, berlokasi dekat dengan Warteg Bahari (244 m), Circle K (2.6 km), Church of Isa Almasih (596 m), Bank BCA KCP Buah Batu (1.3 km), Universitas Islam Bandung (3.3 km), RS Mata Bandung Eye Center (1.0 km).","4 x 3.5 meter, Tidak termasuk listrik","AC, Kasur, Meja, Lemari / Storage, Ventilasi, Jendela, Guling, Bantal, Kursi","K. Mandi Dalam, Kloset Duduk, Shower, Air panas","WiFi, Penjaga Kos, Pengurus Kos, CCTV, Balcon, Taman",Parkir Motor,,https://mamikos.com/room/kost-kota-bandung-kost-putra-eksklusif-kost-kreasi-hub-lengkong-bandung?redirection_source=landing%20area,-6.934230529891285,107.6247723002208
Kost Srigadis 25 Tipe I Regol Bandung,Campur,Rp1.200.000,1200000,Regol,Regol,"Kost ini berlokasi dekat dengan jalan raya dengan akses yang hanya bisa dilalui oleh motor/sepeda, berlokasi dekat dengan Warteg Bahari (790 m), Circle K (2.7 km), Church of Isa Almasih (836 m), Bank BCA KCP Buah Batu (1.5 km), Akademi Sekretari Dan Manajemen BSI Bandung (1.2 km), RS Mata Bandung Eye Center (1.3 km).","5 x 4 meter, Termasuk listrik","Kasur, Meja, Lemari / Storage, Jendela, Guling, Cermin, Bantal","K. Mandi Dalam, Kloset Jongkok, Ember mandi","WiFi, R. Tamu, R. Jemur, R. Makan, R. Santai, Dispenser, Dapur, Jemuran",Parkir Motor & Sepeda,,https://mamikos.com/room/kost-kota-bandung-kost-campur-eksklusif-kost-srigadis-25-tipe-i-regol-bandung-2?redirection_source=landing%20area,-6.938619491949776,107.61362932687214
Kost Genjer 29 Lengkong Bandung,Putri,Rp2.750.000,2750000,Kecamatan Lengkong,Lengkong,"Kost ini berlokasi dekat dengan jalan raya dengan akses yang hanya bisa dilalui oleh motor/sepeda, berlokasi dekat dengan Warteg Bahari (999 m), Circle K (3.1 km), Church In Bandung (1.1 km), Bank BCA KCP Buah Batu (1.1 km), Universitas Islam Bandung (3.5 km), RS Umum Bungsu (1.8 km).","2.5 x 8 meter, Tidak termasuk listrik","AC, Kasur, Lemari / Storage, Kulkas, Ventilasi, Jendela, Dapur Pribadi, Bantal, Sofa, Wastafel","K. Mandi Dalam, Kloset Duduk, Wastafel, Ember mandi, Shower","WiFi, Jemuran",Parkir Motor,,https://mamikos.com/room/kost-kota-bandung-kost-putri-eksklusif-kost-genjer-29-lengkong-bandung-2?redirection_source=landing%20area,-6.935458588304069,107.62702565983408
Kost Kalasantay Tipe A Sumur Bandung,Campur,Rp2.850.000,2850000,Kecamatan Sumur Bandung,Sumur Bandung,"Kost ini berlokasi dekat dengan jalan raya dengan akses yang hanya bisa dilalui oleh motor/sepeda, berlokasi dekat dengan Warteg Bahari (1.3 km), Alfamart A Yani 419 (2.9 km), Masjid Al Kautsar (645 m), Citibank Indonesia (396 m), Universitas Islam Bandung (1.8 km), RS Khusus Gigi dan Mulut Kota Bandung (1.4 km).","4.3 x 3 meter, Tidak termasuk listrik","AC, Kasur, Meja, Lemari / Storage, Ventilasi, Jendela, Cermin, Bantal, Wastafel, Kursi","K. Mandi Dalam, Kloset Duduk, Wastafel, Shower, Air panas","WiFi, Kulkas, Penjaga Kos, R. Jemur, Dispenser, Dapur, Pengurus Kos, CCTV, Balcon",Parkir Motor,,https://mamikos.com/room/kost-kota-bandung-kost-campur-eksklusif-kost-kalasantay-tipe-a-sumur-bandung?redirection_source=landing%20area,-6.912894002640237,107.61704288236943
Kost Rancagoong Tipe A Batununggal Bandung,Putra,Rp1.100.000,1100000,Batununggal,Batununggal,"Kost ini berlokasi dekat dengan jalan raya dengan akses yang hanya bisa dilalui oleh motor/sepeda, berlokasi dekat dengan Warteg Berkah Bahari (238 m), Alfamart A Yani 419 (2.4 km), Gereja Katolik Hati Tak Bernoda Santa Perawan Maria (1.5 km), Sekolah Tinggi Ilmu Ekonomi Pasundan (214 m).","3 x 35 meter, Termasuk listrik","Kasur, Lemari / Storage","K. Mandi Dalam, Kloset Duduk, Kloset Jongkok, Ember mandi","WiFi, Laundry, R. Tamu, R. Jemur, Dapur, Jemuran, Pengurus Kos, Jual Makanan, Balcon, K. Mandi Luar","Parkir Mobil, Parkir Motor, Parkir Sepeda",,https://mamikos.com/room/kost-kota-bandung-kost-putra-eksklusif-kost-rancagoong-tipe-a-batununggal-bandung?redirection_source=landing%20area,-6.926065089270204,107.64194494502766
Kost Muararajeun Lama 2 Tipe D Cibeunying Kaler Bandung,Campur,Rp740.000,740000,Cibeunying Kaler,Cibeunying Kaler,"Kost ini berlokasi dekat dengan jalan raya dengan akses yang hanya bisa dilalui oleh motor/sepeda, berlokasi dekat dengan Rumah Makan Boemi Mitoha (593 m), Alfamart A Yani 419 (1.3 km), Masjid Pusdai (561 m), Universitas Padjadjaran Kampus Dipatiukur (1.8 km), Sinar Abadi Balubur Town Square (2.3 km).","3 x 3 meter, Termasuk listrik","Kasur, Meja, Lemari / Storage, Ventilasi, Jendela, Bantal, Kursi","Kloset Jongkok, K. Mandi Luar, Ember mandi","WiFi, R. Cuci, Penjaga Kos, R. Jemur, Jemuran, Pengurus Kos, CCTV, Rooftop, K. Mandi Luar","Parkir Motor, Parkir Sepeda, Parkir Motor & Sepeda",,https://mamikos.com/room/kost-kota-bandung-kost-campur-eksklusif-kost-muararajeun-lama-2-tipe-d-cibeunying-kaler-bandung?redirection_source=landing%20area,-6.887799506633365,107.63082202372395
Kost Chantika Marfalia Tipe Standard Regol Bandung,Campur,Rp750.000,750000,Regol,Regol,"Kost ini berlokasi dekat dengan jalan raya dengan akses yang hanya bisa dilalui oleh motor/sepeda, berlokasi dekat dengan Rumah Makan Cikawao (346 m), Circle K (630 m), Church of Isa Almasih (241 m), Bank BJB - Cabang Utama Bandung (912 m), Institut Seni Budaya Indonesia Bandung (2.5 km), RSU Bhayangkara Tk II Sartika Asih (3.2 km).","3 x 3 meter, Termasuk listrik","Kasur, Meja, Lemari / Storage, Ventilasi, Jendela, Guling, Bantal","Kloset Jongkok, K. Mandi Luar, Ember mandi",K. Mandi Luar,Parkir Motor,,https://mamikos.com/room/kost-kota-bandung-kost-campur-murah-kost-chantika-marfalia-tipe-standard-regol-bandung-2?redirection_source=landing%20area,-6.939535525283309,107.61222604133327
Kost Yurani Tipe A Regol Bandung,Campur,Rp750.000,750000,Regol,Regol,"Kost ini berlokasi dekat dengan jalan raya dengan akses yang hanya bisa dilalui oleh motor/sepeda, berlokasi dekat dengan Warteg Bahari (988 m), Circle K (977 m), Church of Isa Almasih (888 m), Bank Muamalat (2.7 km), Akademi Sekretari Dan Manajemen BSI Bandung (1.5 km), RS Ibu dan Anak Kota Bandung (1.2 km).","3 x 4 meter, Termasuk listrik","Kasur, Lemari / Storage, Ventilasi, Jendela","K. Mandi Dalam, Kloset Jongkok, Ember mandi","R. Jemur, Jemuran, CCTV, Balcon",Parkir Motor,,https://mamikos.com/room/kost-bandung-kost-campur-murah-kost-yurani-tipe-a-regol-bandung?redirection_source=landing%20area,-6.940531258410454,107.61333490815458
Kost Srigadis 25 Tipe Paviliun Regol Bandung,Campur,Rp2.100.000,2100000,Regol,Regol,"Kost ini berlokasi dekat dengan jalan raya dengan akses yang hanya bisa dilalui oleh motor/sepeda, berlokasi dekat dengan Warteg Bahari (783 m), Circle K (782 m), Church of Isa Almasih (822 m), Institut Seni Budaya Indonesia Bandung (1.9 km), RSU Bhayangkara Tk II Sartika Asih (2.3 km), Bandung Electronic Center (3.1 km).","6 x 10 meter, Tidak termasuk listrik",Dapur Pribadi,"K. Mandi Dalam, Kloset Duduk, Ember mandi, Shower","R. Tamu, R. Jemur, R. Makan, R. Santai, Dapur, Jemuran, R. Keluarga","Parkir Motor, Parkir Sepeda",,https://mamikos.com/room/kost-kota-bandung-kost-campur-eksklusif-kost-srigadis-25-tipe-paviliun-regol-bandung?redirection_source=landing%20area,-6.939283544259406,107.61420607919442
Kost Eyang Cipju Tipe A Bandung Wetan Bandung,Putra,Rp1.000.000,1000000,Kecamatan Bandung Wetan,Bandung Wetan,"Kost ini berlokasi dekat dengan jalan raya dengan akses yang hanya bisa dilalui oleh motor/sepeda, berlokasi dekat dengan Warteg Abadi (1.8 km), Alfamart (1.3 km), Masjid Al Asy'ari Unisba (2.1 km), Bank BJB Weekend Banking (719 m), Institut Teknologi Nasional Bandung (1.2 km), RS Ibu dan Anak Al Islam (1.5 km).","3 x 3 meter, Tidak termasuk listrik","Kasur, Meja, Lemari / Storage, Ventilasi, Jendela, Kipas Angin","Kloset Duduk, K. Mandi Luar, Wastafel, Shower","WiFi, Kulkas, Penjaga Kos, Mushola, Dapur, Jemuran, CCTV, Balcon, Taman, Joglo","Parkir Mobil, Parkir Motor & Sepeda",,https://mamikos.com/room/kost-kota-bandung-kost-putra-eksklusif-kost-eyang-cipju-tipe-a-bandung-wetan-bandung?redirection_source=landing%20area,-6.906857832370371,107.61490351579475
Kost Muararajeun Lama 1 Tipe D Cibeunying Kaler Bandung,Campur,Rp725.000,725000,Cibeunying Kaler,Cibeunying Kaler,"Kost ini berlokasi dekat dengan jalan raya dengan akses yang hanya bisa dilalui oleh motor/sepeda, berlokasi dekat dengan Warteg Abadi (2.2 km), Alfamart A Yani 419 (1.3 km), Church In Bandung (2.5 km), Bank BJB Weekend Banking (1.0 km), Institut Teknologi Nasional Bandung (805 m), RS Ibu dan Anak Al Islam (1.2 km).","3 x 4 meter, Termasuk listrik","Kasur, Meja, Lemari / Storage, Ventilasi, Jendela, Bantal, Wastafel","Kloset Jongkok, K. Mandi Luar, Ember mandi","WiFi, Penjaga Kos, R. Jemur, Jemuran, Jual Makanan, K. Mandi Luar","Parkir Motor, Parkir Sepeda, Parkir Motor & Sepeda",,https://mamikos.com/room/kost-kota-bandung-kost-campur-eksklusif-kost-muararajeun-lama-1-tipe-d-cibeunying-kaler-bandung-2?redirection_source=landing%20area,-6.884765411718071,107.62750235835068
Kost Ibu Nola Kebon Manggu Regol Bandung,Campur,Rp650.000,650000,Kecamatan Regol,Regol,"Kost ini berlokasi dekat dengan jalan raya dengan akses yang hanya bisa dilalui oleh motor/sepeda, berlokasi dekat dengan Warteg Bahari (1.5 km), Alfamart (3.0 km), Church of Isa Almasih (1.1 km), Bank BJB - Cabang Utama Bandung (906 m), Universitas Islam Bandung (2.4 km), RS Umum Bungsu (1.3 km).","3 x 4 meter, Termasuk listrik","Kasur, Lemari / Storage, Bantal","Kloset Jongkok, K. Mandi Luar","R. Jemur, Dapur, Jemuran, K. Mandi Luar","Parkir Sepeda, Parkir Motor & Sepeda",,https://mamikos.com/room/kost-kota-bandung-kost-campur-eksklusif-kost-ibu-nola-kebon-manggu-regol-bandung?redirection_source=landing%20area,-6.940863065480679,107.61407481052824
Kost Muararajeun Lama 1 Tipe C Cibeunying Kaler Bandung,Campur,Rp750.000,750000,Cibeunying Kaler,Cibeunying Kaler,"Kost ini berlokasi dekat dengan jalan raya dengan akses yang hanya bisa dilalui oleh motor/sepeda, berlokasi dekat dengan Warteg Abadi (2.2 km), Alfamart A Yani 419 (1.3 km), Masjid Al Kautsar (2.0 km), Bank Mandiri Bandung Priority Banking Soerapatti (1.5 km), Universitas Padjadjaran Kampus Dipatiukur (1.8 km), RS Umum Santo Borromeus (2.1 km).","3.5 x 2 meter, Termasuk listrik","Kasur, Meja, Lemari / Storage, Ventilasi, Jendela, Bantal","Kloset Jongkok, K. Mandi Luar, Ember mandi","WiFi, R. Cuci, Penjaga Kos, R. Jemur, Jemuran, Pengurus Kos, Jual Makanan, K. Mandi Luar","Parkir Motor, Parkir Sepeda, Parkir Motor & Sepeda",,https://mamikos.com/room/kost-kota-bandung-kost-campur-eksklusif-kost-muararajeun-lama-1-tipe-c-cibeunying-kaler-bandung-2?redirection_source=landing%20area,-6.886183975943162,107.62929395398736
Kost Gedung Putih 2 Lengkong Bandung,Campur,Rp2.000.000,2000000,Kecamatan Lengkong,Lengkong,"Kost ini berlokasi dekat dengan jalan raya dengan akses yang hanya bisa dilalui oleh motor/sepeda, berlokasi dekat dengan Warteg Bahari (517 m), Alfamart A Yani 419 (3.2 km), Masjid Al Waritsin (331 m), CIMB Niaga (Buah Batu) (213 m), Akademi Sekretari Dan Manajemen BSI Bandung (589 m), Bandung Electronic Center (3.5 km).","3 x 4 meter, Tidak termasuk listrik","AC, Kasur, Meja, Lemari / Storage, Ventilasi, Jendela, Cermin, Bantal, Wastafel, Kursi","K. Mandi Dalam, Kloset Duduk, Wastafel, Shower, Air panas","WiFi, R. Cuci, Kulkas, Laundry, Penjaga Kos, R. Jemur, R. Makan, R. Santai, Dispenser, Dapur","Parkir Mobil, Parkir Motor, Parkir Sepeda",,https://mamikos.com/room/kost-kota-bandung-kost-campur-eksklusif-kost-gedung-putih-2-lengkong-bandung-1?redirection_source=landing%20area,-6.935046359360332,107.62559421888501
Kost Wastu323 Bandung Wetan Bandung,Putri,Rp650.000,650000,Bandung Wetan,Bandung Wetan,"Kost ini berlokasi dekat dengan jalan raya dengan akses yang hanya bisa dilalui oleh motor/sepeda, berlokasi dekat dengan Warteg Abadi (531 m), Alfamart (455 m), Masjid Al Asy'ari Unisba (364 m), Bank BJB - Kantor Cabang Tamansari (386 m), Universitas Islam Bandung (335 m), RS Umum Tk IV 03.07.03Sariningsih (859 m).","3 x 3 meter, Tidak termasuk listrik","Kasur, Meja, Lemari / Storage, Jendela, Bantal, Kursi","K. Mandi Dalam, Kloset Jongkok, K. Mandi Luar, Wastafel, Ember mandi, Bak mandi","WiFi, R. Cuci, R. Jemur, R. Santai, Dapur, Jemuran, Pengurus Kos, Jual Makanan, CCTV, Rooftop","Parkir Motor, Parkir Motor & Sepeda",,https://mamikos.com/room/kost-kota-bandung-kost-putri-murah-kost-wastu323-bandung-wetan-bandung-2?redirection_source=landing%20area,-6.905061437652787,107.6161541707537
Kost Nur Muhaji Tipe A Batununggal Bandung,Campur,Rp1.200.000,1200000,Batununggal,Batununggal,"Kost ini berlokasi dekat dengan jalan raya dengan akses yang hanya bisa dilalui oleh motor/sepeda, berlokasi dekat dengan Warteg Bahari (2.0 km), Alfamart (2.6 km), Masjid Al Jihad (264 m), Bank BJB - Cabang Utama Bandung (2.2 km), Institut Teknologi Nasional Bandung (2.4 km), RS Ibu dan Anak Al Islam (1.5 km).","4 x 4 meter, Tidak termasuk listrik","Kasur, Lemari / Storage, Ventilasi, Jendela, Guling, Bantal","K. Mandi Dalam, Kloset Duduk, Ember mandi","WiFi, Laundry, Penjaga Kos, Jemuran, Pengurus Kos, CCTV","Parkir Motor, Parkir Motor & Sepeda",,https://mamikos.com/room/kost-kota-bandung-kost-campur-eksklusif-kost-nur-muhaji-tipe-a-batununggal-bandung-2?redirection_source=landing%20area,-6.929857682143465,107.64132247426683
Kost Menimurah Tipe Standart Cibeunying Kaler Bandung,Putri,Rp500.000,500000,Cibeunying Kaler,Cibeunying Kaler,"Kost ini berlokasi dekat dengan jalan raya dengan akses yang hanya bisa dilalui oleh motor/sepeda, berlokasi dekat dengan Warteg Cintaasih (2.3 km), Alfamart Bojong Koneng (1.3 km), Christian Church Pasundan Awiligar (2.1 km), Bank BJB Weekend Banking (1.4 km), Institut Teknologi Nasional Bandung (408 m), RS Ibu dan Anak Al Islam (1.3 km).","2 x 3 meter, Termasuk listrik","Kasur, Meja, Lemari / Storage, Ventilasi, Jendela, Kursi","Kloset Jongkok, K. Mandi Luar, Ember mandi, Bak mandi","WiFi, R. Cuci, R. Tamu, R. Jemur, R. Makan, Dapur, Jemuran, Pengurus Kos, Balcon, R. Keluarga",Parkir Motor,,https://mamikos.com/room/kost-kota-bandung-kost-putri-murah-kost-menimurah-tipe-standart-cibeunying-kaler-bandung?redirection_source=landing%20area,-6.885486421342276,107.63044222891227
Kost Paviliun Asmi Regol Bandung,Campur,Rp2.000.000,2000000,Regol,Regol,"Kost ini berlokasi dekat dengan jalan raya dengan akses yang hanya bisa dilalui oleh motor/sepeda, berlokasi dekat dengan Rumah Makan Cikawao (672 m), Circle K (915 m), Gereja Kristen Kalam Kudus Pasundan (219 m), Institut Seni Budaya Indonesia Bandung (2.8 km), RSU Bhayangkara Tk II Sartika Asih (3.1 km), Bandung Electronic Center (2.3 km).","4 x 5 meter, Tidak termasuk listrik","Kasur, Meja, Lemari / Storage, Ventilasi, Jendela, Sofa, Kursi","K. Mandi Dalam, Kloset Duduk, Bak mandi",R. Tamu,,,https://mamikos.com/room/kost-bandung-kost-campur-eksklusif-kost-paviliun-asmi-regol-bandung?redirection_source=landing%20area,-6.941542205170809,107.61563460929274
Kost Griya Asri 2 Cibeunying Kaler Bandung,Campur,Rp1.700.000,1700000,Cibeunying Kaler,Cibeunying Kaler,"Kost ini berlokasi dekat dengan jalan raya dengan akses yang hanya bisa dilalui oleh motor/sepeda, berlokasi dekat dengan Warteg Abadi (2.2 km), Alfamart (1.5 km), Church In Bandung (2.2 km), Bank BJB Weekend Banking (734 m), Institut Teknologi Nasional Bandung (1.1 km), RS Ibu dan Anak Al Islam (1.1 km).","3 x 4 meter, Tidak termasuk listrik","AC, Kasur, Meja, Lemari / Storage, Jendela, Guling, Cermin, Bantal, Kursi","K. Mandi Dalam, Kloset Duduk, K. Mandi Luar, Ember mandi, Shower","WiFi, R. Cuci, Kulkas, Mesin Cuci, Penjaga Kos, R. Jemur, R. Makan, Mushola, R. Santai, Dispenser",Parkir Motor & Sepeda,,https://mamikos.com/room/kost-kota-bandung-kost-campur-eksklusif-kost-griya-asri-2-cibeunying-kaler-bandung?redirection_source=landing%20area,-6.887606358031622,107.62976516102371
Kost Dadang Kebon Sirih Tipe L Besar Sumur Bandung Bandung,Putra,Rp1.300.000,1300000,Kecamatan Sumur Bandung,Sumur Bandung,"Kost ini berlokasi dekat dengan jalan raya dengan akses yang hanya bisa dilalui oleh motor/sepeda, berlokasi dekat dengan Warteg Abadi (1.1 km), Alfamart (1.6 km), Masjid Al Asy'ari Unisba (881 m), Bank BJB - Kantor Cabang Tamansari (915 m), Universitas Islam Bandung (917 m), RS Umum Tk IV 03.07.03Sariningsih (777 m).","3 x 5 meter, Termasuk listrik","Kasur, Meja, Lemari / Storage, Ventilasi, Jendela, Cermin, Kursi","K. Mandi Dalam, Kloset Duduk, Shower, Air panas","WiFi, R. Jemur, Balcon, TV",Parkir Motor & Sepeda,,https://mamikos.com/room/kost-kota-bandung-kost-putra-eksklusif-kost-dadang-kebon-sirih-tipe-l-besar-sumur-bandung-bandung-2?redirection_source=landing%20area,-6.915563272791199,107.61503282925311
Kost Srigadis 25 Tipe B Regol Bandung,Campur,Rp1.200.000,1200000,Kecamatan Regol,Regol,"Kost ini berlokasi dekat dengan jalan raya dengan akses yang hanya bisa dilalui oleh motor/sepeda, berlokasi dekat dengan Warteg Bahari (788 m), Circle K (788 m), Church of Isa Almasih (836 m), Institut Seni Budaya Indonesia Bandung (1.9 km), RSU Bhayangkara Tk II Sartika Asih (2.3 km), Bandung Electronic Center (3.1 km).","5 x 5 meter, Tidak termasuk listrik","Kasur, Meja, Lemari / Storage, Ventilasi, Jendela, Guling, Cermin, Bantal, Kursi","K. Mandi Dalam, Kloset Duduk, Ember mandi","WiFi, R. Jemur, R. Makan, R. Santai, Dapur, Jemuran, Taman","Parkir Motor, Parkir Sepeda",,https://mamikos.com/room/kost-kota-bandung-kost-campur-eksklusif-kost-srigadis-25-tipe-b-regol-bandung-2?redirection_source=landing%20area,-6.940508766739515,107.61561525526277
Kost Ibu Tina Tipe A Cibeunying Kidul Bandung,Putri,Rp900.000,900000,Kecamatan Cibeunying Kidul,Cibeunying Kidul,"Kost ini berlokasi dekat dengan jalan raya dengan akses yang hanya bisa dilalui oleh motor/sepeda, berlokasi dekat dengan Warteg Abadi (3.1 km), Alfamart A Yani 419 (282 m), Masjid Pusdai (1.6 km), Bank Mandiri Bandung Priority Banking Soerapatti (2.5 km), Institut Teknologi Nasional Bandung (1.2 km), RS Umum Santo Yusup (625 m).","3 x 4 meter, Tidak termasuk listrik","Kasur, Lemari / Storage, Ventilasi, Jendela, Guling, Dapur Pribadi, Bantal, Wastafel","K. Mandi Dalam, Kloset Jongkok, Wastafel, Ember mandi","WiFi, R. Cuci, R. Jemur, R. Santai, Dapur, Jemuran, Pengurus Kos, Rooftop, Balcon, Gazebo","Parkir Motor, Parkir Sepeda, Parkir Motor & Sepeda",,https://mamikos.com/room/kost-kota-bandung-kost-putri-murah-kost-ibu-tina-tipe-a-cibeunying-kidul-bandung?redirection_source=landing%20area,-6.899370675223524,107.65205091061604
Kost Kanaya Tipe A Lengkong Bandung,Putra,Rp1.000.000,1000000,Kecamatan Lengkong,Lengkong,"Kost ini berlokasi dekat dengan jalan raya dengan akses yang hanya bisa dilalui oleh motor/sepeda, berlokasi dekat dengan Warteg Bahari (613 m), Alfamart A Yani 419 (3.2 km), Masjid Jami Nurul Falah (598 m), CIMB Niaga (Buah Batu) (556 m), Akademi Sekretari Dan Manajemen BSI Bandung (280 m), RS Ibu dan Anak Kota Bandung (2.3 km).","3 x 4 meter, Termasuk listrik","Kasur, Meja, Lemari / Storage, Ventilasi, Jendela, Guling, Bantal, Kursi","Kloset Jongkok, K. Mandi Luar, Bak mandi","WiFi, Kulkas, R. Tamu, R. Jemur, R. Makan, R. Santai, Dapur, Jemuran, Pengurus Kos, R. Keluarga","Parkir Mobil, Parkir Motor & Sepeda",,https://mamikos.com/room/kost-kota-bandung-kost-putra-murah-kost-kanaya-tipe-a-lengkong-bandung?redirection_source=landing%20area,-6.934572467604986,107.62590531413888
Kost Asia Afrika 1 Standard Sumur Bandung,Campur,Rp875.000,875000,Kecamatan Sumur Bandung,Sumur Bandung,"Kost ini berlokasi dekat dengan jalan raya dengan akses jalan raya, berlokasi dekat dengan Warteg Bahari (1.1 km), Alfamart (2.6 km), Church In Bandung (637 m), Bank BJB - Cabang Utama Bandung (433 m), Universitas Islam Bandung (2.0 km), RS Umum Bungsu (292 m).","3 x 3 meter, Tidak termasuk listrik","Kasur, Lemari / Storage, Jendela, Bantal","K. Mandi Dalam, Kloset Jongkok, K. Mandi Luar, Ember mandi","WiFi, Kulkas, Penjaga Kos, Dispenser, Dapur, Jemuran, Pengurus Kos, CCTV","Parkir Motor, Parkir Sepeda",,https://mamikos.com/room/kost-kota-bandung-kost-campur-murah-kost-asia-afrika-1-standard-sumur-bandung-2?redirection_source=landing%20area,-6.913551373356137,107.61894270222476
Kost Adikacih 6 Astana Anyar Bandung,Putri,Rp850.000,850000,Kecamatan Astanaanyar,Astanaanyar,"Kost ini berlokasi dekat dengan jalan raya dengan akses yang hanya bisa dilalui oleh motor/sepeda, berlokasi dekat dengan Warteg Bahari (1.6 km), Indomaret YPAC (3.3 km), Church of Isa Almasih (1.2 km), Bank BJB - Cabang Utama Bandung (1.3 km), Universitas Islam Bandung (2.8 km), RS Umum Bungsu (1.6 km).","3 x 3 meter, Tidak termasuk listrik","Kasur, Meja, Lemari / Storage, Kulkas, Ventilasi, Jendela, Wastafel, Kursi, Kipas Angin","Kloset Duduk, K. Mandi Luar, Shower, Air panas","WiFi, R. Cuci, Kulkas, Mesin Cuci, R. Jemur, Dapur, Jemuran, Pengurus Kos, CCTV, Kartu Akses",Parkir Motor & Sepeda,,https://mamikos.com/room/kost-kota-bandung-kost-putri-eksklusif-kost-adikacih-6-astana-anyar-bandung?redirection_source=landing%20area,-6.936867447456096,107.60281552400231
Kost Asih Tipe A Lengkong Bandung,Campur,Rp1.000.000,1000000,Lengkong,Lengkong,"Kost ini berlokasi dekat dengan jalan raya dengan akses yang hanya bisa dilalui oleh motor/sepeda, berlokasi dekat dengan Warteg Bahari (712 m), Alfamart (3.1 km), Church of Isa Almasih (370 m), Bank BJB - Cabang Utama Bandung (633 m), Universitas Islam Bandung (2.5 km), RS Umum Bungsu (772 m).","3 x 4 meter, Tidak termasuk listrik","Kasur, Lemari / Storage, Ventilasi, Guling, Cermin, Bantal","K. Mandi Dalam, Kloset Jongkok, Shower, Bak mandi","Penjaga Kos, Dapur, Jemuran, Pengurus Kos, CCTV","Parkir Motor, Parkir Motor & Sepeda",,https://mamikos.com/room/kost-kota-bandung-kost-campur-murah-kost-asih-tipe-a-lengkong-bandung?redirection_source=landing%20area,-6.935247892503261,107.62522112394461
Kost Galunggung Tipe B Lengkong Bandung,Putri,Rp750.000,750000,Lengkong,Lengkong,"Kost ini berlokasi dekat dengan jalan raya dengan akses yang hanya bisa dilalui oleh motor/sepeda, berlokasi dekat dengan Warteg Bahari (1.1 km), Circle K (696 m), Church In Bandung (1.1 km), Bank BCA KCP Buah Batu (1.2 km), Universitas Islam Bandung (3.5 km), RS Umum Bungsu (1.9 km).","3 x 3 meter, Termasuk listrik","Kasur, Lemari / Storage, Ventilasi","Kloset Jongkok, K. Mandi Luar, Ember mandi","Kulkas, R. Jemur, Dapur, Jemuran, Balcon","Parkir Motor, Parkir Sepeda",,https://mamikos.com/room/kost-kota-bandung-kost-putri-murah-kost-galunggung-tipe-b-lengkong-bandung?redirection_source=landing%20area,-6.93262871403733,107.626076780906
Kost Asmi Depan Itc Regol Bandung,Campur,Rp750.000,750000,Regol,Regol,"Kost ini berlokasi dekat dengan jalan raya dengan akses yang hanya bisa dilalui oleh motor/sepeda, berlokasi dekat dengan Rumah Makan Cikawao (664 m), Circle K (878 m), Gereja Kristen Kalam Kudus Pasundan (186 m), Bank BJB - Cabang Utama Bandung (975 m), Institut Seni Budaya Indonesia Bandung (2.8 km), RSU Bhayangkara Tk II Sartika Asih (3.2 km).","3 x 4 meter, Tidak termasuk listrik",Jendela,Kloset Jongkok,R. Jemur,Parkir Motor,,https://mamikos.com/room/kost-bandung-kost-campur-murah-kost-asmi-depan-itc-regol-bandung?redirection_source=landing%20area,-6.939492840886497,107.61452250009357
Kost Rasionas Coblong Bandung,Campur,Rp1.400.000,1400000,Kecamatan Coblong,Coblong,"Kost ini berlokasi dekat dengan jalan raya dengan akses yang hanya bisa dilalui oleh motor/sepeda, berlokasi dekat dengan Swike Waled Rumah Makan (343 m), Circle K (2.8 km), Masjid Al Arief (438 m), Bank BJB - Kantor Cabang Tamansari (765 m), Universitas Islam Bandung (713 m), RS Umum Pusat Dr. Hasan Sadikin (600 m).","3 x 3 meter, Tidak termasuk listrik","Kasur, Meja, Lemari / Storage, Ventilasi, Jendela, Cermin, Kursi","K. Mandi Dalam, Kloset Duduk, Kloset Jongkok, Shower, Air panas","WiFi, R. Cuci, Kulkas, Mesin Cuci, R. Tamu, Penjaga Kos, R. Jemur, R. Santai, Dapur, Jemuran","Parkir Mobil, Parkir Motor, Parkir Sepeda",,https://mamikos.com/room/kost-kost-campur-eksklusif-kost-rasionas-coblong-bandung-1?redirection_source=landing%20area,-6.8824159459021415,107.61236928618875
Kost Wastu Tipe M Bandung Wetan Bandung,Campur,Rp750.000,750000,Kecamatan Bandung Wetan,Bandung Wetan,"Kost ini berlokasi dekat dengan jalan raya dengan akses yang hanya bisa dilalui oleh motor/sepeda, berlokasi dekat dengan Warteg Abadi (508 m), Alfamart (814 m), Masjid Al Asy'ari Unisba (192 m), Bank BJB - Kantor Cabang Tamansari (254 m), Universitas Islam Bandung (211 m), RS Umum Tk IV 03.07.03Sariningsih (603 m).","3 x 3 meter, Tidak termasuk listrik","Jendela, Guling, Bantal, Kipas Angin","Kloset Duduk, Kloset Jongkok, K. Mandi Luar, Bak mandi",Dapur,,,https://mamikos.com/room/kost-kota-bandung-kost-campur-murah-kost-wastu-tipe-m-bandung-wetan-bandung-2?redirection_source=landing%20area,-6.906626177934444,107.6163355466695
Kost Eceng 20 Lengkong Bandung,Putri,Rp650.000,650000,Kecamatan Lengkong,Lengkong,"Kost ini berlokasi dekat dengan jalan raya dengan akses yang hanya bisa dilalui oleh motor/sepeda, berlokasi dekat dengan Warteg Bahari (974 m), Circle K (3.1 km), Church In Bandung (1.1 km), Bank BCA KCP Buah Batu (1.2 km), Universitas Islam Bandung (3.5 km), RS Umum Bungsu (1.8 km).","3 x 2.5 meter, Termasuk listrik","Kasur, Lemari / Storage, Jendela, Bantal","Kloset Jongkok, K. Mandi Luar, Ember mandi","WiFi, Dispenser, Jemuran, Balcon, K. Mandi Luar","Parkir Motor, Parkir Sepeda, Parkir Motor & Sepeda",,https://mamikos.com/room/kost-kota-bandung-kost-putri-murah-kost-eceng-20-lengkong-bandung-2?redirection_source=landing%20area,-6.936041241536709,107.62431360563028
Kost Srigadis 25 Rooms Regol Bandung,Campur,Rp1.100.000,1100000,Regol,Regol,"Kost ini berlokasi dekat dengan jalan raya dengan akses yang hanya bisa dilalui oleh motor/sepeda, berlokasi dekat dengan Warteg Bahari (790 m), Circle K (789 m), Church of Isa Almasih (834 m), Institut Seni Budaya Indonesia Bandung (1.9 km), RSU Bhayangkara Tk II Sartika Asih (2.3 km), Bandung Electronic Center (3.1 km).","4 x 4 meter, Termasuk listrik","Kasur, Meja, Lemari / Storage, Jendela, Guling, Cermin, Bantal","K. Mandi Dalam, Kloset Jongkok, Ember mandi","WiFi, R. Jemur, R. Makan, R. Santai, Dapur, Jemuran","Parkir Motor, Parkir Sepeda",,https://mamikos.com/room/kost-kota-bandung-kost-campur-eksklusif-kost-srigadis-25-rooms-regol-bandung?redirection_source=landing%20area,-6.940485576836907,107.61489067077626
Kost Kurnia Tipe A Cibeunying Kidul Bandung,Putri,Rp1.300.000,1300000,Cibeunying Kidul,Cibeunying Kidul,"Kost ini berlokasi dekat dengan jalan raya dengan akses yang hanya bisa dilalui oleh motor/sepeda, berlokasi dekat dengan Alfamart A Yani 419 (1.0 km), Christian Church Pasundan Awiligar (2.3 km), Universitas Padjadjaran Kampus Dipatiukur (2.4 km), Sinar Abadi Balubur Town Square (3.1 km).","3 x 4 meter, Termasuk listrik","Kasur, Meja, Lemari / Storage, Jendela, Guling, Bantal, Kursi","Kloset Duduk, Ember mandi, Shower","WiFi, Kulkas, Mesin Cuci, R. Santai, Dispenser, Dapur, Jemuran, CCTV, TV",Parkir Motor,,https://mamikos.com/room/kost-kota-bandung-kost-putri-eksklusif-kost-kurnia-tipe-a-cibeunying-kidul-bandung?redirection_source=landing%20area,-6.899649950981727,107.65171950011597
Kost Bu Wati Batununggal Bandung,Putri,Rp1.100.000,1100000,Batununggal,Batununggal,"Kost ini berlokasi dekat dengan jalan raya dengan akses yang hanya bisa dilalui oleh motor/sepeda, berlokasi dekat dengan Warteg Cintaasih (619 m), Alfamart A Yani 419 (2.0 km), Church In Bandung (875 m), Akademi Sekretari Dan Manajemen BSI Bandung (943 m), Bandung Electronic Center (2.7 km).","3 x 3 meter, Tidak termasuk listrik","Kasur, Meja Rias, Lemari / Storage, Ventilasi, Jendela, Cermin, Bantal, Kipas Angin","K. Mandi Dalam, Kloset Jongkok, Shower","R. Cuci, Kulkas, R. Tamu, R. Jemur, R. Makan, R. Santai, Dapur, Jemuran, Pengurus Kos, Balcon","Parkir Motor, Parkir Sepeda",,https://mamikos.com/room/kost-kota-bandung-kost-putri-eksklusif-kost-bu-wati-batununggal-bandung?redirection_source=landing%20area,-6.926670470245321,107.6418006039097
Kost Rahma Homes TSM Gatot Subroto Batununggal Bandung,Putri,Rp700.000,700000,Kecamatan Batununggal,Batununggal,"Kost ini berlokasi dekat dengan jalan raya dengan akses yang hanya bisa dilalui oleh motor/sepeda, berlokasi dekat dengan Warteg Bahari (2.0 km), Alfamart A Yani 419 (1.7 km), Church In Bandung (1.6 km), CIMB Niaga (Buah Batu) (1.8 km), Institut Teknologi Nasional Bandung (3.1 km), RS Umum Pindad (2.1 km).","3 x 3 meter, Termasuk listrik","Kasur, Lemari / Storage, Ventilasi, Jendela, Guling, Bantal","K. Mandi Dalam, Kloset Jongkok, K. Mandi Luar, Ember mandi","R. Cuci, R. Jemur, R. Santai, Dispenser, Jemuran, Pengurus Kos, Balcon, Taman, TV",Parkir Motor & Sepeda,,https://mamikos.com/room/kost-kota-bandung-kost-putri-murah-kost-rahma-homes-tsm-gatot-subroto-batununggal-bandung-1?redirection_source=landing%20area,-6.926799315675005,107.64069791060422
Kost Srigadis 25 Tipe Paviliun B Regol Bandung,Campur,Rp1.500.000,1500000,Regol,Regol,"Kost ini berlokasi dekat dengan jalan raya dengan akses yang hanya bisa dilalui oleh motor/sepeda, berlokasi dekat dengan Warteg Bahari (774 m), Circle K (774 m), Church of Isa Almasih (825 m), Institut Seni Budaya Indonesia Bandung (1.9 km), RSU Bhayangkara Tk II Sartika Asih (2.3 km), Bandung Electronic Center (3.1 km).","3 x 4 meter, Tidak termasuk listrik","Kasur, Meja, Lemari / Storage, Ventilasi, Jendela, Guling, Dapur Pribadi, Cermin, Bantal, Kursi","K. Mandi Dalam, Kloset Duduk, Ember mandi","WiFi, R. Tamu, R. Jemur, R. Santai, Dapur, Jemuran, Pengurus Kos, CCTV","Parkir Mobil, Parkir Motor & Sepeda",,https://mamikos.com/room/kost-kota-bandung-kost-campur-eksklusif-kost-srigadis-25-tipe-paviliun-b-regol-bandung-2?redirection_source=landing%20area,-6.938935288645082,107.61530001650242
Kost Mahameru Co Living Suite Cibeunying Kidul Bandung,Campur,Rp2.500.000,2500000,Kecamatan Cibeunying Kidul,Cibeunying Kidul,"Kost ini berlokasi dekat dengan jalan raya dengan akses masuk mobil, berlokasi dekat dengan Warteg Bahari (2.8 km), Alfamart (2.4 km), Masjid Al Jihad (592 m), Bank BJB - Cabang Utama Bandung (2.8 km), Institut Teknologi Nasional Bandung (1.6 km), RS Ibu dan Anak Al Islam (642 m).","3 x 4 meter, Tidak termasuk listrik","AC, Kasur, Dispenser, Meja, TV, Lemari / Storage, Jendela, Guling, Cermin, Bantal","Kloset Duduk, Kloset Jongkok, K. Mandi Luar, Wastafel, Shower, Air panas","WiFi, R. Cuci, Kulkas, Penjaga Kos, R. Jemur, R. Santai, Dispenser, Dapur, Jemuran, Pengurus Kos","Parkir Mobil, Parkir Motor & Sepeda",,https://mamikos.com/room/kost-kota-bandung-kost-campur-eksklusif-kost-mahameru-co-living-suite-cibeunying-kidul-bandung?redirection_source=landing%20area,-6.897548109316193,107.6518207823072
Kost Siela Mansion Lengkong Bandung,Campur,Rp3.600.000,3600000,Kecamatan Lengkong,Lengkong,"Kost ini berlokasi dekat dengan jalan raya dengan akses yang hanya bisa dilalui oleh motor/sepeda, berlokasi dekat dengan Warteg Bahari (494 m), Alfamart A Yani 419 (3.3 km), Masjid Al Waritsin (312 m), CIMB Niaga (Buah Batu) (190 m), Akademi Sekretari Dan Manajemen BSI Bandung (615 m), Bandung Electronic Center (3.5 km).","3 x 5 meter, Tidak termasuk listrik","AC, Kasur, Meja, TV, Meja Rias, Lemari / Storage, Kulkas, Ventilasi, Jendela, Guling","K. Mandi Dalam, Kloset Duduk, Wastafel, Shower, Air panas","WiFi, R. Cuci, Kulkas, Mesin Cuci, Laundry, R. Tamu, Penjaga Kos, R. Jemur, R. Makan, R. Santai","Parkir Mobil, Parkir Motor, Parkir Sepeda",,https://mamikos.com/room/kost-kota-bandung-kost-campur-eksklusif-kost-siela-mansion-lengkong-bandung-1?redirection_source=landing%20area,-6.9351599639805555,107.62611613142582
Kost Muararajeun Lama 2 Tipe C Cibeunying Kaler Bandung,Campur,Rp850.000,850000,Cibeunying Kaler,Cibeunying Kaler,"Kost ini berlokasi dekat dengan jalan raya dengan akses yang hanya bisa dilalui oleh motor/sepeda, berlokasi dekat dengan Rumah Makan Boemi Mitoha (593 m), Alfamart A Yani 419 (1.3 km), Masjid Pusdai (561 m), Universitas Padjadjaran Kampus Dipatiukur (1.8 km), Sinar Abadi Balubur Town Square (2.3 km).","3 x 3 meter, Termasuk listrik","Kasur, Meja, Lemari / Storage, Ventilasi, Jendela, Bantal","Kloset Jongkok, K. Mandi Luar, Ember mandi","WiFi, R. Cuci, R. Jemur, Dapur, Jemuran, Pengurus Kos, Jual Makanan, CCTV, K. Mandi Luar","Parkir Motor, Parkir Sepeda, Parkir Motor & Sepeda",,https://mamikos.com/room/kost-kota-bandung-kost-campur-eksklusif-kost-muararajeun-lama-2-tipe-c-cibeunying-kaler-bandung?redirection_source=landing%20area,-6.885013954171779,107.6286513842785
Kost Partadisastra Regol Bandung,Putra,Rp750.000,750000,Regol,Regol,"Kost ini berlokasi dekat dengan jalan raya dengan akses yang hanya bisa dilalui oleh motor/sepeda, berlokasi dekat dengan Rumah Makan Cikawao (636 m), Circle K (787 m), Gereja Kristen Kalam Kudus Pasundan (406 m), Institut Seni Budaya Indonesia Bandung (2.5 km), RS Ibu dan Anak Kota Bandung (943 m), Bandung Electronic Center (2.5 km).","3 x 3 meter, Termasuk listrik","Kasur, Meja, Lemari / Storage, Kursi","Kloset Jongkok, K. Mandi Luar, Ember mandi, Bak mandi","WiFi, R. Cuci, Kulkas, R. Tamu, R. Jemur, Dapur, TV","Parkir Motor, Parkir Sepeda",,https://mamikos.com/room/kost-kota-bandung-kost-putra-murah-kost-partadisastra-regol-bandung-2?redirection_source=landing%20area,-6.940968955727172,107.61485758419343
Kost Griya Camar Tipe B Lengkong Bandung,Campur,Rp850.000,850000,Lengkong,Lengkong,"Kost ini berlokasi dekat dengan jalan raya dengan akses yang hanya bisa dilalui oleh motor/sepeda, berlokasi dekat dengan Warteg Bahari (1.3 km), Alfamart (2.6 km), Church In Bandung (354 m), Bank BJB - Cabang Utama Bandung (1.4 km), Universitas Islam Bandung (2.5 km), RS Umum Bungsu (1.0 km).","3 x 3 meter, Tidak termasuk listrik","Kasur, Meja, Lemari / Storage, Jendela, Cermin, Bantal, Kursi","Kloset Jongkok, K. Mandi Luar, Ember mandi, Shower","WiFi, R. Cuci, Penjaga Kos, R. Jemur, Dapur, Jemuran, CCTV",Parkir Motor & Sepeda,,https://mamikos.com/room/kost-kota-bandung-kost-campur-murah-kost-griya-camar-tipe-b-lengkong-bandung-2?redirection_source=landing%20area,-6.935251784562972,107.62614721891416
Kost Akiel Tipe Standard Regol Bandung,Putri,Rp1.000.000,1000000,Regol,Regol,"Kost ini berlokasi dekat dengan jalan raya dengan akses yang hanya bisa dilalui oleh motor/sepeda, berlokasi dekat dengan Warteg Bahari (930 m), Circle K (911 m), Church of Isa Almasih (739 m), Bank BJB - Cabang Utama Bandung (1.6 km), Universitas Islam Bandung (3.4 km), RS Mata Bandung Eye Center (1.7 km).","3 x 4 meter, Termasuk listrik","Kasur, Dispenser, Meja, TV, Lemari / Storage, Kulkas, Ventilasi, Jendela, Guling, Cermin","Kloset Duduk, K. Mandi Luar, Ember mandi, Shower","WiFi, Kulkas, R. Tamu, R. Jemur, Dispenser, Jemuran, Pengurus Kos, CCTV, Balcon, TV",Parkir Motor,,https://mamikos.com/room/kost-kota-bandung-kost-putri-eksklusif-kost-akiel-tipe-standard-regol-bandung-2?redirection_source=landing%20area,-6.939654534225722,107.61348876656787
Kost Mahameru Co Living Deluxe Cibeunying Kidul Bandung,Campur,Rp1.350.000,1350000,Kecamatan Cibeunying Kidul,Cibeunying Kidul,"Kost ini berlokasi dekat dengan jalan raya dengan akses masuk mobil, berlokasi dekat dengan Warteg Bahari (2.8 km), Alfamart (2.4 km), Masjid Al Jihad (592 m), Bank BJB - Cabang Utama Bandung (2.8 km), Institut Teknologi Nasional Bandung (1.6 km), RS Ibu dan Anak Al Islam (642 m).","3 x 3 meter, Tidak termasuk listrik","Kasur, Meja, Lemari / Storage, Jendela, Guling, Bantal, Kursi, Kipas Angin","Kloset Duduk, Kloset Jongkok, K. Mandi Luar, Wastafel, Shower, Air panas","WiFi, R. Cuci, Kulkas, Penjaga Kos, R. Jemur, R. Santai, Dispenser, Dapur, Jemuran, Pengurus Kos","Parkir Mobil, Parkir Motor & Sepeda",,https://mamikos.com/room/kost-kota-bandung-kost-campur-eksklusif-kost-mahameru-co-living-deluxe-cibeunying-kidul-bandung?redirection_source=landing%20area,-6.897796802118923,107.65040663556732
Kost Bu Lia Cicendo Bandung,Campur,Rp850.000,850000,Cicendo,Cicendo,"Kost ini berlokasi dekat dengan jalan raya dengan akses yang hanya bisa dilalui oleh motor/sepeda, berlokasi dekat dengan Swike Waled Rumah Makan (680 m), Circle K (2.7 km), Masjid Jami Mathla'ul Khoeriyah (689 m), Bank BJB - Kantor Cabang Tamansari (804 m), Universitas Islam Bandung (766 m), RS Umum Hermina Pasteur (2.0 km).","3 x 4 meter, Tidak termasuk listrik","Kasur, Lemari / Storage, Ventilasi, Jendela, Guling, Bantal","K. Mandi Dalam, Kloset Jongkok, Ember mandi","Dapur, Jemuran",,,https://mamikos.com/room/kost-kota-bandung-kost-campur-murah-kost-bu-lia-cicendo-bandung-2?redirection_source=landing%20area,-6.902599610591245,107.58618655424958
Kost Fira Tipe B Cibeunying Kaler Bandung,Campur,Rp1.000.000,1000000,Cibeunying Kaler,Cibeunying Kaler,"Kost ini berlokasi dekat dengan jalan raya dengan akses yang hanya bisa dilalui oleh motor/sepeda, berlokasi dekat dengan Warteg Abadi (2.2 km), Alfamart A Yani 419 (1.3 km), Masjid Pusdai (602 m), Bank Permata (2.3 km), Universitas Padjadjaran Kampus Dipatiukur (1.8 km), RS Umum Santo Borromeus (2.1 km).","3 x 3 meter, Termasuk listrik","Kasur, Meja, Lemari / Storage, Ventilasi, Jendela, Bantal, Kursi","K. Mandi Dalam, Kloset Duduk, Ember mandi","WiFi, R. Cuci, Laundry, Penjaga Kos, R. Jemur, Jemuran, Pengurus Kos, CCTV, Kartu Akses","Parkir Motor, Parkir Sepeda, Parkir Motor & Sepeda",,https://mamikos.com/room/kost-kota-bandung-kost-campur-eksklusif-kost-fira-tipe-b-cibeunying-kaler-bandung?redirection_source=landing%20area,-6.887018622547454,107.6278912979601
Kost Sumarmo 13 Regol Bandung,Putri,Rp850.000,850000,Regol,Regol,"Kost ini berlokasi dekat dengan jalan raya dengan akses yang hanya bisa dilalui oleh motor/sepeda, berlokasi dekat dengan Rumah Makan Cikawao (349 m), Circle K (413 m), Church of Isa Almasih (178 m), Institut Seni Budaya Indonesia Bandung (2.3 km), RSU Bhayangkara Tk II Sartika Asih (2.9 km), Bandung Electronic Center (2.5 km).","3 x 3 meter, Termasuk listrik","Kasur, Lemari / Storage","K. Mandi Dalam, Kloset Jongkok","WiFi, Dapur",Parkir Motor,,https://mamikos.com/room/kost-kota-bandung-kost-putri-murah-kost-sumarmo-13-regol-bandung?redirection_source=landing%20area,-6.937622880209661,107.61516509735632
Kost Rancagoong Paviliun 2 Batununggal Bandung,Putra,Rp2.500.000,2500000,Batununggal,Batununggal,"Kost ini berlokasi dekat dengan jalan raya dengan akses yang hanya bisa dilalui oleh motor/sepeda, berlokasi dekat dengan Warteg Bahari (2.0 km), Alfamart (2.8 km), Gereja Isa Almasih (688 m), Bank BCA KCP Buah Batu (1.6 km), Sekolah Tinggi Ilmu Ekonomi Pasundan (214 m), RS Mata Bandung Eye Center (1.6 km).","4 x 5 meter, Termasuk listrik","Ventilasi, Jendela, Dapur Pribadi","Kloset Duduk, Kloset Jongkok, Ember mandi","WiFi, Laundry, R. Tamu, R. Jemur, Dapur, Jemuran, Pengurus Kos, Jual Makanan, Balcon","Parkir Mobil, Parkir Motor, Parkir Sepeda",,https://mamikos.com/room/kost-kota-bandung-kost-putra-eksklusif-kost-rancagoong-paviliun-2-batununggal-bandung-2?redirection_source=landing%20area,-6.926111160340598,107.64192787402499
Kost Warta Batununggal Bandung,Putri,Rp900.000,900000,Batununggal,Batununggal,"Kost ini berlokasi dekat dengan jalan raya dengan akses yang hanya bisa dilalui oleh motor/sepeda, berlokasi dekat dengan Warteg Cintaasih (603 m), Alfamart A Yani 419 (1.8 km), Masjid Al Jihad (893 m), Sekolah Tinggi Ilmu Ekonomi Pasundan (842 m), Bandung Electronic Center (3.3 km).","3 x 3 meter, Termasuk listrik","Kasur, Meja, Lemari / Storage, Ventilasi, Jendela, Guling, Cermin, Bantal","Kloset Duduk, Kloset Jongkok, K. Mandi Luar, Ember mandi, Shower","Kulkas, R. Tamu, R. Jemur, R. Makan, Dispenser, Dapur, Jemuran, Pengurus Kos, CCTV, Taman","Parkir Motor, Parkir Sepeda",,https://mamikos.com/room/kost-bandung-kost-putri-murah-kost-warta-batununggal-bandung?redirection_source=landing%20area,-6.9295012237680655,107.6396113569424
Kost Miraclee Tipe C Regol Bandung,Putri,Rp1.500.000,1500000,Kecamatan Regol,Regol,"Kost ini berlokasi dekat dengan jalan raya dengan akses yang hanya bisa dilalui oleh motor/sepeda, berlokasi dekat dengan Warteg Bahari (922 m), Alfamart (2.6 km), Church of Isa Almasih (737 m), Bank BJB - Cabang Utama Bandung (1.6 km), Universitas Islam Bandung (3.4 km), RS Mata Bandung Eye Center (1.7 km).","3 x 4 meter, Tidak termasuk listrik","Kasur, Meja, Meja Rias, Lemari / Storage, Ventilasi, Jendela, Guling, Cermin, Bantal, Kursi","Kloset Duduk, Wastafel, Ember mandi, Shower, Air panas","WiFi, Kulkas, Penjaga Kos, Dapur, Jemuran, Pengurus Kos, Jual Makanan, CCTV, Rooftop, Balcon","Parkir Motor, Parkir Motor & Sepeda",,https://mamikos.com/room/kost-kota-bandung-kost-putri-eksklusif-kost-miraclee-tipe-c-regol-bandung?redirection_source=landing%20area,-6.941459534408023,107.61563877023409
Kost Kidang Lengkong Bandung,Putri,Rp800.000,800000,Lengkong,Lengkong,"Kost ini berlokasi dekat dengan jalan raya dengan akses yang hanya bisa dilalui oleh motor/sepeda, berlokasi dekat dengan Rumah Makan Ibu Haji Cijantung (315 m), Alfamart A Yani 419 (3.3 km), Masjid Jami Nurul Falah (393 m), CIMB Niaga (Buah Batu) (745 m), Akademi Sekretari Dan Manajemen BSI Bandung (346 m), Bandung Electronic Center (2.9 km).","4 x 4 meter, Termasuk listrik","Kasur, Meja, Lemari / Storage","Kloset Jongkok, K. Mandi Luar, Ember mandi, Bak mandi","WiFi, K. Mandi Luar","Parkir Motor, Parkir Sepeda",,https://mamikos.com/room/kost-kota-bandung-kost-putri-murah-kost-kidang-lengkong-bandung?redirection_source=landing%20area,-6.935629849996912,107.62712358764756
Kost Jl.Pajajaran Bandung Wetan,Campur,Rp800.000,800000,Bandung Wetan,Bandung Wetan,"Kost ini berlokasi dekat dengan jalan raya dengan akses jalan raya, berlokasi dekat dengan Rumah Makan Kapau Jaya (565 m), Circle K (3.1 km), Masjid Al Asy'ari Unisba (380 m), Bank BJB - Kantor Cabang Tamansari (428 m), Universitas Islam Bandung (413 m), RS Ibu dan Anak Limijati (799 m).","4 x 4 meter, Termasuk listrik","Kasur, Meja, Lemari / Storage, Jendela, Kursi","Kloset Jongkok, K. Mandi Luar, Bak mandi","Mesin Cuci, R. Jemur, Jemuran, Jual Makanan",Parkir Motor,,https://mamikos.com/room/kost-bandung-kost-campur-murah-kost-jlpajajaran-16-bandung-wetan?redirection_source=landing%20area,-6.905281562447669,107.61540567326125
Kost Macan 43 Tipe VIP Lengkong Bandung,Putri,Rp2.500.000,2500000,Kecamatan Lengkong,Lengkong,"Kost ini berlokasi dekat dengan jalan raya dengan akses yang hanya bisa dilalui oleh motor/sepeda, berlokasi dekat dengan Rumah Makan Cikawao (652 m), Alfamart A Yani 419 (3.3 km), Masjid Jami Nurul Falah (228 m), CIMB Niaga (Buah Batu) (911 m), Universitas Islam Bandung (3.3 km), RS Ibu dan Anak Kota Bandung (2.0 km).","4 x 5 meter, Tidak termasuk listrik","AC, Kasur, Meja, TV, Lemari / Storage, Jendela, Cermin","K. Mandi Dalam, Kloset Duduk, Shower, Air panas","WiFi, R. Tamu, Penjaga Kos, R. Jemur, Dapur, Jemuran, Pengurus Kos, R. Keluarga","Parkir Mobil, Parkir Motor, Parkir Sepeda",,https://mamikos.com/room/kost-kota-bandung-kost-putri-eksklusif-kost-macan-43-tipe-vip-lengkong-bandung-1?redirection_source=landing%20area,-6.934290122878223,107.62638570566769
Kost 41 Lengkong Bandung,Putri,Rp700.000,700000,Kecamatan Lengkong,Lengkong,"Kost ini berlokasi dekat dengan jalan raya dengan akses yang hanya bisa dilalui oleh motor/sepeda, berlokasi dekat dengan Rumah Makan Cikawao (660 m), Alfamart A Yani 419 (3.3 km), Masjid Jami Nurul Falah (236 m), CIMB Niaga (Buah Batu) (904 m), Universitas Islam Bandung (3.3 km), RS Ibu dan Anak Kota Bandung (2.0 km).","3 x 3 meter, Termasuk listrik","Kasur, Meja, Lemari / Storage, Jendela, Cermin",Kloset Duduk,"WiFi, R. Cuci, Kulkas, Penjaga Kos, R. Jemur, R. Makan, Dispenser, Dapur, Jemuran, Pengurus Kos",Parkir Motor,,https://mamikos.com/room/kost-kota-bandung-kost-putri-murah-kost-41-lengkong-bandung-1?redirection_source=landing%20area,-6.933762611715013,107.62645286250034
Kost Griya Camar Tipe A Lengkong Bandung,Campur,Rp800.000,800000,Lengkong,Lengkong,"Kost ini berlokasi dekat dengan jalan raya dengan akses yang hanya bisa dilalui oleh motor/sepeda, berlokasi dekat dengan Warteg Bahari (1.3 km), Alfamart (2.6 km), Church In Bandung (354 m), Bank BJB - Cabang Utama Bandung (1.4 km), Universitas Islam Bandung (2.5 km), RS Umum Bungsu (1.0 km).","3 x 3 meter, Tidak termasuk listrik","Kasur, Meja, Lemari / Storage, Jendela, Cermin, Bantal, Kursi","Kloset Jongkok, K. Mandi Luar, Ember mandi, Shower","WiFi, R. Cuci, Penjaga Kos, R. Jemur, Dapur, Jemuran, CCTV",Parkir Motor & Sepeda,,https://mamikos.com/room/kost-kota-bandung-kost-campur-murah-kost-griya-camar-tipe-a-lengkong-bandung?redirection_source=landing%20area,-6.936066104260921,107.62692429471882
Kost Maulana Yusuf Tipe B Bandung Wetan Bandung,Putra,Rp1.600.000,1600000,Bandung Wetan,Bandung Wetan,"Kost ini berlokasi dekat dengan jalan raya dengan akses yang hanya bisa dilalui oleh motor/sepeda, berlokasi dekat dengan Warteg Abadi (320 m), Alfamart (1.2 km), Masjid Al Asy'ari Unisba (636 m), Bank BJB - Kantor Cabang Tamansari (573 m), Universitas Islam Bandung (624 m), RS Umum Tk IV 03.07.03Sariningsih (569 m).","3 x 4 meter, Termasuk listrik","Kasur, Dispenser, Meja, Lemari / Storage, Ventilasi, Jendela, Cermin, Bantal, Kipas Angin, Cleaning service","Kloset Duduk, K. Mandi Luar, Wastafel, Shower, Air panas","WiFi, R. Cuci, Kulkas, Mesin Cuci, Laundry, R. Tamu, Penjaga Kos, R. Jemur, R. Makan, R. Santai","Parkir Mobil, Parkir Motor, Parkir Sepeda",,https://mamikos.com/room/kost-kota-bandung-kost-putra-eksklusif-kost-maulana-yusuf-tipe-b-bandung-wetan-bandung?redirection_source=landing%20area,-6.9042925810311635,107.61467505148349
Kost Genaka Batununggal Bandung,Putri,Rp760.000,760000,Kecamatan Batununggal,Batununggal,"Kost ini berlokasi dekat dengan jalan raya dengan akses yang hanya bisa dilalui oleh motor/sepeda, berlokasi dekat dengan Warteg Bahari (2.1 km), Alfamart A Yani 419 (1.3 km), Masjid Al Jihad (932 m), Bank BCA KCP Buah Batu (2.4 km), Institut Teknologi Nasional Bandung (2.8 km), RS Ibu dan Anak Al Islam (1.5 km).","3 x 4 meter, Tidak termasuk listrik","Kasur, Lemari / Storage, Bantal","K. Mandi Dalam, Kloset Jongkok, Ember mandi","WiFi, R. Tamu, Dapur","Parkir Motor, Parkir Sepeda, Parkir Motor & Sepeda",,https://mamikos.com/room/kost-kota-bandung-kost-putri-murah-kost-genaka-batununggal-bandung?redirection_source=landing%20area,-6.927131374732976,107.63914301836077
Kost Bp Aan Tipe A Cibeunying Kaler Bandung,Putra,Rp600.000,600000,Cibeunying Kaler,Cibeunying Kaler,"Kost ini berlokasi dekat dengan jalan raya dengan akses yang hanya bisa dilalui oleh motor/sepeda, berlokasi dekat dengan Rumah Makan Pondok (210 m), Alfamart A Yani 419 (1.8 km), Masjid Pusdai (64 m), Bank Mandiri Bandung Martadinata (781 m), Universitas Padjadjaran Kampus Dipatiukur (1.3 km), Sinar Abadi Balubur Town Square (1.8 km).","3 x 3 meter, Tidak termasuk listrik","Kasur, Meja, Lemari / Storage, Ventilasi","Kloset Duduk, Kloset Jongkok, K. Mandi Luar, Bak mandi","Jemuran, K. Mandi Luar","Parkir Motor, Parkir Sepeda",,https://mamikos.com/room/kost-kota-bandung-kost-putra-murah-kost-bp-aan-tipe-a-cibeunying-kaler-bandung-2?redirection_source=landing%20area,-6.884621207126413,107.63043277370666
Kost Heritage House Paviliun Lengkong Bandung,Campur,Rp1.000.000,1000000,Kecamatan Lengkong,Lengkong,"Kost ini berlokasi dekat dengan jalan raya dengan akses masuk mobil, berlokasi dekat dengan Warteg Bahari (532 m), Circle K (2.9 km), Church of Isa Almasih (957 m), Bank BCA KCP Buah Batu (975 m), Akademi Sekretari Dan Manajemen BSI Bandung (319 m), RS Umum Bungsu (1.8 km).","3 x 3 meter, Tidak termasuk listrik","Kasur, Kursi","Kloset Duduk, Shower","WiFi, Kulkas, Dispenser, Dapur, Pengurus Kos, K. Mandi Luar","Parkir Mobil, Parkir Motor, Parkir Sepeda, Parkir Motor & Sepeda",,https://mamikos.com/room/kost-kota-bandung-kost-campur-eksklusif-kost-heritage-house-paviliun-lengkong-bandung?redirection_source=landing%20area,-6.935009224839573,107.62506494040584
Kost Ancol59 Regol Bandung,Campur,Rp1.100.000,1100000,Regol,Regol,"Kost ini berlokasi dekat dengan jalan raya dengan akses yang hanya bisa dilalui oleh motor/sepeda, berlokasi dekat dengan Warteg Bahari (394 m), Circle K (407 m), Masjid Jami Nurul Falah (506 m), CIMB Niaga (Buah Batu) (987 m), Akademi Sekretari Dan Manajemen BSI Bandung (773 m), RS Umum Muhammadiyah (877 m).","3 x 3 meter, Tidak termasuk listrik","AC, Kasur, Lemari / Storage","K. Mandi Dalam, Kloset Duduk, Kloset Jongkok, Air panas","WiFi, R. Cuci, R. Jemur, Dapur, K. Mandi Luar","Parkir Motor, Parkir Sepeda",,https://mamikos.com/room/kost-kota-bandung-kost-campur-eksklusif-kost-ancol59-regol-bandung?redirection_source=landing%20area,-6.937690081272342,107.61205368586909
Kost Muararajeun Lama 1 Tipe A Cibeunying Kaler Bandung,Campur,Rp885.000,885000,Cibeunying Kaler,Cibeunying Kaler,"Kost ini berlokasi dekat dengan jalan raya dengan akses yang hanya bisa dilalui oleh motor/sepeda, berlokasi dekat dengan Rumah Makan Boemi Mitoha (584 m), Alfamart A Yani 419 (1.3 km), Masjid Pusdai (553 m), Universitas Padjadjaran Kampus Dipatiukur (1.8 km), Sinar Abadi Balubur Town Square (2.3 km).","3 x 4 meter, Termasuk listrik","Kasur, Meja, Lemari / Storage, Ventilasi, Jendela, Cermin, Bantal","K. Mandi Dalam, Kloset Duduk, Ember mandi","WiFi, R. Cuci, Penjaga Kos, R. Jemur, Jemuran, Pengurus Kos, CCTV","Parkir Motor, Parkir Sepeda, Parkir Motor & Sepeda",,https://mamikos.com/room/kost-kota-bandung-kost-campur-eksklusif-kost-muararajeun-lama-1-tipe-a-cibeunying-kaler-bandung?redirection_source=landing%20area,-6.886450888173123,107.6278554157741
Kost Healthy Rooms Tipe A Astanaanyar Bandung,Putri,Rp900.000,900000,Kecamatan Astanaanyar,Astanaanyar,"Kost ini berlokasi dekat dengan jalan raya dengan akses yang hanya bisa dilalui oleh motor/sepeda, berlokasi dekat dengan Warteg Bahari (1.9 km), Alfamart (3.0 km), Church of Isa Almasih (1.5 km), Bank BJB - Cabang Utama Bandung (1.2 km), Universitas Islam Bandung (2.5 km), RS Umum Bungsu (1.6 km).","3 x 1.5 meter, Termasuk listrik","Kasur, Meja, Lemari / Storage, Ventilasi, Guling, Cermin, Bantal, Kursi","Kloset Duduk, K. Mandi Luar, Air panas","WiFi, Kulkas, Mesin Cuci, Laundry, R. Tamu, R. Jemur, Dapur, Jemuran, Rice Cooker, CCTV","Parkir Motor, Parkir Sepeda, Parkir Motor & Sepeda",,https://mamikos.com/room/kost-kota-bandung-kost-putri-murah-kost-healthy-rooms-tipe-a-astanaanyar-bandung-2?redirection_source=landing%20area,-6.938881430485125,107.6029343280169
Kost Omah Wening Tipe A Cicendo Bandung,Putri,Rp1.400.000,1400000,Kecamatan Cicendo,Cicendo,"Kost ini berlokasi dekat dengan jalan raya dengan akses yang hanya bisa dilalui oleh motor/sepeda, berlokasi dekat dengan Rumah Makan Kapau Jaya (1.0 km), Circle K (2.7 km), Masjid Raya Bandung (1.4 km), Bank Syariah Indonesia KC Bandung Suniaraja (708 m), Universitas Padjadjaran Kampus Dipatiukur (2.4 km), RS Khusus Mata Cicendo (242 m).","3 x 3 meter, Termasuk listrik","Kasur, Meja, Lemari / Storage, Ventilasi, Jendela, Cermin, Bantal, Kursi","K. Mandi Dalam, Kloset Duduk, Shower","WiFi, Jemuran, Pengurus Kos, CCTV, Balcon",Parkir Motor,,https://mamikos.com/room/kost-kota-bandung-kost-putri-eksklusif-kost-omah-wening-tipe-a-cicendo-bandung?redirection_source=landing%20area,-6.8995924520632625,107.58756042890111
Kost Cemara Boarding House Lengkong Bandung,Putri,Rp2.250.000,2250000,Kecamatan Lengkong,Lengkong,"Kost ini berlokasi dekat dengan jalan raya dengan akses yang hanya bisa dilalui oleh motor/sepeda, berlokasi dekat dengan Warteg Bahari (377 m), Indomaret Surapati 55 (3.3 km), Church of Isa Almasih (89 m), Bank BJB - Cabang Utama Bandung (992 m), Universitas Islam Bandung (2.8 km), RS Umum Bungsu (1.1 km).","3 x 4 meter, Tidak termasuk listrik","AC, Kasur, Meja, TV, Lemari / Storage, Guling, Cermin, Bantal, Kursi, Cleaning service","K. Mandi Dalam, Kloset Duduk, Shower, Air panas","Kulkas, Laundry, Penjaga Kos, R. Makan, R. Santai, Dispenser, Dapur, Pengurus Kos, CCTV, Balcon","Parkir Mobil, Parkir Motor, Parkir Sepeda",,https://mamikos.com/room/kost-kota-bandung-kost-putri-eksklusif-kost-cemara-boarding-house-lengkong-bandung-2?redirection_source=landing%20area,-6.935220755930181,107.62500981672696
Kost Kadua Homestay Double Vip Regol Bandung,Campur,Rp2.500.000,2500000,Kecamatan Regol,Regol,"Kost ini berlokasi dekat dengan jalan raya dengan akses yang hanya bisa dilalui oleh motor/sepeda, berlokasi dekat dengan Warteg Bahari (1.0 km), Circle K (2.6 km), Church of Isa Almasih (945 m), Bank BJB - Cabang Utama Bandung (1.8 km), Akademi Sekretari Dan Manajemen BSI Bandung (1.5 km), RS Mata Bandung Eye Center (1.7 km).","3.5 x 4.5 meter, Tidak termasuk listrik","AC, Kasur, Meja, Lemari / Storage, Kulkas, Ventilasi, Jendela, Cermin, Wastafel, Kursi","K. Mandi Dalam, Kloset Duduk, Wastafel, Shower, Air panas","WiFi, Kulkas, R. Tamu, Penjaga Kos, R. Jemur, R. Makan, R. Santai, Dapur, Jemuran, Jual Makanan",Parkir Motor,,https://mamikos.com/room/kost-kota-bandung-kost-campur-eksklusif-kost-kadua-homestay-double-vip-regol-bandung?redirection_source=landing%20area,-6.941161531524028,107.61373947801009
Kost Lovina House Tipe A Astanaanyar Bandung,Putri,Rp900.000,900000,Kecamatan Astanaanyar,Astanaanyar,"Kost ini berlokasi dekat dengan jalan raya dengan akses yang hanya bisa dilalui oleh motor/sepeda, berlokasi dekat dengan Warteg Bahari (1.6 km), Alfamart (3.1 km), Church of Isa Almasih (1.1 km), Bank BJB - Cabang Utama Bandung (1.0 km), Universitas Islam Bandung (2.5 km), RS Umum Bungsu (1.4 km).","3 x 3 meter, Termasuk listrik","Kasur, Lemari / Storage, Ventilasi, Jendela, Cermin, Bantal","Kloset Duduk, Kloset Jongkok, Wastafel, Shower, Air panas","Kulkas, R. Tamu, Mushola, R. Santai, Dapur, Jemuran, Rice Cooker, Pengurus Kos, CCTV, Rooftop","Parkir Motor, Parkir Sepeda, Parkir Motor & Sepeda",,https://mamikos.com/room/kost-kota-bandung-kost-putri-murah-kost-lovina-house-astanaanyar-bandung-3?redirection_source=landing%20area,-6.939178748624732,107.6040413588333
Kost Griya Camar tipe F Lengkong Bandung,Campur,Rp1.350.000,1350000,Lengkong,Lengkong,"Kost ini berlokasi dekat dengan jalan raya dengan akses yang hanya bisa dilalui oleh motor/sepeda, berlokasi dekat dengan Warteg Bahari (1.3 km), Alfamart (2.6 km), Church In Bandung (354 m), Bank BJB - Cabang Utama Bandung (1.4 km), Universitas Islam Bandung (2.5 km), RS Umum Bungsu (1.0 km).","3 x 4 meter, Tidak termasuk listrik","Kasur, Meja, Lemari / Storage, Jendela, Cermin, Bantal, Kursi","Kloset Jongkok, K. Mandi Luar, Ember mandi, Shower","WiFi, R. Cuci, Penjaga Kos, R. Jemur, Dapur, Jemuran, CCTV",Parkir Motor & Sepeda,,https://mamikos.com/room/kost-kota-bandung-kost-campur-eksklusif-kost-griya-camar-tipe-f-lengkong-bandung-2?redirection_source=landing%20area,-6.93390646215094,107.62656297793124
Kost Esatu Reguler Lengkong Bandung,Campur,Rp950.000,950000,Kecamatan Lengkong,Lengkong,"Kost ini berlokasi dekat dengan jalan raya dengan akses yang hanya bisa dilalui oleh motor/sepeda, berlokasi dekat dengan Warteg Bahari (510 m), Alfamart (3.1 km), Church In Bandung (522 m), Bank BJB - Cabang Utama Bandung (1.2 km), Universitas Islam Bandung (2.8 km), RS Umum Bungsu (1.0 km).","3 x 3 meter, Tidak termasuk listrik","Kasur, Ventilasi, Jendela","K. Mandi Dalam, Kloset Jongkok","WiFi, R. Tamu, R. Jemur, Dapur, Jemuran, Pengurus Kos, CCTV",Parkir Motor & Sepeda,,https://mamikos.com/room/kost-kota-bandung-kost-campur-murah-kost-esatu-reguler-lengkong-bandung-2?redirection_source=landing%20area,-6.933201395408889,107.62430025358758
Kost Pak Hendra Tipe A Batununggal Bandung,Campur,Rp750.000,750000,Kecamatan Batununggal,Batununggal,"Kost ini berlokasi dekat dengan jalan raya dengan akses yang hanya bisa dilalui oleh motor/sepeda, berlokasi dekat dengan Warteg Bahari (1.6 km), Alfamart (2.9 km), Masjid Al Jihad (634 m), Bank BJB - Cabang Utama Bandung (2.0 km), Institut Teknologi Nasional Bandung (2.8 km), RS Umum Bungsu (1.7 km).","2.5 x 2.5 meter, Termasuk listrik","Kasur, Lemari / Storage, Ventilasi, Jendela, Guling, Bantal","Kloset Jongkok, K. Mandi Luar, Bak mandi","WiFi, R. Cuci, Kulkas, Penjaga Kos, R. Jemur, Jemuran, CCTV",Parkir Motor & Sepeda,,https://mamikos.com/room/kost-kota-bandung-kost-campur-murah-kost-pak-hendra-tipe-a-batununggal-bandung-2?redirection_source=landing%20area,-6.928600236439022,107.64111671138573
Kost Srigadis 25 Tipe C Regol Bandung,Campur,Rp1.200.000,1200000,Regol,Regol,"Kost ini berlokasi dekat dengan jalan raya dengan akses yang hanya bisa dilalui oleh motor/sepeda, berlokasi dekat dengan Warteg Bahari (775 m), Circle K (774 m), Church of Isa Almasih (825 m), Institut Seni Budaya Indonesia Bandung (1.9 km), RSU Bhayangkara Tk II Sartika Asih (2.3 km), Bandung Electronic Center (3.1 km).","5 x 4 meter, Tidak termasuk listrik","Kasur, Meja, Lemari / Storage, Ventilasi, Jendela, Guling, Cermin, Bantal","K. Mandi Dalam, Kloset Jongkok, Ember mandi","WiFi, R. Jemur, R. Makan, R. Santai, Dapur, Jemuran","Parkir Motor, Parkir Sepeda",,https://mamikos.com/room/kost-kota-bandung-kost-campur-eksklusif-kost-srigadis-25-tipe-c-regol-bandung?redirection_source=landing%20area,-6.9388458242294035,107.61421126406375
Kost Hilman Ardiansyah Bandung Wetan Bandung,Putri,Rp650.000,650000,Bandung Wetan,Bandung Wetan,"Kost ini berlokasi dekat dengan jalan raya dengan akses yang hanya bisa dilalui oleh motor/sepeda, berlokasi dekat dengan Rumah Makan Mirasa (239 m), Circle K (3.2 km), Masjid Al Asy'ari Unisba (138 m), Bank BJB - Kantor Cabang Tamansari (179 m), Universitas Islam Bandung (174 m), RS Umum Tk IV 03.07.03Sariningsih (455 m).","3 x 3 meter, Tidak termasuk listrik","Kasur, Meja, Lemari / Storage","Kloset Duduk, Kloset Jongkok, Ember mandi","WiFi, R. Jemur, Jemuran, K. Mandi Luar",,,https://mamikos.com/room/kost-kota-bandung-kost-putri-murah-kost-hilman-ardiansyah-bandung-wetan-bandung?redirection_source=landing%20area,-6.905594245187114,107.61731662728442
Kost Srigadis 25 Type L Regol Bandung,Campur,Rp1.200.000,1200000,Regol,Regol,"Kost ini berlokasi dekat dengan jalan raya dengan akses yang hanya bisa dilalui oleh motor/sepeda, berlokasi dekat dengan Warteg Bahari (774 m), Circle K (1.8 km), Church of Isa Almasih (825 m), Bank Muamalat (2.4 km), Akademi Sekretari Dan Manajemen BSI Bandung (1.2 km), RS Umum Santosa Hospital Bandung Central (2.6 km).","6 x 5 meter, Tidak termasuk listrik","Kasur, Meja, Lemari / Storage, Ventilasi, Guling, Cermin, Bantal","K. Mandi Dalam, Kloset Jongkok, Ember mandi","WiFi, R. Jemur, R. Santai, Dapur, Jemuran","Parkir Motor, Parkir Sepeda",,https://mamikos.com/room/kost-kota-bandung-kost-campur-eksklusif-kost-srigadis-25-type-l-regol-bandung?redirection_source=landing%20area,-6.941140024867271,107.61208205482752
Kost 78D Tipe A Regol Bandung,Putri,Rp1.350.000,1350000,Regol,Regol,"Kost ini berlokasi dekat dengan jalan raya dengan akses jalan raya, berlokasi dekat dengan Rumah Makan Cikawao (889 m), Circle K (819 m), Gereja Kristen Kalam Kudus Pasundan (342 m), Citibank Indonesia (1.4 km), Sekolah Tinggi Ilmu Kesehatan Immanuel Bandung (1.4 km), RS Khusus Mata Cicendo (2.0 km).","5 x 4 meter, Tidak termasuk listrik","Kasur, Meja, Lemari / Storage, Jendela, Guling, Bantal, Kursi","K. Mandi Dalam, Kloset Duduk","WiFi, Penjaga Kos, R. Jemur, R. Santai, Dapur, Jemuran, CCTV, Balcon","Parkir Motor, Parkir Sepeda, Parkir Motor & Sepeda",,https://mamikos.com/room/kost-kota-bandung-kost-putri-eksklusif-kost-78d-tipe-a-regol-bandung?redirection_source=landing%20area,-6.940636448256472,107.61389199968387
Kost Srigadis 25 Tipe I Regol Bandung,Campur,Rp1.200.000,1200000,Regol,Regol,"Kost ini berlokasi dekat dengan jalan raya dengan akses yang hanya bisa dilalui oleh motor/sepeda, berlokasi dekat dengan Warteg Bahari (790 m), Circle K (2.7 km), Church of Isa Almasih (836 m), Bank BCA KCP Buah Batu (1.5 km), Akademi Sekretari Dan Manajemen BSI Bandung (1.2 km), RS Mata Bandung Eye Center (1.3 km).","5 x 4 meter, Termasuk listrik","Kasur, Meja, Lemari / Storage, Jendela, Guling, Cermin, Bantal","K. Mandi Dalam, Kloset Jongkok, Ember mandi","WiFi, R. Tamu, R. Jemur, R. Makan, R. Santai, Dispenser, Dapur, Jemuran",Parkir Motor & Sepeda,,https://mamikos.com/room/kost-kota-bandung-kost-campur-eksklusif-kost-srigadis-25-tipe-i-regol-bandung-2?redirection_source=landing%20area,-6.938011792596543,107.61555932674894
Kost Genjer 29 Lengkong Bandung,Putri,Rp2.750.000,2750000,Kecamatan Lengkong,Lengkong,"Kost ini berlokasi dekat dengan jalan raya dengan akses yang hanya bisa dilalui oleh motor/sepeda, berlokasi dekat dengan Warteg Bahari (999 m), Circle K (3.1 km), Church In Bandung (1.1 km), Bank BCA KCP Buah Batu (1.1 km), Universitas Islam Bandung (3.5 km), RS Umum Bungsu (1.8 km).","2.5 x 8 meter, Tidak termasuk listrik","AC, Kasur, Lemari / Storage, Kulkas, Ventilasi, Jendela, Dapur Pribadi, Bantal, Sofa, Wastafel","K. Mandi Dalam, Kloset Duduk, Wastafel, Ember mandi, Shower","WiFi, Jemuran",Parkir Motor,,https://mamikos.com/room/kost-kota-bandung-kost-putri-eksklusif-kost-genjer-29-lengkong-bandung-2?redirection_source=landing%20area,-6.935879378215993,107.6247616515256
Kost Kalasantay Tipe A Sumur Bandung,Campur,Rp2.850.000,2850000,Kecamatan Sumur Bandung,Sumur Bandung,"Kost ini berlokasi dekat dengan jalan raya dengan akses yang hanya bisa dilalui oleh motor/sepeda, berlokasi dekat dengan Warteg Bahari (1.3 km), Alfamart A Yani 419 (2.9 km), Masjid Al Kautsar (645 m), Citibank Indonesia (396 m), Universitas Islam Bandung (1.8 km), RS Khusus Gigi dan Mulut Kota Bandung (1.4 km).","4.3 x 3 meter, Tidak termasuk listrik","AC, Kasur, Meja, Lemari / Storage, Ventilasi, Jendela, Cermin, Bantal, Wastafel, Kursi","K. Mandi Dalam, Kloset Duduk, Wastafel, Shower, Air panas","WiFi, Kulkas, Penjaga Kos, R. Jemur, Dispenser, Dapur, Pengurus Kos, CCTV, Balcon",Parkir Motor,,https://mamikos.com/room/kost-kota-bandung-kost-campur-eksklusif-kost-kalasantay-tipe-a-sumur-bandung?redirection_source=landing%20area,-6.914310684447133,107.6186825772751
Kost Rancagoong Tipe A Batununggal Bandung,Putra,Rp1.100.000,1100000,Batununggal,Batununggal,"Kost ini berlokasi dekat dengan jalan raya dengan akses yang hanya bisa dilalui oleh motor/sepeda, berlokasi dekat dengan Warteg Berkah Bahari (238 m), Alfamart A Yani 419 (2.4 km), Gereja Katolik Hati Tak Bernoda Santa Perawan Maria (1.5 km), Sekolah Tinggi Ilmu Ekonomi Pasundan (214 m).","3 x 35 meter, Termasuk listrik","Kasur, Lemari / Storage","K. Mandi Dalam, Kloset Duduk, Kloset Jongkok, Ember mandi","WiFi, Laundry, R. Tamu, R. Jemur, Dapur, Jemuran, Pengurus Kos, Jual Makanan, Balcon, K. Mandi Luar","Parkir Mobil, Parkir Motor, Parkir Sepeda",,https://mamikos.com/room/kost-kota-bandung-kost-putra-eksklusif-kost-rancagoong-tipe-a-batununggal-bandung?redirection_source=landing%20area,-6.928831166973689,107.64044569316503
Kost Muararajeun Lama 2 Tipe D Cibeunying Kaler Bandung,Campur,Rp740.000,740000,Cibeunying Kaler,Cibeunying Kaler,"Kost ini berlokasi dekat dengan jalan raya dengan akses yang hanya bisa dilalui oleh motor/sepeda, berlokasi dekat dengan Rumah Makan Boemi Mitoha (593 m), Alfamart A Yani 419 (1.3 km), Masjid Pusdai (561 m), Universitas Padjadjaran Kampus Dipatiukur (1.8 km), Sinar Abadi Balubur Town Square (2.3 km).","3 x 3 meter, Termasuk listrik","Kasur, Meja, Lemari / Storage, Ventilasi, Jendela, Bantal, Kursi","Kloset Jongkok, K. Mandi Luar, Ember mandi","WiFi, R. Cuci, Penjaga Kos, R. Jemur, Jemuran, Pengurus Kos, CCTV, Rooftop, K. Mandi Luar","Parkir Motor, Parkir Sepeda, Parkir Motor & Sepeda",,https://mamikos.com/room/kost-kota-bandung-kost-campur-eksklusif-kost-muararajeun-lama-2-tipe-d-cibeunying-kaler-bandung?redirection_source=landing%20area,-6.8874541581509225,107.62902280975915
Kost Chantika Marfalia Tipe Standard Regol Bandung,Campur,Rp750.000,750000,Regol,Regol,"Kost ini berlokasi dekat dengan jalan raya dengan akses yang hanya bisa dilalui oleh motor/sepeda, berlokasi dekat dengan Rumah Makan Cikawao (346 m), Circle K (630 m), Church of Isa Almasih (241 m), Bank BJB - Cabang Utama Bandung (912 m), Institut Seni Budaya Indonesia Bandung (2.5 km), RSU Bhayangkara Tk II Sartika Asih (3.2 km).","3 x 3 meter, Termasuk listrik","Kasur, Meja, Lemari / Storage, Ventilasi, Jendela, Guling, Bantal","Kloset Jongkok, K. Mandi Luar, Ember mandi",K. Mandi Luar,Parkir Motor,,https://mamikos.com/room/kost-kota-bandung-kost-campur-murah-kost-chantika-marfalia-tipe-standard-regol-bandung-2?redirection_source=landing%20area,-6.9402937298945595,107.6128421477744
Kost Yurani Tipe A Regol Bandung,Campur,Rp750.000,750000,Regol,Regol,"Kost ini berlokasi dekat dengan jalan raya dengan akses yang hanya bisa dilalui oleh motor/sepeda, berlokasi dekat dengan Warteg Bahari (988 m), Circle K (977 m), Church of Isa Almasih (888 m), Bank Muamalat (2.7 km), Akademi Sekretari Dan Manajemen BSI Bandung (1.5 km), RS Ibu dan Anak Kota Bandung (1.2 km).","3 x 4 meter, Termasuk listrik","Kasur, Lemari / Storage, Ventilasi, Jendela","K. Mandi Dalam, Kloset Jongkok, Ember mandi","R. Jemur, Jemuran, CCTV, Balcon",Parkir Motor,,https://mamikos.com/room/kost-bandung-kost-campur-murah-kost-yurani-tipe-a-regol-bandung?redirection_source=landing%20area,-6.939226091713051,107.61227916650742
Kost Srigadis 25 Tipe Paviliun Regol Bandung,Campur,Rp2.100.000,2100000,Regol,Regol,"Kost ini berlokasi dekat dengan jalan raya dengan akses yang hanya bisa dilalui oleh motor/sepeda, berlokasi dekat dengan Warteg Bahari (783 m), Circle K (782 m), Church of Isa Almasih (822 m), Institut Seni Budaya Indonesia Bandung (1.9 km), RSU Bhayangkara Tk II Sartika Asih (2.3 km), Bandung Electronic Center (3.1 km).","6 x 10 meter, Tidak termasuk listrik",Dapur Pribadi,"K. Mandi Dalam, Kloset Duduk, Ember mandi, Shower","R. Tamu, R. Jemur, R. Makan, R. Santai, Dapur, Jemuran, R. Keluarga","Parkir Motor, Parkir Sepeda",,https://mamikos.com/room/kost-kota-bandung-kost-campur-eksklusif-kost-srigadis-25-tipe-paviliun-regol-bandung?redirection_source=landing%20area,-6.939476978291622,107.61487831704419
Kost Eyang Cipju Tipe A Bandung Wetan Bandung,Putra,Rp1.000.000,1000000,Kecamatan Bandung Wetan,Bandung Wetan,"Kost ini berlokasi dekat dengan jalan raya dengan akses yang hanya bisa dilalui oleh motor/sepeda, berlokasi dekat dengan Warteg Abadi (1.8 km), Alfamart (1.3 km), Masjid Al Asy'ari Unisba (2.1 km), Bank BJB Weekend Banking (719 m), Institut Teknologi Nasional Bandung (1.2 km), RS Ibu dan Anak Al Islam (1.5 km).","3 x 3 meter, Tidak termasuk listrik","Kasur, Meja, Lemari / Storage, Ventilasi, Jendela, Kipas Angin","Kloset Duduk, K. Mandi Luar, Wastafel, Shower","WiFi, Kulkas, Penjaga Kos, Mushola, Dapur, Jemuran, CCTV, Balcon, Taman, Joglo","Parkir Mobil, Parkir Motor & Sepeda",,https://mamikos.com/room/kost-kota-bandung-kost-putra-eksklusif-kost-eyang-cipju-tipe-a-bandung-wetan-bandung?redirection_source=landing%20area,-6.904535903603934,107.61752939088251
Kost Muararajeun Lama 1 Tipe D Cibeunying Kaler Bandung,Campur,Rp725.000,725000,Cibeunying Kaler,Cibeunying Kaler,"Kost ini berlokasi dekat dengan jalan raya dengan akses yang hanya bisa dilalui oleh motor/sepeda, berlokasi dekat dengan Warteg Abadi (2.2 km), Alfamart A Yani 419 (1.3 km), Church In Bandung (2.5 km), Bank BJB Weekend Banking (1.0 km), Institut Teknologi Nasional Bandung (805 m), RS Ibu dan Anak Al Islam (1.2 km).","3 x 4 meter, Termasuk listrik","Kasur, Meja, Lemari / Storage, Ventilasi, Jendela, Bantal, Wastafel","Kloset Jongkok, K. Mandi Luar, Ember mandi","WiFi, Penjaga Kos, R. Jemur, Jemuran, Jual Makanan, K. Mandi Luar","Parkir Motor, Parkir Sepeda, Parkir Motor & Sepeda",,https://mamikos.com/room/kost-kota-bandung-kost-campur-eksklusif-kost-muararajeun-lama-1-tipe-d-cibeunying-kaler-bandung-2?redirection_source=landing%20area,-6.885957348516281,107.62828794951575
Kost Ibu Nola Kebon Manggu Regol Bandung,Campur,Rp650.000,650000,Kecamatan Regol,Regol,"Kost ini berlokasi dekat dengan jalan raya dengan akses yang hanya bisa dilalui oleh motor/sepeda, berlokasi dekat dengan Warteg Bahari (1.5 km), Alfamart (3.0 km), Church of Isa Almasih (1.1 km), Bank BJB - Cabang Utama Bandung (906 m), Universitas Islam Bandung (2.4 km), RS Umum Bungsu (1.3 km).","3 x 4 meter, Termasuk listrik","Kasur, Lemari / Storage, Bantal","Kloset Jongkok, K. Mandi Luar","R. Jemur, Dapur, Jemuran, K. Mandi Luar","Parkir Sepeda, Parkir Motor & Sepeda",,https://mamikos.com/room/kost-kota-bandung-kost-campur-eksklusif-kost-ibu-nola-kebon-manggu-regol-bandung?redirection_source=landing%20area,-6.941327448074634,107.61267076824919
Kost Muararajeun Lama 1 Tipe C Cibeunying Kaler Bandung,Campur,Rp750.000,750000,Cibeunying Kaler,Cibeunying Kaler,"Kost ini berlokasi dekat dengan jalan raya dengan akses yang hanya bisa dilalui oleh motor/sepeda, berlokasi dekat dengan Warteg Abadi (2.2 km), Alfamart A Yani 419 (1.3 km), Masjid Al Kautsar (2.0 km), Bank Mandiri Bandung Priority Banking Soerapatti (1.5 km), Universitas Padjadjaran Kampus Dipatiukur (1.8 km), RS Umum Santo Borromeus (2.1 km).","3.5 x 2 meter, Termasuk listrik","Kasur, Meja, Lemari / Storage, Ventilasi, Jendela, Bantal","Kloset Jongkok, K. Mandi Luar, Ember mandi","WiFi, R. Cuci, Penjaga Kos, R. Jemur, Jemuran, Pengurus Kos, Jual Makanan, K. Mandi Luar","Parkir Motor, Parkir Sepeda, Parkir Motor & Sepeda",,https://mamikos.com/room/kost-kota-bandung-kost-campur-eksklusif-kost-muararajeun-lama-1-tipe-c-cibeunying-kaler-bandung-2?redirection_source=landing%20area,-6.887636554315374,107.62941562254251
Kost Gedung Putih 2 Lengkong Bandung,Campur,Rp2.000.000,2000000,Kecamatan Lengkong,Lengkong,"Kost ini berlokasi dekat dengan jalan raya dengan akses yang hanya bisa dilalui oleh motor/sepeda, berlokasi dekat dengan Warteg Bahari (517 m), Alfamart A Yani 419 (3.2 km), Masjid Al Waritsin (331 m), CIMB Niaga (Buah Batu) (213 m), Akademi Sekretari Dan Manajemen BSI Bandung (589 m), Bandung Electronic Center (3.5 km).","3 x 4 meter, Tidak termasuk listrik","AC, Kasur, Meja, Lemari / Storage, Ventilasi, Jendela, Cermin, Bantal, Wastafel, Kursi","K. Mandi Dalam, Kloset Duduk, Wastafel, Shower, Air panas","WiFi, R. Cuci, Kulkas, Laundry, Penjaga Kos, R. Jemur, R. Makan, R. Santai, Dispenser, Dapur","Parkir Mobil, Parkir Motor, Parkir Sepeda",,https://mamikos.com/room/kost-kota-bandung-kost-campur-eksklusif-kost-gedung-putih-2-lengkong-bandung-1?redirection_source=landing%20area,-6.934964586152478,107.62680483820496
Kost Wastu323 Bandung Wetan Bandung,Putri,Rp650.000,650000,Bandung Wetan,Bandung Wetan,"Kost ini berlokasi dekat dengan jalan raya dengan akses yang hanya bisa dilalui oleh motor/sepeda, berlokasi dekat dengan Warteg Abadi (531 m), Alfamart (455 m), Masjid Al Asy'ari Unisba (364 m), Bank BJB - Kantor Cabang Tamansari (386 m), Universitas Islam Bandung (335 m), RS Umum Tk IV 03.07.03Sariningsih (859 m).","3 x 3 meter, Tidak termasuk listrik","Kasur, Meja, Lemari / Storage, Jendela, Bantal, Kursi","K. Mandi Dalam, Kloset Jongkok, K. Mandi Luar, Wastafel, Ember mandi, Bak mandi","WiFi, R. Cuci, R. Jemur, R. Santai, Dapur, Jemuran, Pengurus Kos, Jual Makanan, CCTV, Rooftop","Parkir Motor, Parkir Motor & Sepeda",,https://mamikos.com/room/kost-kota-bandung-kost-putri-murah-kost-wastu323-bandung-wetan-bandung-2?redirection_source=landing%20area,-6.903802342914781,107.61649915488275
Kost Nur Muhaji Tipe A Batununggal Bandung,Campur,Rp1.200.000,1200000,Batununggal,Batununggal,"Kost ini berlokasi dekat dengan jalan raya dengan akses yang hanya bisa dilalui oleh motor/sepeda, berlokasi dekat dengan Warteg Bahari (2.0 km), Alfamart (2.6 km), Masjid Al Jihad (264 m), Bank BJB - Cabang Utama Bandung (2.2 km), Institut Teknologi Nasional Bandung (2.4 km), RS Ibu dan Anak Al Islam (1.5 km).","4 x 4 meter, Tidak termasuk listrik","Kasur, Lemari / Storage, Ventilasi, Jendela, Guling, Bantal","K. Mandi Dalam, Kloset Duduk, Ember mandi","WiFi, Laundry, Penjaga Kos, Jemuran, Pengurus Kos, CCTV","Parkir Motor, Parkir Motor & Sepeda",,https://mamikos.com/room/kost-kota-bandung-kost-campur-eksklusif-kost-nur-muhaji-tipe-a-batununggal-bandung-2?redirection_source=landing%20area,-6.927583917070241,107.63891621233682
Kost Menimurah Tipe Standart Cibeunying Kaler Bandung,Putri,Rp500.000,500000,Cibeunying Kaler,Cibeunying Kaler,"Kost ini berlokasi dekat dengan jalan raya dengan akses yang hanya bisa dilalui oleh motor/sepeda, berlokasi dekat dengan Warteg Cintaasih (2.3 km), Alfamart Bojong Koneng (1.3 km), Christian Church Pasundan Awiligar (2.1 km), Bank BJB Weekend Banking (1.4 km), Institut Teknologi Nasional Bandung (408 m), RS Ibu dan Anak Al Islam (1.3 km).","2 x 3 meter, Termasuk listrik","Kasur, Meja, Lemari / Storage, Ventilasi, Jendela, Kursi","Kloset Jongkok, K. Mandi Luar, Ember mandi, Bak mandi","WiFi, R. Cuci, R. Tamu, R. Jemur, R. Makan, Dapur, Jemuran, Pengurus Kos, Balcon, R. Keluarga",Parkir Motor,,https://mamikos.com/room/kost-kota-bandung-kost-putri-murah-kost-menimurah-tipe-standart-cibeunying-kaler-bandung?redirection_source=landing%20area,-6.88559864563143,107.6274528523173
Kost Paviliun Asmi Regol Bandung,Campur,Rp2.000.000,2000000,Regol,Regol,"Kost ini berlokasi dekat dengan jalan raya dengan akses yang hanya bisa dilalui oleh motor/sepeda, berlokasi dekat dengan Rumah Makan Cikawao (672 m), Circle K (915 m), Gereja Kristen Kalam Kudus Pasundan (219 m), Institut Seni Budaya Indonesia Bandung (2.8 km), RSU Bhayangkara Tk II Sartika Asih (3.1 km), Bandung Electronic Center (2.3 km).","4 x 5 meter, Tidak termasuk listrik","Kasur, Meja, Lemari / Storage, Ventilasi, Jendela, Sofa, Kursi","K. Mandi Dalam, Kloset Duduk, Bak mandi",R. Tamu,,,https://mamikos.com/room/kost-bandung-kost-campur-eksklusif-kost-paviliun-asmi-regol-bandung?redirection_source=landing%20area,-6.938190185467218,107.61254561550157
Kost Griya Asri 2 Cibeunying Kaler Bandung,Campur,Rp1.700.000,1700000,Cibeunying Kaler,Cibeunying Kaler,"Kost ini berlokasi dekat dengan jalan raya dengan akses yang hanya bisa dilalui oleh motor/sepeda, berlokasi dekat dengan Warteg Abadi (2.2 km), Alfamart (1.5 km), Church In Bandung (2.2 km), Bank BJB Weekend Banking (734 m), Institut Teknologi Nasional Bandung (1.1 km), RS Ibu dan Anak Al Islam (1.1 km).","3 x 4 meter, Tidak termasuk listrik","AC, Kasur, Meja, Lemari / Storage, Jendela, Guling, Cermin, Bantal, Kursi","K. Mandi Dalam, Kloset Duduk, K. Mandi Luar, Ember mandi, Shower","WiFi, R. Cuci, Kulkas, Mesin Cuci, Penjaga Kos, R. Jemur, R. Makan, Mushola, R. Santai, Dispenser",Parkir Motor & Sepeda,,https://mamikos.com/room/kost-kota-bandung-kost-campur-eksklusif-kost-griya-asri-2-cibeunying-kaler-bandung?redirection_source=landing%20area,-6.888005269555593,107.62772315301576
Kost Dadang Kebon Sirih Tipe L Besar Sumur Bandung Bandung,Putra,Rp1.300.000,1300000,Kecamatan Sumur Bandung,Sumur Bandung,"Kost ini berlokasi dekat dengan jalan raya dengan akses yang hanya bisa dilalui oleh motor/sepeda, berlokasi dekat dengan Warteg Abadi (1.1 km), Alfamart (1.6 km), Masjid Al Asy'ari Unisba (881 m), Bank BJB - Kantor Cabang Tamansari (915 m), Universitas Islam Bandung (917 m), RS Umum Tk IV 03.07.03Sariningsih (777 m).","3 x 5 meter, Termasuk listrik","Kasur, Meja, Lemari / Storage, Ventilasi, Jendela, Cermin, Kursi","K. Mandi Dalam, Kloset Duduk, Shower, Air panas","WiFi, R. Jemur, Balcon, TV",Parkir Motor & Sepeda,,https://mamikos.com/room/kost-kota-bandung-kost-putra-eksklusif-kost-dadang-kebon-sirih-tipe-l-besar-sumur-bandung-bandung-2?redirection_source=landing%20area,-6.912677262431231,107.61685864169458
Kost Srigadis 25 Tipe B Regol Bandung,Campur,Rp1.200.000,1200000,Kecamatan Regol,Regol,"Kost ini berlokasi dekat dengan jalan raya dengan akses yang hanya bisa dilalui oleh motor/sepeda, berlokasi dekat dengan Warteg Bahari (788 m), Circle K (788 m), Church of Isa Almasih (836 m), Institut Seni Budaya Indonesia Bandung (1.9 km), RSU Bhayangkara Tk II Sartika Asih (2.3 km), Bandung Electronic Center (3.1 km).","5 x 5 meter, Tidak termasuk listrik","Kasur, Meja, Lemari / Storage, Ventilasi, Jendela, Guling, Cermin, Bantal, Kursi","K. Mandi Dalam, Kloset Duduk, Ember mandi","WiFi, R. Jemur, R. Makan, R. Santai, Dapur, Jemuran, Taman","Parkir Motor, Parkir Sepeda",,https://mamikos.com/room/kost-kota-bandung-kost-campur-eksklusif-kost-srigadis-25-tipe-b-regol-bandung-2?redirection_source=landing%20area,-6.937663682629022,107.61458455080773
Kost Haga House 1 Tipe A Regol Bandung,Campur,Rp1.000.000,1000000,Regol,Regol,"Kost ini berlokasi dekat dengan jalan raya dengan akses yang hanya bisa dilalui oleh motor/sepeda, berlokasi dekat dengan Warteg Bahari (1.1 km), Circle K (1.0 km), Church of Isa Almasih (730 m), Bank BJB - Cabang Utama Bandung (1.3 km), Universitas Islam Bandung (3.1 km), RS Umum Bungsu (1.6 km).","3 x 4 meter, Termasuk listrik","Kasur, Meja, Ventilasi, Jendela, Guling, Bantal, Wastafel","K. Mandi Dalam, Kloset Duduk, Kloset Jongkok, Wastafel, Ember mandi, Shower","WiFi, Kulkas, R. Tamu, R. Jemur, Mushola, R. Santai, Dapur, Jemuran, Pengurus Kos, CCTV",Parkir Motor,,https://mamikos.com/room/kost-kota-bandung-kost-campur-murah-kost-haga-house-1-tipe-a-regol-bandung-2?redirection_source=landing%20area,-6.9413536272463325,107.61341719332728
Kost Paledang Lengkong Bandung,Putri,Rp1.300.000,1300000,Kecamatan Lengkong,Lengkong,"Kost ini berlokasi dekat dengan jalan raya dengan akses yang hanya bisa dilalui oleh motor/sepeda, berlokasi dekat dengan Rumah Makan Cikawao (330 m), Alfamart A Yani 419 (3.1 km), Church of Isa Almasih (504 m), Citibank Indonesia (352 m), Akademi Sekretari Dan Manajemen BSI Bandung (931 m), RS Umum Bungsu (742 m).","3 x 4 meter, Tidak termasuk listrik","Kasur, Lemari / Storage, Ventilasi, Jendela, Guling, Cermin, Cleaning service","K. Mandi Dalam, Kloset Jongkok, Ember mandi","R. Tamu, Penjaga Kos, R. Jemur, R. Santai, Jemuran, Pengurus Kos, Jual Makanan, CCTV, Balcon","Parkir Motor, Parkir Sepeda",,https://mamikos.com/room/kost-kota-bandung-kost-putri-eksklusif-kost-paledang-lengkong-bandung?redirection_source=landing%20area,-6.932629900965516,107.62655152476165
Kost Nomad Coliving Asia Afrika Superior Lengkong Bandung,Campur,Rp2.299.998,2299998,Lengkong,Lengkong,"Kost ini berlokasi dekat dengan jalan raya dengan akses yang hanya bisa dilalui oleh motor/sepeda, berlokasi dekat dengan Warteg Bahari (527 m), Alfamart (3.1 km), Church In Bandung (501 m), Bank BJB - Cabang Utama Bandung (1.1 km), Universitas Islam Bandung (2.7 km), RS Umum Bungsu (1.0 km).","3 x 4 meter, Tidak termasuk listrik","AC, Kasur, Meja, Lemari / Storage, Jendela, Cermin, Bantal, Wastafel, Kursi","K. Mandi Dalam, Kloset Duduk, Wastafel, Shower, Air panas","WiFi, Kulkas, Penjaga Kos, R. Makan, Dapur, Pengurus Kos, CCTV, Rooftop, TV",,,https://mamikos.com/room/kost-kota-bandung-kost-campur-eksklusif-kost-nomad-coliving-asia-afrika-superior-lengkong-bandung?redirection_source=landing%20area,-6.935441627897492,107.62487723177068
Kost Laswi Pavilion I Batununggal Bandung,Putri,Rp850.000,850000,Kecamatan Batununggal,Batununggal,"Kost ini berlokasi dekat dengan jalan raya dengan akses yang hanya bisa dilalui oleh motor/sepeda, berlokasi dekat dengan Warteg Bahari (1.6 km), Alfamart A Yani 419 (1.8 km), Masjid Al Jihad (783 m), Bank BCA KCP Buah Batu (1.9 km), Institut Teknologi Nasional Bandung (3.0 km), RS Umum Bungsu (1.8 km).","3 x 3 meter, Termasuk listrik","Kasur, Lemari / Storage, Jendela, Guling, Cermin, Bantal","Kloset Jongkok, K. Mandi Luar","WiFi, Penjaga Kos, Dapur, Balcon, K. Mandi Luar",Parkir Motor,,https://mamikos.com/room/kost-kota-bandung-kost-putri-murah-kost-laswi-pavilion-i-batununggal-bandung?redirection_source=landing%20area,-6.926972640480466,107.63863368281108
Kost Shekinah Bandung Wetan Bandung,Putri,Rp1.510.000,1510000,Bandung Wetan,Bandung Wetan,"Kost ini berlokasi dekat dengan jalan raya dengan akses yang hanya bisa dilalui oleh motor/sepeda, berlokasi dekat dengan Warteg Abadi (382 m), Circle K (3.2 km), Masjid Al Asy'ari Unisba (336 m), Bank BJB - Kantor Cabang Tamansari (326 m), Universitas Islam Bandung (300 m), RS Umum Tk IV 03.07.03Sariningsih (775 m).","3 x 2.5 meter, Tidak termasuk listrik","Kasur, Meja, Lemari / Storage, Ventilasi, Jendela, Guling, Bantal, Kursi","K. Mandi Dalam, Kloset Duduk, Shower, Air panas","WiFi, Kulkas, Dispenser, Dapur, Jemuran, CCTV",,,https://mamikos.com/room/kost-kota-bandung-kost-putri-eksklusif-kost-shekinah-bandung-wetan-bandung-2?redirection_source=landing%20area,-6.906553077743323,107.61556817779771
Kost Java Gamelan Lengkong Bandung,Putra,Rp1.550.000,1550000,Kecamatan Lengkong,Lengkong,"Kost ini berlokasi dekat dengan jalan raya dengan akses yang hanya bisa dilalui oleh motor/sepeda, berlokasi dekat dengan Warteg Bahari (420 m), Alfamart (2.5 km), Gereja Isa Almasih (1.4 km), Bank BCA KCP Buah Batu (699 m), Sekolah Tinggi Ilmu Ekonomi Pasundan (677 m), RS Mata Bandung Eye Center (738 m).","3 x 4 meter, Tidak termasuk listrik","AC, Kasur, Meja, TV, Lemari / Storage, Jendela, Cermin, Bantal, Kursi","K. Mandi Dalam, Kloset Duduk, Wastafel, Shower, Air panas","WiFi, R. Cuci, Kulkas, Mesin Cuci, R. Tamu, Penjaga Kos, R. Makan, Dispenser, Dapur, Jemuran","Parkir Mobil, Parkir Motor, Parkir Sepeda, Parkir Motor & Sepeda",,https://mamikos.com/room/kost-kota-bandung-kost-putra-eksklusif-kost-java-gamelan-lengkong-bandung?redirection_source=landing%20area,-6.936205866362604,107.62662279530178
Kost Griya Camar Tipe D Lengkong Bandung,Campur,Rp1.200.000,1200000,Lengkong,Lengkong,"Kost ini berlokasi dekat dengan jalan raya dengan akses yang hanya bisa dilalui oleh motor/sepeda, berlokasi dekat dengan Warteg Bahari (1.3 km), Alfamart (2.6 km), Church In Bandung (354 m), Bank BJB - Cabang Utama Bandung (1.4 km), Universitas Islam Bandung (2.5 km), RS Umum Bungsu (1.0 km).","3 x 3 meter, Tidak termasuk listrik","Kasur, Meja, Lemari / Storage, Jendela, Cermin, Bantal, Kursi","Kloset Jongkok, K. Mandi Luar, Ember mandi, Shower","WiFi, R. Cuci, Penjaga Kos, R. Jemur, Dapur, Jemuran, CCTV",Parkir Motor & Sepeda,,https://mamikos.com/room/kost-kota-bandung-kost-campur-eksklusif-kost-griya-camar-tipe-d-lengkong-bandung-2?redirection_source=landing%20area,-6.9358917807615805,107.62543046606474
Kost Ibu Fany Saad Tipe Sedang Sumur Bandung,Putri,Rp1.300.000,1300000,Kecamatan Sumur Bandung,Sumur Bandung,"Kost ini berlokasi dekat dengan jalan raya dengan akses yang hanya bisa dilalui oleh motor/sepeda, berlokasi dekat dengan Warteg Bahari (1.2 km), Alfamart (2.6 km), Church In Bandung (606 m), Bank BJB - Cabang Utama Bandung (478 m), Universitas Islam Bandung (1.9 km), RS Umum Bungsu (201 m).","3 x 4 meter, Termasuk listrik","Meja, Lemari / Storage, Jendela","K. Mandi Dalam, Kloset Jongkok, Ember mandi, Shower, Air panas","WiFi, R. Cuci, Kulkas, Mesin Cuci, Laundry, R. Tamu, R. Jemur, R. Makan, R. Santai, Dispenser",,,https://mamikos.com/room/kost-kota-bandung-kost-putri-eksklusif-kost-ibu-fany-saad-tipe-sedang-sumur-bandung-bandung?redirection_source=landing%20area,-6.912594475179496,107.61825829659247
Kost Gajah Sebelas Lengkong Bandung,Campur,Rp3.499.999,3499999,Kecamatan Lengkong,Lengkong,"Kost ini berlokasi dekat dengan jalan raya dengan akses yang hanya bisa dilalui oleh motor/sepeda, berlokasi dekat dengan Warteg Bahari (695 m), Circle K (3.1 km), Church of Isa Almasih (1.1 km), Bank BCA KCP Buah Batu (852 m), Akademi Sekretari Dan Manajemen BSI Bandung (320 m), RS Umum Bungsu (1.9 km).","5 x 4.5 meter, Tidak termasuk listrik","AC, Kasur, Lemari / Storage, Jendela, Cermin, Bantal, Kursi","K. Mandi Dalam, Kloset Duduk, Shower, Air panas","WiFi, Penjaga Kos, Pengurus Kos, Jual Makanan, CCTV, Balcon, TV","Parkir Mobil, Parkir Motor",,https://mamikos.com/room/kost-kota-bandung-kost-campur-eksklusif-kost-gajah-sebelas-lengkong-bandung-2?redirection_source=landing%20area,-6.935815269330774,107.62689981647543
Kost Bumi Putri Sukasenang Tipe B Cibeunying Kidul Bandung,Putri,Rp1.450.000,1450000,Cibeunying Kidul,Cibeunying Kidul,"Kost ini berlokasi dekat dengan jalan raya dengan akses yang hanya bisa dilalui oleh motor/sepeda, berlokasi dekat dengan Alfamart Bojong Koneng (1.1 km), Institut Teknologi Nasional Bandung (229 m), Sinar Abadi Balubur Town Square (2.8 km).","3 x 4 meter, Termasuk listrik","Kasur, Meja, Lemari / Storage, Kursi","K. Mandi Dalam, Kloset Duduk, Wastafel, Air panas","WiFi, Kulkas, Penjaga Kos, R. Jemur, R. Makan, Dapur","Parkir Mobil, Parkir Motor, Parkir Sepeda",,https://mamikos.com/room/kost-kota-bandung-kost-putri-eksklusif-kost-bumi-putri-sukasenang-tipe-b-cibeunying-kidul-bandung?redirection_source=landing%20area,-6.897194953039501,107.6511523275402
Kost Otto Residence Tipe D Astanaanyar Bandung,Campur,Rp1.800.000,1800000,Astanaanyar,Astanaanyar,"Kost ini berlokasi dekat dengan jalan raya dengan akses yang hanya bisa dilalui oleh motor/sepeda, berlokasi dekat dengan Warteg Jaya Bahari (211 m), Circle K (534 m), Masjid Raya Bandung (446 m), Bank BJB - Cabang Utama Bandung (905 m), Institut Seni Budaya Indonesia Bandung (3.4 km), Bandung Electronic Center (2.0 km).","4 x 4 meter, Tidak termasuk listrik","AC, Kasur, Meja, Meja Rias, Lemari / Storage, Ventilasi, Jendela, Cermin, Bantal, Wastafel","K. Mandi Dalam, Kloset Duduk, Wastafel, Shower, Air panas","WiFi, R. Jemur, Dapur, Jemuran","Parkir Motor, Parkir Sepeda",,https://mamikos.com/room/kost-kota-bandung-kost-campur-eksklusif-kost-otto-residence-tipe-d-astanaanyar-bandung?redirection_source=landing%20area,-6.93737907130047,107.60290068074644
Kost Faiz Tipe B Sumur Bandung Bandung,Putra,Rp750.000,750000,Kecamatan Sumur Bandung,Sumur Bandung,"Kost ini berlokasi dekat dengan jalan raya dengan akses masuk mobil, berlokasi dekat dengan Rumah Makan Mirasa (616 m), Circle K (3.2 km), Masjid Al Asy'ari Unisba (570 m), Bank Permata (418 m), Universitas Islam Bandung (605 m), RS Khusus Mata Cicendo (303 m).","3 x 3 meter, Termasuk listrik","Kasur, Lemari / Storage","Kloset Duduk, Kloset Jongkok, K. Mandi Luar, Ember mandi, Shower, Air panas","WiFi, K. Mandi Luar","Parkir Motor, Parkir Sepeda",,https://mamikos.com/room/kost-kota-bandung-kost-putra-murah-kost-faiz-tipe-b-sumur-bandung-bandung-2?redirection_source=landing%20area,-6.912455634210366,107.6187535402754
Kost Otto Residence Tipe B Astanaanyar Bandung,Campur,Rp1.800.000,1800000,Astanaanyar,Astanaanyar,"Kost ini berlokasi dekat dengan jalan raya dengan akses yang hanya bisa dilalui oleh motor/sepeda, berlokasi dekat dengan Warteg Jaya Bahari (211 m), Circle K (534 m), Masjid Raya Bandung (446 m), Bank BJB - Cabang Utama Bandung (905 m), Institut Seni Budaya Indonesia Bandung (3.4 km), Bandung Electronic Center (2.0 km).","3 x 4 meter, Tidak termasuk listrik","AC, Kasur, Meja, Meja Rias, Lemari / Storage, Wastafel, Kursi","K. Mandi Dalam, Kloset Duduk, Wastafel, Shower, Air panas","WiFi, R. Jemur, Dapur, CCTV","Parkir Motor, Parkir Sepeda",,https://mamikos.com/room/kost-kota-bandung-kost-campur-eksklusif-kost-otto-residence-tipe-b-astanaanyar-bandung?redirection_source=landing%20area,-6.93786387596075,107.60224864758811
Kost P House Tipe Premium Andir Bandung,Campur,Rp1.250.000,1250000,Andir,Andir,"Kost ini berlokasi dekat dengan jalan raya dengan akses yang hanya bisa dilalui oleh motor/sepeda, berlokasi dekat dengan Warteg Abadi (1.6 km), Alfamart (2.0 km), Masjid Al Asy'ari Unisba (1.4 km), Bank BJB - Cabang Utama Bandung (835 m), Universitas Islam Bandung (1.4 km), RS Umum Bungsu (1.1 km).","3 x 4 meter, Termasuk listrik","Kasur, Lemari / Storage, Ventilasi, Jendela, Wastafel","K. Mandi Dalam, Kloset Duduk, Shower","WiFi, Laundry, Dapur, Jemuran, CCTV",Parkir Motor,,https://mamikos.com/room/kost-kota-bandung-kost-campur-eksklusif-kost-p-house-tipe-premium-andir-bandung-2?redirection_source=landing%20area,-6.907757949916171,107.5723906343004
Kost Sitimunigar Reguler Astanaanyar Bandung,Campur,Rp1.300.000,1300000,Kecamatan Astanaanyar,Astanaanyar,"Kost ini berlokasi dekat dengan jalan raya dengan akses masuk mobil, berlokasi dekat dengan Warteg Bahari (1.5 km), Alfamart (2.8 km), Church of Isa Almasih (1.1 km), Bank BJB - Cabang Utama Bandung (1.3 km), Universitas Islam Bandung (2.9 km), RS Umum Bungsu (1.6 km).","3 x 3 meter, Tidak termasuk listrik","Kasur, Meja, Lemari / Storage, Jendela, Kursi","K. Mandi Dalam, Kloset Duduk, Ember mandi, Shower","WiFi, Laundry, Penjaga Kos, R. Makan, R. Santai, Dapur, Pengurus Kos, CCTV, Balcon, R. Keluarga","Parkir Motor, Parkir Motor & Sepeda",,https://mamikos.com/room/kost-kota-bandung-kost-campur-eksklusif-kost-sitimunigar-reguler-astanaanyar-bandung?redirection_source=landing%20area,-6.939795540427597,107.6014538467698
Kost Rania Modern Tipe A1 Regol Bandung,Putri,Rp950.000,950000,Regol,Regol,"Kost ini berlokasi dekat dengan jalan raya dengan akses yang hanya bisa dilalui oleh motor/sepeda, berlokasi dekat dengan Warteg Bahari (876 m), Alfamart (3.2 km), Church of Isa Almasih (449 m), Bank BJB - Cabang Utama Bandung (723 m), Universitas Islam Bandung (2.5 km), RS Umum Bungsu (984 m).","3 x 3 meter, Tidak termasuk listrik","Kasur, Meja, Lemari / Storage, Ventilasi, Jendela, Guling, Cermin, Bantal, Kursi, Kipas Angin","K. Mandi Dalam, Kloset Duduk, Shower","WiFi, R. Jemur, Dispenser, Dapur, Jemuran, Pengurus Kos, K. Mandi Luar","Parkir Motor, Parkir Sepeda",,https://mamikos.com/room/kost-kota-bandung-kost-putri-murah-kost-rania-modern-tipe-a1-regol-bandung-2?redirection_source=landing%20area,-6.938946554668334,107.61315786409435
Kost Salamah Tipe A Regol Bandung,Campur,Rp700.000,700000,Kecamatan Regol,Regol,"Kost ini berlokasi dekat dengan jalan raya dengan akses yang hanya bisa dilalui oleh motor/sepeda, berlokasi dekat dengan Warteg Jaya Bahari (350 m), Circle K (522 m), Masjid Raya Bandung (417 m), Bank BJB - Cabang Utama Bandung (824 m), Institut Seni Budaya Indonesia Bandung (3.2 km), RSU Bhayangkara Tk II Sartika Asih (3.6 km).","2.9 x 3 meter, Termasuk listrik","Kasur, Lemari / Storage, Sofa","Kloset Jongkok, K. Mandi Luar, Ember mandi, Bak mandi","R. Cuci, R. Tamu, R. Jemur, R. Santai, Dapur, K. Mandi Luar","Parkir Motor, Parkir Sepeda",,https://mamikos.com/room/kost-kota-bandung-kost-campur-murah-kost-salamah-tipe-a-regol-bandung?redirection_source=landing%20area,-6.939959624066443,107.6143875412957
Kost Nangkasuni 47F Tipe A Bandung Wetan Bandung,Putri,Rp515.000,515000,Kecamatan Bandung Wetan,Bandung Wetan,"Kost ini berlokasi dekat dengan jalan raya dengan akses yang hanya bisa dilalui oleh motor/sepeda, berlokasi dekat dengan Rumah Makan Kapau Jaya (481 m), Circle K (3.0 km), Masjid Salman ITB (1.5 km), Bank Syariah Indonesia KC Bandung Suniaraja (1.1 km), Institut Teknologi Bandung (1.7 km), RS Ibu dan Anak Limijati (830 m).","3 x 3 meter, Tidak termasuk listrik","Kasur, TV, Lemari / Storage, Kulkas, Wastafel, Cleaning service","Kloset Jongkok, K. Mandi Luar, Bak mandi","R. Cuci, Kulkas, Laundry, R. Tamu, R. Jemur, R. Makan, Mushola, R. Santai, Dapur, Balcon","Parkir Motor, Parkir Sepeda",,https://mamikos.com/room/kost-kota-bandung-kost-putri-murah-kost-nangkasuni-47f-tipe-a-bandung-wetan-bandung?redirection_source=landing%20area,-6.90648632925069,107.61755364758083
Kost Adipati 10 Bandung Wetan Bandung,Putri,Rp2.000.000,2000000,Kecamatan Bandung Wetan,Bandung Wetan,"Kost ini berlokasi dekat dengan jalan raya dengan akses yang hanya bisa dilalui oleh motor/sepeda, berlokasi dekat dengan Warteg Abadi (547 m), Alfamart A Yani 419 (3.0 km), Masjid Al-Muttaqin (Gedung Sate) (451 m), Bank Mandiri Bandung Priority Banking Soerapatti (252 m), Universitas Padjadjaran Kampus Dipatiukur (779 m), RS Umum Santo Borromeus (663 m).","3 x 3 meter, Termasuk listrik","Kasur, Meja, Lemari / Storage, Ventilasi, Jendela, Cermin, Bantal, Kursi","K. Mandi Dalam, Kloset Duduk, Wastafel, Shower, Air panas","WiFi, Kulkas, Mesin Cuci, R. Jemur, R. Makan, Dispenser, Dapur, Jemuran, Rice Cooker, Pengurus Kos","Parkir Motor, Parkir Sepeda",,https://mamikos.com/room/kost-kota-bandung-kost-putri-eksklusif-kost-adipati-10-bandung-wetan-bandung-2?redirection_source=landing%20area,-6.903875745916734,107.61514253671602
Kost Pinta Pahlawan Cibeunying Kidul Bandung,Putri,Rp600.000,600000,Kecamatan Cibeunying Kidul,Cibeunying Kidul,"Kost ini berlokasi dekat dengan jalan raya dengan akses yang hanya bisa dilalui oleh motor/sepeda, berlokasi dekat dengan Warteg Cintaasih (2.4 km), Alfamart (1.1 km), Christian Church Pasundan Awiligar (2.0 km), Bank BJB Weekend Banking (1.6 km), Institut Teknologi Nasional Bandung (175 m), RS Ibu dan Anak Al Islam (1.3 km).","3 x 4 meter, Termasuk listrik","Kasur, Lemari / Storage, Ventilasi","Kloset Jongkok, K. Mandi Luar, Ember mandi, Bak mandi","WiFi, Jemuran, CCTV, Balcon, K. Mandi Luar",,,https://mamikos.com/room/kost-kota-bandung-kost-putri-murah-kost-pinta-pahlawan-cibeunying-kidul-bandung-2?redirection_source=landing%20area,-6.8976927501261835,107.6499048533573
Kost Turangga Executive Lengkong Bandung,Putri,Rp800.000,800000,Kecamatan Lengkong,Lengkong,"Kost ini berlokasi dekat dengan jalan raya dengan akses yang hanya bisa dilalui oleh motor/sepeda, berlokasi dekat dengan Warteg Bahari (709 m), Circle K (3.1 km), Church of Isa Almasih (1.1 km), Bank BCA KCP Buah Batu (804 m), Akademi Sekretari Dan Manajemen BSI Bandung (393 m), RS Umum Bungsu (1.9 km).","3 x 3 meter, Tidak termasuk listrik","Ventilasi, Jendela","K. Mandi Dalam, Kloset Jongkok","Dapur, Jemuran, Pengurus Kos","Parkir Motor, Parkir Sepeda, Parkir Motor & Sepeda",,https://mamikos.com/room/kost-kota-bandung-kost-putri-murah-kost-turangga-executive-lengkong-bandung?redirection_source=landing%20area,-6.93407891121121,107.62723146386077
Kost Kukka Tipe AC Lengkong Bandung,Putri,Rp1.750.000,1750000,Lengkong,Lengkong,"Kost ini berlokasi dekat dengan jalan raya dengan akses yang hanya bisa dilalui oleh motor/sepeda, berlokasi dekat dengan Warteg Bahari (459 m), Alfamart (3.2 km), Church In Bandung (611 m), Bank BJB - Cabang Utama Bandung (1.3 km), Universitas Islam Bandung (2.9 km), RS Umum Bungsu (1.1 km).","2.5 x 4.5 meter, Tidak termasuk listrik","AC, Kasur, Meja, Lemari / Storage, Ventilasi, Jendela, Wastafel, Kursi, Cleaning service","K. Mandi Dalam, Kloset Duduk, Wastafel, Shower, Air panas","WiFi, Kulkas, Dapur, CCTV","Parkir Mobil, Parkir Motor",,https://mamikos.com/room/kost-kota-bandung-kost-putri-eksklusif-kost-kukka-tipe-ac-lengkong-bandung-2?redirection_source=landing%20area,-6.9344178180145,107.62520850132579
Kost 78D Tipe B Regol Bandung,Putri,Rp1.250.000,1250000,Regol,Regol,"Kost ini berlokasi dekat dengan jalan raya dengan akses yang hanya bisa dilalui oleh motor/sepeda, berlokasi dekat dengan Rumah Makan Cikawao (892 m), Circle K (829 m), Gereja Kristen Kalam Kudus Pasundan (348 m), Citibank Indonesia (1.4 km), Sekolah Tinggi Ilmu Kesehatan Immanuel Bandung (1.4 km), RS Khusus Mata Cicendo (2.0 km).","4 x 5 meter, Tidak termasuk listrik","Kasur, Meja, Lemari / Storage, Ventilasi, Jendela, Guling, Bantal, Kursi","K. Mandi Dalam, Kloset Duduk","WiFi, Penjaga Kos, R. Jemur, R. Santai, Dapur, Jemuran, CCTV, Balcon","Parkir Motor, Parkir Sepeda",,https://mamikos.com/room/kost-kota-bandung-kost-putri-eksklusif-kost-78d-tipe-b-regol-bandung?redirection_source=landing%20area,-6.940909462165402,107.61474785329747
Kost Miru Minami Tipe A Lengkong Bandung,Putri,Rp1.500.000,1500000,Kecamatan Lengkong,Lengkong,"Kost ini berlokasi dekat dengan jalan raya dengan akses yang hanya bisa dilalui oleh motor/sepeda, berlokasi dekat dengan Warteg Bahari (142 m), Alfamart A Yani 419 (3.4 km), Church of Isa Almasih (292 m), Bank BJB - Cabang Utama Bandung (1.2 km), Universitas Islam Bandung (3.0 km), RS Umum Bungsu (1.3 km).","3 x 4 meter, Tidak termasuk listrik","Kasur, Meja, Lemari / Storage, Ventilasi, Jendela, Kursi","Kloset Duduk, K. Mandi Luar, Shower","WiFi, R. Cuci, Kulkas, Penjaga Kos, R. Jemur, Dapur, Jemuran, CCTV, Rooftop, Kartu Akses",Parkir Motor,,https://mamikos.com/room/kost-kota-bandung-kost-putri-eksklusif-kost-miru-minami-tipe-a-lengkong-bandung?redirection_source=landing%20area,-6.933983111257497,107.62654922669995
Kost Kencana Big Room Bandung Wetan Bandung,Campur,Rp2.100.000,2100000,Bandung Wetan,Bandung Wetan,"Kost ini berlokasi dekat dengan jalan raya dengan akses yang hanya bisa dilalui oleh motor/sepeda, berlokasi dekat dengan Swike Waled Rumah Makan (256 m), Circle K (2.9 km), Masjid Jami Mathla'ul Khoeriyah (196 m), Bank BJB - Kantor Cabang Tamansari (397 m), Universitas Islam Bandung (340 m), RS Ibu dan Anak Melinda (384 m).","3 x 4 meter, Tidak termasuk listrik","AC, Kasur, Meja, Lemari / Storage, Wastafel, Kursi","K. Mandi Dalam, Kloset Duduk, Wastafel, Shower, Air panas","WiFi, Kulkas, Laundry, R. Tamu, R. Santai",Parkir Motor,,https://mamikos.com/room/kost-kota-bandung-kost-campur-eksklusif-kost-kencana-big-room-bandung-wetan-bandung-2?redirection_source=landing%20area,-6.905512749470106,107.6182633874359
Kost Nomad Coliving Asia Afrika Loft Lengkong Bandung,Campur,Rp2.699.998,2699998,Lengkong,Lengkong,"Kost ini berlokasi dekat dengan jalan raya dengan akses yang hanya bisa dilalui oleh motor/sepeda, berlokasi dekat dengan Warteg Bahari (527 m), Alfamart (3.1 km), Church In Bandung (501 m), Bank BJB - Cabang Utama Bandung (1.1 km), Universitas Islam Bandung (2.7 km), RS Umum Bungsu (1.0 km).","3 x 4 meter, Tidak termasuk listrik","AC, Kasur, Meja, Lemari / Storage, Jendela, Cermin, Bantal, Wastafel, Kursi","K. Mandi Dalam, Kloset Duduk, Wastafel, Shower, Air panas","WiFi, Kulkas, Penjaga Kos, R. Makan, Dapur, Pengurus Kos, CCTV, Rooftop, TV",,,https://mamikos.com/room/kost-kota-bandung-kost-campur-eksklusif-kost-nomad-coliving-asia-afrika-loft-lengkong-bandung?redirection_source=landing%20area,-6.934472999462983,107.62498354403569
Kost Amavi Lengkong Besar Regol Bandung,Putra,Rp1.800.000,1800000,Regol,Regol,"Kost ini berlokasi dekat dengan jalan raya dengan akses yang hanya bisa dilalui oleh motor/sepeda, berlokasi dekat dengan Rumah Makan Cikawao (292 m), Circle K (393 m), Church of Isa Almasih (121 m), Citibank Indonesia (964 m), Institut Seni Budaya Indonesia Bandung (2.3 km), RSU Bhayangkara Tk II Sartika Asih (3.0 km).","4 x 2.5 meter, Tidak termasuk listrik","Kasur, Meja, TV, Lemari / Storage, Kursi, Cleaning service","K. Mandi Dalam, Kloset Duduk, Shower","WiFi, R. Santai, Dapur, Kartu Akses","Parkir Motor, Parkir Sepeda",,https://mamikos.com/room/kost-bandung-kost-putra-eksklusif-kost-amavi-lengkong-besar-bandung-1?redirection_source=landing%20area,-6.939253380091856,107.61175940190232
Kost Kenari 18 Tipe 1 Sumur Bandung Bandung,Putra,Rp1.999.999,1999999,Kecamatan Sumur Bandung,Sumur Bandung,"Kost ini berlokasi dekat dengan jalan raya dengan akses yang hanya bisa dilalui oleh motor/sepeda, berlokasi dekat dengan Warteg Abadi (962 m), Alfamart (1.7 km), Masjid Al Asy'ari Unisba (917 m), Bank BJB - Kantor Cabang Tamansari (914 m), Universitas Islam Bandung (950 m), RS Umum Tk IV 03.07.03Sariningsih (513 m).","2.5 x 4.2 meter, Tidak termasuk listrik","AC, Kasur, Dispenser, Meja, Lemari / Storage, Meja makan, Jendela, Guling, Bantal, Wastafel","Kloset Duduk, K. Mandi Luar, Wastafel, Shower, Air panas","WiFi, Laundry, R. Tamu, Penjaga Kos, R. Jemur, R. Makan, R. Santai, Dapur, CCTV, Taman","Parkir Mobil, Parkir Motor, Parkir Sepeda, Parkir Motor & Sepeda",,https://mamikos.com/room/kost-kota-bandung-kost-putra-eksklusif-kost-kenari-18-tipe-1-sumur-bandung-bandung-2?redirection_source=landing%20area,-6.913618300725119,107.61641166106747
Kost Samping Trans Studio Mall Batununggal Bandung,Campur,Rp850.000,850000,Batununggal,Batununggal,"Kost ini berlokasi dekat dengan jalan raya dengan akses yang hanya bisa dilalui oleh motor/sepeda, berlokasi dekat dengan Warteg Berkah Bahari (742 m), Alfamart A Yani 419 (1.8 km), Masjid Al Jihad (1.1 km), Sekolah Tinggi Ilmu Ekonomi Pasundan (695 m).","3 x 3 meter, Termasuk listrik","Kasur, Dispenser, Lemari / Storage, Ventilasi, Jendela, Kursi","Kloset Jongkok, K. Mandi Luar, Wastafel, Bak mandi","WiFi, R. Tamu, R. Jemur, R. Santai, Dispenser, Dapur, Jemuran, Pengurus Kos, CCTV, Balcon","Parkir Motor, Parkir Sepeda",,https://mamikos.com/room/kost-kota-bandung-kost-campur-murah-kost-samping-trans-studio-mall-batununggal-bandung-2?redirection_source=landing%20area,-6.926756912661087,107.6422300079206
Kost Crysant House Tipe A Cibeunying Kaler Bandung,Campur,Rp1.600.000,1600000,Cibeunying Kaler,Cibeunying Kaler,"Kost ini berlokasi dekat dengan jalan raya dengan akses yang hanya bisa dilalui oleh motor/sepeda, berlokasi dekat dengan Warteg Abadi (2.2 km), Alfamart (854 m), Christian Church Pasundan Awiligar (2.2 km), Bank BJB Weekend Banking (1.3 km), Institut Teknologi Nasional Bandung (724 m), RS Ibu dan Anak Al Islam (1.5 km).","3 x 3 meter, Tidak termasuk listrik","Kasur, Meja, Ventilasi, Jendela, Bantal, Wastafel, Kursi","K. Mandi Dalam, Kloset Duduk, Wastafel, Shower, Air panas","WiFi, Penjaga Kos, R. Jemur, R. Santai, Dapur, Jemuran, Pengurus Kos, CCTV, Joglo","Parkir Mobil, Parkir Motor, Parkir Sepeda",,https://mamikos.com/room/kost-kota-bandung-kost-campur-eksklusif-kost-crysant-house-tipe-a-cibeunying-kaler-bandung?redirection_source=landing%20area,-6.8860234006554,107.63019517182973
Kost P House Tipe L Andir Bandung,Campur,Rp900.000,900000,Andir,Andir,"Kost ini berlokasi dekat dengan jalan raya dengan akses yang hanya bisa dilalui oleh motor/sepeda, berlokasi dekat dengan Warteg Jaya Bahari (904 m), Circle K (3.1 km), Masjid AL-IKHLAS (573 m), Bank Syariah Indonesia KC Bandung Suniaraja (79 m), Universitas Padjadjaran Kampus Dipatiukur (2.9 km), Bandung Electronic Center (1.0 km).","3 x 3 meter, Tidak termasuk listrik","Kasur, Lemari / Storage, Ventilasi, Meja makan, Jendela, Sofa, Wastafel","Kloset Jongkok, Wastafel, Ember mandi, Shower","WiFi, Laundry, R. Makan, R. Santai, Dapur, Pengurus Kos, CCTV, Balcon, K. Mandi Luar","Parkir Motor, Parkir Sepeda",,https://mamikos.com/room/kost-kota-bandung-kost-campur-murah-kost-p-house-tipe-l-andir-bandung-2?redirection_source=landing%20area,-6.907371893063195,107.56969534007523
Kost Amavi L Regol Bandung,Putri,Rp1.950.000,1950000,Kecamatan Regol,Regol,"Kost ini berlokasi dekat dengan jalan raya dengan akses yang hanya bisa dilalui oleh motor/sepeda, berlokasi dekat dengan Warteg Abadi (3.1 km), Circle K (1.2 km), Church of Isa Almasih (199 m), Citibank Indonesia (1.0 km), Universitas Islam Bandung (3.0 km), RS Umum Muhammadiyah (1.3 km).","2.5 x 4.5 meter, Tidak termasuk listrik","AC, Kasur, Meja, TV, Lemari / Storage, Ventilasi, Jendela, TV Kabel, Kursi","K. Mandi Dalam, Kloset Duduk, Shower, Air panas","WiFi, Kulkas, Penjaga Kos, Dapur, CCTV, Kartu Akses, Balcon, Gazebo, TV","Parkir Motor, Parkir Sepeda",,https://mamikos.com/room/kost-kota-bandung-kost-putri-eksklusif-kost-amavi-l-regol-bandung-1?redirection_source=landing%20area,-6.9408175823687825,107.61508105213201
Kost Pangkur Opat Lengkong Bandung,Putra,Rp1.200.000,1200000,Lengkong,Lengkong,"Kost ini berlokasi dekat dengan jalan raya dengan akses jalan raya, berlokasi dekat dengan Warteg Bahari (495 m), Alfamart A Yani 419 (2.9 km), Masjid Al Waritsin (748 m), CIMB Niaga (Buah Batu) (610 m), Akademi Sekretari Dan Manajemen BSI Bandung (792 m), RS Umum Muhammadiyah (506 m).","3 x 3 meter, Tidak termasuk listrik","AC, TV, Kipas Angin","Kloset Duduk, K. Mandi Luar, Shower, Air panas","WiFi, Mesin Cuci, Penjaga Kos, R. Makan, Dispenser, Dapur, Jemuran, CCTV, TV","Parkir Mobil, Parkir Motor",,https://mamikos.com/room/kost-bandung-kost-putra-eksklusif-kost-pangkur-opat-lengkong-bandung?redirection_source=landing%20area,-6.935527242636297,107.62763425592756
Kost Srimahi Tipe Single Regol Bandung,Campur,Rp1.750.000,1750000,Kecamatan Regol,Regol,"Kost ini berlokasi dekat dengan jalan raya dengan akses yang hanya bisa dilalui oleh motor/sepeda, berlokasi dekat dengan Warteg Bahari (679 m), Circle K (2.9 km), Church of Isa Almasih (925 m), Bank BCA KCP Buah Batu (1.1 km), Akademi Sekretari Dan Manajemen BSI Bandung (913 m), RS Mata Bandung Eye Center (910 m).","3 x 3 meter, Tidak termasuk listrik","AC, Kasur, Meja, TV, Lemari / Storage, Ventilasi, Jendela, Cermin, Wastafel, Kursi","K. Mandi Dalam, Kloset Duduk, Wastafel, Shower, Air panas","WiFi, R. Tamu, Penjaga Kos, R. Jemur, R. Santai, Dispenser, Dapur, Pengurus Kos, Jual Makanan, CCTV",Parkir Motor & Sepeda,,https://mamikos.com/room/kost-kota-bandung-kost-campur-eksklusif-kost-srimahi-tipe-single-regol-bandung?redirection_source=landing%20area,-6.93852777991541,107.61233334707264
Kost Rumah Wayang 8 Standart Lengkong Bandung,Campur,Rp2.100.000,2100000,Kecamatan Lengkong,Lengkong,"Kost ini berlokasi dekat dengan jalan raya dengan akses yang hanya bisa dilalui oleh motor/sepeda, berlokasi dekat dengan Warteg Abadi (2.9 km), Alfamart A Yani 419 (2.7 km), Church In Bandung (569 m), Citibank Indonesia (725 m), Universitas Islam Bandung (2.9 km), RS Mata Bandung Eye Center (1.3 km).","3 x 4 meter, Tidak termasuk listrik","AC, Kasur, Dispenser, Meja, TV, Lemari / Storage, Kulkas, Ventilasi, Meja makan, Jendela","K. Mandi Dalam, Kloset Duduk, Kloset Jongkok, Ember mandi, Shower, Air panas","WiFi, Kulkas, Laundry, R. Tamu, Penjaga Kos, R. Makan, R. Santai, Dispenser, Dapur, Pengurus Kos","Parkir Mobil, Parkir Motor, Parkir Sepeda",,https://mamikos.com/room/kost-kota-bandung-kost-campur-eksklusif-kost-rumah-wayang-8-standart-lengkong-bandung?redirection_source=landing%20area,-6.935531632952628,107.62588044418044
Kost Gatsu Bapak Agus Tipe A Gatot Subroto Batununggal Bandung,Putri,Rp1.100.000,1100000,Batununggal,Batununggal,"Kost ini berlokasi dekat dengan jalan raya dengan akses yang hanya bisa dilalui oleh motor/sepeda, berlokasi dekat dengan Warteg Cintaasih (646 m), Alfamart A Yani 419 (2.0 km), Church In Bandung (739 m), Universitas Padjadjaran Kampus Dipatiukur (3.5 km), Bandung Electronic Center (2.6 km).","3 x 4 meter, Tidak termasuk listrik","Kasur, Meja, Meja Rias, Lemari / Storage, Cermin, Bantal, Kipas Angin","K. Mandi Dalam, Kloset Jongkok, Ember mandi, Shower","WiFi, Kulkas, R. Tamu, R. Jemur, R. Makan, Dapur","Parkir Motor, Parkir Sepeda",,https://mamikos.com/room/kost-kota-bandung-kost-putri-murah-kost-gatsu-bpk-agus-gatot-subroto-batununggal-bandung?redirection_source=landing%20area,-6.928584053290723,107.63897356889436
Kost Maleo Sumur Bandung Bandung,Putri,Rp600.000,600000,Kecamatan Sumur Bandung,Sumur Bandung,"Kost ini berlokasi dekat dengan jalan raya dengan akses yang hanya bisa dilalui oleh motor/sepeda, berlokasi dekat dengan Rumah Makan Kapau Jaya (872 m), Circle K (3.2 km), Masjid Al Asy'ari Unisba (670 m), Bank Permata (465 m), Universitas Islam Bandung (706 m), RS Ibu dan Anak Limijati (814 m).","3 x 3 meter, Termasuk listrik","Kasur, Meja, Lemari / Storage, Jendela, Guling, Cermin, Bantal","Kloset Duduk, Kloset Jongkok, K. Mandi Luar, Ember mandi, Bak mandi","WiFi, R. Cuci, R. Jemur, Pengurus Kos, K. Mandi Luar","Parkir Motor, Parkir Sepeda",,https://mamikos.com/room/kost-kota-bandung-kost-putri-murah-kost-maleo-sumur-bandung-bandung?redirection_source=landing%20area,-6.915852463585638,107.61706714124587
Kost Tegalega 249 Astanaanyar Bandung,Campur,Rp900.000,900000,Kecamatan Astanaanyar,Astanaanyar,"Kost ini berlokasi dekat dengan jalan raya dengan akses yang hanya bisa dilalui oleh motor/sepeda, berlokasi dekat dengan Rumah Makan Cikawao (1.6 km), Circle K (1.6 km), Gereja Kristen Kalam Kudus Pasundan (1.2 km), Citibank Indonesia (2.2 km), Sekolah Tinggi Ilmu Kesehatan Immanuel Bandung (723 m), RS Umum Bungsu (2.3 km).","3 x 4 meter, Tidak termasuk listrik","Kasur, Lemari / Storage",Kloset Jongkok,"WiFi, Penjaga Kos, Jemuran, Pengurus Kos, CCTV, Taman",Parkir Motor,,https://mamikos.com/room/kost-kota-bandung-kost-campur-murah-kost-tegalega-249-astanaanyar-bandung?redirection_source=landing%20area,-6.937908203546365,107.60128076526344
Kost Casa De Suno Exclusive Cicendo Bandung,Campur,Rp3.000.000,3000000,Cicendo,Cicendo,"Kost ini berlokasi dekat dengan jalan raya dengan akses yang hanya bisa dilalui oleh motor/sepeda, berlokasi dekat dengan Warteg Abadi (979 m), Alfamart (651 m), Masjid Al Asy'ari Unisba (686 m), Bank BJB - Kantor Cabang Tamansari (744 m), Universitas Islam Bandung (685 m), RS Umum Melinda 2 (524 m).","4 x 4 meter, Tidak termasuk listrik","AC, Kasur, Meja, Lemari / Storage, Jendela, Guling, Cermin, Bantal, Wastafel, Kursi","K. Mandi Dalam, Kloset Duduk, Wastafel, Shower, Air panas","WiFi, Kulkas, Penjaga Kos, R. Jemur, R. Makan, Mushola, R. Santai, Dapur, Jemuran, CCTV","Parkir Mobil, Parkir Motor",,https://mamikos.com/room/kost-kota-bandung-kost-campur-eksklusif-kost-casa-de-suno-exclusive-cicendo-bandung?redirection_source=landing%20area,-6.901406219800479,107.58762598672674
Kost Terusan Cisokan Cibeunying Kaler Bandung,Putri,Rp1.350.000,1350000,Cibeunying Kaler,Cibeunying Kaler,"Kost ini berlokasi dekat dengan jalan raya dengan akses yang hanya bisa dilalui oleh motor/sepeda, berlokasi dekat dengan Rumah Makan Boemi Mitoha (804 m), Alfamart A Yani 419 (1.1 km), Masjid Pusdai (834 m), Institut Teknologi Nasional Bandung (652 m), Sinar Abadi Balubur Town Square (2.6 km).","3 x 4 meter, Tidak termasuk listrik","Kasur, Meja, Lemari / Storage, Kursi","K. Mandi Dalam, Kloset Duduk, Shower, Air panas","WiFi, Kulkas, Mesin Cuci, R. Jemur, R. Makan, R. Santai, Dapur, TV",Parkir Motor,,https://mamikos.com/room/kost-kota-bandung-kost-putri-eksklusif-kost-terusan-cisokan-cibeunying-kaler-bandung-2?redirection_source=landing%20area,-6.88830458679018,107.6274680399095
Kost 78D Tipe B Regol Bandung,Putri,Rp1.250.000,1250000,Regol,Regol,"Kost ini berlokasi dekat dengan jalan raya dengan akses yang hanya bisa dilalui oleh motor/sepeda, berlokasi dekat dengan Rumah Makan Cikawao (892 m), Circle K (829 m), Gereja Kristen Kalam Kudus Pasundan (348 m), Citibank Indonesia (1.4 km), Sekolah Tinggi Ilmu Kesehatan Immanuel Bandung (1.4 km), RS Khusus Mata Cicendo (2.0 km).","4 x 5 meter, Tidak termasuk listrik","Kasur, Meja, Lemari / Storage, Ventilasi, Jendela, Guling, Bantal, Kursi","K. Mandi Dalam, Kloset Duduk","WiFi, Penjaga Kos, R. Jemur, R. Santai, Dapur, Jemuran, CCTV, Balcon","Parkir Motor, Parkir Sepeda",,https://mamikos.com/room/kost-kota-bandung-kost-putri-eksklusif-kost-78d-tipe-b-regol-bandung?redirection_source=landing%20area,-6.941558295104846,107.6130536016597
Kost Melkid 47abc Lengkong Bandung,Putri,Rp900.000,900000,Kecamatan Lengkong,Lengkong,"Kost ini berlokasi dekat dengan jalan raya dengan akses yang hanya bisa dilalui oleh motor/sepeda, berlokasi dekat dengan Warteg Bahari (127 m), Circle K (98 m), Church of Isa Almasih (318 m), Bank BJB - Cabang Utama Bandung (1.3 km), Universitas Islam Bandung (3.1 km), RS Mata Bandung Eye Center (1.3 km).","4 x 4 meter, Tidak termasuk listrik","Kasur, Lemari / Storage, Ventilasi, Jendela","K. Mandi Dalam, Kloset Duduk, K. Mandi Luar, Shower","R. Cuci, R. Tamu, R. Santai, Dapur, Pengurus Kos, CCTV, K. Mandi Luar","Parkir Motor, Parkir Sepeda",,https://mamikos.com/room/kost-kota-bandung-kost-putri-murah-kost-melkid-47abc-lengkong-bandung-2?redirection_source=landing%20area,-6.935159711464196,107.62527695331853
Kost P House Tipe L Andir Bandung,Campur,Rp900.000,900000,Andir,Andir,"Kost ini berlokasi dekat dengan jalan raya dengan akses yang hanya bisa dilalui oleh motor/sepeda, berlokasi dekat dengan Warteg Jaya Bahari (904 m), Circle K (3.1 km), Masjid AL-IKHLAS (573 m), Bank Syariah Indonesia KC Bandung Suniaraja (79 m), Universitas Padjadjaran Kampus Dipatiukur (2.9 km), Bandung Electronic Center (1.0 km).","3 x 3 meter, Tidak termasuk listrik","Kasur, Lemari / Storage, Ventilasi, Meja makan, Jendela, Sofa, Wastafel","Kloset Jongkok, Wastafel, Ember mandi, Shower","WiFi, Laundry, R. Makan, R. Santai, Dapur, Pengurus Kos, CCTV, Balcon, K. Mandi Luar","Parkir Motor, Parkir Sepeda",,https://mamikos.com/room/kost-kota-bandung-kost-campur-murah-kost-p-house-tipe-l-andir-bandung-2?redirection_source=landing%20area,-6.907482089564828,107.56993617975009
Kost Miru Minami Tipe A Lengkong Bandung,Putri,Rp1.500.000,1500000,Kecamatan Lengkong,Lengkong,"Kost ini berlokasi dekat dengan jalan raya dengan akses yang hanya bisa dilalui oleh motor/sepeda, berlokasi dekat dengan Warteg Bahari (142 m), Alfamart A Yani 419 (3.4 km), Church of Isa Almasih (292 m), Bank BJB - Cabang Utama Bandung (1.2 km), Universitas Islam Bandung (3.0 km), RS Umum Bungsu (1.3 km).","3 x 4 meter, Tidak termasuk listrik","Kasur, Meja, Lemari / Storage, Ventilasi, Jendela, Kursi","Kloset Duduk, K. Mandi Luar, Shower","WiFi, R. Cuci, Kulkas, Penjaga Kos, R. Jemur, Dapur, Jemuran, CCTV, Rooftop, Kartu Akses",Parkir Motor,,https://mamikos.com/room/kost-kota-bandung-kost-putri-eksklusif-kost-miru-minami-tipe-a-lengkong-bandung?redirection_source=landing%20area,-6.935729879399463,107.6251955273161
Kost Rumah Wayang 8 Standart Lengkong Bandung,Campur,Rp2.100.000,2100000,Kecamatan Lengkong,Lengkong,"Kost ini berlokasi dekat dengan jalan raya dengan akses yang hanya bisa dilalui oleh motor/sepeda, berlokasi dekat dengan Warteg Abadi (2.9 km), Alfamart A Yani 419 (2.7 km), Church In Bandung (569 m), Citibank Indonesia (725 m), Universitas Islam Bandung (2.9 km), RS Mata Bandung Eye Center (1.3 km).","3 x 4 meter, Tidak termasuk listrik","AC, Kasur, Dispenser, Meja, TV, Lemari / Storage, Kulkas, Ventilasi, Meja makan, Jendela","K. Mandi Dalam, Kloset Duduk, Kloset Jongkok, Ember mandi, Shower, Air panas","WiFi, Kulkas, Laundry, R. Tamu, Penjaga Kos, R. Makan, R. Santai, Dispenser, Dapur, Pengurus Kos","Parkir Mobil, Parkir Motor, Parkir Sepeda",,https://mamikos.com/room/kost-kota-bandung-kost-campur-eksklusif-kost-rumah-wayang-8-standart-lengkong-bandung?redirection_source=landing%20area,-6.934120280143882,107.62671342829177
Kost Cibo 33 Batununggal Bandung,Putri,Rp955.000,955000,Batununggal,Batununggal,"Kost ini berlokasi dekat dengan jalan raya dengan akses yang hanya bisa dilalui oleh motor/sepeda, berlokasi dekat dengan Warteg Cintaasih (472 m), Alfamart A Yani 419 (1.7 km), Masjid Al Jihad (763 m), Sekolah Tinggi Ilmu Ekonomi Pasundan (973 m), Bandung Electronic Center (3.2 km).","3 x 3.5 meter, Termasuk listrik","Kasur, Dispenser, Meja, Lemari / Storage, Ventilasi, Jendela, Guling, Cermin, Bantal","K. Mandi Dalam, Kloset Jongkok, Ember mandi, Shower","Kulkas, R. Tamu, R. Jemur, R. Santai, Dispenser, Dapur, Jemuran, CCTV, TV","Parkir Motor, Parkir Sepeda",,https://mamikos.com/room/kost-bandung-kost-putri-murah-kost-cibo-33-batununggal-bandung-1?redirection_source=landing%20area,-6.929503730797218,107.63891166501926
Kost Pungkur Vip Regol Bandung,Putri,Rp650.000,650000,Kecamatan Regol,Regol,"Kost ini berlokasi dekat dengan jalan raya dengan akses yang hanya bisa dilalui oleh motor/sepeda, berlokasi dekat dengan Warteg Abadi (3.0 km), Circle K (1.3 km), Church of Isa Almasih (176 m), Citibank Indonesia (1.0 km), Universitas Islam Bandung (3.0 km), RS Umum Muhammadiyah (1.3 km).","3 x 3 meter, Termasuk listrik","Kasur, Lemari / Storage, Jendela, Guling, Bantal","K. Mandi Dalam, Kloset Duduk, K. Mandi Luar, Shower","R. Jemur, Dapur, Jemuran, Rice Cooker",Parkir Motor,,https://mamikos.com/room/kost-kota-bandung-kost-putri-murah-kost-pungkur-vip-regol-bandung?redirection_source=landing%20area,-6.9384770865149985,107.61419552499562
Kost Turangga Executive Lengkong Bandung,Putri,Rp800.000,800000,Kecamatan Lengkong,Lengkong,"Kost ini berlokasi dekat dengan jalan raya dengan akses yang hanya bisa dilalui oleh motor/sepeda, berlokasi dekat dengan Warteg Bahari (709 m), Circle K (3.1 km), Church of Isa Almasih (1.1 km), Bank BCA KCP Buah Batu (804 m), Akademi Sekretari Dan Manajemen BSI Bandung (393 m), RS Umum Bungsu (1.9 km).","3 x 3 meter, Tidak termasuk listrik","Ventilasi, Jendela","K. Mandi Dalam, Kloset Jongkok","Dapur, Jemuran, Pengurus Kos","Parkir Motor, Parkir Sepeda, Parkir Motor & Sepeda",,https://mamikos.com/room/kost-kota-bandung-kost-putri-murah-kost-turangga-executive-lengkong-bandung?redirection_source=landing%20area,-6.935509820162113,107.62425260347534
Kost Yukiyama Sawah Kurung Regol Bandung,Putri,Rp1.800.000,1800000,Kecamatan Regol,Regol,"Kost ini berlokasi dekat dengan jalan raya dengan akses jalan raya, berlokasi dekat dengan Rumah Makan Cikawao (671 m), Circle K (1.5 km), Church of Isa Almasih (503 m), Citibank Indonesia (1.3 km), Universitas Islam Bandung (3.3 km), RS Ibu dan Anak Kota Bandung (1.3 km).","3 x 4 meter, Tidak termasuk listrik","AC, Kasur, Meja, TV, Lemari / Storage, Cermin, Bantal","K. Mandi Dalam, Kloset Duduk, Wastafel, Shower, Air panas","WiFi, Kulkas, R. Jemur, Dapur, CCTV",Parkir Motor,,https://mamikos.com/room/kost-kota-bandung-kost-putri-eksklusif-kost-yukiyama-sawah-kurung-regol-bandung-?redirection_source=landing%20area,-6.941058857444561,107.61482161618855
Kost Amavi Lengkong Besar Regol Bandung,Putra,Rp1.800.000,1800000,Regol,Regol,"Kost ini berlokasi dekat dengan jalan raya dengan akses yang hanya bisa dilalui oleh motor/sepeda, berlokasi dekat dengan Rumah Makan Cikawao (292 m), Circle K (393 m), Church of Isa Almasih (121 m), Citibank Indonesia (964 m), Institut Seni Budaya Indonesia Bandung (2.3 km), RSU Bhayangkara Tk II Sartika Asih (3.0 km).","4 x 2.5 meter, Tidak termasuk listrik","Kasur, Meja, TV, Lemari / Storage, Kursi, Cleaning service","K. Mandi Dalam, Kloset Duduk, Shower","WiFi, R. Santai, Dapur, Kartu Akses","Parkir Motor, Parkir Sepeda",,https://mamikos.com/room/kost-bandung-kost-putra-eksklusif-kost-amavi-lengkong-besar-bandung-1?redirection_source=landing%20area,-6.937927935461826,107.61308190651819
Kost Crysant House Tipe A Cibeunying Kaler Bandung,Campur,Rp1.600.000,1600000,Cibeunying Kaler,Cibeunying Kaler,"Kost ini berlokasi dekat dengan jalan raya dengan akses yang hanya bisa dilalui oleh motor/sepeda, berlokasi dekat dengan Warteg Abadi (2.2 km), Alfamart (854 m), Christian Church Pasundan Awiligar (2.2 km), Bank BJB Weekend Banking (1.3 km), Institut Teknologi Nasional Bandung (724 m), RS Ibu dan Anak Al Islam (1.5 km).","3 x 3 meter, Tidak termasuk listrik","Kasur, Meja, Ventilasi, Jendela, Bantal, Wastafel, Kursi","K. Mandi Dalam, Kloset Duduk, Wastafel, Shower, Air panas","WiFi, Penjaga Kos, R. Jemur, R. Santai, Dapur, Jemuran, Pengurus Kos, CCTV, Joglo","Parkir Mobil, Parkir Motor, Parkir Sepeda",,https://mamikos.com/room/kost-kota-bandung-kost-campur-eksklusif-kost-crysant-house-tipe-a-cibeunying-kaler-bandung?redirection_source=landing%20area,-6.886469997600285,107.62958619323193
Kost Kukka Tipe A Lengkong Bandung,Putri,Rp1.500.000,1500000,Lengkong,Lengkong,"Kost ini berlokasi dekat dengan jalan raya dengan akses yang hanya bisa dilalui oleh motor/sepeda, berlokasi dekat dengan Warteg Bahari (459 m), Alfamart (3.2 km), Church In Bandung (611 m), Bank BJB - Cabang Utama Bandung (1.3 km), Universitas Islam Bandung (2.9 km), RS Umum Bungsu (1.1 km).","2.5 x 4.5 meter, Tidak termasuk listrik","Kasur, Meja, Lemari / Storage, Ventilasi, Jendela, Wastafel, Kursi, Cleaning service","K. Mandi Dalam, Kloset Duduk, Wastafel, Shower, Air panas","WiFi, Kulkas, Dapur, CCTV",Parkir Motor,,https://mamikos.com/room/kost-kota-bandung-kost-putri-eksklusif-kost-kukka-tipe-a-lengkong-bandung-2?redirection_source=landing%20area,-6.935455383345557,107.62531912832286
Kost Deme 25 Tipe A Batununggal Bandung,Campur,Rp1.150.000,1150000,Kecamatan Batununggal,Batununggal,"Kost ini berlokasi dekat dengan jalan raya dengan akses yang hanya bisa dilalui oleh motor/sepeda, berlokasi dekat dengan Warteg Bahari (1.6 km), Indomaret Surapati 55 (3.3 km), Gereja Isa Almasih (451 m), Bank BCA KCP Buah Batu (1.9 km), Institut Teknologi Nasional Bandung (3.1 km), RS Ibu dan Anak Al Islam (1.9 km).","3 x 3 meter, Tidak termasuk listrik","AC, Kasur, Lemari / Storage, Ventilasi, Jendela, Cermin","K. Mandi Dalam, Kloset Duduk, Kloset Jongkok, Ember mandi, Shower, Air panas","WiFi, Penjaga Kos, R. Jemur, Dapur, Jemuran, Pengurus Kos, CCTV, Rooftop, Balcon","Parkir Motor, Parkir Sepeda, Parkir Motor & Sepeda",,https://mamikos.com/room/kost-kota-bandung-kost-campur-eksklusif-kost-deme-25-tipe-a-batununggal-bandung?redirection_source=landing%20area,-6.928735539699426,107.6409944506215
Kost Pangkur Opat Lengkong Bandung,Putra,Rp1.200.000,1200000,Lengkong,Lengkong,"Kost ini berlokasi dekat dengan jalan raya dengan akses jalan raya, berlokasi dekat dengan Warteg Bahari (495 m), Alfamart A Yani 419 (2.9 km), Masjid Al Waritsin (748 m), CIMB Niaga (Buah Batu) (610 m), Akademi Sekretari Dan Manajemen BSI Bandung (792 m), RS Umum Muhammadiyah (506 m).","3 x 3 meter, Tidak termasuk listrik","AC, TV, Kipas Angin","Kloset Duduk, K. Mandi Luar, Shower, Air panas","WiFi, Mesin Cuci, Penjaga Kos, R. Makan, Dispenser, Dapur, Jemuran, CCTV, TV","Parkir Mobil, Parkir Motor",,https://mamikos.com/room/kost-bandung-kost-putra-eksklusif-kost-pangkur-opat-lengkong-bandung?redirection_source=landing%20area,-6.934318374596494,107.62677110316135
Kost Amavi L Regol Bandung,Putri,Rp1.950.000,1950000,Kecamatan Regol,Regol,"Kost ini berlokasi dekat dengan jalan raya dengan akses yang hanya bisa dilalui oleh motor/sepeda, berlokasi dekat dengan Warteg Abadi (3.1 km), Circle K (1.2 km), Church of Isa Almasih (199 m), Citibank Indonesia (1.0 km), Universitas Islam Bandung (3.0 km), RS Umum Muhammadiyah (1.3 km).","2.5 x 4.5 meter, Tidak termasuk listrik","AC, Kasur, Meja, TV, Lemari / Storage, Ventilasi, Jendela, TV Kabel, Kursi","K. Mandi Dalam, Kloset Duduk, Shower, Air panas","WiFi, Kulkas, Penjaga Kos, Dapur, CCTV, Kartu Akses, Balcon, Gazebo, TV","Parkir Motor, Parkir Sepeda",,https://mamikos.com/room/kost-kota-bandung-kost-putri-eksklusif-kost-amavi-l-regol-bandung-1?redirection_source=landing%20area,-6.93939904220263,107.61380190558211
Kost Kencana Big Room Bandung Wetan Bandung,Campur,Rp2.100.000,2100000,Bandung Wetan,Bandung Wetan,"Kost ini berlokasi dekat dengan jalan raya dengan akses yang hanya bisa dilalui oleh motor/sepeda, berlokasi dekat dengan Swike Waled Rumah Makan (256 m), Circle K (2.9 km), Masjid Jami Mathla'ul Khoeriyah (196 m), Bank BJB - Kantor Cabang Tamansari (397 m), Universitas Islam Bandung (340 m), RS Ibu dan Anak Melinda (384 m).","3 x 4 meter, Tidak termasuk listrik","AC, Kasur, Meja, Lemari / Storage, Wastafel, Kursi","K. Mandi Dalam, Kloset Duduk, Wastafel, Shower, Air panas","WiFi, Kulkas, Laundry, R. Tamu, R. Santai",Parkir Motor,,https://mamikos.com/room/kost-kota-bandung-kost-campur-eksklusif-kost-kencana-big-room-bandung-wetan-bandung-2?redirection_source=landing%20area,-6.905825831370106,107.61579550495638
Kost Kukka Tipe AC Lengkong Bandung,Putri,Rp1.750.000,1750000,Lengkong,Lengkong,"Kost ini berlokasi dekat dengan jalan raya dengan akses yang hanya bisa dilalui oleh motor/sepeda, berlokasi dekat dengan Warteg Bahari (459 m), Alfamart (3.2 km), Church In Bandung (611 m), Bank BJB - Cabang Utama Bandung (1.3 km), Universitas Islam Bandung (2.9 km), RS Umum Bungsu (1.1 km).","2.5 x 4.5 meter, Tidak termasuk listrik","AC, Kasur, Meja, Lemari / Storage, Ventilasi, Jendela, Wastafel, Kursi, Cleaning service","K. Mandi Dalam, Kloset Duduk, Wastafel, Shower, Air panas","WiFi, Kulkas, Dapur, CCTV","Parkir Mobil, Parkir Motor",,https://mamikos.com/room/kost-kota-bandung-kost-putri-eksklusif-kost-kukka-tipe-ac-lengkong-bandung-2?redirection_source=landing%20area,-6.935991870281104,107.62527487391137
Kost Pusat Laundry Nasional Astanaanyar Bandung,Campur,Rp650.000,650000,Kecamatan Astanaanyar,Astanaanyar,"Kost ini berlokasi dekat dengan jalan raya dengan akses masuk mobil, berlokasi dekat dengan Warteg Jaya Bahari (377 m), Circle K (778 m), Gereja Kristen Kalam Kudus Pasundan (602 m), Institut Seni Budaya Indonesia Bandung (3.3 km), Bandung Electronic Center (2.2 km).","3 x 3 meter, Termasuk listrik","Kasur, Lemari / Storage, Kipas Angin","Kloset Duduk, K. Mandi Luar, Shower, Air panas","WiFi, Laundry, Penjaga Kos, R. Makan, R. Santai, Dapur, Pengurus Kos, CCTV, Balcon, R. Keluarga",Parkir Motor,,https://mamikos.com/room/kost-kota-bandung-kost-campur-murah-kost-pusat-laundry-nasional-astanaanyar-bandung-1?redirection_source=landing%20area,-6.937336195670207,107.603450813432
Kost M Dian Ediana Regol Bandung,Putri,Rp850.000,850000,Regol,Regol,"Kost ini berlokasi dekat dengan jalan raya dengan akses masuk mobil, berlokasi dekat dengan Warteg Bahari (474 m), Circle K (501 m), Masjid Jami Nurul Falah (556 m), CIMB Niaga (Buah Batu) (776 m), Akademi Sekretari Dan Manajemen BSI Bandung (659 m), RS Umum Muhammadiyah (691 m).","2.5 x 2.8 meter, Termasuk listrik","Kasur, Dispenser, Meja, Meja Rias, Lemari / Storage, Ventilasi, Jendela, Guling, Cermin, Bantal","Kloset Duduk, K. Mandi Luar, Ember mandi, Bak mandi","WiFi, R. Cuci, R. Tamu, R. Jemur, R. Santai, Dispenser, Jemuran, Balcon, K. Mandi Luar",Parkir Motor,,https://mamikos.com/room/kost-kota-bandung-kost-putri-murah-kost-m-dian-ediana-regol-bandung-2?redirection_source=landing%20area,-6.939938592717586,107.61393176019529
Kost Komura Cibeunying Kaler Bandung,Campur,Rp550.000,550000,Kecamatan Cibeunying Kaler,Cibeunying Kaler,"Kost ini berlokasi dekat dengan jalan raya dengan akses yang hanya bisa dilalui oleh motor/sepeda, berlokasi dekat dengan Warteg Abadi (2.0 km), Alfamart (996 m), Masjid Al Asy'ari Unisba (2.3 km), Bank BJB Weekend Banking (1.1 km), Institut Teknologi Nasional Bandung (864 m), RS Ibu dan Anak Al Islam (1.5 km).","2.5 x 3 meter, Termasuk listrik","Kasur, Meja, Lemari / Storage, Ventilasi, Jendela","Kloset Jongkok, K. Mandi Luar, Ember mandi","WiFi, R. Cuci, R. Tamu, Penjaga Kos, R. Jemur, R. Makan, R. Santai, Dapur, Jemuran, Pengurus Kos","Parkir Motor, Parkir Sepeda, Parkir Motor & Sepeda",,https://mamikos.com/room/kost-kota-bandung-kost-campur-murah-kost-komura-cibeunying-kaler-bandung?redirection_source=landing%20area,-6.88491387268331,107.62770038669909
Kost Tsm Gatsu Tipe B Batununggal Bandung,Campur,Rp1.100.000,1100000,Kecamatan Batununggal,Batununggal,"Kost ini berlokasi dekat dengan jalan raya dengan akses yang hanya bisa dilalui oleh motor/sepeda, berlokasi dekat dengan Warteg Bahari (1.6 km), Indomaret Surapati 55 (3.3 km), Gereja Isa Almasih (423 m), Bank BCA KCP Buah Batu (1.9 km), Institut Teknologi Nasional Bandung (3.1 km), RS Ibu dan Anak Al Islam (1.9 km).","3 x 4 meter, Termasuk listrik","Kasur, Lemari / Storage, Ventilasi, Jendela, Bantal","K. Mandi Dalam, Kloset Duduk, Shower","WiFi, R. Tamu, R. Jemur, R. Santai, Dispenser, Dapur, Jemuran, Pengurus Kos, Jual Makanan, CCTV","Parkir Motor, Parkir Sepeda, Parkir Motor & Sepeda",,https://mamikos.com/room/kost-kota-bandung-kost-campur-eksklusif-kost-tsm-gatsu-tipe-b-batununggal-bandung?redirection_source=landing%20area,-6.926067502280693,107.64024070310381
Kost Lestari Tipe A Bandung Wetan Bandung,Putri,Rp1.200.000,1200000,Bandung Wetan,Bandung Wetan,"Kost ini berlokasi dekat dengan jalan raya dengan akses yang hanya bisa dilalui oleh motor/sepeda, berlokasi dekat dengan Warteg Abadi (384 m), Alfamart (868 m), Masjid Al Asy'ari Unisba (87 m), Bank BJB - Kantor Cabang Tamansari (138 m), Universitas Islam Bandung (121 m), RS Umum Tk IV 03.07.03Sariningsih (485 m).","3 x 3 meter, Termasuk listrik","Kasur, Lemari / Storage, Ventilasi, Jendela, Cermin","K. Mandi Dalam, Kloset Jongkok, K. Mandi Luar, Ember mandi, Shower","WiFi, R. Cuci, Penjaga Kos, R. Jemur, Jemuran, Pengurus Kos, Jual Makanan, CCTV",,,https://mamikos.com/room/kost-kota-bandung-kost-putri-eksklusif-kost-lestari-tipe-a-bandung-wetan-bandung?redirection_source=landing%20area,-6.90369863328518,107.61849354553974
Kost Sukamulus Cibeunying Kidul Bandung,Campur,Rp450.000,450000,Cibeunying Kidul,Cibeunying Kidul,"Kost ini berlokasi dekat dengan jalan raya dengan akses yang hanya bisa dilalui oleh motor/sepeda, berlokasi dekat dengan Warteg Abadi (3.1 km), Alfamart A Yani 419 (284 m), Masjid Pusdai (1.6 km), Bank Mandiri Bandung Priority Banking Soerapatti (2.6 km), Institut Teknologi Nasional Bandung (1.2 km), RS Umum Santo Yusup (583 m).","3 x 3 meter, Termasuk listrik","Kasur, Meja, Ventilasi, Jendela, Cermin, Bantal, Cleaning service","Kloset Jongkok, K. Mandi Luar, Ember mandi, Shower, Bak mandi","WiFi, R. Cuci, Penjaga Kos, R. Jemur, Dispenser, Dapur, Jemuran, Pengurus Kos, CCTV, Gazebo","Parkir Mobil, Parkir Motor, Parkir Sepeda",,https://mamikos.com/room/kost-kota-bandung-kost-campur-murah-kost-sukamulus-cibeunying-kidul-bandung?redirection_source=landing%20area,-6.898862697901931,107.64892850245892
Kost Cikawao Lengkong Besar Bandung,Campur,Rp800.000,800000,Lengkong,Lengkong,"Kost ini berlokasi dekat dengan jalan raya dengan akses yang hanya bisa dilalui oleh motor/sepeda, berlokasi dekat dengan Rumah Makan Cikawao (98 m), Alfamart A Yani 419 (3.3 km), Church of Isa Almasih (271 m), Citibank Indonesia (574 m), Akademi Sekretari Dan Manajemen BSI Bandung (940 m), RS Umum Bungsu (898 m).","3 x 3 meter, Tidak termasuk listrik","Kasur, Lemari / Storage","K. Mandi Dalam, Kloset Jongkok, Ember mandi","WiFi, R. Tamu, Penjaga Kos, R. Jemur, R. Makan, R. Santai, Dapur, TV","Parkir Motor, Parkir Sepeda",,https://mamikos.com/room/kost-bandung-kost-campur-murah-kost-cikawao-lengkong-besar-bandung-1?redirection_source=landing%20area,-6.9360598075905555,107.6259766338684
Kost Sitimunigar Executive Astanaanyar Bandung,Campur,Rp1.600.000,1600000,Kecamatan Astanaanyar,Astanaanyar,"Kost ini berlokasi dekat dengan jalan raya dengan akses masuk mobil, berlokasi dekat dengan Warteg Bahari (1.5 km), Alfamart (2.8 km), Church of Isa Almasih (1.1 km), Bank BJB - Cabang Utama Bandung (1.3 km), Universitas Islam Bandung (2.9 km), RS Umum Bungsu (1.6 km).","4 x 4 meter, Tidak termasuk listrik","Kasur, Meja, Lemari / Storage, Guling, Bantal, Kursi","K. Mandi Dalam, Kloset Duduk, Ember mandi, Shower","WiFi, Laundry, Penjaga Kos, R. Makan, R. Santai, Dapur, Pengurus Kos, CCTV, Balcon, R. Keluarga","Parkir Motor, Parkir Motor & Sepeda",,https://mamikos.com/room/kost-kota-bandung-kost-campur-eksklusif-kost-sitimunigar-executive-astanaanyar-bandung?redirection_source=landing%20area,-6.939429890976238,107.60453742826634
Kost Nomad Coliving Asia Afrika Superior Lengkong Bandung,Campur,Rp2.299.998,2299998,Lengkong,Lengkong,"Kost ini berlokasi dekat dengan jalan raya dengan akses yang hanya bisa dilalui oleh motor/sepeda, berlokasi dekat dengan Warteg Bahari (527 m), Alfamart (3.1 km), Church In Bandung (501 m), Bank BJB - Cabang Utama Bandung (1.1 km), Universitas Islam Bandung (2.7 km), RS Umum Bungsu (1.0 km).","3 x 4 meter, Tidak termasuk listrik","AC, Kasur, Meja, Lemari / Storage, Jendela, Cermin, Bantal, Wastafel, Kursi","K. Mandi Dalam, Kloset Duduk, Wastafel, Shower, Air panas","WiFi, Kulkas, Penjaga Kos, R. Makan, Dapur, Pengurus Kos, CCTV, Rooftop, TV",,,https://mamikos.com/room/kost-kota-bandung-kost-campur-eksklusif-kost-nomad-coliving-asia-afrika-superior-lengkong-bandung?redirection_source=landing%20area,-6.932414907368974,107.62445486528178
Kost Lilia Cozy Room Standard Astanaanyar Bandung,Campur,Rp1.200.000,1200000,Kecamatan Astanaanyar,Astanaanyar,"Kost ini berlokasi dekat dengan jalan raya dengan akses yang hanya bisa dilalui oleh motor/sepeda, berlokasi dekat dengan Warteg Bahari (1.6 km), Alfamart (2.7 km), Church of Isa Almasih (1.2 km), Bank BJB - Cabang Utama Bandung (1.4 km), Universitas Islam Bandung (3.0 km), RS Umum Bungsu (1.8 km).","2.3 x 2.6 meter, Tidak termasuk listrik","Kasur, Meja, Lemari / Storage, Ventilasi, Jendela, Bantal, Kursi","Kloset Duduk, K. Mandi Luar, Wastafel, Ember mandi, Shower","WiFi, R. Cuci, Kulkas, Laundry, R. Tamu, Penjaga Kos, R. Jemur, Dapur, Jemuran, Pengurus Kos","Parkir Motor, Parkir Sepeda, Parkir Motor & Sepeda",,https://mamikos.com/room/kost-kota-bandung-kost-campur-eksklusif-kost-lilia-cozy-room-standard-astanaanyar-bandung-2?redirection_source=landing%20area,-6.940511450825966,107.6018699710079
Kost P House Tipe Premium Andir Bandung,Campur,Rp1.250.000,1250000,Andir,Andir,"Kost ini berlokasi dekat dengan jalan raya dengan akses yang hanya bisa dilalui oleh motor/sepeda, berlokasi dekat dengan Warteg Abadi (1.6 km), Alfamart (2.0 km), Masjid Al Asy'ari Unisba (1.4 km), Bank BJB - Cabang Utama Bandung (835 m), Universitas Islam Bandung (1.4 km), RS Umum Bungsu (1.1 km).","3 x 4 meter, Termasuk listrik","Kasur, Lemari / Storage, Ventilasi, Jendela, Wastafel","K. Mandi Dalam, Kloset Duduk, Shower","WiFi, Laundry, Dapur, Jemuran, CCTV",Parkir Motor,,https://mamikos.com/room/kost-kota-bandung-kost-campur-eksklusif-kost-p-house-tipe-premium-andir-bandung-2?redirection_source=landing%20area,-6.907509138035267,107.5729469232873
Kost Kejaksaan Tipe Street View Sumur Bandung,Putri,Rp1.200.000,1200000,Sumur Bandung,Sumur Bandung,"Kost ini berlokasi dekat dengan jalan raya dengan akses yang hanya bisa dilalui oleh motor/sepeda, berlokasi dekat dengan Rumah Makan Soto Bali (897 m), Alfamart A Yani 419 (3.3 km), Masjid Raya Bandung (546 m), Bank BJB - Cabang Utama Bandung (172 m), Universitas Padjadjaran Kampus Dipatiukur (2.9 km), Bandung Electronic Center (1.2 km).","2.5 x 3.1 meter, Tidak termasuk listrik","AC, Kasur, Meja, Lemari / Storage, Kursi","Kloset Duduk, K. Mandi Luar, Wastafel, Shower, Air panas","WiFi, Dapur, Pengurus Kos, CCTV, K. Mandi Luar",Parkir Motor,,https://mamikos.com/room/kost-kota-bandung-kost-putri-eksklusif-kost-kejaksaan-tipe-street-view-sumur-bandung-?redirection_source=landing%20area,-6.914052973535923,107.61822557452857
Kost Surapati Coblong Bandung,Putri,Rp1.750.000,1750000,Coblong,Coblong,"Kost ini berlokasi dekat dengan jalan raya dengan akses yang hanya bisa dilalui oleh motor/sepeda, berlokasi dekat dengan Warteg Abadi (620 m), Alfamart A Yani 419 (3.0 km), Masjid Al-Muttaqin (Gedung Sate) (529 m), Bank Mandiri Bandung Priority Banking Soerapatti (262 m), Universitas Padjadjaran Kampus Dipatiukur (677 m), RS Umum Santo Borromeus (551 m).","3 x 4 meter, Tidak termasuk listrik","Kasur, Meja, Lemari / Storage, Ventilasi, Jendela, Cermin, Kursi","K. Mandi Dalam, Kloset Duduk, Wastafel, Shower, Air panas","WiFi, Kulkas, Mesin Cuci, R. Tamu, Dapur, Jemuran, Balcon, TV","Parkir Motor, Parkir Sepeda",,https://mamikos.com/room/kost-bandung-kost-putri-eksklusif-kost-surapati-coblong?redirection_source=landing%20area,-6.882670290854094,107.61569685221228
Kost Fans Guest House Regol Bandung,Campur,Rp1.750.000,1750000,Regol,Regol,"Kost ini berlokasi dekat dengan jalan raya dengan akses yang hanya bisa dilalui oleh motor/sepeda, berlokasi dekat dengan Gereja Kristen Kalam Kudus Pasundan (671 m), Institut Seni Budaya Indonesia Bandung (2.8 km), RSU Bhayangkara Tk II Sartika Asih (2.8 km), Bandung Electronic Center (2.7 km).","3 x 4 meter, Tidak termasuk listrik","Kasur, Dispenser, Meja, TV, Meja Rias, Lemari / Storage, Kulkas, Ventilasi, Meja makan, Jendela","K. Mandi Dalam, Kloset Duduk, Wastafel, Shower, Air panas","WiFi, R. Cuci, Laundry, R. Tamu, Penjaga Kos, R. Jemur, R. Makan, R. Santai, Dispenser, Jemuran","Parkir Motor, Parkir Sepeda",,https://mamikos.com/room/kost-kota-bandung-kost-campur-eksklusif-kost-fans-guest-house-regol-bandung--2?redirection_source=landing%20area,-6.940296913180451,107.61406313746087
Kost Laswi Pavilion I Batununggal Bandung,Putri,Rp850.000,850000,Kecamatan Batununggal,Batununggal,"Kost ini berlokasi dekat dengan jalan raya dengan akses yang hanya bisa dilalui oleh motor/sepeda, berlokasi dekat dengan Warteg Bahari (1.6 km), Alfamart A Yani 419 (1.8 km), Masjid Al Jihad (783 m), Bank BCA KCP Buah Batu (1.9 km), Institut Teknologi Nasional Bandung (3.0 km), RS Umum Bungsu (1.8 km).","3 x 3 meter, Termasuk listrik","Kasur, Lemari / Storage, Jendela, Guling, Cermin, Bantal","Kloset Jongkok, K. Mandi Luar","WiFi, Penjaga Kos, Dapur, Balcon, K. Mandi Luar",Parkir Motor,,https://mamikos.com/room/kost-kota-bandung-kost-putri-murah-kost-laswi-pavilion-i-batununggal-bandung?redirection_source=landing%20area,-6.926535328331838,107.6420919485283
Kost Bumi Putri Sukasenang Tipe B Cibeunying Kidul Bandung,Putri,Rp1.450.000,1450000,Cibeunying Kidul,Cibeunying Kidul,"Kost ini berlokasi dekat dengan jalan raya dengan akses yang hanya bisa dilalui oleh motor/sepeda, berlokasi dekat dengan Alfamart Bojong Koneng (1.1 km), Institut Teknologi Nasional Bandung (229 m), Sinar Abadi Balubur Town Square (2.8 km).","3 x 4 meter, Termasuk listrik","Kasur, Meja, Lemari / Storage, Kursi","K. Mandi Dalam, Kloset Duduk, Wastafel, Air panas","WiFi, Kulkas, Penjaga Kos, R. Jemur, R. Makan, Dapur","Parkir Mobil, Parkir Motor, Parkir Sepeda",,https://mamikos.com/room/kost-kota-bandung-kost-putri-eksklusif-kost-bumi-putri-sukasenang-tipe-b-cibeunying-kidul-bandung?redirection_source=landing%20area,-6.899610452616709,107.6489293362913
Kost Gatsu Bapak Agus Tipe A Gatot Subroto Batununggal Bandung,Putri,Rp1.100.000,1100000,Batununggal,Batununggal,"Kost ini berlokasi dekat dengan jalan raya dengan akses yang hanya bisa dilalui oleh motor/sepeda, berlokasi dekat dengan Warteg Cintaasih (646 m), Alfamart A Yani 419 (2.0 km), Church In Bandung (739 m), Universitas Padjadjaran Kampus Dipatiukur (3.5 km), Bandung Electronic Center (2.6 km).","3 x 4 meter, Tidak termasuk listrik","Kasur, Meja, Meja Rias, Lemari / Storage, Cermin, Bantal, Kipas Angin","K. Mandi Dalam, Kloset Jongkok, Ember mandi, Shower","WiFi, Kulkas, R. Tamu, R. Jemur, R. Makan, Dapur","Parkir Motor, Parkir Sepeda",,https://mamikos.com/room/kost-kota-bandung-kost-putri-murah-kost-gatsu-bpk-agus-gatot-subroto-batununggal-bandung?redirection_source=landing%20area,-6.929464192074639,107.63965400021739
Kost Griya Camar Tipe D Lengkong Bandung,Campur,Rp1.200.000,1200000,Lengkong,Lengkong,"Kost ini berlokasi dekat dengan jalan raya dengan akses yang hanya bisa dilalui oleh motor/sepeda, berlokasi dekat dengan Warteg Bahari (1.3 km), Alfamart (2.6 km), Church In Bandung (354 m), Bank BJB - Cabang Utama Bandung (1.4 km), Universitas Islam Bandung (2.5 km), RS Umum Bungsu (1.0 km).","3 x 3 meter, Tidak termasuk listrik","Kasur, Meja, Lemari / Storage, Jendela, Cermin, Bantal, Kursi","Kloset Jongkok, K. Mandi Luar, Ember mandi, Shower","WiFi, R. Cuci, Penjaga Kos, R. Jemur, Dapur, Jemuran, CCTV",Parkir Motor & Sepeda,,https://mamikos.com/room/kost-kota-bandung-kost-campur-eksklusif-kost-griya-camar-tipe-d-lengkong-bandung-2?redirection_source=landing%20area,-6.936291159613555,107.62674550019138
Kost Tamansari 19 Bandung Wetan Bandung,Putri,Rp950.000,950000,Bandung Wetan,Bandung Wetan,"Kost ini berlokasi dekat dengan jalan raya dengan akses yang hanya bisa dilalui oleh motor/sepeda, berlokasi dekat dengan Rumah Makan Kapau Jaya (257 m), Circle K (3.4 km), Masjid Al-Hidayah (105 m), Bank BJB - Kantor Cabang Tamansari (407 m), Universitas Islam Bandung (405 m), RS Umum Tk IV 03.07.03Sariningsih (792 m).","3 x 4 meter, Termasuk listrik","Kasur, Meja, Lemari / Storage, Ventilasi, Jendela, Guling, Bantal, Kursi","Kloset Jongkok, K. Mandi Luar, Ember mandi","WiFi, R. Cuci, Kulkas, Mesin Cuci, R. Tamu, Penjaga Kos, R. Jemur, R. Makan, R. Santai, Dispenser",Parkir Motor,,https://mamikos.com/room/kost-kota-bandung-kost-putri-murah-kost-tamansari-19-bandung-wetan-bandung?redirection_source=landing%20area,-6.904181911641637,107.61806386548409
Kost Anggrek Barokah Bandung Wetan Bandung,Campur,Rp1.700.000,1700000,Kecamatan Bandung Wetan,Bandung Wetan,"Kost ini berlokasi dekat dengan jalan raya dengan akses yang hanya bisa dilalui oleh motor/sepeda, berlokasi dekat dengan Warteg Abadi (2.3 km), Alfamart A Yani 419 (971 m), Masjid Al Kautsar (1.5 km), Citibank Indonesia (2.0 km), Universitas Padjadjaran Kampus Dipatiukur (2.4 km), RS Umum Bungsu (2.1 km).","3 x 4 meter, Termasuk listrik","Kasur, Dispenser, Meja, TV, Lemari / Storage, Ventilasi, Jendela, Guling, Cermin, Bantal","K. Mandi Dalam, Kloset Duduk, Shower, Air panas","WiFi, R. Cuci, Kulkas, Penjaga Kos, R. Jemur, Dispenser, Dapur, Jemuran, Pengurus Kos, CCTV","Parkir Mobil, Parkir Motor, Parkir Sepeda",,https://mamikos.com/room/kost-kota-bandung-kost-campur-eksklusif-kost-anggrek-barokah-bandung-wetan-bandung?redirection_source=landing%20area,-6.906497207490723,107.61765871621631
Kost Shekinah Bandung Wetan Bandung,Putri,Rp1.510.000,1510000,Bandung Wetan,Bandung Wetan,"Kost ini berlokasi dekat dengan jalan raya dengan akses yang hanya bisa dilalui oleh motor/sepeda, berlokasi dekat dengan Warteg Abadi (382 m), Circle K (3.2 km), Masjid Al Asy'ari Unisba (336 m), Bank BJB - Kantor Cabang Tamansari (326 m), Universitas Islam Bandung (300 m), RS Umum Tk IV 03.07.03Sariningsih (775 m).","3 x 2.5 meter, Tidak termasuk listrik","Kasur, Meja, Lemari / Storage, Ventilasi, Jendela, Guling, Bantal, Kursi","K. Mandi Dalam, Kloset Duduk, Shower, Air panas","WiFi, Kulkas, Dispenser, Dapur, Jemuran, CCTV",,,https://mamikos.com/room/kost-kota-bandung-kost-putri-eksklusif-kost-shekinah-bandung-wetan-bandung-2?redirection_source=landing%20area,-6.904852609903504,107.61806783119467
Kost No 73 Tipe A Cibeunying Kaler Bandung,Putra,Rp1.000.000,1000000,Cibeunying Kaler,Cibeunying Kaler,"Kost ini berlokasi dekat dengan jalan raya dengan akses yang hanya bisa dilalui oleh motor/sepeda, berlokasi dekat dengan Rumah Makan Boemi Mitoha (786 m), Alfamart A Yani 419 (1.3 km), Masjid Pusdai (725 m), Institut Teknologi Nasional Bandung (612 m), Sinar Abadi Balubur Town Square (2.5 km).","3 x 3 meter, Tidak termasuk listrik","Kasur, Meja, Lemari / Storage, Kursi","Kloset Duduk, K. Mandi Luar, Ember mandi, Bak mandi","WiFi, Laundry, R. Jemur, R. Santai, Dapur","Parkir Mobil, Parkir Motor, Parkir Sepeda",,https://mamikos.com/room/kost-kota-bandung-kost-putra-eksklusif-kost-no-73-tipe-a-cibeunying-kaler-bandung?redirection_source=landing%20area,-6.886661321649577,107.628171023292
Kost Otto Residence Tipe D Astanaanyar Bandung,Campur,Rp1.800.000,1800000,Astanaanyar,Astanaanyar,"Kost ini berlokasi dekat dengan jalan raya dengan akses yang hanya bisa dilalui oleh motor/sepeda, berlokasi dekat dengan Warteg Jaya Bahari (211 m), Circle K (534 m), Masjid Raya Bandung (446 m), Bank BJB - Cabang Utama Bandung (905 m), Institut Seni Budaya Indonesia Bandung (3.4 km), Bandung Electronic Center (2.0 km).","4 x 4 meter, Tidak termasuk listrik","AC, Kasur, Meja, Meja Rias, Lemari / Storage, Ventilasi, Jendela, Cermin, Bantal, Wastafel","K. Mandi Dalam, Kloset Duduk, Wastafel, Shower, Air panas","WiFi, R. Jemur, Dapur, Jemuran","Parkir Motor, Parkir Sepeda",,https://mamikos.com/room/kost-kota-bandung-kost-campur-eksklusif-kost-otto-residence-tipe-d-astanaanyar-bandung?redirection_source=landing%20area,-6.9403835433667265,107.60455504359174
Kost Cibo 33 Batununggal Bandung,Putri,Rp955.000,955000,Batununggal,Batununggal,"Kost ini berlokasi dekat dengan jalan raya dengan akses yang hanya bisa dilalui oleh motor/sepeda, berlokasi dekat dengan Warteg Cintaasih (472 m), Alfamart A Yani 419 (1.7 km), Masjid Al Jihad (763 m), Sekolah Tinggi Ilmu Ekonomi Pasundan (973 m), Bandung Electronic Center (3.2 km).","3 x 3.5 meter, Termasuk listrik","Kasur, Dispenser, Meja, Lemari / Storage, Ventilasi, Jendela, Guling, Cermin, Bantal","K. Mandi Dalam, Kloset Jongkok, Ember mandi, Shower","Kulkas, R. Tamu, R. Jemur, R. Santai, Dispenser, Dapur, Jemuran, CCTV, TV","Parkir Motor, Parkir Sepeda",,https://mamikos.com/room/kost-bandung-kost-putri-murah-kost-cibo-33-batununggal-bandung-1?redirection_source=landing%20area,-6.930053810107406,107.6416214641077
Kost Pungkur Vip Regol Bandung,Putri,Rp650.000,650000,Kecamatan Regol,Regol,"Kost ini berlokasi dekat dengan jalan raya dengan akses yang hanya bisa dilalui oleh motor/sepeda, berlokasi dekat dengan Warteg Abadi (3.0 km), Circle K (1.3 km), Church of Isa Almasih (176 m), Citibank Indonesia (1.0 km), Universitas Islam Bandung (3.0 km), RS Umum Muhammadiyah (1.3 km).","3 x 3 meter, Termasuk listrik","Kasur, Lemari / Storage, Jendela, Guling, Bantal","K. Mandi Dalam, Kloset Duduk, K. Mandi Luar, Shower","R. Jemur, Dapur, Jemuran, Rice Cooker",Parkir Motor,,https://mamikos.com/room/kost-kota-bandung-kost-putri-murah-kost-pungkur-vip-regol-bandung?redirection_source=landing%20area,-6.93819530467291,107.61430888455271
Kost Turangga Executive Lengkong Bandung,Putri,Rp800.000,800000,Kecamatan Lengkong,Lengkong,"Kost ini berlokasi dekat dengan jalan raya dengan akses yang hanya bisa dilalui oleh motor/sepeda, berlokasi dekat dengan Warteg Bahari (709 m), Circle K (3.1 km), Church of Isa Almasih (1.1 km), Bank BCA KCP Buah Batu (804 m), Akademi Sekretari Dan Manajemen BSI Bandung (393 m), RS Umum Bungsu (1.9 km).","3 x 3 meter, Tidak termasuk listrik","Ventilasi, Jendela","K. Mandi Dalam, Kloset Jongkok","Dapur, Jemuran, Pengurus Kos","Parkir Motor, Parkir Sepeda, Parkir Motor & Sepeda",,https://mamikos.com/room/kost-kota-bandung-kost-putri-murah-kost-turangga-executive-lengkong-bandung?redirection_source=landing%20area,-6.933124535587092,107.62519514736351
Kost Yukiyama Sawah Kurung Regol Bandung,Putri,Rp1.800.000,1800000,Kecamatan Regol,Regol,"Kost ini berlokasi dekat dengan jalan raya dengan akses jalan raya, berlokasi dekat dengan Rumah Makan Cikawao (671 m), Circle K (1.5 km), Church of Isa Almasih (503 m), Citibank Indonesia (1.3 km), Universitas Islam Bandung (3.3 km), RS Ibu dan Anak Kota Bandung (1.3 km).","3 x 4 meter, Tidak termasuk listrik","AC, Kasur, Meja, TV, Lemari / Storage, Cermin, Bantal","K. Mandi Dalam, Kloset Duduk, Wastafel, Shower, Air panas","WiFi, Kulkas, R. Jemur, Dapur, CCTV",Parkir Motor,,https://mamikos.com/room/kost-kota-bandung-kost-putri-eksklusif-kost-yukiyama-sawah-kurung-regol-bandung-?redirection_source=landing%20area,-6.940968163476274,107.61183365597562
Kost Amavi Lengkong Besar Regol Bandung,Putra,Rp1.800.000,1800000,Regol,Regol,"Kost ini berlokasi dekat dengan jalan raya dengan akses yang hanya bisa dilalui oleh motor/sepeda, berlokasi dekat dengan Rumah Makan Cikawao (292 m), Circle K (393 m), Church of Isa Almasih (121 m), Citibank Indonesia (964 m), Institut Seni Budaya Indonesia Bandung (2.3 km), RSU Bhayangkara Tk II Sartika Asih (3.0 km).","4 x 2.5 meter, Tidak termasuk listrik","Kasur, Meja, TV, Lemari / Storage, Kursi, Cleaning service","K. Mandi Dalam, Kloset Duduk, Shower","WiFi, R. Santai, Dapur, Kartu Akses","Parkir Motor, Parkir Sepeda",,https://mamikos.com/room/kost-bandung-kost-putra-eksklusif-kost-amavi-lengkong-besar-bandung-1?redirection_source=landing%20area,-6.940461419125121,107.61224316919234
Kost Crysant House Tipe A Cibeunying Kaler Bandung,Campur,Rp1.600.000,1600000,Cibeunying Kaler,Cibeunying Kaler,"Kost ini berlokasi dekat dengan jalan raya dengan akses yang hanya bisa dilalui oleh motor/sepeda, berlokasi dekat dengan Warteg Abadi (2.2 km), Alfamart (854 m), Christian Church Pasundan Awiligar (2.2 km), Bank BJB Weekend Banking (1.3 km), Institut Teknologi Nasional Bandung (724 m), RS Ibu dan Anak Al Islam (1.5 km).","3 x 3 meter, Tidak termasuk listrik","Kasur, Meja, Ventilasi, Jendela, Bantal, Wastafel, Kursi","K. Mandi Dalam, Kloset Duduk, Wastafel, Shower, Air panas","WiFi, Penjaga Kos, R. Jemur, R. Santai, Dapur, Jemuran, Pengurus Kos, CCTV, Joglo","Parkir Mobil, Parkir Motor, Parkir Sepeda",,https://mamikos.com/room/kost-kota-bandung-kost-campur-eksklusif-kost-crysant-house-tipe-a-cibeunying-kaler-bandung?redirection_source=landing%20area,-6.888163910500817,107.62991917784423
Kost Kukka Tipe A Lengkong Bandung,Putri,Rp1.500.000,1500000,Lengkong,Lengkong,"Kost ini berlokasi dekat dengan jalan raya dengan akses yang hanya bisa dilalui oleh motor/sepeda, berlokasi dekat dengan Warteg Bahari (459 m), Alfamart (3.2 km), Church In Bandung (611 m), Bank BJB - Cabang Utama Bandung (1.3 km), Universitas Islam Bandung (2.9 km), RS Umum Bungsu (1.1 km).","2.5 x 4.5 meter, Tidak termasuk listrik","Kasur, Meja, Lemari / Storage, Ventilasi, Jendela, Wastafel, Kursi, Cleaning service","K. Mandi Dalam, Kloset Duduk, Wastafel, Shower, Air panas","WiFi, Kulkas, Dapur, CCTV",Parkir Motor,,https://mamikos.com/room/kost-kota-bandung-kost-putri-eksklusif-kost-kukka-tipe-a-lengkong-bandung-2?redirection_source=landing%20area,-6.934018939824965,107.62708046197518
Kost Deme 25 Tipe A Batununggal Bandung,Campur,Rp1.150.000,1150000,Kecamatan Batununggal,Batununggal,"Kost ini berlokasi dekat dengan jalan raya dengan akses yang hanya bisa dilalui oleh motor/sepeda, berlokasi dekat dengan Warteg Bahari (1.6 km), Indomaret Surapati 55 (3.3 km), Gereja Isa Almasih (451 m), Bank BCA KCP Buah Batu (1.9 km), Institut Teknologi Nasional Bandung (3.1 km), RS Ibu dan Anak Al Islam (1.9 km).","3 x 3 meter, Tidak termasuk listrik","AC, Kasur, Lemari / Storage, Ventilasi, Jendela, Cermin","K. Mandi Dalam, Kloset Duduk, Kloset Jongkok, Ember mandi, Shower, Air panas","WiFi, Penjaga Kos, R. Jemur, Dapur, Jemuran, Pengurus Kos, CCTV, Rooftop, Balcon","Parkir Motor, Parkir Sepeda, Parkir Motor & Sepeda",,https://mamikos.com/room/kost-kota-bandung-kost-campur-eksklusif-kost-deme-25-tipe-a-batununggal-bandung?redirection_source=landing%20area,-6.927712536555861,107.63947383731877
Kost Pangkur Opat Lengkong Bandung,Putra,Rp1.200.000,1200000,Lengkong,Lengkong,"Kost ini berlokasi dekat dengan jalan raya dengan akses jalan raya, berlokasi dekat dengan Warteg Bahari (495 m), Alfamart A Yani 419 (2.9 km), Masjid Al Waritsin (748 m), CIMB Niaga (Buah Batu) (610 m), Akademi Sekretari Dan Manajemen BSI Bandung (792 m), RS Umum Muhammadiyah (506 m).","3 x 3 meter, Tidak termasuk listrik","AC, TV, Kipas Angin","Kloset Duduk, K. Mandi Luar, Shower, Air panas","WiFi, Mesin Cuci, Penjaga Kos, R. Makan, Dispenser, Dapur, Jemuran, CCTV, TV","Parkir Mobil, Parkir Motor",,https://mamikos.com/room/kost-bandung-kost-putra-eksklusif-kost-pangkur-opat-lengkong-bandung?redirection_source=landing%20area,-6.935305940376194,107.62821589852786
Kost Amavi L Regol Bandung,Putri,Rp1.950.000,1950000,Kecamatan Regol,Regol,"Kost ini berlokasi dekat dengan jalan raya dengan akses yang hanya bisa dilalui oleh motor/sepeda, berlokasi dekat dengan Warteg Abadi (3.1 km), Circle K (1.2 km), Church of Isa Almasih (199 m), Citibank Indonesia (1.0 km), Universitas Islam Bandung (3.0 km), RS Umum Muhammadiyah (1.3 km).","2.5 x 4.5 meter, Tidak termasuk listrik","AC, Kasur, Meja, TV, Lemari / Storage, Ventilasi, Jendela, TV Kabel, Kursi","K. Mandi Dalam, Kloset Duduk, Shower, Air panas","WiFi, Kulkas, Penjaga Kos, Dapur, CCTV, Kartu Akses, Balcon, Gazebo, TV","Parkir Motor, Parkir Sepeda",,https://mamikos.com/room/kost-kota-bandung-kost-putri-eksklusif-kost-amavi-l-regol-bandung-1?redirection_source=landing%20area,-6.939736900601913,107.61393388949988
Kost Kencana Big Room Bandung Wetan Bandung,Campur,Rp2.100.000,2100000,Bandung Wetan,Bandung Wetan,"Kost ini berlokasi dekat dengan jalan raya dengan akses yang hanya bisa dilalui oleh motor/sepeda, berlokasi dekat dengan Swike Waled Rumah Makan (256 m), Circle K (2.9 km), Masjid Jami Mathla'ul Khoeriyah (196 m), Bank BJB - Kantor Cabang Tamansari (397 m), Universitas Islam Bandung (340 m), RS Ibu dan Anak Melinda (384 m).","3 x 4 meter, Tidak termasuk listrik","AC, Kasur, Meja, Lemari / Storage, Wastafel, Kursi","K. Mandi Dalam, Kloset Duduk, Wastafel, Shower, Air panas","WiFi, Kulkas, Laundry, R. Tamu, R. Santai",Parkir Motor,,https://mamikos.com/room/kost-kota-bandung-kost-campur-eksklusif-kost-kencana-big-room-bandung-wetan-bandung-2?redirection_source=landing%20area,-6.905614951074557,107.61719621018968
Kost Kukka Tipe AC Lengkong Bandung,Putri,Rp1.750.000,1750000,Lengkong,Lengkong,"Kost ini berlokasi dekat dengan jalan raya dengan akses yang hanya bisa dilalui oleh motor/sepeda, berlokasi dekat dengan Warteg Bahari (459 m), Alfamart (3.2 km), Church In Bandung (611 m), Bank BJB - Cabang Utama Bandung (1.3 km), Universitas Islam Bandung (2.9 km), RS Umum Bungsu (1.1 km).","2.5 x 4.5 meter, Tidak termasuk listrik","AC, Kasur, Meja, Lemari / Storage, Ventilasi, Jendela, Wastafel, Kursi, Cleaning service","K. Mandi Dalam, Kloset Duduk, Wastafel, Shower, Air panas","WiFi, Kulkas, Dapur, CCTV","Parkir Mobil, Parkir Motor",,https://mamikos.com/room/kost-kota-bandung-kost-putri-eksklusif-kost-kukka-tipe-ac-lengkong-bandung-2?redirection_source=landing%20area,-6.932920027744793,107.62641667276237
Kost Pusat Laundry Nasional Astanaanyar Bandung,Campur,Rp650.000,650000,Kecamatan Astanaanyar,Astanaanyar,"Kost ini berlokasi dekat dengan jalan raya dengan akses masuk mobil, berlokasi dekat dengan Warteg Jaya Bahari (377 m), Circle K (778 m), Gereja Kristen Kalam Kudus Pasundan (602 m), Institut Seni Budaya Indonesia Bandung (3.3 km), Bandung Electronic Center (2.2 km).","3 x 3 meter, Termasuk listrik","Kasur, Lemari / Storage, Kipas Angin","Kloset Duduk, K. Mandi Luar, Shower, Air panas","WiFi, Laundry, Penjaga Kos, R. Makan, R. Santai, Dapur, Pengurus Kos, CCTV, Balcon, R. Keluarga",Parkir Motor,,https://mamikos.com/room/kost-kota-bandung-kost-campur-murah-kost-pusat-laundry-nasional-astanaanyar-bandung-1?redirection_source=landing%20area,-6.938899994690998,107.60176231859452
Kost M Dian Ediana Regol Bandung,Putri,Rp850.000,850000,Regol,Regol,"Kost ini berlokasi dekat dengan jalan raya dengan akses masuk mobil, berlokasi dekat dengan Warteg Bahari (474 m), Circle K (501 m), Masjid Jami Nurul Falah (556 m), CIMB Niaga (Buah Batu) (776 m), Akademi Sekretari Dan Manajemen BSI Bandung (659 m), RS Umum Muhammadiyah (691 m).","2.5 x 2.8 meter, Termasuk listrik","Kasur, Dispenser, Meja, Meja Rias, Lemari / Storage, Ventilasi, Jendela, Guling, Cermin, Bantal","Kloset Duduk, K. Mandi Luar, Ember mandi, Bak mandi","WiFi, R. Cuci, R. Tamu, R. Jemur, R. Santai, Dispenser, Jemuran, Balcon, K. Mandi Luar",Parkir Motor,,https://mamikos.com/room/kost-kota-bandung-kost-putri-murah-kost-m-dian-ediana-regol-bandung-2?redirection_source=landing%20area,-6.9409517580001845,107.6147573561258
Kost Komura Cibeunying Kaler Bandung,Campur,Rp550.000,550000,Kecamatan Cibeunying Kaler,Cibeunying Kaler,"Kost ini berlokasi dekat dengan jalan raya dengan akses yang hanya bisa dilalui oleh motor/sepeda, berlokasi dekat dengan Warteg Abadi (2.0 km), Alfamart (996 m), Masjid Al Asy'ari Unisba (2.3 km), Bank BJB Weekend Banking (1.1 km), Institut Teknologi Nasional Bandung (864 m), RS Ibu dan Anak Al Islam (1.5 km).","2.5 x 3 meter, Termasuk listrik","Kasur, Meja, Lemari / Storage, Ventilasi, Jendela","Kloset Jongkok, K. Mandi Luar, Ember mandi","WiFi, R. Cuci, R. Tamu, Penjaga Kos, R. Jemur, R. Makan, R. Santai, Dapur, Jemuran, Pengurus Kos","Parkir Motor, Parkir Sepeda, Parkir Motor & Sepeda",,https://mamikos.com/room/kost-kota-bandung-kost-campur-murah-kost-komura-cibeunying-kaler-bandung?redirection_source=landing%20area,-6.88517091718104,107.6299637081844
Kost Naumanda Cikaso Cibeunying Kidul Bandung,Putri,Rp1.333.333,1333333,Kecamatan Cibeunying Kidul,Cibeunying Kidul,"Kost ini berlokasi dekat dengan jalan raya dengan akses masuk mobil, berlokasi dekat dengan Warteg Abadi (2.8 km), Alfamart A Yani 419 (465 m), Masjid Al Barokah (1.8 km), Bank BJB - Cabang Utama Bandung (2.9 km), Institut Teknologi Nasional Bandung (1.4 km), RS Ibu dan Anak Al Islam (477 m).","3 x 4 meter, Tidak termasuk listrik","Kasur, Meja, Lemari / Storage, Ventilasi, Jendela, Guling, Bantal, Kursi","K. Mandi Dalam, Kloset Duduk, Shower, Air panas","WiFi, R. Cuci, Kulkas, Mesin Cuci, R. Tamu, Penjaga Kos, R. Jemur, R. Santai, Dapur, Jemuran",Parkir Motor & Sepeda,,https://mamikos.com/room/kost-kota-bandung-kost-putri-eksklusif-kost-naumanda-cikaso-cibeunying-kidul-bandung?redirection_source=landing%20area,-6.900432884378032,107.64857864443852
Kost Syauqiyyah Tipe A Regol Bandung,Putri,Rp1.450.000,1450000,Regol,Regol,"Kost ini berlokasi dekat dengan jalan raya dengan akses yang hanya bisa dilalui oleh motor/sepeda, berlokasi dekat dengan Warteg Bahari (505 m), Circle K (1.6 km), Masjid Jami Nurul Falah (623 m), CIMB Niaga (Buah Batu) (1.1 km), Akademi Sekretari Dan Manajemen BSI Bandung (904 m), RS Ibu dan Anak Kota Bandung (1.7 km).","3 x 4 meter, Termasuk listrik","Kasur, Meja, Ventilasi, Jendela, Guling, Bantal, Kursi","K. Mandi Dalam, Kloset Duduk, Kloset Jongkok, Shower, Air panas","WiFi, R. Cuci, Kulkas, Mesin Cuci, R. Tamu, Penjaga Kos, R. Jemur, R. Makan, R. Santai, Dispenser","Parkir Motor, Parkir Sepeda",,https://mamikos.com/room/kost-kota-bandung-kost-putri-eksklusif-kost-syauqiyyah-tipe-a-regol-bandung?redirection_source=landing%20area,-6.940148864866938,107.61563214805322
Kost Samping Trans Studio Mall Batununggal Bandung,Campur,Rp850.000,850000,Batununggal,Batununggal,"Kost ini berlokasi dekat dengan jalan raya dengan akses yang hanya bisa dilalui oleh motor/sepeda, berlokasi dekat dengan Warteg Berkah Bahari (742 m), Alfamart A Yani 419 (1.8 km), Masjid Al Jihad (1.1 km), Sekolah Tinggi Ilmu Ekonomi Pasundan (695 m).","3 x 3 meter, Termasuk listrik","Kasur, Dispenser, Lemari / Storage, Ventilasi, Jendela, Kursi","Kloset Jongkok, K. Mandi Luar, Wastafel, Bak mandi","WiFi, R. Tamu, R. Jemur, R. Santai, Dispenser, Dapur, Jemuran, Pengurus Kos, CCTV, Balcon","Parkir Motor, Parkir Sepeda",,https://mamikos.com/room/kost-kota-bandung-kost-campur-murah-kost-samping-trans-studio-mall-batununggal-bandung-2?redirection_source=landing%20area,-6.930037783228413,107.64065292411698
Kost Neo Lengkong Bandung,Campur,Rp1.100.000,1100000,Lengkong,Lengkong,"Kost ini berlokasi dekat dengan jalan raya dengan akses yang hanya bisa dilalui oleh motor/sepeda, berlokasi dekat dengan Rumah Makan Cikawao (402 m), Alfamart A Yani 419 (3.2 km), Church of Isa Almasih (555 m), Citibank Indonesia (341 m), Universitas Padjadjaran Kampus Dipatiukur (3.4 km), RS Umum Bungsu (580 m).","3 x 4 meter, Tidak termasuk listrik","Kasur, Lemari / Storage, Ventilasi, Jendela, Cermin","K. Mandi Dalam, Kloset Duduk, Ember mandi, Shower","WiFi, R. Jemur, Dapur, Jemuran, Pengurus Kos, Balcon",Parkir Motor,,https://mamikos.com/room/kost-kota-bandung-kost-campur-eksklusif-kost-neo-lengkong-bandung-2?redirection_source=landing%20area,-6.933408077930991,107.62553813933047
Kost Haga House 2 Regol Bandung,Campur,Rp1.350.000,1350000,Kecamatan Regol,Regol,"Kost ini berlokasi dekat dengan jalan raya dengan akses yang hanya bisa dilalui oleh motor/sepeda, berlokasi dekat dengan Rumah Makan Cikawao (886 m), Circle K (1.0 km), Gereja Kristen Kalam Kudus Pasundan (552 m), Citibank Indonesia (1.5 km), Universitas Islam Bandung (3.1 km), RS Umum Muhammadiyah (1.8 km).","3 x 4 meter, Tidak termasuk listrik","Kasur, Meja, Lemari / Storage, Ventilasi, Jendela, Guling, Bantal, TV Kabel, Wastafel, Kipas Angin","K. Mandi Dalam, Kloset Duduk, Kloset Jongkok, Wastafel, Ember mandi, Shower","WiFi, Kulkas, R. Tamu, R. Jemur, Mushola, R. Santai, Dapur, Jemuran, CCTV, TV",Parkir Motor,,https://mamikos.com/room/kost-kota-bandung-kost-campur-eksklusif-kost-haga-house-2-regol-bandung-2?redirection_source=landing%20area,-6.941070123391165,107.61381675914524
Kost Gedung Putih 2 Lengkong Bandung,Campur,Rp2.000.000,2000000,Kecamatan Lengkong,Lengkong,"Kost ini berlokasi dekat dengan jalan raya dengan akses yang hanya bisa dilalui oleh motor/sepeda, berlokasi dekat dengan Warteg Bahari (517 m), Alfamart A Yani 419 (3.2 km), Masjid Al Waritsin (331 m), CIMB Niaga (Buah Batu) (213 m), Akademi Sekretari Dan Manajemen BSI Bandung (589 m), Bandung Electronic Center (3.5 km).","3 x 4 meter, Tidak termasuk listrik","AC, Kasur, Meja, Lemari / Storage, Ventilasi, Jendela, Cermin, Bantal, Wastafel, Kursi","K. Mandi Dalam, Kloset Duduk, Wastafel, Shower, Air panas","WiFi, R. Cuci, Kulkas, Laundry, Penjaga Kos, R. Jemur, R. Makan, R. Santai, Dispenser, Dapur","Parkir Mobil, Parkir Motor, Parkir Sepeda",,https://mamikos.com/room/kost-kota-bandung-kost-campur-eksklusif-kost-gedung-putih-2-lengkong-bandung-1?redirection_source=landing%20area,-6.934911253101187,107.62741549452707
Kost Wartong Muararajeun Cibeunying Kaler Bandung,Putri,Rp800.000,800000,Kecamatan Cibeunying Kaler,Cibeunying Kaler,"Kost ini berlokasi dekat dengan jalan raya dengan akses yang hanya bisa dilalui oleh motor/sepeda, berlokasi dekat dengan Warteg Abadi (1.9 km), Alfamart (991 m), Masjid Al Asy'ari Unisba (2.2 km), Bank BJB Weekend Banking (1.0 km), Institut Teknologi Nasional Bandung (970 m), RS Ibu dan Anak Al Islam (1.5 km).","3 x 3 meter, Tidak termasuk listrik","Kasur, Lemari / Storage, Jendela","K. Mandi Dalam, Kloset Jongkok, Ember mandi","WiFi, R. Jemur, Dapur, Jemuran, Pengurus Kos, CCTV",Parkir Motor,,https://mamikos.com/room/kost-kota-bandung-kost-putri-murah-kost-wartong-muararajeun-cibeunying-kaler-bandung-2?redirection_source=landing%20area,-6.8854330843092715,107.62982096047543
Kost Rancagoong Tipe A Batununggal Bandung,Putra,Rp1.100.000,1100000,Batununggal,Batununggal,"Kost ini berlokasi dekat dengan jalan raya dengan akses yang hanya bisa dilalui oleh motor/sepeda, berlokasi dekat dengan Warteg Berkah Bahari (238 m), Alfamart A Yani 419 (2.4 km), Gereja Katolik Hati Tak Bernoda Santa Perawan Maria (1.5 km), Sekolah Tinggi Ilmu Ekonomi Pasundan (214 m).","3 x 35 meter, Termasuk listrik","Kasur, Lemari / Storage","K. Mandi Dalam, Kloset Duduk, Kloset Jongkok, Ember mandi","WiFi, Laundry, R. Tamu, R. Jemur, Dapur, Jemuran, Pengurus Kos, Jual Makanan, Balcon, K. Mandi Luar","Parkir Mobil, Parkir Motor, Parkir Sepeda",,https://mamikos.com/room/kost-kota-bandung-kost-putra-eksklusif-kost-rancagoong-tipe-a-batununggal-bandung?redirection_source=landing%20area,-6.928766582624689,107.64123284232524
Kost Asmi Depan Itc Regol Bandung,Campur,Rp750.000,750000,Regol,Regol,"Kost ini berlokasi dekat dengan jalan raya dengan akses yang hanya bisa dilalui oleh motor/sepeda, berlokasi dekat dengan Rumah Makan Cikawao (664 m), Circle K (878 m), Gereja Kristen Kalam Kudus Pasundan (186 m), Bank BJB - Cabang Utama Bandung (975 m), Institut Seni Budaya Indonesia Bandung (2.8 km), RSU Bhayangkara Tk II Sartika Asih (3.2 km).","3 x 4 meter, Tidak termasuk listrik",Jendela,Kloset Jongkok,R. Jemur,Parkir Motor,,https://mamikos.com/room/kost-bandung-kost-campur-murah-kost-asmi-depan-itc-regol-bandung?redirection_source=landing%20area,-6.939448508613534,107.61425680421362
Kost Muararajeun Lama 1 Tipe B Cibeunying Kaler Bandung,Campur,Rp925.000,925000,Cibeunying Kaler,Cibeunying Kaler,"Kost ini berlokasi dekat dengan jalan raya dengan akses yang hanya bisa dilalui oleh motor/sepeda, berlokasi dekat dengan Rumah Makan Boemi Mitoha (584 m), Alfamart A Yani 419 (1.3 km), Masjid Pusdai (553 m), Universitas Padjadjaran Kampus Dipatiukur (1.8 km), Sinar Abadi Balubur Town Square (2.3 km).","3 x 3 meter, Termasuk listrik","Kasur, Meja, Lemari / Storage, Ventilasi, Jendela, Bantal","K. Mandi Dalam, Kloset Jongkok, Ember mandi","WiFi, R. Cuci, Penjaga Kos, R. Jemur, Jemuran, Pengurus Kos, CCTV","Parkir Motor, Parkir Sepeda, Parkir Motor & Sepeda",,https://mamikos.com/room/kost-kota-bandung-kost-campur-eksklusif-kost-muararajeun-lama-1-tipe-b-cibeunying-kaler-bandung?redirection_source=landing%20area,-6.886602773231803,107.6293022831694
Kost Cj 9 Batununggal Bandung,Campur,Rp1.100.000,1100000,Kecamatan Batununggal,Batununggal,"Kost ini berlokasi dekat dengan jalan raya dengan akses yang hanya bisa dilalui oleh motor/sepeda, berlokasi dekat dengan Warteg Bahari (1.7 km), Alfamart (3.1 km), Masjid Al Jihad (732 m), Bank BCA KCP Buah Batu (1.9 km), Institut Teknologi Nasional Bandung (2.9 km), RS Umum Bungsu (1.9 km).","3 x 3 meter, Termasuk listrik","Kasur, Meja, Lemari / Storage, Ventilasi, Meja makan, Jendela, Cermin, Sofa, Kursi, Cleaning service","Kloset Jongkok, K. Mandi Luar, Ember mandi, Shower","WiFi, R. Cuci, R. Tamu, Penjaga Kos, R. Jemur, R. Makan, R. Santai, Dapur, Jemuran, Pengurus Kos","Parkir Motor, Parkir Sepeda, Parkir Motor & Sepeda",,https://mamikos.com/room/kost-kota-bandung-kost-campur-murah-kost-cj-9-batununggal-bandung-2?redirection_source=landing%20area,-6.927505944701072,107.64122241413837
Kost Pak Edwin Standar Kesambi Cirebon,Campur,Rp1.100.000,1100000,Kesambi,Kesambi,"Kost ini berlokasi dekat dengan jalan raya dengan akses yang hanya bisa dilalui oleh motor/sepeda, berlokasi dekat dengan Warteg Jaya Bahari (1.3 km), Alfamart (3.2 km), Church of Isa Almasih (1.4 km), Bank BJB - Cabang Utama Bandung (1.9 km), Akademi Sekretari Dan Manajemen BSI Bandung (2.2 km), RS Umum Bungsu (2.2 km).","3 x 4 meter, Tidak termasuk listrik",Ventilasi,K. Mandi Luar,"R. Tamu, Dapur, R. Keluarga",Parkir Motor & Sepeda,,https://mamikos.com/room/kost-kota-cirebon-kost-campur-eksklusif-kost-pak-edwin-standar-kesambi-cirebon?redirection_source=landing%20area,-8.652465069907953,115.17408439896072
Kost Hilman Ardiansyah Bandung Wetan Bandung,Putri,Rp650.000,650000,Bandung Wetan,Bandung Wetan,"Kost ini berlokasi dekat dengan jalan raya dengan akses yang hanya bisa dilalui oleh motor/sepeda, berlokasi dekat dengan Rumah Makan Mirasa (239 m), Circle K (3.2 km), Masjid Al Asy'ari Unisba (138 m), Bank BJB - Kantor Cabang Tamansari (179 m), Universitas Islam Bandung (174 m), RS Umum Tk IV 03.07.03Sariningsih (455 m).","3 x 3 meter, Tidak termasuk listrik","Kasur, Meja, Lemari / Storage","Kloset Duduk, Kloset Jongkok, Ember mandi","WiFi, R. Jemur, Jemuran, K. Mandi Luar",,,https://mamikos.com/room/kost-kota-bandung-kost-putri-murah-kost-hilman-ardiansyah-bandung-wetan-bandung?redirection_source=landing%20area,-6.9043706735371595,107.61860995794723
Kost Pangarang Tipe Executive Lengkong Bandung,Campur,Rp1.350.000,1350000,Lengkong,Lengkong,"Kost ini berlokasi dekat dengan jalan raya dengan akses yang hanya bisa dilalui oleh motor/sepeda, berlokasi dekat dengan Warteg Bahari (892 m), Alfamart (3.0 km), Church of Isa Almasih (527 m), Bank BJB - Cabang Utama Bandung (480 m), Universitas Islam Bandung (2.3 km), RS Umum Bungsu (691 m).","3.3 x 3 meter, Tidak termasuk listrik","Kasur, Meja, Lemari / Storage, Jendela, Guling, Cermin, Bantal","K. Mandi Dalam, Kloset Duduk, Ember mandi","WiFi, Jemuran, Jual Makanan, CCTV","Parkir Motor, Parkir Sepeda, Parkir Motor & Sepeda",,https://mamikos.com/room/kost-kota-bandung-kost-campur-eksklusif-kost-pangarang-tipe-executive-lengkong-bandung-2?redirection_source=landing%20area,-6.932767826634967,107.6262705516475
Kost Bu Ella 2 Lengkong Bandung,Putri,Rp1.100.000,1100000,Lengkong,Lengkong,"Kost ini berlokasi dekat dengan jalan raya dengan akses yang hanya bisa dilalui oleh motor/sepeda, berlokasi dekat dengan Warteg Abadi (2.6 km), Alfamart A Yani 419 (3.1 km), Church of Isa Almasih (479 m), Citibank Indonesia (442 m), Universitas Islam Bandung (2.6 km), RS Umum Bungsu (863 m).","3 x 4 meter, Termasuk listrik","Kasur, Meja, Lemari / Storage, Kursi","K. Mandi Dalam, Kloset Jongkok, K. Mandi Luar, Ember mandi, Shower, Air panas","Kulkas, Mesin Cuci, Laundry, R. Tamu, R. Jemur, R. Makan, R. Santai, Dispenser, Dapur, TV","Parkir Motor, Parkir Sepeda",,https://mamikos.com/room/kost-kota-bandung-kost-putri-murah-kost-bu-ella-2-lengkong-bandung?redirection_source=landing%20area,-6.9352500371089,107.62640993870906
Kost Bersih Ibu Solo Cibeunying Kaler Bandung,Putri,Rp750.000,750000,Kecamatan Cibeunying Kaler,Cibeunying Kaler,"Kost ini berlokasi dekat dengan jalan raya dengan akses yang hanya bisa dilalui oleh motor/sepeda, berlokasi dekat dengan Rumah Makan Pondok (524 m), Alfamart A Yani 419 (1.5 km), Masjid Al Kautsar (1.9 km), Citibank Indonesia (2.6 km), Universitas Padjadjaran Kampus Dipatiukur (1.6 km), RS Ibu dan Anak Al Islam (1.4 km).","3 x 4 meter, Termasuk listrik","Kasur, Lemari / Storage, Guling, Bantal","Kloset Jongkok, K. Mandi Luar, Ember mandi, Bak mandi","WiFi, R. Cuci, R. Tamu, R. Jemur, R. Makan, R. Santai, Dapur, Jemuran, Balcon, R. Keluarga",,,https://mamikos.com/room/kost-kota-bandung-kost-putri-murah-kost-bersih-ibu-solo-cibeunying-kaler-bandung-1?redirection_source=landing%20area,-6.887401774038485,107.62813499896434
Kost Sumarmo 13 Regol Bandung,Putri,Rp850.000,850000,Regol,Regol,"Kost ini berlokasi dekat dengan jalan raya dengan akses yang hanya bisa dilalui oleh motor/sepeda, berlokasi dekat dengan Rumah Makan Cikawao (349 m), Circle K (413 m), Church of Isa Almasih (178 m), Institut Seni Budaya Indonesia Bandung (2.3 km), RSU Bhayangkara Tk II Sartika Asih (2.9 km), Bandung Electronic Center (2.5 km).","3 x 3 meter, Termasuk listrik","Kasur, Lemari / Storage","K. Mandi Dalam, Kloset Jongkok","WiFi, Dapur",Parkir Motor,,https://mamikos.com/room/kost-kota-bandung-kost-putri-murah-kost-sumarmo-13-regol-bandung?redirection_source=landing%20area,-6.939092884082394,107.61560406112496
Kost Srigadis 25 Tipe Paviliun B Regol Bandung,Campur,Rp1.500.000,1500000,Regol,Regol,"Kost ini berlokasi dekat dengan jalan raya dengan akses yang hanya bisa dilalui oleh motor/sepeda, berlokasi dekat dengan Warteg Bahari (774 m), Circle K (774 m), Church of Isa Almasih (825 m), Institut Seni Budaya Indonesia Bandung (1.9 km), RSU Bhayangkara Tk II Sartika Asih (2.3 km), Bandung Electronic Center (3.1 km).","3 x 4 meter, Tidak termasuk listrik","Kasur, Meja, Lemari / Storage, Ventilasi, Jendela, Guling, Dapur Pribadi, Cermin, Bantal, Kursi","K. Mandi Dalam, Kloset Duduk, Ember mandi","WiFi, R. Tamu, R. Jemur, R. Santai, Dapur, Jemuran, Pengurus Kos, CCTV","Parkir Mobil, Parkir Motor & Sepeda",,https://mamikos.com/room/kost-kota-bandung-kost-campur-eksklusif-kost-srigadis-25-tipe-paviliun-b-regol-bandung-2?redirection_source=landing%20area,-6.940135354300718,107.61278840339924
Kost Ilufa Regol Bandung,Campur,Rp2.700.000,2700000,Regol,Regol,"Kost ini berlokasi dekat dengan jalan raya dengan akses yang hanya bisa dilalui oleh motor/sepeda, berlokasi dekat dengan Warteg Bahari (839 m), Circle K (829 m), Church of Isa Almasih (774 m), Institut Seni Budaya Indonesia Bandung (2.1 km), RSU Bhayangkara Tk II Sartika Asih (2.4 km), Bandung Electronic Center (3.0 km).","3.5 x 4 meter, Termasuk listrik",,"K. Mandi Dalam, Kloset Duduk, Wastafel, Shower, Air panas","Penjaga Kos, R. Jemur, Dapur, Pengurus Kos, CCTV",Parkir Motor,,https://mamikos.com/room/kost-kota-bandung-kost-campur-eksklusif-kost-ilufa-regol-bandung-1?redirection_source=landing%20area,-6.938596439062558,107.61180501301313
Kost Yurani Tipe B Regol Bandung,Campur,Rp600.000,600000,Regol,Regol,"Kost ini berlokasi dekat dengan jalan raya dengan akses yang hanya bisa dilalui oleh motor/sepeda, berlokasi dekat dengan Warteg Bahari (991 m), Circle K (1.7 km), Church of Isa Almasih (884 m), Bank Muamalat (2.7 km), Akademi Sekretari Dan Manajemen BSI Bandung (1.5 km), RS Ibu dan Anak Kota Bandung (1.2 km).","3 x 4 meter, Termasuk listrik","Kasur, Lemari / Storage, Ventilasi, Jendela","Kloset Jongkok, K. Mandi Luar, Ember mandi","R. Jemur, Jemuran, CCTV, Balcon",Parkir Motor,,https://mamikos.com/room/kost-kota-bandung-kost-campur-murah-kost-yurani-tipe-b-regol-bandung?redirection_source=landing%20area,-6.940501552961514,107.61520528438142
Kost Omah Wening Tipe A Cicendo Bandung,Putri,Rp1.400.000,1400000,Kecamatan Cicendo,Cicendo,"Kost ini berlokasi dekat dengan jalan raya dengan akses yang hanya bisa dilalui oleh motor/sepeda, berlokasi dekat dengan Rumah Makan Kapau Jaya (1.0 km), Circle K (2.7 km), Masjid Raya Bandung (1.4 km), Bank Syariah Indonesia KC Bandung Suniaraja (708 m), Universitas Padjadjaran Kampus Dipatiukur (2.4 km), RS Khusus Mata Cicendo (242 m).","3 x 3 meter, Termasuk listrik","Kasur, Meja, Lemari / Storage, Ventilasi, Jendela, Cermin, Bantal, Kursi","K. Mandi Dalam, Kloset Duduk, Shower","WiFi, Jemuran, Pengurus Kos, CCTV, Balcon",Parkir Motor,,https://mamikos.com/room/kost-kota-bandung-kost-putri-eksklusif-kost-omah-wening-tipe-a-cicendo-bandung?redirection_source=landing%20area,-6.899936030906122,107.58823241804015
Kost Jl.Pajajaran Bandung Wetan,Campur,Rp800.000,800000,Bandung Wetan,Bandung Wetan,"Kost ini berlokasi dekat dengan jalan raya dengan akses jalan raya, berlokasi dekat dengan Rumah Makan Kapau Jaya (565 m), Circle K (3.1 km), Masjid Al Asy'ari Unisba (380 m), Bank BJB - Kantor Cabang Tamansari (428 m), Universitas Islam Bandung (413 m), RS Ibu dan Anak Limijati (799 m).","4 x 4 meter, Termasuk listrik","Kasur, Meja, Lemari / Storage, Jendela, Kursi","Kloset Jongkok, K. Mandi Luar, Bak mandi","Mesin Cuci, R. Jemur, Jemuran, Jual Makanan",Parkir Motor,,https://mamikos.com/room/kost-bandung-kost-campur-murah-kost-jlpajajaran-16-bandung-wetan?redirection_source=landing%20area,-6.905003275469719,107.61702561205969
Kost Samz Cibeunying Kidul Bandung,Putri,Rp700.000,700000,Cibeunying Kidul,Cibeunying Kidul,"Kost ini berlokasi dekat dengan jalan raya dengan akses yang hanya bisa dilalui oleh motor/sepeda, berlokasi dekat dengan Alfamart A Yani 419 (198 m), Church In Bandung (2.5 km), Universitas Padjadjaran Kampus Dipatiukur (2.9 km), RS Ibu dan Anak Al Islam (76 m), Bandung Electronic Center (3.3 km).","2.5 x 2.5 meter, Termasuk listrik","Kasur, Dispenser, Meja, Lemari / Storage, Kursi, Kipas Angin","Kloset Jongkok, K. Mandi Luar, Wastafel, Ember mandi, Shower","WiFi, R. Tamu, R. Jemur, Dapur","Parkir Motor, Parkir Sepeda",,https://mamikos.com/room/kost-kota-bandung-kost-putri-eksklusif-kost-samz-cibeunying-kidul-bandung?redirection_source=landing%20area,-6.900146627225772,107.64998278040585
Kost Paviliun Asmi Regol Bandung,Campur,Rp2.000.000,2000000,Regol,Regol,"Kost ini berlokasi dekat dengan jalan raya dengan akses yang hanya bisa dilalui oleh motor/sepeda, berlokasi dekat dengan Rumah Makan Cikawao (672 m), Circle K (915 m), Gereja Kristen Kalam Kudus Pasundan (219 m), Institut Seni Budaya Indonesia Bandung (2.8 km), RSU Bhayangkara Tk II Sartika Asih (3.1 km), Bandung Electronic Center (2.3 km).","4 x 5 meter, Tidak termasuk listrik","Kasur, Meja, Lemari / Storage, Ventilasi, Jendela, Sofa, Kursi","K. Mandi Dalam, Kloset Duduk, Bak mandi",R. Tamu,,,https://mamikos.com/room/kost-bandung-kost-campur-eksklusif-kost-paviliun-asmi-regol-bandung?redirection_source=landing%20area,-6.937731559851312,107.61471017492336
Kost Macan 43 Tipe VIP Lengkong Bandung,Putri,Rp2.500.000,2500000,Kecamatan Lengkong,Lengkong,"Kost ini berlokasi dekat dengan jalan raya dengan akses yang hanya bisa dilalui oleh motor/sepeda, berlokasi dekat dengan Rumah Makan Cikawao (652 m), Alfamart A Yani 419 (3.3 km), Masjid Jami Nurul Falah (228 m), CIMB Niaga (Buah Batu) (911 m), Universitas Islam Bandung (3.3 km), RS Ibu dan Anak Kota Bandung (2.0 km).","4 x 5 meter, Tidak termasuk listrik","AC, Kasur, Meja, TV, Lemari / Storage, Jendela, Cermin","K. Mandi Dalam, Kloset Duduk, Shower, Air panas","WiFi, R. Tamu, Penjaga Kos, R. Jemur, Dapur, Jemuran, Pengurus Kos, R. Keluarga","Parkir Mobil, Parkir Motor, Parkir Sepeda",,https://mamikos.com/room/kost-kota-bandung-kost-putri-eksklusif-kost-macan-43-tipe-vip-lengkong-bandung-1?redirection_source=landing%20area,-6.934265578919555,107.62726780040006
Kost Taman Siswa 53 Lengkong Bandung,Campur,Rp2.200.000,2200000,Lengkong,Lengkong,"Kost ini berlokasi dekat dengan jalan raya dengan akses masuk mobil, berlokasi dekat dengan Rumah Makan Ibu Haji Cijantung (266 m), Alfamart A Yani 419 (2.8 km), Masjid Jami Nurul Falah (613 m), CIMB Niaga (Buah Batu) (909 m), Akademi Sekretari Dan Manajemen BSI Bandung (176 m), Bandung Electronic Center (2.8 km).","3 x 3.5 meter, Tidak termasuk listrik","AC, Kasur, Meja, TV, Meja Rias, Lemari / Storage, Kursi, Cleaning service","K. Mandi Dalam, Kloset Duduk, Shower, Air panas","WiFi, Kulkas, Mesin Cuci, R. Tamu, R. Jemur, R. Makan, Dispenser, Dapur, TV","Parkir Mobil, Parkir Motor, Parkir Sepeda",,https://mamikos.com/room/kost-kost-campur-eksklusif-kost-taman-siswa-53-lengkong-bandung?redirection_source=landing%20area,-6.933842313926526,107.62760910900417
Kost Salamah Tipe C Regol Bandung,Campur,Rp900.000,900000,Regol,Regol,"Kost ini berlokasi dekat dengan jalan raya dengan akses jalan raya, berlokasi dekat dengan Warteg Jaya Bahari (349 m), Circle K (526 m), Masjid Raya Bandung (421 m), Bank BJB - Cabang Utama Bandung (828 m), Institut Seni Budaya Indonesia Bandung (3.2 km), RSU Bhayangkara Tk II Sartika Asih (3.6 km).","3 x 3.5 meter, Termasuk listrik","Kasur, Lemari / Storage, Sofa","Kloset Jongkok, K. Mandi Luar, Ember mandi, Bak mandi","R. Cuci, R. Tamu, R. Jemur, R. Santai, Dapur, K. Mandi Luar","Parkir Motor, Parkir Sepeda",,https://mamikos.com/room/kost-bandung-kost-campur-eksklusif-kost-salamah-tipe-c-regol-bandung?redirection_source=landing%20area,-6.939775674788367,107.61562678217058
Kost Macan 43 Tipe Luxury Lengkong Bandung,Putri,Rp2.400.000,2400000,Lengkong,Lengkong,"Kost ini berlokasi dekat dengan jalan raya dengan akses yang hanya bisa dilalui oleh motor/sepeda, berlokasi dekat dengan Warteg Bahari (231 m), Circle K (2.6 km), Church of Isa Almasih (660 m), Bank BCA KCP Buah Batu (1.3 km), Universitas Islam Bandung (3.3 km), RS Umum Bungsu (1.5 km).","3 x 4 meter, Termasuk listrik","AC, Kasur, Ventilasi, Jendela, Wastafel, Kursi","K. Mandi Dalam, Kloset Duduk, Ember mandi, Shower, Air panas","WiFi, R. Tamu, Penjaga Kos, R. Jemur, R. Makan, Dapur, Jemuran, Pengurus Kos, Jual Makanan, Kartu Akses","Parkir Mobil, Parkir Motor, Parkir Sepeda",,https://mamikos.com/room/kost-kota-bandung-kost-putri-eksklusif-kost-macan-43-tipe-luxury-lengkong-bandung?redirection_source=landing%20area,-6.935740155463798,107.62700655829757
Kost Salamah Tipe B Regol Bandung,Campur,Rp750.000,750000,Regol,Regol,"Kost ini berlokasi dekat dengan jalan raya dengan akses jalan raya, berlokasi dekat dengan Warteg Jaya Bahari (349 m), Circle K (526 m), Masjid Raya Bandung (421 m), Bank BJB - Cabang Utama Bandung (828 m), Institut Seni Budaya Indonesia Bandung (3.2 km), RSU Bhayangkara Tk II Sartika Asih (3.6 km).","3 x 3.5 meter, Termasuk listrik","Kasur, Lemari / Storage","Kloset Jongkok, K. Mandi Luar, Ember mandi, Bak mandi","R. Cuci, R. Tamu, R. Jemur, R. Santai, Dapur","Parkir Motor, Parkir Sepeda",,https://mamikos.com/room/kost-bandung-kost-campur-eksklusif-kost-salamah-tipe-b-regol-bandung?redirection_source=landing%20area,-6.940069774255849,107.61507095181713
Kost Salamah Tipe A Regol Bandung,Campur,Rp700.000,700000,Kecamatan Regol,Regol,"Kost ini berlokasi dekat dengan jalan raya dengan akses yang hanya bisa dilalui oleh motor/sepeda, berlokasi dekat dengan Warteg Jaya Bahari (350 m), Circle K (522 m), Masjid Raya Bandung (417 m), Bank BJB - Cabang Utama Bandung (824 m), Institut Seni Budaya Indonesia Bandung (3.2 km), RSU Bhayangkara Tk II Sartika Asih (3.6 km).","2.9 x 3 meter, Termasuk listrik","Kasur, Lemari / Storage, Sofa","Kloset Jongkok, K. Mandi Luar, Ember mandi, Bak mandi","R. Cuci, R. Tamu, R. Jemur, R. Santai, Dapur, K. Mandi Luar","Parkir Motor, Parkir Sepeda",,https://mamikos.com/room/kost-kota-bandung-kost-campur-murah-kost-salamah-tipe-a-regol-bandung?redirection_source=landing%20area,-6.939758350816766,107.61355153628897
Kost Faiz Tipe B Sumur Bandung Bandung,Putra,Rp750.000,750000,Kecamatan Sumur Bandung,Sumur Bandung,"Kost ini berlokasi dekat dengan jalan raya dengan akses masuk mobil, berlokasi dekat dengan Rumah Makan Mirasa (616 m), Circle K (3.2 km), Masjid Al Asy'ari Unisba (570 m), Bank Permata (418 m), Universitas Islam Bandung (605 m), RS Khusus Mata Cicendo (303 m).","3 x 3 meter, Termasuk listrik","Kasur, Lemari / Storage","Kloset Duduk, Kloset Jongkok, K. Mandi Luar, Ember mandi, Shower, Air panas","WiFi, K. Mandi Luar","Parkir Motor, Parkir Sepeda",,https://mamikos.com/room/kost-kota-bandung-kost-putra-murah-kost-faiz-tipe-b-sumur-bandung-bandung-2?redirection_source=landing%20area,-6.914616496527634,107.61606363568886
Kost Java Gamelan Lengkong Bandung,Putra,Rp1.550.000,1550000,Kecamatan Lengkong,Lengkong,"Kost ini berlokasi dekat dengan jalan raya dengan akses yang hanya bisa dilalui oleh motor/sepeda, berlokasi dekat dengan Warteg Bahari (420 m), Alfamart (2.5 km), Gereja Isa Almasih (1.4 km), Bank BCA KCP Buah Batu (699 m), Sekolah Tinggi Ilmu Ekonomi Pasundan (677 m), RS Mata Bandung Eye Center (738 m).","3 x 4 meter, Tidak termasuk listrik","AC, Kasur, Meja, TV, Lemari / Storage, Jendela, Cermin, Bantal, Kursi","K. Mandi Dalam, Kloset Duduk, Wastafel, Shower, Air panas","WiFi, R. Cuci, Kulkas, Mesin Cuci, R. Tamu, Penjaga Kos, R. Makan, Dispenser, Dapur, Jemuran","Parkir Mobil, Parkir Motor, Parkir Sepeda, Parkir Motor & Sepeda",,https://mamikos.com/room/kost-kota-bandung-kost-putra-eksklusif-kost-java-gamelan-lengkong-bandung?redirection_source=landing%20area,-6.932627432335096,107.62636854123359
Kost Lilia Cozy Room Smart Astanaanyar Bandung,Campur,Rp1.000.000,1000000,Kecamatan Astanaanyar,Astanaanyar,"Kost ini berlokasi dekat dengan jalan raya dengan akses yang hanya bisa dilalui oleh motor/sepeda, berlokasi dekat dengan Warteg Bahari (1.6 km), Alfamart (2.7 km), Church of Isa Almasih (1.2 km), Bank BJB - Cabang Utama Bandung (1.4 km), Universitas Islam Bandung (3.0 km), RS Umum Bungsu (1.8 km).","1.9 x 2.9 meter, Tidak termasuk listrik","Kasur, Meja, Lemari / Storage, Ventilasi, Jendela, Bantal, Kursi","Kloset Duduk, K. Mandi Luar, Wastafel, Ember mandi, Shower","WiFi, R. Cuci, Kulkas, Laundry, R. Tamu, Penjaga Kos, R. Jemur, Dapur, Jemuran, Pengurus Kos","Parkir Motor, Parkir Sepeda, Parkir Motor & Sepeda",,https://mamikos.com/room/kost-kota-bandung-kost-campur-eksklusif-kost-lilia-cozy-room-smart-astanaanyar-bandung?redirection_source=landing%20area,-6.938248902418071,107.60435584144867
Kost Pondok Kebon Kembang 3 Tipe A Bandung Wetan Bandung,Campur,Rp1.450.000,1450000,Kecamatan Bandung Wetan,Bandung Wetan,"Kost ini berlokasi dekat dengan jalan raya dengan akses yang hanya bisa dilalui oleh motor/sepeda, berlokasi dekat dengan Warteg Abadi (451 m), Alfamart (597 m), Masjid Al Arief (371 m), Bank BJB - Kantor Cabang Tamansari (513 m), Universitas Islam Bandung (506 m), RS Umum Tk IV 03.07.03Sariningsih (900 m).","3 x 4 meter, Termasuk listrik","AC, Kasur, Dispenser, Meja, Lemari / Storage, Jendela, Cermin, Bantal, TV Kabel, Kursi","K. Mandi Dalam, Kloset Duduk, Ember mandi, Shower, Air panas","WiFi, R. Cuci, Kulkas, Mesin Cuci, R. Tamu, Penjaga Kos, R. Jemur, R. Santai, Dispenser, Dapur","Parkir Motor, Parkir Motor & Sepeda",,https://mamikos.com/room/kost-kota-bandung-kost-campur-eksklusif-kost-pondok-kebon-kembang-3-tipe-a-bandung-wetan-bandung?redirection_source=landing%20area,-6.9068086236869295,107.61606227450063
Kost Bengawan 83 Tipe C1 Bandung Wetan Bandung,Campur,Rp1.250.000,1250000,Kecamatan Bandung Wetan,Bandung Wetan,"Kost ini berlokasi dekat dengan jalan raya dengan akses yang hanya bisa dilalui oleh motor/sepeda, berlokasi dekat dengan Rumah Makan Boemi Mitoha (746 m), Alfamart A Yani 419 (988 m), Masjid Al Jihad (748 m), Bank BJB Weekend Banking (554 m), Universitas Padjadjaran Kampus Dipatiukur (2.4 km), RS Ibu dan Anak Limijati (1.9 km).","3.2 x 3.2 meter, Termasuk listrik","Kasur, Meja, Lemari / Storage, Ventilasi, Jendela, Cermin, Bantal, Kursi, Kipas Angin, Cleaning service","Kloset Duduk, K. Mandi Luar, Shower, Air panas","WiFi, R. Cuci, Kulkas, Mesin Cuci, R. Tamu, Penjaga Kos, R. Jemur, R. Makan, R. Santai, Dispenser","Parkir Mobil, Parkir Motor, Parkir Sepeda",,https://mamikos.com/room/kost-kota-bandung-kost-campur-eksklusif-kost-bengawan-83-tipe-c1-bandung-wetan-bandung-2?redirection_source=landing%20area,-6.90600352751612,107.61646955532595
Kost Albani Regol Bandung,Putri,Rp1.650.001,1650001,Kecamatan Regol,Regol,"Kost ini berlokasi dekat dengan jalan raya dengan akses yang hanya bisa dilalui oleh motor/sepeda, berlokasi dekat dengan Warteg Bahari (884 m), Circle K (867 m), Church of Isa Almasih (726 m), Institut Seni Budaya Indonesia Bandung (2.3 km), RSU Bhayangkara Tk II Sartika Asih (2.5 km), Bandung Electronic Center (2.9 km).","2.9 x 2.2 meter, Termasuk listrik","AC, Kasur, Meja, Lemari / Storage, Ventilasi, Jendela, Guling, Cermin, Bantal, Kipas Angin","K. Mandi Dalam, Kloset Duduk, Ember mandi, Shower","WiFi, Kulkas, R. Jemur, Dapur, Jemuran, Pengurus Kos, Rooftop, Balcon","Parkir Motor, Parkir Sepeda, Parkir Motor & Sepeda",,https://mamikos.com/room/kost-kota-bandung-kost-putri-eksklusif-kost-albani-regol-bandung?redirection_source=landing%20area,-6.93884236413997,107.61255820768055
Kost Casa De Suno Exclusive Cicendo Bandung,Campur,Rp3.000.000,3000000,Cicendo,Cicendo,"Kost ini berlokasi dekat dengan jalan raya dengan akses yang hanya bisa dilalui oleh motor/sepeda, berlokasi dekat dengan Warteg Abadi (979 m), Alfamart (651 m), Masjid Al Asy'ari Unisba (686 m), Bank BJB - Kantor Cabang Tamansari (744 m), Universitas Islam Bandung (685 m), RS Umum Melinda 2 (524 m).","4 x 4 meter, Tidak termasuk listrik","AC, Kasur, Meja, Lemari / Storage, Jendela, Guling, Cermin, Bantal, Wastafel, Kursi","K. Mandi Dalam, Kloset Duduk, Wastafel, Shower, Air panas","WiFi, Kulkas, Penjaga Kos, R. Jemur, R. Makan, Mushola, R. Santai, Dapur, Jemuran, CCTV","Parkir Mobil, Parkir Motor",,https://mamikos.com/room/kost-kota-bandung-kost-campur-eksklusif-kost-casa-de-suno-exclusive-cicendo-bandung?redirection_source=landing%20area,-6.9021900409559045,107.58671495967292
Kost Samsudin Regol Bandung,Putri,Rp1.300.000,1300000,Regol,Regol,"Kost ini berlokasi dekat dengan jalan raya dengan akses yang hanya bisa dilalui oleh motor/sepeda, berlokasi dekat dengan Church of Isa Almasih (901 m), Institut Seni Budaya Indonesia Bandung (2.4 km), RSU Bhayangkara Tk II Sartika Asih (2.4 km), Bandung Electronic Center (3.0 km).","3 x 4 meter, Termasuk listrik","Kasur, Meja, Lemari / Storage, Jendela, Cermin, Bantal, Kursi","K. Mandi Dalam, Kloset Duduk, Ember mandi, Shower","WiFi, Kulkas, R. Jemur, Dapur, Jemuran, Pengurus Kos, Rooftop","Parkir Mobil, Parkir Motor, Parkir Sepeda",,https://mamikos.com/room/kost-kota-bandung-kost-putri-eksklusif-kost-samsudin-regol-bandung?redirection_source=landing%20area,-6.9412233932172605,107.61463380674607
Kost Berkat Lengkong Bandung,Putri,Rp900.000,900000,Kecamatan Lengkong,Lengkong,"Kost ini berlokasi dekat dengan jalan raya dengan akses yang hanya bisa dilalui oleh motor/sepeda, berlokasi dekat dengan Warteg Bahari (540 m), Alfamart A Yani 419 (3.1 km), Church of Isa Almasih (430 m), Bank BJB - Cabang Utama Bandung (821 m), Universitas Islam Bandung (2.6 km), RS Umum Bungsu (805 m).","3.5 x 4 meter, Tidak termasuk listrik","Kasur, Meja, Meja Rias, Lemari / Storage, Wastafel, Kursi","K. Mandi Dalam, Kloset Duduk, Wastafel, Shower",R. Jemur,"Parkir Motor, Parkir Sepeda",,https://mamikos.com/room/kost-kota-bandung-kost-putri-murah-kost-berkat-lengkong-bandung?redirection_source=landing%20area,-6.934394581161628,107.62561308405982
Kost Anton Tipe B Lengkong Bandung,Campur,Rp1.300.000,1300000,Lengkong,Lengkong,"Kost ini berlokasi dekat dengan jalan raya dengan akses yang hanya bisa dilalui oleh motor/sepeda, berlokasi dekat dengan Warteg Bahari (683 m), Alfamart (2.9 km), Church In Bandung (409 m), Bank BJB - Cabang Utama Bandung (876 m), Universitas Islam Bandung (2.5 km), RS Umum Bungsu (743 m).","3.6 x 2.4 meter, Tidak termasuk listrik","Kasur, Meja, TV, Lemari / Storage, Kulkas, Ventilasi, Meja makan, Jendela, Cermin, Bantal","K. Mandi Dalam, Kloset Duduk, Kloset Jongkok, K. Mandi Luar, Ember mandi, Shower","WiFi, Kulkas, Laundry, R. Tamu, Penjaga Kos, R. Jemur, R. Makan, R. Santai, Dispenser, Dapur","Parkir Motor, Parkir Sepeda",,https://mamikos.com/room/kost-kota-bandung-kost-campur-eksklusif-kost-anton-tipe-b-lengkong-bandung-2?redirection_source=landing%20area,-6.934837905672443,107.62593150609719
Kost Mania Regol Bandung,Campur,Rp1.600.000,1600000,Kecamatan Regol,Regol,"Kost ini berlokasi dekat dengan jalan raya dengan akses yang hanya bisa dilalui oleh motor/sepeda, berlokasi dekat dengan Warteg Jaya Bahari (526 m), Circle K (846 m), Gereja Kristen Kalam Kudus Pasundan (494 m), Institut Seni Budaya Indonesia Bandung (3.1 km), RSU Bhayangkara Tk II Sartika Asih (3.3 km), Bandung Electronic Center (2.3 km).","3 x 3 meter, Termasuk listrik","Kasur, Meja, TV, Lemari / Storage, Meja makan","K. Mandi Dalam, Kloset Duduk, Kloset Jongkok, Ember mandi, Shower, Air panas","WiFi, R. Cuci, Kulkas, Mesin Cuci, R. Tamu, Penjaga Kos, R. Jemur, R. Makan, R. Santai, Dispenser","Parkir Motor, Parkir Sepeda, Parkir Motor & Sepeda",,https://mamikos.com/room/kost-kota-bandung-kost-campur-eksklusif-kost-mania-regol-bandung-2?redirection_source=landing%20area,-6.941176398839105,107.6134958374664
Kost Maleo Sumur Bandung Bandung,Putri,Rp600.000,600000,Kecamatan Sumur Bandung,Sumur Bandung,"Kost ini berlokasi dekat dengan jalan raya dengan akses yang hanya bisa dilalui oleh motor/sepeda, berlokasi dekat dengan Rumah Makan Kapau Jaya (872 m), Circle K (3.2 km), Masjid Al Asy'ari Unisba (670 m), Bank Permata (465 m), Universitas Islam Bandung (706 m), RS Ibu dan Anak Limijati (814 m).","3 x 3 meter, Termasuk listrik","Kasur, Meja, Lemari / Storage, Jendela, Guling, Cermin, Bantal","Kloset Duduk, Kloset Jongkok, K. Mandi Luar, Ember mandi, Bak mandi","WiFi, R. Cuci, R. Jemur, Pengurus Kos, K. Mandi Luar","Parkir Motor, Parkir Sepeda",,https://mamikos.com/room/kost-kota-bandung-kost-putri-murah-kost-maleo-sumur-bandung-bandung?redirection_source=landing%20area,-6.9139096411688366,107.61870289318814
Kost Terusan Cisokan Cibeunying Kaler Bandung,Putri,Rp1.350.000,1350000,Cibeunying Kaler,Cibeunying Kaler,"Kost ini berlokasi dekat dengan jalan raya dengan akses yang hanya bisa dilalui oleh motor/sepeda, berlokasi dekat dengan Rumah Makan Boemi Mitoha (804 m), Alfamart A Yani 419 (1.1 km), Masjid Pusdai (834 m), Institut Teknologi Nasional Bandung (652 m), Sinar Abadi Balubur Town Square (2.6 km).","3 x 4 meter, Tidak termasuk listrik","Kasur, Meja, Lemari / Storage, Kursi","K. Mandi Dalam, Kloset Duduk, Shower, Air panas","WiFi, Kulkas, Mesin Cuci, R. Jemur, R. Makan, R. Santai, Dapur, TV",Parkir Motor,,https://mamikos.com/room/kost-kota-bandung-kost-putri-eksklusif-kost-terusan-cisokan-cibeunying-kaler-bandung-2?redirection_source=landing%20area,-6.8844924726494545,107.62996609507768
Kost Sitimunigar Reguler Ac Astanaanyar Bandung,Campur,Rp1.500.000,1500000,Kecamatan Astanaanyar,Astanaanyar,"Kost ini berlokasi dekat dengan jalan raya dengan akses masuk mobil, berlokasi dekat dengan Warteg Bahari (1.5 km), Alfamart (2.8 km), Church of Isa Almasih (1.1 km), Bank BJB - Cabang Utama Bandung (1.3 km), Universitas Islam Bandung (2.9 km), RS Umum Bungsu (1.6 km).","3 x 3 meter, Tidak termasuk listrik","AC, Kasur, Meja, Lemari / Storage, Jendela, Kursi","K. Mandi Dalam, Kloset Duduk, Ember mandi, Shower","WiFi, Kulkas, Laundry, Penjaga Kos, R. Jemur, R. Makan, R. Santai, Dapur, Pengurus Kos, CCTV","Parkir Motor, Parkir Motor & Sepeda",,https://mamikos.com/room/kost-kota-bandung-kost-campur-eksklusif-kost-sitimunigar-reguler-ac-astanaanyar-bandung-2?redirection_source=landing%20area,-6.938291054964631,107.60427894418248
Kost Otto Residence Tipe A Astanaanyar Bandung,Campur,Rp1.800.000,1800000,Astanaanyar,Astanaanyar,"Kost ini berlokasi dekat dengan jalan raya dengan akses yang hanya bisa dilalui oleh motor/sepeda, berlokasi dekat dengan Warteg Jaya Bahari (211 m), Circle K (534 m), Masjid Raya Bandung (446 m), Bank BJB - Cabang Utama Bandung (905 m), Institut Seni Budaya Indonesia Bandung (3.4 km), Bandung Electronic Center (2.0 km).","4 x 4 meter, Tidak termasuk listrik","AC, Kasur, Meja, Meja Rias, Lemari / Storage, Ventilasi, Jendela, Cermin, Bantal, Wastafel","K. Mandi Dalam, Kloset Duduk, Wastafel, Shower, Air panas","WiFi, R. Jemur, Dapur","Parkir Motor, Parkir Sepeda",,https://mamikos.com/room/kost-kota-bandung-kost-campur-eksklusif-kost-otto-residence-tipe-a-astanaanyar-bandung?redirection_source=landing%20area,-6.937169103042551,107.6015006065945
Kost Healthy Rooms Tipe A Astanaanyar Bandung,Putri,Rp900.000,900000,Kecamatan Astanaanyar,Astanaanyar,"Kost ini berlokasi dekat dengan jalan raya dengan akses yang hanya bisa dilalui oleh motor/sepeda, berlokasi dekat dengan Warteg Bahari (1.9 km), Alfamart (3.0 km), Church of Isa Almasih (1.5 km), Bank BJB - Cabang Utama Bandung (1.2 km), Universitas Islam Bandung (2.5 km), RS Umum Bungsu (1.6 km).","3 x 1.5 meter, Termasuk listrik","Kasur, Meja, Lemari / Storage, Ventilasi, Guling, Cermin, Bantal, Kursi","Kloset Duduk, K. Mandi Luar, Air panas","WiFi, Kulkas, Mesin Cuci, Laundry, R. Tamu, R. Jemur, Dapur, Jemuran, Rice Cooker, CCTV","Parkir Motor, Parkir Sepeda, Parkir Motor & Sepeda",,https://mamikos.com/room/kost-kota-bandung-kost-putri-murah-kost-healthy-rooms-tipe-a-astanaanyar-bandung-2?redirection_source=landing%20area,-6.9375589159268936,107.6010810172949
Kost Ibu Tina Tipe B Cibeunying Kidul Bandung,Putri,Rp750.000,750000,Kecamatan Cibeunying Kidul,Cibeunying Kidul,"Kost ini berlokasi dekat dengan jalan raya dengan akses yang hanya bisa dilalui oleh motor/sepeda, berlokasi dekat dengan Warteg Abadi (3.1 km), Alfamart A Yani 419 (282 m), Masjid Pusdai (1.6 km), Bank Mandiri Bandung Priority Banking Soerapatti (2.5 km), Institut Teknologi Nasional Bandung (1.2 km), RS Umum Santo Yusup (625 m).","3 x 3 meter, Tidak termasuk listrik","Kasur, Lemari / Storage, Ventilasi, Jendela, Guling, Bantal, Wastafel","Kloset Jongkok, K. Mandi Luar, Wastafel, Ember mandi","WiFi, R. Cuci, R. Jemur, R. Santai, Dapur, Jemuran, Pengurus Kos, Rooftop, Balcon, K. Mandi Luar","Parkir Motor, Parkir Sepeda, Parkir Motor & Sepeda",,https://mamikos.com/room/kost-kota-bandung-kost-putri-murah-kost-ibu-tina-tipe-b-cibeunying-kidul-bandung-2?redirection_source=landing%20area,-6.897021076502833,107.65125079468731
Kost Pak Hendra Tipe A Batununggal Bandung,Campur,Rp750.000,750000,Kecamatan Batununggal,Batununggal,"Kost ini berlokasi dekat dengan jalan raya dengan akses yang hanya bisa dilalui oleh motor/sepeda, berlokasi dekat dengan Warteg Bahari (1.6 km), Alfamart (2.9 km), Masjid Al Jihad (634 m), Bank BJB - Cabang Utama Bandung (2.0 km), Institut Teknologi Nasional Bandung (2.8 km), RS Umum Bungsu (1.7 km).","2.5 x 2.5 meter, Termasuk listrik","Kasur, Lemari / Storage, Ventilasi, Jendela, Guling, Bantal","Kloset Jongkok, K. Mandi Luar, Bak mandi","WiFi, R. Cuci, Kulkas, Penjaga Kos, R. Jemur, Jemuran, CCTV",Parkir Motor & Sepeda,,https://mamikos.com/room/kost-kota-bandung-kost-campur-murah-kost-pak-hendra-tipe-a-batununggal-bandung-2?redirection_source=landing%20area,-6.928057535269444,107.63883193730369
Kost Murah Ancol Timur Iv Tipe A1 Regol Bandung,Putra,Rp600.000,600000,Regol,Regol,"Kost ini berlokasi dekat dengan jalan raya dengan akses yang hanya bisa dilalui oleh motor/sepeda, berlokasi dekat dengan Warteg Bahari (2.8 km), Circle K (1.3 km), Masjid Jami Nurul Falah (456 m), CIMB Niaga (Buah Batu) (880 m), Universitas Islam Bandung (3.5 km), RS Umum Muhammadiyah (747 m).","3 x 3 meter, Termasuk listrik",Kasur,"Kloset Jongkok, K. Mandi Luar, Ember mandi, Bak mandi","WiFi, R. Cuci, R. Jemur, CCTV, K. Mandi Luar","Parkir Motor, Parkir Sepeda",,https://mamikos.com/room/kost-kota-bandung-kost-putra-murah-kost-murah-ancol-timur-iv-tipe-a1-regol-bandung?redirection_source=landing%20area,-6.941337361498438,107.6141516406452
Kost Kidang Lengkong Bandung,Putri,Rp800.000,800000,Lengkong,Lengkong,"Kost ini berlokasi dekat dengan jalan raya dengan akses yang hanya bisa dilalui oleh motor/sepeda, berlokasi dekat dengan Rumah Makan Ibu Haji Cijantung (315 m), Alfamart A Yani 419 (3.3 km), Masjid Jami Nurul Falah (393 m), CIMB Niaga (Buah Batu) (745 m), Akademi Sekretari Dan Manajemen BSI Bandung (346 m), Bandung Electronic Center (2.9 km).","4 x 4 meter, Termasuk listrik","Kasur, Meja, Lemari / Storage","Kloset Jongkok, K. Mandi Luar, Ember mandi, Bak mandi","WiFi, K. Mandi Luar","Parkir Motor, Parkir Sepeda",,https://mamikos.com/room/kost-kota-bandung-kost-putri-murah-kost-kidang-lengkong-bandung?redirection_source=landing%20area,-6.9361984347615975,107.62534456264856
Kost Griya Camar Tipe C Lengkong Bandung,Campur,Rp900.000,900000,Lengkong,Lengkong,"Kost ini berlokasi dekat dengan jalan raya dengan akses yang hanya bisa dilalui oleh motor/sepeda, berlokasi dekat dengan Warteg Bahari (1.3 km), Alfamart (2.6 km), Church In Bandung (354 m), Bank BJB - Cabang Utama Bandung (1.4 km), Universitas Islam Bandung (2.5 km), RS Umum Bungsu (1.0 km).","3 x 3 meter, Tidak termasuk listrik","Kasur, Meja, Lemari / Storage, Jendela, Cermin, Bantal, Kursi","Kloset Jongkok, K. Mandi Luar, Ember mandi, Shower","WiFi, R. Cuci, Penjaga Kos, R. Jemur, Dapur, Jemuran, CCTV",Parkir Motor & Sepeda,,https://mamikos.com/room/kost-kota-bandung-kost-campur-murah-kost-griya-camar-tipe-c-lengkong-bandung?redirection_source=landing%20area,-6.933650226607146,107.62532323597259
Kost Griya Camar Tipe A Lengkong Bandung,Campur,Rp800.000,800000,Lengkong,Lengkong,"Kost ini berlokasi dekat dengan jalan raya dengan akses yang hanya bisa dilalui oleh motor/sepeda, berlokasi dekat dengan Warteg Bahari (1.3 km), Alfamart (2.6 km), Church In Bandung (354 m), Bank BJB - Cabang Utama Bandung (1.4 km), Universitas Islam Bandung (2.5 km), RS Umum Bungsu (1.0 km).","3 x 3 meter, Tidak termasuk listrik","Kasur, Meja, Lemari / Storage, Jendela, Cermin, Bantal, Kursi","Kloset Jongkok, K. Mandi Luar, Ember mandi, Shower","WiFi, R. Cuci, Penjaga Kos, R. Jemur, Dapur, Jemuran, CCTV",Parkir Motor & Sepeda,,https://mamikos.com/room/kost-kota-bandung-kost-campur-murah-kost-griya-camar-tipe-a-lengkong-bandung?redirection_source=landing%20area,-6.933294760772491,107.62679913467115
Kost 41 Lengkong Bandung,Putri,Rp700.000,700000,Kecamatan Lengkong,Lengkong,"Kost ini berlokasi dekat dengan jalan raya dengan akses yang hanya bisa dilalui oleh motor/sepeda, berlokasi dekat dengan Rumah Makan Cikawao (660 m), Alfamart A Yani 419 (3.3 km), Masjid Jami Nurul Falah (236 m), CIMB Niaga (Buah Batu) (904 m), Universitas Islam Bandung (3.3 km), RS Ibu dan Anak Kota Bandung (2.0 km).","3 x 3 meter, Termasuk listrik","Kasur, Meja, Lemari / Storage, Jendela, Cermin",Kloset Duduk,"WiFi, R. Cuci, Kulkas, Penjaga Kos, R. Jemur, R. Makan, Dispenser, Dapur, Jemuran, Pengurus Kos",Parkir Motor,,https://mamikos.com/room/kost-kota-bandung-kost-putri-murah-kost-41-lengkong-bandung-1?redirection_source=landing%20area,-6.934975506163422,107.62584228766634
Kost Miraclee Tipe C Regol Bandung,Putri,Rp1.500.000,1500000,Kecamatan Regol,Regol,"Kost ini berlokasi dekat dengan jalan raya dengan akses yang hanya bisa dilalui oleh motor/sepeda, berlokasi dekat dengan Warteg Bahari (922 m), Alfamart (2.6 km), Church of Isa Almasih (737 m), Bank BJB - Cabang Utama Bandung (1.6 km), Universitas Islam Bandung (3.4 km), RS Mata Bandung Eye Center (1.7 km).","3 x 4 meter, Tidak termasuk listrik","Kasur, Meja, Meja Rias, Lemari / Storage, Ventilasi, Jendela, Guling, Cermin, Bantal, Kursi","Kloset Duduk, Wastafel, Ember mandi, Shower, Air panas","WiFi, Kulkas, Penjaga Kos, Dapur, Jemuran, Pengurus Kos, Jual Makanan, CCTV, Rooftop, Balcon","Parkir Motor, Parkir Motor & Sepeda",,https://mamikos.com/room/kost-kota-bandung-kost-putri-eksklusif-kost-miraclee-tipe-c-regol-bandung?redirection_source=landing%20area,-6.937912846345466,107.61486892394154
Kost Srigadis 25 Tipe C Regol Bandung,Campur,Rp1.200.000,1200000,Regol,Regol,"Kost ini berlokasi dekat dengan jalan raya dengan akses yang hanya bisa dilalui oleh motor/sepeda, berlokasi dekat dengan Warteg Bahari (775 m), Circle K (774 m), Church of Isa Almasih (825 m), Institut Seni Budaya Indonesia Bandung (1.9 km), RSU Bhayangkara Tk II Sartika Asih (2.3 km), Bandung Electronic Center (3.1 km).","5 x 4 meter, Tidak termasuk listrik","Kasur, Meja, Lemari / Storage, Ventilasi, Jendela, Guling, Cermin, Bantal","K. Mandi Dalam, Kloset Jongkok, Ember mandi","WiFi, R. Jemur, R. Makan, R. Santai, Dapur, Jemuran","Parkir Motor, Parkir Sepeda",,https://mamikos.com/room/kost-kota-bandung-kost-campur-eksklusif-kost-srigadis-25-tipe-c-regol-bandung?redirection_source=landing%20area,-6.939216170819137,107.61425644836982
Kost Srigadis 25 Tipe I Regol Bandung,Campur,Rp1.200.000,1200000,Regol,Regol,"Kost ini berlokasi dekat dengan jalan raya dengan akses yang hanya bisa dilalui oleh motor/sepeda, berlokasi dekat dengan Warteg Bahari (790 m), Circle K (2.7 km), Church of Isa Almasih (836 m), Bank BCA KCP Buah Batu (1.5 km), Akademi Sekretari Dan Manajemen BSI Bandung (1.2 km), RS Mata Bandung Eye Center (1.3 km).","5 x 4 meter, Termasuk listrik","Kasur, Meja, Lemari / Storage, Jendela, Guling, Cermin, Bantal","K. Mandi Dalam, Kloset Jongkok, Ember mandi","WiFi, R. Tamu, R. Jemur, R. Makan, R. Santai, Dispenser, Dapur, Jemuran",Parkir Motor & Sepeda,,https://mamikos.com/room/kost-kota-bandung-kost-campur-eksklusif-kost-srigadis-25-tipe-i-regol-bandung-2?redirection_source=landing%20area,-6.941392164625801,107.61461784966609
Kost Maleer Gatsu Tipe A Batununggal Bandung,Campur,Rp1.250.000,1250000,Kecamatan Batununggal,Batununggal,"Kost ini berlokasi dekat dengan jalan raya dengan akses yang hanya bisa dilalui oleh motor/sepeda, berlokasi dekat dengan Rumah Makan Amanah (813 m), Alfamart A Yani 419 (1.6 km), Church In Bandung (2.0 km), CIMB Niaga (Buah Batu) (2.1 km), Institut Teknologi Nasional Bandung (3.0 km), RS Umum Pindad (1.9 km).","3 x 3 meter, Tidak termasuk listrik","AC, Kasur, Lemari / Storage",K. Mandi Luar,"WiFi, Kulkas, Penjaga Kos, R. Jemur, Dapur, CCTV, K. Mandi Luar",Parkir Motor,,https://mamikos.com/room/kost-kota-bandung-kost-campur-eksklusif-kost-maleer-gatsu-tipe-a-batununggal-bandung-2?redirection_source=landing%20area,-6.927450448366964,107.64153021669075
Kost Geeta Tipe Vvip Double Regol Bandung,Campur,Rp1.900.000,1900000,Regol,Regol,"Kost ini berlokasi dekat dengan jalan raya dengan akses yang hanya bisa dilalui oleh motor/sepeda, berlokasi dekat dengan Warteg Bahari (976 m), Indomaret YPAC (3.2 km), Church of Isa Almasih (570 m), Bank BJB - Cabang Utama Bandung (997 m), Universitas Islam Bandung (2.8 km), RS Umum Bungsu (1.3 km).","3 x 4 meter, Tidak termasuk listrik","Kasur, Lemari / Storage, Ventilasi, Jendela, Guling, Bantal","Kloset Duduk, Shower","WiFi, R. Cuci, Penjaga Kos, R. Jemur, R. Santai, Dapur, Jemuran, Pengurus Kos, CCTV, Rooftop","Parkir Mobil, Parkir Motor",,https://mamikos.com/room/kost-kota-bandung-kost-campur-eksklusif-kost-geeta-tipe-vvip-double-regol-bandung?redirection_source=landing%20area,-6.940084177397191,107.61180951463416
Kost Gedung Putih 2 Lengkong Bandung,Campur,Rp2.000.000,2000000,Kecamatan Lengkong,Lengkong,"Kost ini berlokasi dekat dengan jalan raya dengan akses yang hanya bisa dilalui oleh motor/sepeda, berlokasi dekat dengan Warteg Bahari (517 m), Alfamart A Yani 419 (3.2 km), Masjid Al Waritsin (331 m), CIMB Niaga (Buah Batu) (213 m), Akademi Sekretari Dan Manajemen BSI Bandung (589 m), Bandung Electronic Center (3.5 km).","3 x 4 meter, Tidak termasuk listrik","AC, Kasur, Meja, Lemari / Storage, Ventilasi, Jendela, Cermin, Bantal, Wastafel, Kursi","K. Mandi Dalam, Kloset Duduk, Wastafel, Shower, Air panas","WiFi, R. Cuci, Kulkas, Laundry, Penjaga Kos, R. Jemur, R. Makan, R. Santai, Dispenser, Dapur","Parkir Mobil, Parkir Motor, Parkir Sepeda",,https://mamikos.com/room/kost-kota-bandung-kost-campur-eksklusif-kost-gedung-putih-2-lengkong-bandung-1?redirection_source=landing%20area,-6.935851989009755,107.62582038331068
Kost Wartong Muararajeun Cibeunying Kaler Bandung,Putri,Rp800.000,800000,Kecamatan Cibeunying Kaler,Cibeunying Kaler,"Kost ini berlokasi dekat dengan jalan raya dengan akses yang hanya bisa dilalui oleh motor/sepeda, berlokasi dekat dengan Warteg Abadi (1.9 km), Alfamart (991 m), Masjid Al Asy'ari Unisba (2.2 km), Bank BJB Weekend Banking (1.0 km), Institut Teknologi Nasional Bandung (970 m), RS Ibu dan Anak Al Islam (1.5 km).","3 x 3 meter, Tidak termasuk listrik","Kasur, Lemari / Storage, Jendela","K. Mandi Dalam, Kloset Jongkok, Ember mandi","WiFi, R. Jemur, Dapur, Jemuran, Pengurus Kos, CCTV",Parkir Motor,,https://mamikos.com/room/kost-kota-bandung-kost-putri-murah-kost-wartong-muararajeun-cibeunying-kaler-bandung-2?redirection_source=landing%20area,-6.885632776401823,107.62988644926466
Kost Rancagoong Tipe A Batununggal Bandung,Putra,Rp1.100.000,1100000,Batununggal,Batununggal,"Kost ini berlokasi dekat dengan jalan raya dengan akses yang hanya bisa dilalui oleh motor/sepeda, berlokasi dekat dengan Warteg Berkah Bahari (238 m), Alfamart A Yani 419 (2.4 km), Gereja Katolik Hati Tak Bernoda Santa Perawan Maria (1.5 km), Sekolah Tinggi Ilmu Ekonomi Pasundan (214 m).","3 x 35 meter, Termasuk listrik","Kasur, Lemari / Storage","K. Mandi Dalam, Kloset Duduk, Kloset Jongkok, Ember mandi","WiFi, Laundry, R. Tamu, R. Jemur, Dapur, Jemuran, Pengurus Kos, Jual Makanan, Balcon, K. Mandi Luar","Parkir Mobil, Parkir Motor, Parkir Sepeda",,https://mamikos.com/room/kost-kota-bandung-kost-putra-eksklusif-kost-rancagoong-tipe-a-batununggal-bandung?redirection_source=landing%20area,-6.927949285477087,107.64118654066034
Kost Asmi Depan Itc Regol Bandung,Campur,Rp750.000,750000,Regol,Regol,"Kost ini berlokasi dekat dengan jalan raya dengan akses yang hanya bisa dilalui oleh motor/sepeda, berlokasi dekat dengan Rumah Makan Cikawao (664 m), Circle K (878 m), Gereja Kristen Kalam Kudus Pasundan (186 m), Bank BJB - Cabang Utama Bandung (975 m), Institut Seni Budaya Indonesia Bandung (2.8 km), RSU Bhayangkara Tk II Sartika Asih (3.2 km).","3 x 4 meter, Tidak termasuk listrik",Jendela,Kloset Jongkok,R. Jemur,Parkir Motor,,https://mamikos.com/room/kost-bandung-kost-campur-murah-kost-asmi-depan-itc-regol-bandung?redirection_source=landing%20area,-6.941140050056794,107.615015938715
Kost Muararajeun Lama 1 Tipe B Cibeunying Kaler Bandung,Campur,Rp925.000,925000,Cibeunying Kaler,Cibeunying Kaler,"Kost ini berlokasi dekat dengan jalan raya dengan akses yang hanya bisa dilalui oleh motor/sepeda, berlokasi dekat dengan Rumah Makan Boemi Mitoha (584 m), Alfamart A Yani 419 (1.3 km), Masjid Pusdai (553 m), Universitas Padjadjaran Kampus Dipatiukur (1.8 km), Sinar Abadi Balubur Town Square (2.3 km).","3 x 3 meter, Termasuk listrik","Kasur, Meja, Lemari / Storage, Ventilasi, Jendela, Bantal","K. Mandi Dalam, Kloset Jongkok, Ember mandi","WiFi, R. Cuci, Penjaga Kos, R. Jemur, Jemuran, Pengurus Kos, CCTV","Parkir Motor, Parkir Sepeda, Parkir Motor & Sepeda",,https://mamikos.com/room/kost-kota-bandung-kost-campur-eksklusif-kost-muararajeun-lama-1-tipe-b-cibeunying-kaler-bandung?redirection_source=landing%20area,-6.886212191885393,107.62968787070548
Kost Cj 9 Batununggal Bandung,Campur,Rp1.100.000,1100000,Kecamatan Batununggal,Batununggal,"Kost ini berlokasi dekat dengan jalan raya dengan akses yang hanya bisa dilalui oleh motor/sepeda, berlokasi dekat dengan Warteg Bahari (1.7 km), Alfamart (3.1 km), Masjid Al Jihad (732 m), Bank BCA KCP Buah Batu (1.9 km), Institut Teknologi Nasional Bandung (2.9 km), RS Umum Bungsu (1.9 km).","3 x 3 meter, Termasuk listrik","Kasur, Meja, Lemari / Storage, Ventilasi, Meja makan, Jendela, Cermin, Sofa, Kursi, Cleaning service","Kloset Jongkok, K. Mandi Luar, Ember mandi, Shower","WiFi, R. Cuci, R. Tamu, Penjaga Kos, R. Jemur, R. Makan, R. Santai, Dapur, Jemuran, Pengurus Kos","Parkir Motor, Parkir Sepeda, Parkir Motor & Sepeda",,https://mamikos.com/room/kost-kota-bandung-kost-campur-murah-kost-cj-9-batununggal-bandung-2?redirection_source=landing%20area,-6.929376437687412,107.64058355633225
Kost Pak Edwin Standar Kesambi Cirebon,Campur,Rp1.100.000,1100000,Kesambi,Kesambi,"Kost ini berlokasi dekat dengan jalan raya dengan akses yang hanya bisa dilalui oleh motor/sepeda, berlokasi dekat dengan Warteg Jaya Bahari (1.3 km), Alfamart (3.2 km), Church of Isa Almasih (1.4 km), Bank BJB - Cabang Utama Bandung (1.9 km), Akademi Sekretari Dan Manajemen BSI Bandung (2.2 km), RS Umum Bungsu (2.2 km).","3 x 4 meter, Tidak termasuk listrik",Ventilasi,K. Mandi Luar,"R. Tamu, Dapur, R. Keluarga",Parkir Motor & Sepeda,,https://mamikos.com/room/kost-kota-cirebon-kost-campur-eksklusif-kost-pak-edwin-standar-kesambi-cirebon?redirection_source=landing%20area,-8.653099854580347,115.17369970423043
Kost Singgahsini YL Cikawao Tipe E Lengkong Bandung,Putri,Rp1.275.000,1275000,Lengkong,Lengkong,"Kost ini berlokasi dekat dengan jalan raya dengan akses masuk mobil, berlokasi dekat dengan Warteg Bahari (339 m), Indomaret Surapati 55 (3.3 km), Church of Isa Almasih (166 m), Bank BJB - Cabang Utama Bandung (997 m), Universitas Islam Bandung (2.8 km), RS Umum Bungsu (1.1 km).","3.2 x 2.5 meter, Termasuk listrik","Kasur, Meja, Lemari / Storage, Jendela, Cermin, Bantal","K. Mandi Dalam, Kloset Duduk, Shower, Air panas","WiFi, R. Cuci, Kulkas, Mesin Cuci, R. Tamu, Penjaga Kos, R. Jemur, Dispenser, Dapur, Jemuran",Parkir Motor & Sepeda,,https://mamikos.com/room/kost-kota-bandung-kost-putri-eksklusif-kost-singgahsini-yl-cikawao-tipe-e-lengkong-bandung-2?redirection_source=landing%20area,-6.934912157257922,107.6250267259148
Kost Singgahsini YL Cikawao Tipe B Lengkong Bandung,Putri,Rp2.225.000,2225000,Lengkong,Lengkong,"Kost ini berlokasi dekat dengan jalan raya dengan akses masuk mobil, berlokasi dekat dengan Warteg Bahari (339 m), Indomaret Surapati 55 (3.3 km), Church of Isa Almasih (166 m), Bank BJB - Cabang Utama Bandung (997 m), Universitas Islam Bandung (2.8 km), RS Umum Bungsu (1.1 km).","3.6 x 2.4 meter, Termasuk listrik","AC, Kasur, Meja, Lemari / Storage, Jendela, Cermin, Bantal, Kursi","K. Mandi Dalam, Kloset Duduk, Shower, Air panas","WiFi, R. Cuci, Kulkas, Mesin Cuci, R. Tamu, Penjaga Kos, R. Jemur, Dispenser, Dapur, Jemuran",Parkir Motor & Sepeda,,https://mamikos.com/room/kost-kota-bandung-kost-putri-eksklusif-kost-singgahsini-yl-cikawao-tipe-b-lengkong-bandung-2?redirection_source=landing%20area,-6.9338417292792816,107.62444356568194
Kost Pondok Karapitan VIP Lengkong Bandung,Campur,Rp1.100.000,1100000,Kecamatan Lengkong,Lengkong,"Kost ini berlokasi dekat dengan jalan raya dengan akses yang hanya bisa dilalui oleh motor/sepeda, berlokasi dekat dengan Warteg Bahari (481 m), Alfamart (3.1 km), Church In Bandung (550 m), Bank BJB - Cabang Utama Bandung (1.0 km), Universitas Islam Bandung (2.7 km), RS Umum Bungsu (952 m).","2.5 x 5 meter, Tidak termasuk listrik","Kasur, Lemari / Storage, Bantal","K. Mandi Dalam, Kloset Jongkok","WiFi, Penjaga Kos, R. Jemur, Jemuran, CCTV","Parkir Motor, Parkir Sepeda",,https://mamikos.com/room/kost-kota-bandung-kost-campur-eksklusif-kost-pondok-karapitan-vip-lengkong-bandung?redirection_source=landing%20area,-6.936242063730581,107.62485747516949
Kost Daffa Cibeunying Kaler Bandung,Putra,Rp625.000,625000,Cibeunying Kaler,Cibeunying Kaler,"Kost ini berlokasi dekat dengan jalan raya dengan akses yang hanya bisa dilalui oleh motor/sepeda, berlokasi dekat dengan Warteg Cintaasih (2.2 km), Alfamart (1.0 km), Christian Church Pasundan Awiligar (2.2 km), Bank BJB Weekend Banking (1.2 km), Institut Teknologi Nasional Bandung (647 m), RS Ibu dan Anak Al Islam (1.4 km).","2 x 3 meter, Termasuk listrik","Kasur, Lemari / Storage, Jendela, Guling, Bantal","Kloset Jongkok, K. Mandi Luar, Ember mandi","WiFi, R. Tamu, Penjaga Kos, R. Jemur, Jemuran, Jual Makanan, Balcon, K. Mandi Luar","Parkir Motor, Parkir Sepeda",,https://mamikos.com/room/kost-kota-bandung-kost-putra-murah-kost-daffa-cibeunying-kaler-bandung-1?redirection_source=landing%20area,-6.88554085834163,107.62806368395037
Kost Kristi 2 Bandung Wetan Bandung,Putri,Rp950.000,950000,Kecamatan Bandung Wetan,Bandung Wetan,"Kost ini berlokasi dekat dengan jalan raya dengan akses yang hanya bisa dilalui oleh motor/sepeda, berlokasi dekat dengan Warteg Abadi (573 m), Alfamart (1.0 km), Masjid Al Asy'ari Unisba (302 m), Bank BJB - Kantor Cabang Tamansari (347 m), Universitas Islam Bandung (335 m), RS Umum Tk IV 03.07.03Sariningsih (504 m).","3 x 3 meter, Tidak termasuk listrik","Kasur, Lemari / Storage",K. Mandi Luar,"WiFi, R. Tamu, Penjaga Kos, Dapur, K. Mandi Luar","Parkir Motor, Parkir Sepeda",,https://mamikos.com/room/kost-kota-bandung-kost-putri-murah-kost-kristi-2-bandung-wetan-bandung-2?redirection_source=landing%20area,-6.905500273671365,107.6154751357682
Kost 5B Ancol Tipe A Regol Bandung,Campur,Rp750.000,750000,Regol,Regol,"Kost ini berlokasi dekat dengan jalan raya dengan akses yang hanya bisa dilalui oleh motor/sepeda, berlokasi dekat dengan Rumah Makan Cikawao (650 m), Circle K (1.6 km), Masjid Jami Nurul Falah (483 m), CIMB Niaga (Buah Batu) (1.1 km), Universitas Islam Bandung (3.4 km), RS Ibu dan Anak Kota Bandung (1.6 km).","3 x 3 meter, Termasuk listrik","Kasur, Jendela","K. Mandi Dalam, Kloset Jongkok, Ember mandi","R. Tamu, Penjaga Kos, R. Jemur, Jemuran, CCTV, Balcon","Parkir Motor, Parkir Sepeda",,https://mamikos.com/room/kost-kota-bandung-kost-campur-murah-kost-5b-ancol-tipe-a-regol-bandung?redirection_source=landing%20area,-6.940435467856779,107.61368236105831
Kost Seven Tamim Otista Andir Bandung,Campur,Rp1.700.000,1700000,Andir,Andir,"Kost ini berlokasi dekat dengan jalan raya dengan akses yang hanya bisa dilalui oleh motor/sepeda, berlokasi dekat dengan Warteg Jaya Bahari (591 m), Circle K (3.2 km), Masjid Raya Bandung (443 m), Bank Syariah Indonesia KC Bandung Suniaraja (361 m), Universitas Padjadjaran Kampus Dipatiukur (3.2 km), Bandung Electronic Center (1.3 km).","3 x 3.5 meter, Tidak termasuk listrik","AC, Kasur, Ventilasi, Jendela, Kursi, Kipas Angin, Cleaning service","K. Mandi Dalam, Kloset Duduk, Shower, Air panas","WiFi, R. Cuci, Laundry, Penjaga Kos, R. Jemur, R. Santai, Dapur, Jemuran, Pengurus Kos, CCTV","Parkir Motor, Parkir Sepeda",,https://mamikos.com/room/kost-kota-bandung-kost-campur-eksklusif-kost-seven-tamim-otista-andir-bandung?redirection_source=landing%20area,-6.904573778713999,107.5710865518653
Kost Tatnjung Tipe D Bandung Wetan Bandung,Campur,Rp2.500.000,2500000,Bandung Wetan,Bandung Wetan,"Kost ini berlokasi dekat dengan jalan raya dengan akses yang hanya bisa dilalui oleh motor/sepeda, berlokasi dekat dengan Warteg Cintaasih (695 m), Alfamart A Yani 419 (895 m), Masjid Al Jihad (378 m), Bank BJB Weekend Banking (848 m), Universitas Padjadjaran Kampus Dipatiukur (2.8 km), RS Ibu dan Anak Al Islam (976 m).","5 x 3 meter, Termasuk listrik","AC, Kasur, Meja, TV, Meja Rias, Lemari / Storage, Kursi","K. Mandi Dalam, Kloset Duduk, Wastafel, Shower, Air panas","WiFi, Kulkas, R. Jemur, R. Makan, R. Santai, Dapur, TV","Parkir Mobil, Parkir Motor, Parkir Sepeda",,https://mamikos.com/room/kost-kota-bandung-kost-campur-eksklusif-kost-tatnjung-tipe-d-bandung-wetan-bandung?redirection_source=landing%20area,-6.906555678548381,107.61506859809431
Kost Seyakata Lengkong Bandung,Putri,Rp1.000.000,1000000,Kecamatan Lengkong,Lengkong,"Kost ini berlokasi dekat dengan jalan raya dengan akses yang hanya bisa dilalui oleh motor/sepeda, berlokasi dekat dengan Rumah Makan Ibu Haji Cijantung (464 m), Alfamart A Yani 419 (2.8 km), Church In Bandung (452 m), Citibank Indonesia (534 m), Akademi Sekretari Dan Manajemen BSI Bandung (603 m), RS Umum Muhammadiyah (980 m).","2.7 x 2.7 meter, Termasuk listrik","Kasur, TV, Lemari / Storage, Ventilasi, Jendela, Bantal","K. Mandi Dalam, Kloset Jongkok","WiFi, R. Jemur, R. Santai, Jemuran, Jual Makanan, CCTV","Parkir Motor, Parkir Sepeda",,https://mamikos.com/room/kost-kota-bandung-kost-putri-eksklusif-kost-seyakata-lengkong-bandung?redirection_source=landing%20area,-6.935549073448824,107.6254430862658
Kost Bu Ena Tipe A1 Lengkong Bandung,Putri,Rp1.300.000,1300000,Kecamatan Lengkong,Lengkong,"Kost ini berlokasi dekat dengan jalan raya dengan akses yang hanya bisa dilalui oleh motor/sepeda, berlokasi dekat dengan Warteg Bahari (479 m), Alfamart A Yani 419 (3.1 km), Church of Isa Almasih (401 m), Bank BJB - Cabang Utama Bandung (880 m), Universitas Islam Bandung (2.6 km), RS Umum Bungsu (867 m).","3 x 3 meter, Tidak termasuk listrik","Kasur, Lemari / Storage, Ventilasi, Jendela, Guling, Cermin, Bantal, TV Kabel, Kipas Angin","K. Mandi Dalam, Kloset Duduk, Kloset Jongkok, Ember mandi, Shower, Air panas","WiFi, Kulkas, Penjaga Kos, Dispenser, Dapur, Jemuran, Jual Makanan, CCTV",Parkir Motor & Sepeda,,https://mamikos.com/room/kost-kota-bandung-kost-putri-eksklusif-kost-bu-ena-tipe-a1-lengkong-bandung?redirection_source=landing%20area,-6.934430271319665,107.62428685788262
Kost 46 A Bandung Wetan Bandung,Putri,Rp800.000,800000,Kecamatan Bandung Wetan,Bandung Wetan,"Kost ini berlokasi dekat dengan jalan raya dengan akses yang hanya bisa dilalui oleh motor/sepeda, berlokasi dekat dengan Warteg Abadi (291 m), Alfamart (655 m), Masjid Al Asy'ari Unisba (325 m), Bank BJB - Kantor Cabang Tamansari (296 m), Universitas Islam Bandung (290 m), RS Umum Tk IV 03.07.03Sariningsih (711 m).","3 x 4 meter, Termasuk listrik","Ventilasi, Jendela","Kloset Duduk, K. Mandi Luar","WiFi, Penjaga Kos, Dapur, Pengurus Kos, Jual Makanan, Taman, K. Mandi Luar",Parkir Motor,,https://mamikos.com/room/kost-kota-bandung-kost-putri-murah-kost-46-a-bandung-wetan-bandung-2?redirection_source=landing%20area,-6.906245324872562,107.61864697091022
Kost Srimahi Tipe Single Regol Bandung,Campur,Rp1.750.000,1750000,Kecamatan Regol,Regol,"Kost ini berlokasi dekat dengan jalan raya dengan akses yang hanya bisa dilalui oleh motor/sepeda, berlokasi dekat dengan Warteg Bahari (679 m), Circle K (2.9 km), Church of Isa Almasih (925 m), Bank BCA KCP Buah Batu (1.1 km), Akademi Sekretari Dan Manajemen BSI Bandung (913 m), RS Mata Bandung Eye Center (910 m).","3 x 3 meter, Tidak termasuk listrik","AC, Kasur, Meja, TV, Lemari / Storage, Ventilasi, Jendela, Cermin, Wastafel, Kursi","K. Mandi Dalam, Kloset Duduk, Wastafel, Shower, Air panas","WiFi, R. Tamu, Penjaga Kos, R. Jemur, R. Santai, Dispenser, Dapur, Pengurus Kos, Jual Makanan, CCTV",Parkir Motor & Sepeda,,https://mamikos.com/room/kost-kota-bandung-kost-campur-eksklusif-kost-srimahi-tipe-single-regol-bandung?redirection_source=landing%20area,-6.939006875509263,107.61429142141591
Kost Rumah Ene Kos Putri Regol Bandung,Putri,Rp1.950.000,1950000,Regol,Regol,"Kost ini berlokasi dekat dengan jalan raya dengan akses yang hanya bisa dilalui oleh motor/sepeda, berlokasi dekat dengan Warteg Bahari (782 m), Circle K (764 m), Church of Isa Almasih (628 m), Institut Seni Budaya Indonesia Bandung (2.3 km), RSU Bhayangkara Tk II Sartika Asih (2.6 km), Bandung Electronic Center (2.8 km).","3 x 4 meter, Tidak termasuk listrik","AC, Kasur, Meja, Lemari / Storage, Ventilasi, Jendela, Guling, Bantal, Kursi","K. Mandi Dalam, Kloset Duduk, Shower, Air panas","WiFi, Laundry, R. Tamu, Penjaga Kos, R. Jemur, Mushola, Jemuran, Pengurus Kos, Jual Makanan, CCTV","Parkir Mobil, Parkir Motor",,https://mamikos.com/room/kost-kota-bandung-kost-putri-eksklusif-kost-rumah-ene-kos-putri-regol-bandung-1?redirection_source=landing%20area,-6.941283316826275,107.61391377892862
Kost Kenari 18 Tipe 1 Sumur Bandung Bandung,Putra,Rp1.999.999,1999999,Kecamatan Sumur Bandung,Sumur Bandung,"Kost ini berlokasi dekat dengan jalan raya dengan akses yang hanya bisa dilalui oleh motor/sepeda, berlokasi dekat dengan Warteg Abadi (962 m), Alfamart (1.7 km), Masjid Al Asy'ari Unisba (917 m), Bank BJB - Kantor Cabang Tamansari (914 m), Universitas Islam Bandung (950 m), RS Umum Tk IV 03.07.03Sariningsih (513 m).","2.5 x 4.2 meter, Tidak termasuk listrik","AC, Kasur, Dispenser, Meja, Lemari / Storage, Meja makan, Jendela, Guling, Bantal, Wastafel","Kloset Duduk, K. Mandi Luar, Wastafel, Shower, Air panas","WiFi, Laundry, R. Tamu, Penjaga Kos, R. Jemur, R. Makan, R. Santai, Dapur, CCTV, Taman","Parkir Mobil, Parkir Motor, Parkir Sepeda, Parkir Motor & Sepeda",,https://mamikos.com/room/kost-kota-bandung-kost-putra-eksklusif-kost-kenari-18-tipe-1-sumur-bandung-bandung-2?redirection_source=landing%20area,-6.914456196933448,107.61757013012817
Kost Nomad Coliving Asia Afrika Loft Lengkong Bandung,Campur,Rp2.699.998,2699998,Lengkong,Lengkong,"Kost ini berlokasi dekat dengan jalan raya dengan akses yang hanya bisa dilalui oleh motor/sepeda, berlokasi dekat dengan Warteg Bahari (527 m), Alfamart (3.1 km), Church In Bandung (501 m), Bank BJB - Cabang Utama Bandung (1.1 km), Universitas Islam Bandung (2.7 km), RS Umum Bungsu (1.0 km).","3 x 4 meter, Tidak termasuk listrik","AC, Kasur, Meja, Lemari / Storage, Jendela, Cermin, Bantal, Wastafel, Kursi","K. Mandi Dalam, Kloset Duduk, Wastafel, Shower, Air panas","WiFi, Kulkas, Penjaga Kos, R. Makan, Dapur, Pengurus Kos, CCTV, Rooftop, TV",,,https://mamikos.com/room/kost-kota-bandung-kost-campur-eksklusif-kost-nomad-coliving-asia-afrika-loft-lengkong-bandung?redirection_source=landing%20area,-6.932535753683227,107.62774744367385
Kost 78D Tipe B Regol Bandung,Putri,Rp1.250.000,1250000,Regol,Regol,"Kost ini berlokasi dekat dengan jalan raya dengan akses yang hanya bisa dilalui oleh motor/sepeda, berlokasi dekat dengan Rumah Makan Cikawao (892 m), Circle K (829 m), Gereja Kristen Kalam Kudus Pasundan (348 m), Citibank Indonesia (1.4 km), Sekolah Tinggi Ilmu Kesehatan Immanuel Bandung (1.4 km), RS Khusus Mata Cicendo (2.0 km).","4 x 5 meter, Tidak termasuk listrik","Kasur, Meja, Lemari / Storage, Ventilasi, Jendela, Guling, Bantal, Kursi","K. Mandi Dalam, Kloset Duduk","WiFi, Penjaga Kos, R. Jemur, R. Santai, Dapur, Jemuran, CCTV, Balcon","Parkir Motor, Parkir Sepeda",,https://mamikos.com/room/kost-kota-bandung-kost-putri-eksklusif-kost-78d-tipe-b-regol-bandung?redirection_source=landing%20area,-6.939620455325696,107.61506169975134
Kost Melkid 47abc Lengkong Bandung,Putri,Rp900.000,900000,Kecamatan Lengkong,Lengkong,"Kost ini berlokasi dekat dengan jalan raya dengan akses yang hanya bisa dilalui oleh motor/sepeda, berlokasi dekat dengan Warteg Bahari (127 m), Circle K (98 m), Church of Isa Almasih (318 m), Bank BJB - Cabang Utama Bandung (1.3 km), Universitas Islam Bandung (3.1 km), RS Mata Bandung Eye Center (1.3 km).","4 x 4 meter, Tidak termasuk listrik","Kasur, Lemari / Storage, Ventilasi, Jendela","K. Mandi Dalam, Kloset Duduk, K. Mandi Luar, Shower","R. Cuci, R. Tamu, R. Santai, Dapur, Pengurus Kos, CCTV, K. Mandi Luar","Parkir Motor, Parkir Sepeda",,https://mamikos.com/room/kost-kota-bandung-kost-putri-murah-kost-melkid-47abc-lengkong-bandung-2?redirection_source=landing%20area,-6.933939355989817,107.62496562415132
Kost P House Tipe L Andir Bandung,Campur,Rp900.000,900000,Andir,Andir,"Kost ini berlokasi dekat dengan jalan raya dengan akses yang hanya bisa dilalui oleh motor/sepeda, berlokasi dekat dengan Warteg Jaya Bahari (904 m), Circle K (3.1 km), Masjid AL-IKHLAS (573 m), Bank Syariah Indonesia KC Bandung Suniaraja (79 m), Universitas Padjadjaran Kampus Dipatiukur (2.9 km), Bandung Electronic Center (1.0 km).","3 x 3 meter, Tidak termasuk listrik","Kasur, Lemari / Storage, Ventilasi, Meja makan, Jendela, Sofa, Wastafel","Kloset Jongkok, Wastafel, Ember mandi, Shower","WiFi, Laundry, R. Makan, R. Santai, Dapur, Pengurus Kos, CCTV, Balcon, K. Mandi Luar","Parkir Motor, Parkir Sepeda",,https://mamikos.com/room/kost-kota-bandung-kost-campur-murah-kost-p-house-tipe-l-andir-bandung-2?redirection_source=landing%20area,-6.906386297872175,107.57071542612827
Kost Miru Minami Tipe A Lengkong Bandung,Putri,Rp1.500.000,1500000,Kecamatan Lengkong,Lengkong,"Kost ini berlokasi dekat dengan jalan raya dengan akses yang hanya bisa dilalui oleh motor/sepeda, berlokasi dekat dengan Warteg Bahari (142 m), Alfamart A Yani 419 (3.4 km), Church of Isa Almasih (292 m), Bank BJB - Cabang Utama Bandung (1.2 km), Universitas Islam Bandung (3.0 km), RS Umum Bungsu (1.3 km).","3 x 4 meter, Tidak termasuk listrik","Kasur, Meja, Lemari / Storage, Ventilasi, Jendela, Kursi","Kloset Duduk, K. Mandi Luar, Shower","WiFi, R. Cuci, Kulkas, Penjaga Kos, R. Jemur, Dapur, Jemuran, CCTV, Rooftop, Kartu Akses",Parkir Motor,,https://mamikos.com/room/kost-kota-bandung-kost-putri-eksklusif-kost-miru-minami-tipe-a-lengkong-bandung?redirection_source=landing%20area,-6.933160047336473,107.6266531090662
Kost Rumah Wayang 8 Standart Lengkong Bandung,Campur,Rp2.100.000,2100000,Kecamatan Lengkong,Lengkong,"Kost ini berlokasi dekat dengan jalan raya dengan akses yang hanya bisa dilalui oleh motor/sepeda, berlokasi dekat dengan Warteg Abadi (2.9 km), Alfamart A Yani 419 (2.7 km), Church In Bandung (569 m), Citibank Indonesia (725 m), Universitas Islam Bandung (2.9 km), RS Mata Bandung Eye Center (1.3 km).","3 x 4 meter, Tidak termasuk listrik","AC, Kasur, Dispenser, Meja, TV, Lemari / Storage, Kulkas, Ventilasi, Meja makan, Jendela","K. Mandi Dalam, Kloset Duduk, Kloset Jongkok, Ember mandi, Shower, Air panas","WiFi, Kulkas, Laundry, R. Tamu, Penjaga Kos, R. Makan, R. Santai, Dispenser, Dapur, Pengurus Kos","Parkir Mobil, Parkir Motor, Parkir Sepeda",,https://mamikos.com/room/kost-kota-bandung-kost-campur-eksklusif-kost-rumah-wayang-8-standart-lengkong-bandung?redirection_source=landing%20area,-6.936057681459977,107.62510902317916
Kost Kurnia Tipe A Cibeunying Kidul Bandung,Putri,Rp1.300.000,1300000,Cibeunying Kidul,Cibeunying Kidul,"Kost ini berlokasi dekat dengan jalan raya dengan akses yang hanya bisa dilalui oleh motor/sepeda, berlokasi dekat dengan Alfamart A Yani 419 (1.0 km), Christian Church Pasundan Awiligar (2.3 km), Universitas Padjadjaran Kampus Dipatiukur (2.4 km), Sinar Abadi Balubur Town Square (3.1 km).","3 x 4 meter, Termasuk listrik","Kasur, Meja, Lemari / Storage, Jendela, Guling, Bantal, Kursi","Kloset Duduk, Ember mandi, Shower","WiFi, Kulkas, Mesin Cuci, R. Santai, Dispenser, Dapur, Jemuran, CCTV, TV",Parkir Motor,,https://mamikos.com/room/kost-kota-bandung-kost-putri-eksklusif-kost-kurnia-tipe-a-cibeunying-kidul-bandung?redirection_source=landing%20area,-6.898389868024502,107.65085376311849
Kost Kebon Sirih 6 Tipe C Babakan Ciamis Sumur Bandung,Putri,Rp900.000,900000,Sumur Bandung,Sumur Bandung,"Kost ini berlokasi dekat dengan jalan raya dengan akses yang hanya bisa dilalui oleh motor/sepeda, berlokasi dekat dengan Rumah Makan Kapau Jaya (844 m), Circle K (3.2 km), Masjid Al Asy'ari Unisba (642 m), Bank Permata (447 m), Universitas Islam Bandung (678 m), RS Ibu dan Anak Limijati (799 m).","2.5 x 2.5 meter, Tidak termasuk listrik","Kasur, Lemari / Storage","Kloset Duduk, K. Mandi Luar, Wastafel, Air panas",,"Parkir Motor, Parkir Sepeda",,https://mamikos.com/room/kost-bandung-kost-putri-murah-kost-kebon-sirih-no-6-babakan-ciamis-sumur-bandung?redirection_source=landing%20area,-6.9125850191376905,107.61855869587613
Kost Warta Batununggal Bandung,Putri,Rp900.000,900000,Batununggal,Batununggal,"Kost ini berlokasi dekat dengan jalan raya dengan akses yang hanya bisa dilalui oleh motor/sepeda, berlokasi dekat dengan Warteg Cintaasih (603 m), Alfamart A Yani 419 (1.8 km), Masjid Al Jihad (893 m), Sekolah Tinggi Ilmu Ekonomi Pasundan (842 m), Bandung Electronic Center (3.3 km).","3 x 3 meter, Termasuk listrik","Kasur, Meja, Lemari / Storage, Ventilasi, Jendela, Guling, Cermin, Bantal","Kloset Duduk, Kloset Jongkok, K. Mandi Luar, Ember mandi, Shower","Kulkas, R. Tamu, R. Jemur, R. Makan, Dispenser, Dapur, Jemuran, Pengurus Kos, CCTV, Taman","Parkir Motor, Parkir Sepeda",,https://mamikos.com/room/kost-bandung-kost-putri-murah-kost-warta-batununggal-bandung?redirection_source=landing%20area,-6.928913290567337,107.6407563436499
Kost Wastu323 Bandung Wetan Bandung,Putri,Rp650.000,650000,Bandung Wetan,Bandung Wetan,"Kost ini berlokasi dekat dengan jalan raya dengan akses yang hanya bisa dilalui oleh motor/sepeda, berlokasi dekat dengan Warteg Abadi (531 m), Alfamart (455 m), Masjid Al Asy'ari Unisba (364 m), Bank BJB - Kantor Cabang Tamansari (386 m), Universitas Islam Bandung (335 m), RS Umum Tk IV 03.07.03Sariningsih (859 m).","3 x 3 meter, Tidak termasuk listrik","Kasur, Meja, Lemari / Storage, Jendela, Bantal, Kursi","K. Mandi Dalam, Kloset Jongkok, K. Mandi Luar, Wastafel, Ember mandi, Bak mandi","WiFi, R. Cuci, R. Jemur, R. Santai, Dapur, Jemuran, Pengurus Kos, Jual Makanan, CCTV, Rooftop","Parkir Motor, Parkir Motor & Sepeda",,https://mamikos.com/room/kost-kota-bandung-kost-putri-murah-kost-wastu323-bandung-wetan-bandung-2?redirection_source=landing%20area,-6.903305000543952,107.61646836264146
Kost Guyub Tipe A Cibeunying Kaler Bandung,Campur,Rp600.000,600000,Cibeunying Kaler,Cibeunying Kaler,"Kost ini berlokasi dekat dengan jalan raya dengan akses yang hanya bisa dilalui oleh motor/sepeda, berlokasi dekat dengan Warteg Abadi (2.2 km), Alfamart (1.3 km), Church In Bandung (2.5 km), Bank BJB Weekend Banking (984 m), Institut Teknologi Nasional Bandung (808 m), RS Ibu dan Anak Al Islam (1.2 km).","3 x 3 meter, Termasuk listrik","Kasur, Lemari / Storage, Guling, Cermin","Kloset Jongkok, K. Mandi Luar, Ember mandi","WiFi, R. Jemur, Jemuran, Pengurus Kos, CCTV, Balcon, K. Mandi Luar",Parkir Motor & Sepeda,,https://mamikos.com/room/kost-kota-bandung-kost-campur-murah-kost-guyub-tipe-a-cibeunying-kaler-bandung?redirection_source=landing%20area,-6.887831882871226,107.62759133090853
Kost Heritage House Paviliun Lengkong Bandung,Campur,Rp1.000.000,1000000,Kecamatan Lengkong,Lengkong,"Kost ini berlokasi dekat dengan jalan raya dengan akses masuk mobil, berlokasi dekat dengan Warteg Bahari (532 m), Circle K (2.9 km), Church of Isa Almasih (957 m), Bank BCA KCP Buah Batu (975 m), Akademi Sekretari Dan Manajemen BSI Bandung (319 m), RS Umum Bungsu (1.8 km).","3 x 3 meter, Tidak termasuk listrik","Kasur, Kursi","Kloset Duduk, Shower","WiFi, Kulkas, Dispenser, Dapur, Pengurus Kos, K. Mandi Luar","Parkir Mobil, Parkir Motor, Parkir Sepeda, Parkir Motor & Sepeda",,https://mamikos.com/room/kost-kota-bandung-kost-campur-eksklusif-kost-heritage-house-paviliun-lengkong-bandung?redirection_source=landing%20area,-6.935043088932613,107.62644674494871
Kost Genaka Batununggal Bandung,Putri,Rp760.000,760000,Kecamatan Batununggal,Batununggal,"Kost ini berlokasi dekat dengan jalan raya dengan akses yang hanya bisa dilalui oleh motor/sepeda, berlokasi dekat dengan Warteg Bahari (2.1 km), Alfamart A Yani 419 (1.3 km), Masjid Al Jihad (932 m), Bank BCA KCP Buah Batu (2.4 km), Institut Teknologi Nasional Bandung (2.8 km), RS Ibu dan Anak Al Islam (1.5 km).","3 x 4 meter, Tidak termasuk listrik","Kasur, Lemari / Storage, Bantal","K. Mandi Dalam, Kloset Jongkok, Ember mandi","WiFi, R. Tamu, Dapur","Parkir Motor, Parkir Sepeda, Parkir Motor & Sepeda",,https://mamikos.com/room/kost-kota-bandung-kost-putri-murah-kost-genaka-batununggal-bandung?redirection_source=landing%20area,-6.927807354534714,107.64197110804487
Kost Nur Muhaji Tipe A Batununggal Bandung,Campur,Rp1.200.000,1200000,Batununggal,Batununggal,"Kost ini berlokasi dekat dengan jalan raya dengan akses yang hanya bisa dilalui oleh motor/sepeda, berlokasi dekat dengan Warteg Bahari (2.0 km), Alfamart (2.6 km), Masjid Al Jihad (264 m), Bank BJB - Cabang Utama Bandung (2.2 km), Institut Teknologi Nasional Bandung (2.4 km), RS Ibu dan Anak Al Islam (1.5 km).","4 x 4 meter, Tidak termasuk listrik","Kasur, Lemari / Storage, Ventilasi, Jendela, Guling, Bantal","K. Mandi Dalam, Kloset Duduk, Ember mandi","WiFi, Laundry, Penjaga Kos, Jemuran, Pengurus Kos, CCTV","Parkir Motor, Parkir Motor & Sepeda",,https://mamikos.com/room/kost-kota-bandung-kost-campur-eksklusif-kost-nur-muhaji-tipe-a-batununggal-bandung-2?redirection_source=landing%20area,-6.928789529936655,107.6413198328766
Kost Srigadis 25 Tipe A Regol Bandung,Campur,Rp1.200.000,1200000,Regol,Regol,"Kost ini berlokasi dekat dengan jalan raya dengan akses yang hanya bisa dilalui oleh motor/sepeda, berlokasi dekat dengan Warteg Bahari (788 m), Circle K (788 m), Church of Isa Almasih (836 m), Institut Seni Budaya Indonesia Bandung (1.9 km), RSU Bhayangkara Tk II Sartika Asih (2.3 km), Bandung Electronic Center (3.1 km).","7 x 8 meter, Tidak termasuk listrik","Kasur, Meja, Lemari / Storage, Ventilasi, Jendela, Guling, Cermin, Bantal","K. Mandi Dalam, Kloset Duduk, Ember mandi","WiFi, R. Jemur, R. Makan, R. Santai, Dapur, Jemuran, Balcon, Taman","Parkir Motor, Parkir Sepeda",,https://mamikos.com/room/kost-kota-bandung-kost-campur-eksklusif-kost-srigadis-25-tipe-a-regol-bandung-1?redirection_source=landing%20area,-6.937821543707862,107.61459890944712
Kost Eyang Cipju Tipe A Bandung Wetan Bandung,Putra,Rp1.000.000,1000000,Kecamatan Bandung Wetan,Bandung Wetan,"Kost ini berlokasi dekat dengan jalan raya dengan akses yang hanya bisa dilalui oleh motor/sepeda, berlokasi dekat dengan Warteg Abadi (1.8 km), Alfamart (1.3 km), Masjid Al Asy'ari Unisba (2.1 km), Bank BJB Weekend Banking (719 m), Institut Teknologi Nasional Bandung (1.2 km), RS Ibu dan Anak Al Islam (1.5 km).","3 x 3 meter, Tidak termasuk listrik","Kasur, Meja, Lemari / Storage, Ventilasi, Jendela, Kipas Angin","Kloset Duduk, K. Mandi Luar, Wastafel, Shower","WiFi, Kulkas, Penjaga Kos, Mushola, Dapur, Jemuran, CCTV, Balcon, Taman, Joglo","Parkir Mobil, Parkir Motor & Sepeda",,https://mamikos.com/room/kost-kota-bandung-kost-putra-eksklusif-kost-eyang-cipju-tipe-a-bandung-wetan-bandung?redirection_source=landing%20area,-6.90449154173639,107.61568583802907
Kost Srigadis 25 Tipe Paviliun Regol Bandung,Campur,Rp2.100.000,2100000,Regol,Regol,"Kost ini berlokasi dekat dengan jalan raya dengan akses yang hanya bisa dilalui oleh motor/sepeda, berlokasi dekat dengan Warteg Bahari (783 m), Circle K (782 m), Church of Isa Almasih (822 m), Institut Seni Budaya Indonesia Bandung (1.9 km), RSU Bhayangkara Tk II Sartika Asih (2.3 km), Bandung Electronic Center (3.1 km).","6 x 10 meter, Tidak termasuk listrik",Dapur Pribadi,"K. Mandi Dalam, Kloset Duduk, Ember mandi, Shower","R. Tamu, R. Jemur, R. Makan, R. Santai, Dapur, Jemuran, R. Keluarga","Parkir Motor, Parkir Sepeda",,https://mamikos.com/room/kost-kota-bandung-kost-campur-eksklusif-kost-srigadis-25-tipe-paviliun-regol-bandung?redirection_source=landing%20area,-6.939752730882662,107.61321615527721
Kost Muararajeun Lama 2 Tipe C Cibeunying Kaler Bandung,Campur,Rp850.000,850000,Cibeunying Kaler,Cibeunying Kaler,"Kost ini berlokasi dekat dengan jalan raya dengan akses yang hanya bisa dilalui oleh motor/sepeda, berlokasi dekat dengan Rumah Makan Boemi Mitoha (593 m), Alfamart A Yani 419 (1.3 km), Masjid Pusdai (561 m), Universitas Padjadjaran Kampus Dipatiukur (1.8 km), Sinar Abadi Balubur Town Square (2.3 km).","3 x 3 meter, Termasuk listrik","Kasur, Meja, Lemari / Storage, Ventilasi, Jendela, Bantal","Kloset Jongkok, K. Mandi Luar, Ember mandi","WiFi, R. Cuci, R. Jemur, Dapur, Jemuran, Pengurus Kos, Jual Makanan, CCTV, K. Mandi Luar","Parkir Motor, Parkir Sepeda, Parkir Motor & Sepeda",,https://mamikos.com/room/kost-kota-bandung-kost-campur-eksklusif-kost-muararajeun-lama-2-tipe-c-cibeunying-kaler-bandung?redirection_source=landing%20area,-6.885927900540496,107.62898126422475
Kost 78D Tipe A Regol Bandung,Putri,Rp1.350.000,1350000,Regol,Regol,"Kost ini berlokasi dekat dengan jalan raya dengan akses jalan raya, berlokasi dekat dengan Rumah Makan Cikawao (889 m), Circle K (819 m), Gereja Kristen Kalam Kudus Pasundan (342 m), Citibank Indonesia (1.4 km), Sekolah Tinggi Ilmu Kesehatan Immanuel Bandung (1.4 km), RS Khusus Mata Cicendo (2.0 km).","5 x 4 meter, Tidak termasuk listrik","Kasur, Meja, Lemari / Storage, Jendela, Guling, Bantal, Kursi","K. Mandi Dalam, Kloset Duduk","WiFi, Penjaga Kos, R. Jemur, R. Santai, Dapur, Jemuran, CCTV, Balcon","Parkir Motor, Parkir Sepeda, Parkir Motor & Sepeda",,https://mamikos.com/room/kost-kota-bandung-kost-putri-eksklusif-kost-78d-tipe-a-regol-bandung?redirection_source=landing%20area,-6.941439237774963,107.6152345249765
Kost Wastu Tipe B Bandung Wetan Bandung,Putra,Rp1.350.000,1350000,Bandung Wetan,Bandung Wetan,"Kost ini berlokasi dekat dengan jalan raya dengan akses yang hanya bisa dilalui oleh motor/sepeda, berlokasi dekat dengan Rumah Makan Mirasa (282 m), Circle K (3.2 km), Masjid Al Asy'ari Unisba (150 m), Bank BJB - Kantor Cabang Tamansari (204 m), Universitas Islam Bandung (182 m), RS Ibu dan Anak Melinda (499 m).","6 x 4 meter, Termasuk listrik","Kasur, Meja, Lemari / Storage, Ventilasi, Jendela, Guling, Bantal, Kursi","K. Mandi Dalam, Kloset Jongkok, Ember mandi","WiFi, Kulkas, R. Jemur, R. Santai, Dapur","Parkir Motor, Parkir Sepeda",,https://mamikos.com/room/kost-bandung-kost-putra-eksklusif-kost-wastu-tipe-b-bandung-wetan-bandung-2?redirection_source=landing%20area,-6.907045362712917,107.616348176076
Kost Macan 43 Tipe Vvip Lengkong Bandung,Putri,Rp1.400.000,1400000,Lengkong,Lengkong,"Kost ini berlokasi dekat dengan jalan raya dengan akses yang hanya bisa dilalui oleh motor/sepeda, berlokasi dekat dengan Warteg Bahari (2.8 km), Alfamart A Yani 419 (3.3 km), Masjid Jami Nurul Falah (232 m), CIMB Niaga (Buah Batu) (907 m), Institut Seni Budaya Indonesia Bandung (1.7 km), RS Ibu dan Anak Kota Bandung (2.0 km).","3.2 x 3.4 meter, Termasuk listrik","Kasur, Meja, Lemari / Storage, Ventilasi, Jendela, Cermin, Kursi","K. Mandi Dalam, Kloset Duduk, Ember mandi, Shower, Air panas","WiFi, R. Tamu, Penjaga Kos, R. Jemur, R. Makan, Dapur, Jemuran, Pengurus Kos, Jual Makanan, Kartu Akses","Parkir Mobil, Parkir Motor, Parkir Sepeda",,https://mamikos.com/room/kost-kota-bandung-kost-putri-eksklusif-kost-macan-43-tipe-vvip-lengkong-bandung?redirection_source=landing%20area,-6.9352101119292655,107.6250554151064
Kost Muararajeun Lama 2 Tipe A Cibeunying Kaler Bandung,Campur,Rp1.000.000,1000000,Cibeunying Kaler,Cibeunying Kaler,"Kost ini berlokasi dekat dengan jalan raya dengan akses yang hanya bisa dilalui oleh motor/sepeda, berlokasi dekat dengan Warteg Abadi (2.2 km), Alfamart A Yani 419 (1.3 km), Masjid Al Kautsar (2.0 km), Bank Mandiri Bandung Priority Banking Soerapatti (1.5 km), Universitas Padjadjaran Kampus Dipatiukur (1.8 km), RS Umum Santo Borromeus (2.1 km).","3.5 x 2.5 meter, Termasuk listrik","Kasur, Meja, Lemari / Storage, Ventilasi, Jendela, Dapur Pribadi, Bantal, Wastafel","K. Mandi Dalam, Kloset Jongkok, Ember mandi","WiFi, R. Cuci, Penjaga Kos, R. Jemur, Jemuran, Jual Makanan","Parkir Motor, Parkir Sepeda",,https://mamikos.com/room/kost-kota-bandung-kost-campur-eksklusif-kost-muararajeun-lama-2-tipe-a-cibeunying-kaler-bandung?redirection_source=landing%20area,-6.887403628465521,107.62709287991109
Kost Bella Tipe 2 Lengkong Bandung,Putri,Rp1.500.000,1500000,Kecamatan Lengkong,Lengkong,"Kost ini berlokasi dekat dengan jalan raya dengan akses yang hanya bisa dilalui oleh motor/sepeda, berlokasi dekat dengan Warteg Bahari (590 m), Alfamart (3.0 km), Church of Isa Almasih (487 m), Bank BJB - Cabang Utama Bandung (795 m), Universitas Islam Bandung (2.5 km), RS Umum Bungsu (757 m).","2.7 x 2.7 meter, Termasuk listrik","Kasur, Meja, Meja Rias, Lemari / Storage, Ventilasi, Jendela, Cermin, Bantal, Kursi","K. Mandi Dalam, Kloset Duduk, Ember mandi, Shower, Air panas","WiFi, Kulkas, Penjaga Kos, R. Makan, Dapur, Jemuran, CCTV, Balcon, R. Keluarga, TV",Parkir Motor & Sepeda,,https://mamikos.com/room/kost-kota-bandung-kost-putri-eksklusif-kost-bella-tipe-2-lengkong-bandung?redirection_source=landing%20area,-6.933046164634322,107.62645798828675
Kost Aldy Maleer II Tipe B Batununggal Bandung,Putri,Rp750.000,750000,Batununggal,Batununggal,"Kost ini berlokasi dekat dengan jalan raya dengan akses yang hanya bisa dilalui oleh motor/sepeda, berlokasi dekat dengan Warteg Bahari (2.5 km), Alfamart (2.7 km), Gereja Isa Almasih (189 m), Bank BCA KCP Buah Batu (2.0 km), Institut Teknologi Nasional Bandung (3.3 km), RS Mata Bandung Eye Center (1.9 km).","3.4 x 2.4 meter, Termasuk listrik","Kasur, Meja, Meja Rias, Lemari / Storage, Ventilasi, Meja makan, Jendela, Guling, Cermin, Bantal","Kloset Duduk, K. Mandi Luar, Ember mandi, Shower","WiFi, R. Cuci, Kulkas, Mesin Cuci, R. Tamu, R. Jemur, R. Makan, R. Santai, Dispenser, Dapur","Parkir Motor, Parkir Sepeda",,https://mamikos.com/room/kost-kota-bandung-kost-putri-eksklusif-kost-aldy-maleer-ii-tipe-b-batununggal-bandung?redirection_source=landing%20area,-6.926540223552252,107.64067150250499
Kost Angel Mihardja Tipe A Regol Bandung,Putri,Rp1.800.000,1800000,Regol,Regol,"Kost ini berlokasi dekat dengan jalan raya dengan akses yang hanya bisa dilalui oleh motor/sepeda, berlokasi dekat dengan Warteg Bahari (539 m), Circle K (2.6 km), Church of Isa Almasih (657 m), Bank BCA KCP Buah Batu (1.4 km), Universitas Islam Bandung (3.5 km), RS Mata Bandung Eye Center (1.2 km).","3 x 4 meter, Tidak termasuk listrik","AC, Kasur, Meja, Meja Rias, Lemari / Storage, Jendela, Cermin, Bantal, Kursi","K. Mandi Dalam, Kloset Duduk, Ember mandi, Shower, Air panas","WiFi, Kulkas, Penjaga Kos, R. Jemur, Dispenser, Dapur, Jemuran, Pengurus Kos, Jual Makanan, CCTV",Parkir Motor & Sepeda,,https://mamikos.com/room/kost-kota-bandung-kost-putri-eksklusif-kost-angel-mihardja-tipe-a-regol-bandung?redirection_source=landing%20area,-6.938740743907253,107.6119825319127
Kost Muararajeun Lama 1 Tipe A Cibeunying Kaler Bandung,Campur,Rp885.000,885000,Cibeunying Kaler,Cibeunying Kaler,"Kost ini berlokasi dekat dengan jalan raya dengan akses yang hanya bisa dilalui oleh motor/sepeda, berlokasi dekat dengan Rumah Makan Boemi Mitoha (584 m), Alfamart A Yani 419 (1.3 km), Masjid Pusdai (553 m), Universitas Padjadjaran Kampus Dipatiukur (1.8 km), Sinar Abadi Balubur Town Square (2.3 km).","3 x 4 meter, Termasuk listrik","Kasur, Meja, Lemari / Storage, Ventilasi, Jendela, Cermin, Bantal","K. Mandi Dalam, Kloset Duduk, Ember mandi","WiFi, R. Cuci, Penjaga Kos, R. Jemur, Jemuran, Pengurus Kos, CCTV","Parkir Motor, Parkir Sepeda, Parkir Motor & Sepeda",,https://mamikos.com/room/kost-kota-bandung-kost-campur-eksklusif-kost-muararajeun-lama-1-tipe-a-cibeunying-kaler-bandung?redirection_source=landing%20area,-6.885759767738109,107.62801690373426
Kost Albani Regol Bandung,Putri,Rp1.650.001,1650001,Kecamatan Regol,Regol,"Kost ini berlokasi dekat dengan jalan raya dengan akses yang hanya bisa dilalui oleh motor/sepeda, berlokasi dekat dengan Warteg Bahari (884 m), Circle K (867 m), Church of Isa Almasih (726 m), Institut Seni Budaya Indonesia Bandung (2.3 km), RSU Bhayangkara Tk II Sartika Asih (2.5 km), Bandung Electronic Center (2.9 km).","2.9 x 2.2 meter, Termasuk listrik","AC, Kasur, Meja, Lemari / Storage, Ventilasi, Jendela, Guling, Cermin, Bantal, Kipas Angin","K. Mandi Dalam, Kloset Duduk, Ember mandi, Shower","WiFi, Kulkas, R. Jemur, Dapur, Jemuran, Pengurus Kos, Rooftop, Balcon","Parkir Motor, Parkir Sepeda, Parkir Motor & Sepeda",,https://mamikos.com/room/kost-kota-bandung-kost-putri-eksklusif-kost-albani-regol-bandung?redirection_source=landing%20area,-6.93819573164783,107.61291290901262
Kost Casa De Suno Exclusive Cicendo Bandung,Campur,Rp3.000.000,3000000,Cicendo,Cicendo,"Kost ini berlokasi dekat dengan jalan raya dengan akses yang hanya bisa dilalui oleh motor/sepeda, berlokasi dekat dengan Warteg Abadi (979 m), Alfamart (651 m), Masjid Al Asy'ari Unisba (686 m), Bank BJB - Kantor Cabang Tamansari (744 m), Universitas Islam Bandung (685 m), RS Umum Melinda 2 (524 m).","4 x 4 meter, Tidak termasuk listrik","AC, Kasur, Meja, Lemari / Storage, Jendela, Guling, Cermin, Bantal, Wastafel, Kursi","K. Mandi Dalam, Kloset Duduk, Wastafel, Shower, Air panas","WiFi, Kulkas, Penjaga Kos, R. Jemur, R. Makan, Mushola, R. Santai, Dapur, Jemuran, CCTV","Parkir Mobil, Parkir Motor",,https://mamikos.com/room/kost-kota-bandung-kost-campur-eksklusif-kost-casa-de-suno-exclusive-cicendo-bandung?redirection_source=landing%20area,-6.899812241578868,107.58883417345372
Kost Samsudin Regol Bandung,Putri,Rp1.300.000,1300000,Regol,Regol,"Kost ini berlokasi dekat dengan jalan raya dengan akses yang hanya bisa dilalui oleh motor/sepeda, berlokasi dekat dengan Church of Isa Almasih (901 m), Institut Seni Budaya Indonesia Bandung (2.4 km), RSU Bhayangkara Tk II Sartika Asih (2.4 km), Bandung Electronic Center (3.0 km).","3 x 4 meter, Termasuk listrik","Kasur, Meja, Lemari / Storage, Jendela, Cermin, Bantal, Kursi","K. Mandi Dalam, Kloset Duduk, Ember mandi, Shower","WiFi, Kulkas, R. Jemur, Dapur, Jemuran, Pengurus Kos, Rooftop","Parkir Mobil, Parkir Motor, Parkir Sepeda",,https://mamikos.com/room/kost-kota-bandung-kost-putri-eksklusif-kost-samsudin-regol-bandung?redirection_source=landing%20area,-6.940555551764516,107.61386256869059
Kost Berkat Lengkong Bandung,Putri,Rp900.000,900000,Kecamatan Lengkong,Lengkong,"Kost ini berlokasi dekat dengan jalan raya dengan akses yang hanya bisa dilalui oleh motor/sepeda, berlokasi dekat dengan Warteg Bahari (540 m), Alfamart A Yani 419 (3.1 km), Church of Isa Almasih (430 m), Bank BJB - Cabang Utama Bandung (821 m), Universitas Islam Bandung (2.6 km), RS Umum Bungsu (805 m).","3.5 x 4 meter, Tidak termasuk listrik","Kasur, Meja, Meja Rias, Lemari / Storage, Wastafel, Kursi","K. Mandi Dalam, Kloset Duduk, Wastafel, Shower",R. Jemur,"Parkir Motor, Parkir Sepeda",,https://mamikos.com/room/kost-kota-bandung-kost-putri-murah-kost-berkat-lengkong-bandung?redirection_source=landing%20area,-6.933051284461098,107.62795009150413
Kost Anton Tipe B Lengkong Bandung,Campur,Rp1.300.000,1300000,Lengkong,Lengkong,"Kost ini berlokasi dekat dengan jalan raya dengan akses yang hanya bisa dilalui oleh motor/sepeda, berlokasi dekat dengan Warteg Bahari (683 m), Alfamart (2.9 km), Church In Bandung (409 m), Bank BJB - Cabang Utama Bandung (876 m), Universitas Islam Bandung (2.5 km), RS Umum Bungsu (743 m).","3.6 x 2.4 meter, Tidak termasuk listrik","Kasur, Meja, TV, Lemari / Storage, Kulkas, Ventilasi, Meja makan, Jendela, Cermin, Bantal","K. Mandi Dalam, Kloset Duduk, Kloset Jongkok, K. Mandi Luar, Ember mandi, Shower","WiFi, Kulkas, Laundry, R. Tamu, Penjaga Kos, R. Jemur, R. Makan, R. Santai, Dispenser, Dapur","Parkir Motor, Parkir Sepeda",,https://mamikos.com/room/kost-kota-bandung-kost-campur-eksklusif-kost-anton-tipe-b-lengkong-bandung-2?redirection_source=landing%20area,-6.93276464434449,107.62678171085236
Kost Mania Regol Bandung,Campur,Rp1.600.000,1600000,Kecamatan Regol,Regol,"Kost ini berlokasi dekat dengan jalan raya dengan akses yang hanya bisa dilalui oleh motor/sepeda, berlokasi dekat dengan Warteg Jaya Bahari (526 m), Circle K (846 m), Gereja Kristen Kalam Kudus Pasundan (494 m), Institut Seni Budaya Indonesia Bandung (3.1 km), RSU Bhayangkara Tk II Sartika Asih (3.3 km), Bandung Electronic Center (2.3 km).","3 x 3 meter, Termasuk listrik","Kasur, Meja, TV, Lemari / Storage, Meja makan","K. Mandi Dalam, Kloset Duduk, Kloset Jongkok, Ember mandi, Shower, Air panas","WiFi, R. Cuci, Kulkas, Mesin Cuci, R. Tamu, Penjaga Kos, R. Jemur, R. Makan, R. Santai, Dispenser","Parkir Motor, Parkir Sepeda, Parkir Motor & Sepeda",,https://mamikos.com/room/kost-kota-bandung-kost-campur-eksklusif-kost-mania-regol-bandung-2?redirection_source=landing%20area,-6.9398189368378755,107.61342934243957
Kost Maleo Sumur Bandung Bandung,Putri,Rp600.000,600000,Kecamatan Sumur Bandung,Sumur Bandung,"Kost ini berlokasi dekat dengan jalan raya dengan akses yang hanya bisa dilalui oleh motor/sepeda, berlokasi dekat dengan Rumah Makan Kapau Jaya (872 m), Circle K (3.2 km), Masjid Al Asy'ari Unisba (670 m), Bank Permata (465 m), Universitas Islam Bandung (706 m), RS Ibu dan Anak Limijati (814 m).","3 x 3 meter, Termasuk listrik","Kasur, Meja, Lemari / Storage, Jendela, Guling, Cermin, Bantal","Kloset Duduk, Kloset Jongkok, K. Mandi Luar, Ember mandi, Bak mandi","WiFi, R. Cuci, R. Jemur, Pengurus Kos, K. Mandi Luar","Parkir Motor, Parkir Sepeda",,https://mamikos.com/room/kost-kota-bandung-kost-putri-murah-kost-maleo-sumur-bandung-bandung?redirection_source=landing%20area,-6.913733582450638,107.61655161879456
Kost Terusan Cisokan Cibeunying Kaler Bandung,Putri,Rp1.350.000,1350000,Cibeunying Kaler,Cibeunying Kaler,"Kost ini berlokasi dekat dengan jalan raya dengan akses yang hanya bisa dilalui oleh motor/sepeda, berlokasi dekat dengan Rumah Makan Boemi Mitoha (804 m), Alfamart A Yani 419 (1.1 km), Masjid Pusdai (834 m), Institut Teknologi Nasional Bandung (652 m), Sinar Abadi Balubur Town Square (2.6 km).","3 x 4 meter, Tidak termasuk listrik","Kasur, Meja, Lemari / Storage, Kursi","K. Mandi Dalam, Kloset Duduk, Shower, Air panas","WiFi, Kulkas, Mesin Cuci, R. Jemur, R. Makan, R. Santai, Dapur, TV",Parkir Motor,,https://mamikos.com/room/kost-kota-bandung-kost-putri-eksklusif-kost-terusan-cisokan-cibeunying-kaler-bandung-2?redirection_source=landing%20area,-6.886592859509134,107.63096702829692
Kost Sitimunigar Reguler Ac Astanaanyar Bandung,Campur,Rp1.500.000,1500000,Kecamatan Astanaanyar,Astanaanyar,"Kost ini berlokasi dekat dengan jalan raya dengan akses masuk mobil, berlokasi dekat dengan Warteg Bahari (1.5 km), Alfamart (2.8 km), Church of Isa Almasih (1.1 km), Bank BJB - Cabang Utama Bandung (1.3 km), Universitas Islam Bandung (2.9 km), RS Umum Bungsu (1.6 km).","3 x 3 meter, Tidak termasuk listrik","AC, Kasur, Meja, Lemari / Storage, Jendela, Kursi","K. Mandi Dalam, Kloset Duduk, Ember mandi, Shower","WiFi, Kulkas, Laundry, Penjaga Kos, R. Jemur, R. Makan, R. Santai, Dapur, Pengurus Kos, CCTV","Parkir Motor, Parkir Motor & Sepeda",,https://mamikos.com/room/kost-kota-bandung-kost-campur-eksklusif-kost-sitimunigar-reguler-ac-astanaanyar-bandung-2?redirection_source=landing%20area,-6.937390225670387,107.6044335017566
Kost Otto Residence Tipe A Astanaanyar Bandung,Campur,Rp1.800.000,1800000,Astanaanyar,Astanaanyar,"Kost ini berlokasi dekat dengan jalan raya dengan akses yang hanya bisa dilalui oleh motor/sepeda, berlokasi dekat dengan Warteg Jaya Bahari (211 m), Circle K (534 m), Masjid Raya Bandung (446 m), Bank BJB - Cabang Utama Bandung (905 m), Institut Seni Budaya Indonesia Bandung (3.4 km), Bandung Electronic Center (2.0 km).","4 x 4 meter, Tidak termasuk listrik","AC, Kasur, Meja, Meja Rias, Lemari / Storage, Ventilasi, Jendela, Cermin, Bantal, Wastafel","K. Mandi Dalam, Kloset Duduk, Wastafel, Shower, Air panas","WiFi, R. Jemur, Dapur","Parkir Motor, Parkir Sepeda",,https://mamikos.com/room/kost-kota-bandung-kost-campur-eksklusif-kost-otto-residence-tipe-a-astanaanyar-bandung?redirection_source=landing%20area,-6.939649874569502,107.60289970938696
Kost Bengawan 83 Tipe B Bandung Wetan Bandung,Campur,Rp1.350.000,1350000,Bandung Wetan,Bandung Wetan,"Kost ini berlokasi dekat dengan jalan raya dengan akses yang hanya bisa dilalui oleh motor/sepeda, berlokasi dekat dengan Rumah Makan Boemi Mitoha (746 m), Alfamart A Yani 419 (988 m), Masjid Al Jihad (748 m), Bank BJB Weekend Banking (554 m), Universitas Padjadjaran Kampus Dipatiukur (2.4 km), RS Ibu dan Anak Limijati (1.9 km).","3.5 x 3.5 meter, Termasuk listrik","Kasur, Meja, Lemari / Storage, Ventilasi, Jendela, Cermin, Bantal, Kursi, Kipas Angin, Cleaning service","Kloset Duduk, K. Mandi Luar, Shower, Air panas","WiFi, R. Cuci, Kulkas, Mesin Cuci, R. Tamu, Penjaga Kos, R. Jemur, R. Makan, R. Santai, Dispenser","Parkir Mobil, Parkir Motor, Parkir Sepeda",,https://mamikos.com/room/kost-kota-bandung-kost-campur-eksklusif-kost-bengawan-83-tipe-b-bandung-wetan-bandung-2?redirection_source=landing%20area,-6.903502530229376,107.61589608939788
Kost Kelinci 11 AC Lengkong Bandung,Campur,Rp1.250.000,1250000,Kecamatan Lengkong,Lengkong,"Kost ini berlokasi dekat dengan jalan raya dengan akses masuk mobil, berlokasi dekat dengan Warteg Bahari (439 m), Alfamart A Yani 419 (3.2 km), Masjid Jami Nurul Falah (439 m), CIMB Niaga (Buah Batu) (697 m), Akademi Sekretari Dan Manajemen BSI Bandung (318 m), RS Umum Muhammadiyah (430 m).","3 x 3 meter, Tidak termasuk listrik","AC, Kasur, Meja, Lemari / Storage, Kursi","K. Mandi Dalam, Kloset Duduk","WiFi, R. Cuci, Kulkas, R. Tamu, Penjaga Kos, R. Jemur, Dispenser, Dapur, CCTV","Parkir Motor, Parkir Sepeda",,https://mamikos.com/room/kost-kota-bandung-kost-campur-eksklusif-kost-kelinci-11-ac-lengkong-bandung-2?redirection_source=landing%20area,-6.932383998102552,107.62695072471435
Kost Ibu Fany Saad Tipe Sedang Sumur Bandung,Putri,Rp1.300.000,1300000,Kecamatan Sumur Bandung,Sumur Bandung,"Kost ini berlokasi dekat dengan jalan raya dengan akses yang hanya bisa dilalui oleh motor/sepeda, berlokasi dekat dengan Warteg Bahari (1.2 km), Alfamart (2.6 km), Church In Bandung (606 m), Bank BJB - Cabang Utama Bandung (478 m), Universitas Islam Bandung (1.9 km), RS Umum Bungsu (201 m).","3 x 4 meter, Termasuk listrik","Meja, Lemari / Storage, Jendela","K. Mandi Dalam, Kloset Jongkok, Ember mandi, Shower, Air panas","WiFi, R. Cuci, Kulkas, Mesin Cuci, Laundry, R. Tamu, R. Jemur, R. Makan, R. Santai, Dispenser",,,https://mamikos.com/room/kost-kota-bandung-kost-putri-eksklusif-kost-ibu-fany-saad-tipe-sedang-sumur-bandung-bandung?redirection_source=landing%20area,-6.914085595031528,107.61897497284515
Kost Pandawa Jl Masjid At Taufiq Batununggal Bandung,Putra,Rp750.000,750000,Kecamatan Batununggal,Batununggal,"Kost ini berlokasi dekat dengan jalan raya dengan akses yang hanya bisa dilalui oleh motor/sepeda, berlokasi dekat dengan Warteg Berkah Bahari (407 m), Alfamart A Yani 419 (2.7 km), Gereja Katolik Hati Tak Bernoda Santa Perawan Maria (1.5 km), Sekolah Tinggi Ilmu Ekonomi Pasundan (421 m).","3 x 3 meter, Termasuk listrik","Kasur, Meja, Lemari / Storage, Ventilasi, Jendela","Kloset Jongkok, K. Mandi Luar, Ember mandi","WiFi, Dapur, Jemuran, K. Mandi Luar","Parkir Motor, Parkir Sepeda",,https://mamikos.com/room/kost-kota-bandung-kost-putra-murah-kost-pandawa-jl-masjid-at-taufiq-batununggal-bandung?redirection_source=landing%20area,-6.927347082411909,107.63985835015167
Kost Sitimunigar Reguler Astanaanyar Bandung,Campur,Rp1.300.000,1300000,Kecamatan Astanaanyar,Astanaanyar,"Kost ini berlokasi dekat dengan jalan raya dengan akses masuk mobil, berlokasi dekat dengan Warteg Bahari (1.5 km), Alfamart (2.8 km), Church of Isa Almasih (1.1 km), Bank BJB - Cabang Utama Bandung (1.3 km), Universitas Islam Bandung (2.9 km), RS Umum Bungsu (1.6 km).","3 x 3 meter, Tidak termasuk listrik","Kasur, Meja, Lemari / Storage, Jendela, Kursi","K. Mandi Dalam, Kloset Duduk, Ember mandi, Shower","WiFi, Laundry, Penjaga Kos, R. Makan, R. Santai, Dapur, Pengurus Kos, CCTV, Balcon, R. Keluarga","Parkir Motor, Parkir Motor & Sepeda",,https://mamikos.com/room/kost-kota-bandung-kost-campur-eksklusif-kost-sitimunigar-reguler-astanaanyar-bandung?redirection_source=landing%20area,-6.939799448409486,107.60439369865796
Kost Crysant House Tipe B Cibeunying Kaler Bandung,Campur,Rp1.350.000,1350000,Cibeunying Kaler,Cibeunying Kaler,"Kost ini berlokasi dekat dengan jalan raya dengan akses yang hanya bisa dilalui oleh motor/sepeda, berlokasi dekat dengan Warteg Abadi (2.2 km), Alfamart (854 m), Christian Church Pasundan Awiligar (2.2 km), Bank BJB Weekend Banking (1.3 km), Institut Teknologi Nasional Bandung (724 m), RS Ibu dan Anak Al Islam (1.5 km).","3 x 4 meter, Tidak termasuk listrik","Kasur, Meja, Lemari / Storage, Ventilasi, Jendela, Kursi","K. Mandi Dalam, Kloset Duduk, Wastafel, Shower, Air panas","WiFi, Penjaga Kos, R. Jemur, R. Santai, Dapur, Jemuran, Pengurus Kos, CCTV, Joglo","Parkir Mobil, Parkir Motor, Parkir Sepeda",,https://mamikos.com/room/kost-kota-bandung-kost-campur-eksklusif-kost-crysant-house-tipe-b-cibeunying-kaler-bandung?redirection_source=landing%20area,-6.885306158619951,107.62736557578876
Kost Mudita Kasih Executive Cicendo Bandung,Campur,Rp1.850.000,1850000,Kecamatan Cicendo,Cicendo,"Kost ini berlokasi dekat dengan jalan raya dengan akses yang hanya bisa dilalui oleh motor/sepeda, berlokasi dekat dengan Warteg Abadi (1.0 km), Alfamart (1.2 km), Masjid Al Asy'ari Unisba (749 m), Bank BJB - Kantor Cabang Tamansari (803 m), Universitas Islam Bandung (777 m), RS Umum Melinda 2 (701 m).","3 x 4 meter, Tidak termasuk listrik","Kasur, Meja, Ventilasi, Jendela, Guling, Cermin, Bantal, Kursi","K. Mandi Dalam, Kloset Duduk, Ember mandi, Shower, Air panas","WiFi, Kulkas, Mesin Cuci, R. Jemur, Dapur, Jemuran, CCTV",Parkir Motor & Sepeda,,https://mamikos.com/room/kost-kota-bandung-kost-campur-eksklusif-kost-mudita-kasih-executive-cicendo-bandung?redirection_source=landing%20area,-6.903396744227508,107.58664282255386
Kost Tegalega 249 Astanaanyar Bandung,Campur,Rp900.000,900000,Kecamatan Astanaanyar,Astanaanyar,"Kost ini berlokasi dekat dengan jalan raya dengan akses yang hanya bisa dilalui oleh motor/sepeda, berlokasi dekat dengan Rumah Makan Cikawao (1.6 km), Circle K (1.6 km), Gereja Kristen Kalam Kudus Pasundan (1.2 km), Citibank Indonesia (2.2 km), Sekolah Tinggi Ilmu Kesehatan Immanuel Bandung (723 m), RS Umum Bungsu (2.3 km).","3 x 4 meter, Tidak termasuk listrik","Kasur, Lemari / Storage",Kloset Jongkok,"WiFi, Penjaga Kos, Jemuran, Pengurus Kos, CCTV, Taman",Parkir Motor,,https://mamikos.com/room/kost-kota-bandung-kost-campur-murah-kost-tegalega-249-astanaanyar-bandung?redirection_source=landing%20area,-6.937919252995619,107.60210733760326
Kost Pondok Umi Asiyah Tipe A Lengkong Bandung,Putri,Rp850.000,850000,Kecamatan Lengkong,Lengkong,"Kost ini berlokasi dekat dengan jalan raya dengan akses yang hanya bisa dilalui oleh motor/sepeda, berlokasi dekat dengan Warteg Bahari (81 m), Alfamart A Yani 419 (3.4 km), Church of Isa Almasih (348 m), Bank BJB - Cabang Utama Bandung (1.3 km), Universitas Islam Bandung (3.0 km), RS Umum Bungsu (1.3 km).","3 x 2.5 meter, Termasuk listrik","Kasur, Meja, Lemari / Storage, Jendela, Guling, Cermin, Bantal, Kursi","Kloset Duduk, Kloset Jongkok, Ember mandi, Shower, Air panas","WiFi, Kulkas, R. Tamu, R. Jemur, Dapur, Jemuran, Pengurus Kos, CCTV, TV",Parkir Motor,,https://mamikos.com/room/kost-kota-bandung-kost-putri-murah-kost-pondok-umi-asiyah-tipe-a-lengkong-bandung-2?redirection_source=landing%20area,-6.935705232673796,107.62655025777543
Kost Bu Enita Cibeunying Kaler Bandung,Campur,Rp550.000,550000,Cibeunying Kaler,Cibeunying Kaler,"Kost ini berlokasi dekat dengan jalan raya dengan akses yang hanya bisa dilalui oleh motor/sepeda, berlokasi dekat dengan Rumah Makan Pondok (796 m), Alfamart Bojong Koneng (1.5 km), Masjid Pusdai (569 m), Universitas Padjadjaran Kampus Dipatiukur (1.6 km), Sinar Abadi Balubur Town Square (2.3 km).","3 x 5 meter, Termasuk listrik","Kasur, Lemari / Storage, Jendela, Cleaning service","Kloset Jongkok, K. Mandi Luar, Ember mandi, Bak mandi","R. Cuci, Penjaga Kos, Mushola, Dapur, Pengurus Kos, K. Mandi Luar","Parkir Motor, Parkir Sepeda",,https://mamikos.com/room/kost-kota-bandung-kost-campur-murah-kost-bu-enita-cibeunying-kaler-bandung?redirection_source=landing%20area,-6.888060484663469,107.63053545657729
Kost Samping Trans Studio Mall Batununggal Bandung,Campur,Rp850.000,850000,Batununggal,Batununggal,"Kost ini berlokasi dekat dengan jalan raya dengan akses yang hanya bisa dilalui oleh motor/sepeda, berlokasi dekat dengan Warteg Berkah Bahari (742 m), Alfamart A Yani 419 (1.8 km), Masjid Al Jihad (1.1 km), Sekolah Tinggi Ilmu Ekonomi Pasundan (695 m).","3 x 3 meter, Termasuk listrik","Kasur, Dispenser, Lemari / Storage, Ventilasi, Jendela, Kursi","Kloset Jongkok, K. Mandi Luar, Wastafel, Bak mandi","WiFi, R. Tamu, R. Jemur, R. Santai, Dispenser, Dapur, Jemuran, Pengurus Kos, CCTV, Balcon","Parkir Motor, Parkir Sepeda",,https://mamikos.com/room/kost-kota-bandung-kost-campur-murah-kost-samping-trans-studio-mall-batununggal-bandung-2?redirection_source=landing%20area,-6.927063751675469,107.64124114428924
Kost Neo Lengkong Bandung,Campur,Rp1.100.000,1100000,Lengkong,Lengkong,"Kost ini berlokasi dekat dengan jalan raya dengan akses yang hanya bisa dilalui oleh motor/sepeda, berlokasi dekat dengan Rumah Makan Cikawao (402 m), Alfamart A Yani 419 (3.2 km), Church of Isa Almasih (555 m), Citibank Indonesia (341 m), Universitas Padjadjaran Kampus Dipatiukur (3.4 km), RS Umum Bungsu (580 m).","3 x 4 meter, Tidak termasuk listrik","Kasur, Lemari / Storage, Ventilasi, Jendela, Cermin","K. Mandi Dalam, Kloset Duduk, Ember mandi, Shower","WiFi, R. Jemur, Dapur, Jemuran, Pengurus Kos, Balcon",Parkir Motor,,https://mamikos.com/room/kost-kota-bandung-kost-campur-eksklusif-kost-neo-lengkong-bandung-2?redirection_source=landing%20area,-6.9351786153837045,107.62446117954373
Kost Haga House 2 Regol Bandung,Campur,Rp1.350.000,1350000,Kecamatan Regol,Regol,"Kost ini berlokasi dekat dengan jalan raya dengan akses yang hanya bisa dilalui oleh motor/sepeda, berlokasi dekat dengan Rumah Makan Cikawao (886 m), Circle K (1.0 km), Gereja Kristen Kalam Kudus Pasundan (552 m), Citibank Indonesia (1.5 km), Universitas Islam Bandung (3.1 km), RS Umum Muhammadiyah (1.8 km).","3 x 4 meter, Tidak termasuk listrik","Kasur, Meja, Lemari / Storage, Ventilasi, Jendela, Guling, Bantal, TV Kabel, Wastafel, Kipas Angin","K. Mandi Dalam, Kloset Duduk, Kloset Jongkok, Wastafel, Ember mandi, Shower","WiFi, Kulkas, R. Tamu, R. Jemur, Mushola, R. Santai, Dapur, Jemuran, CCTV, TV",Parkir Motor,,https://mamikos.com/room/kost-kota-bandung-kost-campur-eksklusif-kost-haga-house-2-regol-bandung-2?redirection_source=landing%20area,-6.940683853388929,107.61178829695275
Kost Otto Residence Tipe E Astanaanyar Bandung,Campur,Rp1.700.000,1700000,Astanaanyar,Astanaanyar,"Kost ini berlokasi dekat dengan jalan raya dengan akses yang hanya bisa dilalui oleh motor/sepeda, berlokasi dekat dengan Warteg Jaya Bahari (211 m), Circle K (534 m), Masjid Raya Bandung (446 m), Bank BJB - Cabang Utama Bandung (905 m), Institut Seni Budaya Indonesia Bandung (3.4 km), Bandung Electronic Center (2.0 km).","4 x 4 meter, Tidak termasuk listrik","Kasur, Meja, Meja Rias, Lemari / Storage, Wastafel, Kursi","K. Mandi Dalam, Kloset Duduk, Wastafel, Shower, Air panas","R. Jemur, Dapur",Parkir Motor,,https://mamikos.com/room/kost-kota-bandung-kost-campur-eksklusif-kost-otto-residence-tipe-e-astanaanyar-bandung?redirection_source=landing%20area,-6.938698500843888,107.6044079401912
Kost Sazara Cibeunying Kidul Bandung,Putri,Rp1.000.000,1000000,Cibeunying Kidul,Cibeunying Kidul,"Kost ini berlokasi dekat dengan jalan raya dengan akses yang hanya bisa dilalui oleh motor/sepeda, berlokasi dekat dengan Alfamart Bojong Koneng (944 m), Christian Church Pasundan Awiligar (2.1 km), Institut Teknologi Nasional Bandung (234 m), Sinar Abadi Balubur Town Square (3.0 km).","3 x 4 meter, Termasuk listrik","Kasur, Meja, Lemari / Storage, Jendela, Bantal","K. Mandi Dalam, Kloset Jongkok, K. Mandi Luar, Ember mandi","WiFi, R. Cuci, Kulkas, Penjaga Kos, R. Jemur, Mushola, Dapur, Jemuran, CCTV, Balcon","Parkir Mobil, Parkir Motor, Parkir Sepeda, Parkir Motor & Sepeda",,https://mamikos.com/room/kost-kota-bandung-kost-putri-murah-kost-sazara-cibeunying-kidul-bandung-2?redirection_source=landing%20area,-6.898012263336933,107.64962845914465
Kost Gajah Sebelas Lengkong Bandung,Campur,Rp3.499.999,3499999,Kecamatan Lengkong,Lengkong,"Kost ini berlokasi dekat dengan jalan raya dengan akses yang hanya bisa dilalui oleh motor/sepeda, berlokasi dekat dengan Warteg Bahari (695 m), Circle K (3.1 km), Church of Isa Almasih (1.1 km), Bank BCA KCP Buah Batu (852 m), Akademi Sekretari Dan Manajemen BSI Bandung (320 m), RS Umum Bungsu (1.9 km).","5 x 4.5 meter, Tidak termasuk listrik","AC, Kasur, Lemari / Storage, Jendela, Cermin, Bantal, Kursi","K. Mandi Dalam, Kloset Duduk, Shower, Air panas","WiFi, Penjaga Kos, Pengurus Kos, Jual Makanan, CCTV, Balcon, TV","Parkir Mobil, Parkir Motor",,https://mamikos.com/room/kost-kota-bandung-kost-campur-eksklusif-kost-gajah-sebelas-lengkong-bandung-2?redirection_source=landing%20area,-6.935284694002148,107.62713471014297
Kost Barokah 32 Tipe Ac Astanaanyar Bandung,Campur,Rp1.950.000,1950000,Kecamatan Astanaanyar,Astanaanyar,"Kost ini berlokasi dekat dengan jalan raya dengan akses yang hanya bisa dilalui oleh motor/sepeda, berlokasi dekat dengan Rumah Makan Cikawao (1.3 km), Circle K (1.4 km), Gereja Kristen Kalam Kudus Pasundan (796 m), Bank DBS Indonesia - Djuanda (2.8 km), Universitas Islam Bandung (3.0 km), RS Ibu dan Anak Kota Bandung (163 m).","3 x 7 meter, Tidak termasuk listrik","AC, Kasur, Lemari / Storage, Ventilasi, Jendela, Dapur Pribadi","K. Mandi Dalam, Kloset Duduk, Ember mandi","R. Cuci, Penjaga Kos, R. Jemur, Dapur, Jemuran, Pengurus Kos, K. Mandi Luar",Parkir Motor,,https://mamikos.com/room/kost-kota-bandung-kost-campur-eksklusif-kost-barokah-32-tipe-ac-astanaanyar-bandung-1?redirection_source=landing%20area,-6.938918205246751,107.60297119005676
Kost Sitimunigar Executive Ac Astanaanyar Bandung,Campur,Rp1.700.000,1700000,Kecamatan Astanaanyar,Astanaanyar,"Kost ini berlokasi dekat dengan jalan raya dengan akses masuk mobil, berlokasi dekat dengan Warteg Bahari (1.5 km), Alfamart (2.8 km), Church of Isa Almasih (1.1 km), Bank BJB - Cabang Utama Bandung (1.3 km), Universitas Islam Bandung (2.9 km), RS Umum Bungsu (1.6 km).","4 x 4 meter, Tidak termasuk listrik","AC, Kasur, Meja, Lemari / Storage, Ventilasi, Guling, Bantal, Kursi","K. Mandi Dalam, Kloset Duduk, Ember mandi, Shower","WiFi, Laundry, Penjaga Kos, R. Makan, R. Santai, Dapur, Pengurus Kos, CCTV, Balcon, R. Keluarga","Parkir Motor, Parkir Motor & Sepeda",,https://mamikos.com/room/kost-kota-bandung-kost-campur-eksklusif-kost-sitimunigar-executive-ac-astanaanyar-bandung?redirection_source=landing%20area,-6.9397469819710915,107.60283859137726
Kost Rania Modern Tipe A1 Regol Bandung,Putri,Rp950.000,950000,Regol,Regol,"Kost ini berlokasi dekat dengan jalan raya dengan akses yang hanya bisa dilalui oleh motor/sepeda, berlokasi dekat dengan Warteg Bahari (876 m), Alfamart (3.2 km), Church of Isa Almasih (449 m), Bank BJB - Cabang Utama Bandung (723 m), Universitas Islam Bandung (2.5 km), RS Umum Bungsu (984 m).","3 x 3 meter, Tidak termasuk listrik","Kasur, Meja, Lemari / Storage, Ventilasi, Jendela, Guling, Cermin, Bantal, Kursi, Kipas Angin","K. Mandi Dalam, Kloset Duduk, Shower","WiFi, R. Jemur, Dispenser, Dapur, Jemuran, Pengurus Kos, K. Mandi Luar","Parkir Motor, Parkir Sepeda",,https://mamikos.com/room/kost-kota-bandung-kost-putri-murah-kost-rania-modern-tipe-a1-regol-bandung-2?redirection_source=landing%20area,-6.940865047816385,107.61381627134911
Kost Adipati 10 Bandung Wetan Bandung,Putri,Rp2.000.000,2000000,Kecamatan Bandung Wetan,Bandung Wetan,"Kost ini berlokasi dekat dengan jalan raya dengan akses yang hanya bisa dilalui oleh motor/sepeda, berlokasi dekat dengan Warteg Abadi (547 m), Alfamart A Yani 419 (3.0 km), Masjid Al-Muttaqin (Gedung Sate) (451 m), Bank Mandiri Bandung Priority Banking Soerapatti (252 m), Universitas Padjadjaran Kampus Dipatiukur (779 m), RS Umum Santo Borromeus (663 m).","3 x 3 meter, Termasuk listrik","Kasur, Meja, Lemari / Storage, Ventilasi, Jendela, Cermin, Bantal, Kursi","K. Mandi Dalam, Kloset Duduk, Wastafel, Shower, Air panas","WiFi, Kulkas, Mesin Cuci, R. Jemur, R. Makan, Dispenser, Dapur, Jemuran, Rice Cooker, Pengurus Kos","Parkir Motor, Parkir Sepeda",,https://mamikos.com/room/kost-kota-bandung-kost-putri-eksklusif-kost-adipati-10-bandung-wetan-bandung-2?redirection_source=landing%20area,-6.903375923068335,107.61589714298435
Kost Palapa Cibeunying Kidul Bandung,Putra,Rp1.100.000,1100000,Kecamatan Cibeunying Kidul,Cibeunying Kidul,"Kost ini berlokasi dekat dengan jalan raya dengan akses yang hanya bisa dilalui oleh motor/sepeda, berlokasi dekat dengan Rumah Makan Boemi Mitoha (760 m), Alfamart A Yani 419 (791 m), Masjid Al Jihad (985 m), Bank BJB Weekend Banking (791 m), Universitas Padjadjaran Kampus Dipatiukur (2.4 km), RS Ibu dan Anak Al Islam (751 m).","3 x 4 meter, Termasuk listrik","Kasur, Lemari / Storage","K. Mandi Dalam, Kloset Jongkok, Ember mandi, Shower","R. Jemur, Jemuran, CCTV, Balcon, K. Mandi Luar",Parkir Motor,,https://mamikos.com/room/kost-kota-bandung-kost-putra-eksklusif-kost-palapa-cibeunying-kidul-bandung?redirection_source=landing%20area,-6.898303572915204,107.64972166474286
Kost Maleer 14 Tipe A Batununggal Bandung,Putri,Rp1.500.000,1500000,Batununggal,Batununggal,"Kost ini berlokasi dekat dengan jalan raya dengan akses yang hanya bisa dilalui oleh motor/sepeda, berlokasi dekat dengan Rumah Makan Amanah (744 m), Alfamart A Yani 419 (1.7 km), Masjid Al Jihad (1.2 km), Sekolah Tinggi Ilmu Ekonomi Pasundan (784 m).","4 x 6 meter, Termasuk listrik","Kasur, Lemari / Storage","K. Mandi Dalam, Kloset Duduk, Ember mandi, Shower, Air panas, Bak mandi","WiFi, Kulkas, R. Tamu, Penjaga Kos, R. Jemur, Dispenser, Dapur, Balcon, Taman","Parkir Mobil, Parkir Motor, Parkir Sepeda",,https://mamikos.com/room/kost-kota-bandung-kost-putri-eksklusif-kost-maleer-14-tipe-a-batununggal-bandung?redirection_source=landing%20area,-6.928644635082758,107.63966554923047
Kost Lilia Cozy Room Deluxe Astanaanyar Bandung,Putri,Rp1.400.000,1400000,Kecamatan Astanaanyar,Astanaanyar,"Kost ini berlokasi dekat dengan jalan raya dengan akses yang hanya bisa dilalui oleh motor/sepeda, berlokasi dekat dengan Warteg Bahari (1.6 km), Alfamart (2.7 km), Church of Isa Almasih (1.2 km), Bank BJB - Cabang Utama Bandung (1.4 km), Universitas Islam Bandung (3.0 km), RS Umum Bungsu (1.8 km).","2.7 x 2.8 meter, Tidak termasuk listrik","Kasur, Meja, Lemari / Storage, Ventilasi, Jendela, Bantal, Kursi","Kloset Duduk, K. Mandi Luar, Wastafel, Ember mandi, Shower","WiFi, R. Cuci, Kulkas, Laundry, R. Tamu, Penjaga Kos, R. Jemur, Dapur, Jemuran, Pengurus Kos","Parkir Motor, Parkir Sepeda, Parkir Motor & Sepeda",,https://mamikos.com/room/kost-kota-bandung-kost-putri-eksklusif-kost-lilia-cozy-room-deluxe-astanaanyar-bandung?redirection_source=landing%20area,-6.936851675555617,107.6025513857206
Kost Haga House 1 Tipe A Regol Bandung,Campur,Rp1.000.000,1000000,Regol,Regol,"Kost ini berlokasi dekat dengan jalan raya dengan akses yang hanya bisa dilalui oleh motor/sepeda, berlokasi dekat dengan Warteg Bahari (1.1 km), Circle K (1.0 km), Church of Isa Almasih (730 m), Bank BJB - Cabang Utama Bandung (1.3 km), Universitas Islam Bandung (3.1 km), RS Umum Bungsu (1.6 km).","3 x 4 meter, Termasuk listrik","Kasur, Meja, Ventilasi, Jendela, Guling, Bantal, Wastafel","K. Mandi Dalam, Kloset Duduk, Kloset Jongkok, Wastafel, Ember mandi, Shower","WiFi, Kulkas, R. Tamu, R. Jemur, Mushola, R. Santai, Dapur, Jemuran, Pengurus Kos, CCTV",Parkir Motor,,https://mamikos.com/room/kost-kota-bandung-kost-campur-murah-kost-haga-house-1-tipe-a-regol-bandung-2?redirection_source=landing%20area,-6.93940857958588,107.61303966229967
Kost Nangkasuni 47F Tipe A Bandung Wetan Bandung,Putri,Rp515.000,515000,Kecamatan Bandung Wetan,Bandung Wetan,"Kost ini berlokasi dekat dengan jalan raya dengan akses yang hanya bisa dilalui oleh motor/sepeda, berlokasi dekat dengan Rumah Makan Kapau Jaya (481 m), Circle K (3.0 km), Masjid Salman ITB (1.5 km), Bank Syariah Indonesia KC Bandung Suniaraja (1.1 km), Institut Teknologi Bandung (1.7 km), RS Ibu dan Anak Limijati (830 m).","3 x 3 meter, Tidak termasuk listrik","Kasur, TV, Lemari / Storage, Kulkas, Wastafel, Cleaning service","Kloset Jongkok, K. Mandi Luar, Bak mandi","R. Cuci, Kulkas, Laundry, R. Tamu, R. Jemur, R. Makan, Mushola, R. Santai, Dapur, Balcon","Parkir Motor, Parkir Sepeda",,https://mamikos.com/room/kost-kota-bandung-kost-putri-murah-kost-nangkasuni-47f-tipe-a-bandung-wetan-bandung?redirection_source=landing%20area,-6.9052447693193875,107.61639179018836
Kost Jl Macan 9 Lengkong Bandung,Campur,Rp1.400.000,1400000,Kecamatan Lengkong,Lengkong,"Kost ini berlokasi dekat dengan jalan raya dengan akses yang hanya bisa dilalui oleh motor/sepeda, berlokasi dekat dengan Rumah Makan Cikawao (649 m), Alfamart A Yani 419 (3.1 km), Church of Isa Almasih (698 m), Citibank Indonesia (939 m), Universitas Islam Bandung (3.2 km), RS Ibu dan Anak Kota Bandung (2.0 km).","3 x 3 meter, Termasuk listrik","Kasur, Meja, Lemari / Storage, Ventilasi, Jendela, Guling, Cermin, Bantal, Kipas Angin, Cleaning service","Kloset Duduk, K. Mandi Luar, Shower","WiFi, R. Cuci, Kulkas, Mesin Cuci, Laundry, R. Tamu, Penjaga Kos, R. Jemur, R. Makan, R. Santai","Parkir Mobil, Parkir Motor, Parkir Sepeda",,https://mamikos.com/room/kost-kota-bandung-kost-campur-eksklusif-kost-jl-macan-9-lengkong-bandung?redirection_source=landing%20area,-6.9334532303274905,107.62727797918379
Kost Abizar Batununggal Bandung,Campur,Rp1.500.000,1500000,Kecamatan Batununggal,Batununggal,"Kost ini berlokasi dekat dengan jalan raya dengan akses masuk mobil, berlokasi dekat dengan Warteg Bahari (2.4 km), Alfamart A Yani 419 (925 m), Church In Bandung (1.7 km), Citibank Indonesia (2.1 km), Institut Teknologi Nasional Bandung (2.2 km), RS Khusus Mata Cicendo (3.4 km).","3 x 4 meter, Tidak termasuk listrik","Kasur, Meja, Lemari / Storage, Ventilasi, Jendela, Guling, Cermin, Bantal, Wastafel, Kursi","K. Mandi Dalam, Kloset Duduk, Wastafel, Ember mandi, Shower, Air panas","WiFi, R. Cuci, Kulkas, Mesin Cuci, Penjaga Kos, R. Jemur, R. Santai, Dapur, Jemuran, CCTV","Parkir Motor, Parkir Sepeda",,https://mamikos.com/room/kost-kota-bandung-kost-campur-eksklusif-kost-abizar-batununggal-bandung-2?redirection_source=landing%20area,-6.92835009092776,107.63958415668935
Kost Nomad Coliving Asia Afrika Deluxe Lengkong Bandung,Campur,Rp2.499.999,2499999,Lengkong,Lengkong,"Kost ini berlokasi dekat dengan jalan raya dengan akses yang hanya bisa dilalui oleh motor/sepeda, berlokasi dekat dengan Warteg Bahari (527 m), Alfamart (3.1 km), Church In Bandung (501 m), Bank BJB - Cabang Utama Bandung (1.1 km), Universitas Islam Bandung (2.7 km), RS Umum Bungsu (1.0 km).","3 x 4 meter, Tidak termasuk listrik","AC, Kasur, Meja, Lemari / Storage, Jendela, Cermin, Bantal, Wastafel, Kursi","K. Mandi Dalam, Kloset Duduk, Wastafel, Shower, Air panas","WiFi, Kulkas, Penjaga Kos, R. Makan, Dapur, Pengurus Kos, CCTV, Rooftop, TV",,,https://mamikos.com/room/kost-kota-bandung-kost-campur-eksklusif-kost-nomad-coliving-asia-afrika-deluxe-lengkong-bandung?redirection_source=landing%20area,-6.933332565735142,107.62428676820035
Kost Faiz Tipe D Sumur Bandung Bandung,Putra,Rp800.000,800000,Kecamatan Sumur Bandung,Sumur Bandung,"Kost ini berlokasi dekat dengan jalan raya dengan akses masuk mobil, berlokasi dekat dengan Rumah Makan Mirasa (616 m), Circle K (3.2 km), Masjid Al Asy'ari Unisba (570 m), Bank Permata (418 m), Universitas Islam Bandung (605 m), RS Khusus Mata Cicendo (303 m).","2.5 x 5 meter, Termasuk listrik","Kasur, Lemari / Storage","Kloset Duduk, K. Mandi Luar, Wastafel, Ember mandi, Shower, Air panas","WiFi, R. Jemur, Jemuran, K. Mandi Luar","Parkir Motor, Parkir Sepeda",,https://mamikos.com/room/kost-kota-bandung-kost-putra-murah-kost-faiz-tipe-d-sumur-bandung-bandung-2?redirection_source=landing%20area,-6.913623291454669,107.61785884921173
Kost 67 Paledang Lengkong Bandung,Putri,Rp1.300.000,1300000,Lengkong,Lengkong,"Kost ini berlokasi dekat dengan jalan raya dengan akses yang hanya bisa dilalui oleh motor/sepeda, berlokasi dekat dengan Alfamart A Yani 419 (3.1 km), Church of Isa Almasih (504 m), Bandung Electronic Center (2.0 km).","3 x 4 meter, Termasuk listrik",Kipas Angin,"K. Mandi Dalam, Kloset Jongkok",WiFi,,,https://mamikos.com/room/kost-kota-bandung-kost-putri-eksklusif-kost-67-paledang-lengkong-bandung-1?redirection_source=landing%20area,-6.9352718231820445,107.62581279400929
Kost Dadang Kebon Sirih Tipe L Besar Sumur Bandung Bandung,Putra,Rp1.300.000,1300000,Kecamatan Sumur Bandung,Sumur Bandung,"Kost ini berlokasi dekat dengan jalan raya dengan akses yang hanya bisa dilalui oleh motor/sepeda, berlokasi dekat dengan Warteg Abadi (1.1 km), Alfamart (1.6 km), Masjid Al Asy'ari Unisba (881 m), Bank BJB - Kantor Cabang Tamansari (915 m), Universitas Islam Bandung (917 m), RS Umum Tk IV 03.07.03Sariningsih (777 m).","3 x 5 meter, Termasuk listrik","Kasur, Meja, Lemari / Storage, Ventilasi, Jendela, Cermin, Kursi","K. Mandi Dalam, Kloset Duduk, Shower, Air panas","WiFi, R. Jemur, Balcon, TV",Parkir Motor & Sepeda,,https://mamikos.com/room/kost-kota-bandung-kost-putra-eksklusif-kost-dadang-kebon-sirih-tipe-l-besar-sumur-bandung-bandung-2?redirection_source=landing%20area,-6.916268170235721,107.61595471149109
Kost P House Tipe Deluxe Andir Bandung,Campur,Rp1.150.000,1150000,Kecamatan Andir,Andir,"Kost ini berlokasi dekat dengan jalan raya dengan akses yang hanya bisa dilalui oleh motor/sepeda, berlokasi dekat dengan Rumah Makan Legoh (1.5 km), Circle K (3.1 km), Gereja Kristen Kalam Kudus Pasundan (1.3 km), Bank Syariah Indonesia KC Bandung Suniaraja (72 m), Universitas Islam Bandung (1.4 km), RS Umum Kebonjati (875 m).","3 x 4 meter, Termasuk listrik","Kasur, Lemari / Storage, Ventilasi, Jendela, Wastafel","K. Mandi Dalam, Kloset Duduk, Wastafel, Ember mandi, Shower","WiFi, Laundry, Dapur, Jemuran, CCTV",Parkir Motor,,https://mamikos.com/room/kost-kota-bandung-kost-campur-eksklusif-kost-p-house-tipe-deluxe-andir-bandung-2?redirection_source=landing%20area,-6.906640726939206,107.56981106266382
Kost Kurnia Tipe A Cibeunying Kidul Bandung,Putri,Rp1.300.000,1300000,Cibeunying Kidul,Cibeunying Kidul,"Kost ini berlokasi dekat dengan jalan raya dengan akses yang hanya bisa dilalui oleh motor/sepeda, berlokasi dekat dengan Alfamart A Yani 419 (1.0 km), Christian Church Pasundan Awiligar (2.3 km), Universitas Padjadjaran Kampus Dipatiukur (2.4 km), Sinar Abadi Balubur Town Square (3.1 km).","3 x 4 meter, Termasuk listrik","Kasur, Meja, Lemari / Storage, Jendela, Guling, Bantal, Kursi","Kloset Duduk, Ember mandi, Shower","WiFi, Kulkas, Mesin Cuci, R. Santai, Dispenser, Dapur, Jemuran, CCTV, TV",Parkir Motor,,https://mamikos.com/room/kost-kota-bandung-kost-putri-eksklusif-kost-kurnia-tipe-a-cibeunying-kidul-bandung?redirection_source=landing%20area,-6.900101801257966,107.64986730861845
Kost Kebon Sirih 6 Tipe C Babakan Ciamis Sumur Bandung,Putri,Rp900.000,900000,Sumur Bandung,Sumur Bandung,"Kost ini berlokasi dekat dengan jalan raya dengan akses yang hanya bisa dilalui oleh motor/sepeda, berlokasi dekat dengan Rumah Makan Kapau Jaya (844 m), Circle K (3.2 km), Masjid Al Asy'ari Unisba (642 m), Bank Permata (447 m), Universitas Islam Bandung (678 m), RS Ibu dan Anak Limijati (799 m).","2.5 x 2.5 meter, Tidak termasuk listrik","Kasur, Lemari / Storage","Kloset Duduk, K. Mandi Luar, Wastafel, Air panas",,"Parkir Motor, Parkir Sepeda",,https://mamikos.com/room/kost-bandung-kost-putri-murah-kost-kebon-sirih-no-6-babakan-ciamis-sumur-bandung?redirection_source=landing%20area,-6.915915849305951,107.61548754242246
Kost Warta Batununggal Bandung,Putri,Rp900.000,900000,Batununggal,Batununggal,"Kost ini berlokasi dekat dengan jalan raya dengan akses yang hanya bisa dilalui oleh motor/sepeda, berlokasi dekat dengan Warteg Cintaasih (603 m), Alfamart A Yani 419 (1.8 km), Masjid Al Jihad (893 m), Sekolah Tinggi Ilmu Ekonomi Pasundan (842 m), Bandung Electronic Center (3.3 km).","3 x 3 meter, Termasuk listrik","Kasur, Meja, Lemari / Storage, Ventilasi, Jendela, Guling, Cermin, Bantal","Kloset Duduk, Kloset Jongkok, K. Mandi Luar, Ember mandi, Shower","Kulkas, R. Tamu, R. Jemur, R. Makan, Dispenser, Dapur, Jemuran, Pengurus Kos, CCTV, Taman","Parkir Motor, Parkir Sepeda",,https://mamikos.com/room/kost-bandung-kost-putri-murah-kost-warta-batununggal-bandung?redirection_source=landing%20area,-6.92991182398893,107.64226107773537
Kost Wastu323 Bandung Wetan Bandung,Putri,Rp650.000,650000,Bandung Wetan,Bandung Wetan,"Kost ini berlokasi dekat dengan jalan raya dengan akses yang hanya bisa dilalui oleh motor/sepeda, berlokasi dekat dengan Warteg Abadi (531 m), Alfamart (455 m), Masjid Al Asy'ari Unisba (364 m), Bank BJB - Kantor Cabang Tamansari (386 m), Universitas Islam Bandung (335 m), RS Umum Tk IV 03.07.03Sariningsih (859 m).","3 x 3 meter, Tidak termasuk listrik","Kasur, Meja, Lemari / Storage, Jendela, Bantal, Kursi","K. Mandi Dalam, Kloset Jongkok, K. Mandi Luar, Wastafel, Ember mandi, Bak mandi","WiFi, R. Cuci, R. Jemur, R. Santai, Dapur, Jemuran, Pengurus Kos, Jual Makanan, CCTV, Rooftop","Parkir Motor, Parkir Motor & Sepeda",,https://mamikos.com/room/kost-kota-bandung-kost-putri-murah-kost-wastu323-bandung-wetan-bandung-2?redirection_source=landing%20area,-6.903647990831488,107.61511381615264
Kost Guyub Tipe A Cibeunying Kaler Bandung,Campur,Rp600.000,600000,Cibeunying Kaler,Cibeunying Kaler,"Kost ini berlokasi dekat dengan jalan raya dengan akses yang hanya bisa dilalui oleh motor/sepeda, berlokasi dekat dengan Warteg Abadi (2.2 km), Alfamart (1.3 km), Church In Bandung (2.5 km), Bank BJB Weekend Banking (984 m), Institut Teknologi Nasional Bandung (808 m), RS Ibu dan Anak Al Islam (1.2 km).","3 x 3 meter, Termasuk listrik","Kasur, Lemari / Storage, Guling, Cermin","Kloset Jongkok, K. Mandi Luar, Ember mandi","WiFi, R. Jemur, Jemuran, Pengurus Kos, CCTV, Balcon, K. Mandi Luar",Parkir Motor & Sepeda,,https://mamikos.com/room/kost-kota-bandung-kost-campur-murah-kost-guyub-tipe-a-cibeunying-kaler-bandung?redirection_source=landing%20area,-6.888135367123517,107.62715030674202
Kost Heritage House Paviliun Lengkong Bandung,Campur,Rp1.000.000,1000000,Kecamatan Lengkong,Lengkong,"Kost ini berlokasi dekat dengan jalan raya dengan akses masuk mobil, berlokasi dekat dengan Warteg Bahari (532 m), Circle K (2.9 km), Church of Isa Almasih (957 m), Bank BCA KCP Buah Batu (975 m), Akademi Sekretari Dan Manajemen BSI Bandung (319 m), RS Umum Bungsu (1.8 km).","3 x 3 meter, Tidak termasuk listrik","Kasur, Kursi","Kloset Duduk, Shower","WiFi, Kulkas, Dispenser, Dapur, Pengurus Kos, K. Mandi Luar","Parkir Mobil, Parkir Motor, Parkir Sepeda, Parkir Motor & Sepeda",,https://mamikos.com/room/kost-kota-bandung-kost-campur-eksklusif-kost-heritage-house-paviliun-lengkong-bandung?redirection_source=landing%20area,-6.93414557981124,107.62546040189561
Kost Genaka Batununggal Bandung,Putri,Rp760.000,760000,Kecamatan Batununggal,Batununggal,"Kost ini berlokasi dekat dengan jalan raya dengan akses yang hanya bisa dilalui oleh motor/sepeda, berlokasi dekat dengan Warteg Bahari (2.1 km), Alfamart A Yani 419 (1.3 km), Masjid Al Jihad (932 m), Bank BCA KCP Buah Batu (2.4 km), Institut Teknologi Nasional Bandung (2.8 km), RS Ibu dan Anak Al Islam (1.5 km).","3 x 4 meter, Tidak termasuk listrik","Kasur, Lemari / Storage, Bantal","K. Mandi Dalam, Kloset Jongkok, Ember mandi","WiFi, R. Tamu, Dapur","Parkir Motor, Parkir Sepeda, Parkir Motor & Sepeda",,https://mamikos.com/room/kost-kota-bandung-kost-putri-murah-kost-genaka-batununggal-bandung?redirection_source=landing%20area,-6.927065663722545,107.64134932496869
Kost Nur Muhaji Tipe A Batununggal Bandung,Campur,Rp1.200.000,1200000,Batununggal,Batununggal,"Kost ini berlokasi dekat dengan jalan raya dengan akses yang hanya bisa dilalui oleh motor/sepeda, berlokasi dekat dengan Warteg Bahari (2.0 km), Alfamart (2.6 km), Masjid Al Jihad (264 m), Bank BJB - Cabang Utama Bandung (2.2 km), Institut Teknologi Nasional Bandung (2.4 km), RS Ibu dan Anak Al Islam (1.5 km).","4 x 4 meter, Tidak termasuk listrik","Kasur, Lemari / Storage, Ventilasi, Jendela, Guling, Bantal","K. Mandi Dalam, Kloset Duduk, Ember mandi","WiFi, Laundry, Penjaga Kos, Jemuran, Pengurus Kos, CCTV","Parkir Motor, Parkir Motor & Sepeda",,https://mamikos.com/room/kost-kota-bandung-kost-campur-eksklusif-kost-nur-muhaji-tipe-a-batununggal-bandung-2?redirection_source=landing%20area,-6.929721997030977,107.64065718306489
Kost Srigadis 25 Tipe A Regol Bandung,Campur,Rp1.200.000,1200000,Regol,Regol,"Kost ini berlokasi dekat dengan jalan raya dengan akses yang hanya bisa dilalui oleh motor/sepeda, berlokasi dekat dengan Warteg Bahari (788 m), Circle K (788 m), Church of Isa Almasih (836 m), Institut Seni Budaya Indonesia Bandung (1.9 km), RSU Bhayangkara Tk II Sartika Asih (2.3 km), Bandung Electronic Center (3.1 km).","7 x 8 meter, Tidak termasuk listrik","Kasur, Meja, Lemari / Storage, Ventilasi, Jendela, Guling, Cermin, Bantal","K. Mandi Dalam, Kloset Duduk, Ember mandi","WiFi, R. Jemur, R. Makan, R. Santai, Dapur, Jemuran, Balcon, Taman","Parkir Motor, Parkir Sepeda",,https://mamikos.com/room/kost-kota-bandung-kost-campur-eksklusif-kost-srigadis-25-tipe-a-regol-bandung-1?redirection_source=landing%20area,-6.938894948192944,107.61219070381232
Kost Eyang Cipju Tipe A Bandung Wetan Bandung,Putra,Rp1.000.000,1000000,Kecamatan Bandung Wetan,Bandung Wetan,"Kost ini berlokasi dekat dengan jalan raya dengan akses yang hanya bisa dilalui oleh motor/sepeda, berlokasi dekat dengan Warteg Abadi (1.8 km), Alfamart (1.3 km), Masjid Al Asy'ari Unisba (2.1 km), Bank BJB Weekend Banking (719 m), Institut Teknologi Nasional Bandung (1.2 km), RS Ibu dan Anak Al Islam (1.5 km).","3 x 3 meter, Tidak termasuk listrik","Kasur, Meja, Lemari / Storage, Ventilasi, Jendela, Kipas Angin","Kloset Duduk, K. Mandi Luar, Wastafel, Shower","WiFi, Kulkas, Penjaga Kos, Mushola, Dapur, Jemuran, CCTV, Balcon, Taman, Joglo","Parkir Mobil, Parkir Motor & Sepeda",,https://mamikos.com/room/kost-kota-bandung-kost-putra-eksklusif-kost-eyang-cipju-tipe-a-bandung-wetan-bandung?redirection_source=landing%20area,-6.9033862560354144,107.61611050627174
Kost Srigadis 25 Tipe Paviliun Regol Bandung,Campur,Rp2.100.000,2100000,Regol,Regol,"Kost ini berlokasi dekat dengan jalan raya dengan akses yang hanya bisa dilalui oleh motor/sepeda, berlokasi dekat dengan Warteg Bahari (783 m), Circle K (782 m), Church of Isa Almasih (822 m), Institut Seni Budaya Indonesia Bandung (1.9 km), RSU Bhayangkara Tk II Sartika Asih (2.3 km), Bandung Electronic Center (3.1 km).","6 x 10 meter, Tidak termasuk listrik",Dapur Pribadi,"K. Mandi Dalam, Kloset Duduk, Ember mandi, Shower","R. Tamu, R. Jemur, R. Makan, R. Santai, Dapur, Jemuran, R. Keluarga","Parkir Motor, Parkir Sepeda",,https://mamikos.com/room/kost-kota-bandung-kost-campur-eksklusif-kost-srigadis-25-tipe-paviliun-regol-bandung?redirection_source=landing%20area,-6.941245467736323,107.61517829557214
Kost Muararajeun Lama 2 Tipe C Cibeunying Kaler Bandung,Campur,Rp850.000,850000,Cibeunying Kaler,Cibeunying Kaler,"Kost ini berlokasi dekat dengan jalan raya dengan akses yang hanya bisa dilalui oleh motor/sepeda, berlokasi dekat dengan Rumah Makan Boemi Mitoha (593 m), Alfamart A Yani 419 (1.3 km), Masjid Pusdai (561 m), Universitas Padjadjaran Kampus Dipatiukur (1.8 km), Sinar Abadi Balubur Town Square (2.3 km).","3 x 3 meter, Termasuk listrik","Kasur, Meja, Lemari / Storage, Ventilasi, Jendela, Bantal","Kloset Jongkok, K. Mandi Luar, Ember mandi","WiFi, R. Cuci, R. Jemur, Dapur, Jemuran, Pengurus Kos, Jual Makanan, CCTV, K. Mandi Luar","Parkir Motor, Parkir Sepeda, Parkir Motor & Sepeda",,https://mamikos.com/room/kost-kota-bandung-kost-campur-eksklusif-kost-muararajeun-lama-2-tipe-c-cibeunying-kaler-bandung?redirection_source=landing%20area,-6.8878989263050245,107.62698320720587
Kost 78D Tipe A Regol Bandung,Putri,Rp1.350.000,1350000,Regol,Regol,"Kost ini berlokasi dekat dengan jalan raya dengan akses jalan raya, berlokasi dekat dengan Rumah Makan Cikawao (889 m), Circle K (819 m), Gereja Kristen Kalam Kudus Pasundan (342 m), Citibank Indonesia (1.4 km), Sekolah Tinggi Ilmu Kesehatan Immanuel Bandung (1.4 km), RS Khusus Mata Cicendo (2.0 km).","5 x 4 meter, Tidak termasuk listrik","Kasur, Meja, Lemari / Storage, Jendela, Guling, Bantal, Kursi","K. Mandi Dalam, Kloset Duduk","WiFi, Penjaga Kos, R. Jemur, R. Santai, Dapur, Jemuran, CCTV, Balcon","Parkir Motor, Parkir Sepeda, Parkir Motor & Sepeda",,https://mamikos.com/room/kost-kota-bandung-kost-putri-eksklusif-kost-78d-tipe-a-regol-bandung?redirection_source=landing%20area,-6.93767204689312,107.61265038063182
Kost Wastu Tipe B Bandung Wetan Bandung,Putra,Rp1.350.000,1350000,Bandung Wetan,Bandung Wetan,"Kost ini berlokasi dekat dengan jalan raya dengan akses yang hanya bisa dilalui oleh motor/sepeda, berlokasi dekat dengan Rumah Makan Mirasa (282 m), Circle K (3.2 km), Masjid Al Asy'ari Unisba (150 m), Bank BJB - Kantor Cabang Tamansari (204 m), Universitas Islam Bandung (182 m), RS Ibu dan Anak Melinda (499 m).","6 x 4 meter, Termasuk listrik","Kasur, Meja, Lemari / Storage, Ventilasi, Jendela, Guling, Bantal, Kursi","K. Mandi Dalam, Kloset Jongkok, Ember mandi","WiFi, Kulkas, R. Jemur, R. Santai, Dapur","Parkir Motor, Parkir Sepeda",,https://mamikos.com/room/kost-bandung-kost-putra-eksklusif-kost-wastu-tipe-b-bandung-wetan-bandung-2?redirection_source=landing%20area,-6.904864338830847,107.61858039909566
Kost Macan 43 Tipe Vvip Lengkong Bandung,Putri,Rp1.400.000,1400000,Lengkong,Lengkong,"Kost ini berlokasi dekat dengan jalan raya dengan akses yang hanya bisa dilalui oleh motor/sepeda, berlokasi dekat dengan Warteg Bahari (2.8 km), Alfamart A Yani 419 (3.3 km), Masjid Jami Nurul Falah (232 m), CIMB Niaga (Buah Batu) (907 m), Institut Seni Budaya Indonesia Bandung (1.7 km), RS Ibu dan Anak Kota Bandung (2.0 km).","3.2 x 3.4 meter, Termasuk listrik","Kasur, Meja, Lemari / Storage, Ventilasi, Jendela, Cermin, Kursi","K. Mandi Dalam, Kloset Duduk, Ember mandi, Shower, Air panas","WiFi, R. Tamu, Penjaga Kos, R. Jemur, R. Makan, Dapur, Jemuran, Pengurus Kos, Jual Makanan, Kartu Akses","Parkir Mobil, Parkir Motor, Parkir Sepeda",,https://mamikos.com/room/kost-kota-bandung-kost-putri-eksklusif-kost-macan-43-tipe-vvip-lengkong-bandung?redirection_source=landing%20area,-6.93315051109111,107.62776924668978
Kost Muararajeun Lama 2 Tipe A Cibeunying Kaler Bandung,Campur,Rp1.000.000,1000000,Cibeunying Kaler,Cibeunying Kaler,"Kost ini berlokasi dekat dengan jalan raya dengan akses yang hanya bisa dilalui oleh motor/sepeda, berlokasi dekat dengan Warteg Abadi (2.2 km), Alfamart A Yani 419 (1.3 km), Masjid Al Kautsar (2.0 km), Bank Mandiri Bandung Priority Banking Soerapatti (1.5 km), Universitas Padjadjaran Kampus Dipatiukur (1.8 km), RS Umum Santo Borromeus (2.1 km).","3.5 x 2.5 meter, Termasuk listrik","Kasur, Meja, Lemari / Storage, Ventilasi, Jendela, Dapur Pribadi, Bantal, Wastafel","K. Mandi Dalam, Kloset Jongkok, Ember mandi","WiFi, R. Cuci, Penjaga Kos, R. Jemur, Jemuran, Jual Makanan","Parkir Motor, Parkir Sepeda",,https://mamikos.com/room/kost-kota-bandung-kost-campur-eksklusif-kost-muararajeun-lama-2-tipe-a-cibeunying-kaler-bandung?redirection_source=landing%20area,-6.8867686856966035,107.62814356694646
Kost Bella Tipe 2 Lengkong Bandung,Putri,Rp1.500.000,1500000,Kecamatan Lengkong,Lengkong,"Kost ini berlokasi dekat dengan jalan raya dengan akses yang hanya bisa dilalui oleh motor/sepeda, berlokasi dekat dengan Warteg Bahari (590 m), Alfamart (3.0 km), Church of Isa Almasih (487 m), Bank BJB - Cabang Utama Bandung (795 m), Universitas Islam Bandung (2.5 km), RS Umum Bungsu (757 m).","2.7 x 2.7 meter, Termasuk listrik","Kasur, Meja, Meja Rias, Lemari / Storage, Ventilasi, Jendela, Cermin, Bantal, Kursi","K. Mandi Dalam, Kloset Duduk, Ember mandi, Shower, Air panas","WiFi, Kulkas, Penjaga Kos, R. Makan, Dapur, Jemuran, CCTV, Balcon, R. Keluarga, TV",Parkir Motor & Sepeda,,https://mamikos.com/room/kost-kota-bandung-kost-putri-eksklusif-kost-bella-tipe-2-lengkong-bandung?redirection_source=landing%20area,-6.934446660918493,107.62642117647637
Kost Aldy Maleer II Tipe B Batununggal Bandung,Putri,Rp750.000,750000,Batununggal,Batununggal,"Kost ini berlokasi dekat dengan jalan raya dengan akses yang hanya bisa dilalui oleh motor/sepeda, berlokasi dekat dengan Warteg Bahari (2.5 km), Alfamart (2.7 km), Gereja Isa Almasih (189 m), Bank BCA KCP Buah Batu (2.0 km), Institut Teknologi Nasional Bandung (3.3 km), RS Mata Bandung Eye Center (1.9 km).","3.4 x 2.4 meter, Termasuk listrik","Kasur, Meja, Meja Rias, Lemari / Storage, Ventilasi, Meja makan, Jendela, Guling, Cermin, Bantal","Kloset Duduk, K. Mandi Luar, Ember mandi, Shower","WiFi, R. Cuci, Kulkas, Mesin Cuci, R. Tamu, R. Jemur, R. Makan, R. Santai, Dispenser, Dapur","Parkir Motor, Parkir Sepeda",,https://mamikos.com/room/kost-kota-bandung-kost-putri-eksklusif-kost-aldy-maleer-ii-tipe-b-batununggal-bandung?redirection_source=landing%20area,-6.9263871490672795,107.63934945660759
Kost Crysant House Tipe A Cibeunying Kaler Bandung,Campur,Rp1.600.000,1600000,Cibeunying Kaler,Cibeunying Kaler,"Kost ini berlokasi dekat dengan jalan raya dengan akses yang hanya bisa dilalui oleh motor/sepeda, berlokasi dekat dengan Warteg Abadi (2.2 km), Alfamart (854 m), Christian Church Pasundan Awiligar (2.2 km), Bank BJB Weekend Banking (1.3 km), Institut Teknologi Nasional Bandung (724 m), RS Ibu dan Anak Al Islam (1.5 km).","3 x 3 meter, Tidak termasuk listrik","Kasur, Meja, Ventilasi, Jendela, Bantal, Wastafel, Kursi","K. Mandi Dalam, Kloset Duduk, Wastafel, Shower, Air panas","WiFi, Penjaga Kos, R. Jemur, R. Santai, Dapur, Jemuran, Pengurus Kos, CCTV, Joglo","Parkir Mobil, Parkir Motor, Parkir Sepeda",,https://mamikos.com/room/kost-kota-bandung-kost-campur-eksklusif-kost-crysant-house-tipe-a-cibeunying-kaler-bandung?redirection_source=landing%20area,-6.885514127104079,107.62817445435218
Kost Kukka Tipe A Lengkong Bandung,Putri,Rp1.500.000,1500000,Lengkong,Lengkong,"Kost ini berlokasi dekat dengan jalan raya dengan akses yang hanya bisa dilalui oleh motor/sepeda, berlokasi dekat dengan Warteg Bahari (459 m), Alfamart (3.2 km), Church In Bandung (611 m), Bank BJB - Cabang Utama Bandung (1.3 km), Universitas Islam Bandung (2.9 km), RS Umum Bungsu (1.1 km).","2.5 x 4.5 meter, Tidak termasuk listrik","Kasur, Meja, Lemari / Storage, Ventilasi, Jendela, Wastafel, Kursi, Cleaning service","K. Mandi Dalam, Kloset Duduk, Wastafel, Shower, Air panas","WiFi, Kulkas, Dapur, CCTV",Parkir Motor,,https://mamikos.com/room/kost-kota-bandung-kost-putri-eksklusif-kost-kukka-tipe-a-lengkong-bandung-2?redirection_source=landing%20area,-6.933305493828337,107.62435037779663
Kost Deme 25 Tipe A Batununggal Bandung,Campur,Rp1.150.000,1150000,Kecamatan Batununggal,Batununggal,"Kost ini berlokasi dekat dengan jalan raya dengan akses yang hanya bisa dilalui oleh motor/sepeda, berlokasi dekat dengan Warteg Bahari (1.6 km), Indomaret Surapati 55 (3.3 km), Gereja Isa Almasih (451 m), Bank BCA KCP Buah Batu (1.9 km), Institut Teknologi Nasional Bandung (3.1 km), RS Ibu dan Anak Al Islam (1.9 km).","3 x 3 meter, Tidak termasuk listrik","AC, Kasur, Lemari / Storage, Ventilasi, Jendela, Cermin","K. Mandi Dalam, Kloset Duduk, Kloset Jongkok, Ember mandi, Shower, Air panas","WiFi, Penjaga Kos, R. Jemur, Dapur, Jemuran, Pengurus Kos, CCTV, Rooftop, Balcon","Parkir Motor, Parkir Sepeda, Parkir Motor & Sepeda",,https://mamikos.com/room/kost-kota-bandung-kost-campur-eksklusif-kost-deme-25-tipe-a-batununggal-bandung?redirection_source=landing%20area,-6.927623240834432,107.64008384982363
Kost Pangkur Opat Lengkong Bandung,Putra,Rp1.200.000,1200000,Lengkong,Lengkong,"Kost ini berlokasi dekat dengan jalan raya dengan akses jalan raya, berlokasi dekat dengan Warteg Bahari (495 m), Alfamart A Yani 419 (2.9 km), Masjid Al Waritsin (748 m), CIMB Niaga (Buah Batu) (610 m), Akademi Sekretari Dan Manajemen BSI Bandung (792 m), RS Umum Muhammadiyah (506 m).","3 x 3 meter, Tidak termasuk listrik","AC, TV, Kipas Angin","Kloset Duduk, K. Mandi Luar, Shower, Air panas","WiFi, Mesin Cuci, Penjaga Kos, R. Makan, Dispenser, Dapur, Jemuran, CCTV, TV","Parkir Mobil, Parkir Motor",,https://mamikos.com/room/kost-bandung-kost-putra-eksklusif-kost-pangkur-opat-lengkong-bandung?redirection_source=landing%20area,-6.935245957911483,107.62565489596929
Kost Amavi L Regol Bandung,Putri,Rp1.950.000,1950000,Kecamatan Regol,Regol,"Kost ini berlokasi dekat dengan jalan raya dengan akses yang hanya bisa dilalui oleh motor/sepeda, berlokasi dekat dengan Warteg Abadi (3.1 km), Circle K (1.2 km), Church of Isa Almasih (199 m), Citibank Indonesia (1.0 km), Universitas Islam Bandung (3.0 km), RS Umum Muhammadiyah (1.3 km).","2.5 x 4.5 meter, Tidak termasuk listrik","AC, Kasur, Meja, TV, Lemari / Storage, Ventilasi, Jendela, TV Kabel, Kursi","K. Mandi Dalam, Kloset Duduk, Shower, Air panas","WiFi, Kulkas, Penjaga Kos, Dapur, CCTV, Kartu Akses, Balcon, Gazebo, TV","Parkir Motor, Parkir Sepeda",,https://mamikos.com/room/kost-kota-bandung-kost-putri-eksklusif-kost-amavi-l-regol-bandung-1?redirection_source=landing%20area,-6.940715114538965,107.61543482517763
Kost Kencana Big Room Bandung Wetan Bandung,Campur,Rp2.100.000,2100000,Bandung Wetan,Bandung Wetan,"Kost ini berlokasi dekat dengan jalan raya dengan akses yang hanya bisa dilalui oleh motor/sepeda, berlokasi dekat dengan Swike Waled Rumah Makan (256 m), Circle K (2.9 km), Masjid Jami Mathla'ul Khoeriyah (196 m), Bank BJB - Kantor Cabang Tamansari (397 m), Universitas Islam Bandung (340 m), RS Ibu dan Anak Melinda (384 m).","3 x 4 meter, Tidak termasuk listrik","AC, Kasur, Meja, Lemari / Storage, Wastafel, Kursi","K. Mandi Dalam, Kloset Duduk, Wastafel, Shower, Air panas","WiFi, Kulkas, Laundry, R. Tamu, R. Santai",Parkir Motor,,https://mamikos.com/room/kost-kota-bandung-kost-campur-eksklusif-kost-kencana-big-room-bandung-wetan-bandung-2?redirection_source=landing%20area,-6.903452404149476,107.61862105521175
Kost Kukka Tipe AC Lengkong Bandung,Putri,Rp1.750.000,1750000,Lengkong,Lengkong,"Kost ini berlokasi dekat dengan jalan raya dengan akses yang hanya bisa dilalui oleh motor/sepeda, berlokasi dekat dengan Warteg Bahari (459 m), Alfamart (3.2 km), Church In Bandung (611 m), Bank BJB - Cabang Utama Bandung (1.3 km), Universitas Islam Bandung (2.9 km), RS Umum Bungsu (1.1 km).","2.5 x 4.5 meter, Tidak termasuk listrik","AC, Kasur, Meja, Lemari / Storage, Ventilasi, Jendela, Wastafel, Kursi, Cleaning service","K. Mandi Dalam, Kloset Duduk, Wastafel, Shower, Air panas","WiFi, Kulkas, Dapur, CCTV","Parkir Mobil, Parkir Motor",,https://mamikos.com/room/kost-kota-bandung-kost-putri-eksklusif-kost-kukka-tipe-ac-lengkong-bandung-2?redirection_source=landing%20area,-6.933062279698493,107.6246912190356
Kost Pusat Laundry Nasional Astanaanyar Bandung,Campur,Rp650.000,650000,Kecamatan Astanaanyar,Astanaanyar,"Kost ini berlokasi dekat dengan jalan raya dengan akses masuk mobil, berlokasi dekat dengan Warteg Jaya Bahari (377 m), Circle K (778 m), Gereja Kristen Kalam Kudus Pasundan (602 m), Institut Seni Budaya Indonesia Bandung (3.3 km), Bandung Electronic Center (2.2 km).","3 x 3 meter, Termasuk listrik","Kasur, Lemari / Storage, Kipas Angin","Kloset Duduk, K. Mandi Luar, Shower, Air panas","WiFi, Laundry, Penjaga Kos, R. Makan, R. Santai, Dapur, Pengurus Kos, CCTV, Balcon, R. Keluarga",Parkir Motor,,https://mamikos.com/room/kost-kota-bandung-kost-campur-murah-kost-pusat-laundry-nasional-astanaanyar-bandung-1?redirection_source=landing%20area,-6.9403001982241195,107.60238963757521
Kost M Dian Ediana Regol Bandung,Putri,Rp850.000,850000,Regol,Regol,"Kost ini berlokasi dekat dengan jalan raya dengan akses masuk mobil, berlokasi dekat dengan Warteg Bahari (474 m), Circle K (501 m), Masjid Jami Nurul Falah (556 m), CIMB Niaga (Buah Batu) (776 m), Akademi Sekretari Dan Manajemen BSI Bandung (659 m), RS Umum Muhammadiyah (691 m).","2.5 x 2.8 meter, Termasuk listrik","Kasur, Dispenser, Meja, Meja Rias, Lemari / Storage, Ventilasi, Jendela, Guling, Cermin, Bantal","Kloset Duduk, K. Mandi Luar, Ember mandi, Bak mandi","WiFi, R. Cuci, R. Tamu, R. Jemur, R. Santai, Dispenser, Jemuran, Balcon, K. Mandi Luar",Parkir Motor,,https://mamikos.com/room/kost-kota-bandung-kost-putri-murah-kost-m-dian-ediana-regol-bandung-2?redirection_source=landing%20area,-6.939259133037289,107.6145185784871
Kost Komura Cibeunying Kaler Bandung,Campur,Rp550.000,550000,Kecamatan Cibeunying Kaler,Cibeunying Kaler,"Kost ini berlokasi dekat dengan jalan raya dengan akses yang hanya bisa dilalui oleh motor/sepeda, berlokasi dekat dengan Warteg Abadi (2.0 km), Alfamart (996 m), Masjid Al Asy'ari Unisba (2.3 km), Bank BJB Weekend Banking (1.1 km), Institut Teknologi Nasional Bandung (864 m), RS Ibu dan Anak Al Islam (1.5 km).","2.5 x 3 meter, Termasuk listrik","Kasur, Meja, Lemari / Storage, Ventilasi, Jendela","Kloset Jongkok, K. Mandi Luar, Ember mandi","WiFi, R. Cuci, R. Tamu, Penjaga Kos, R. Jemur, R. Makan, R. Santai, Dapur, Jemuran, Pengurus Kos","Parkir Motor, Parkir Sepeda, Parkir Motor & Sepeda",,https://mamikos.com/room/kost-kota-bandung-kost-campur-murah-kost-komura-cibeunying-kaler-bandung?redirection_source=landing%20area,-6.886255313929758,107.6304857577362
Kost Naumanda Cikaso Cibeunying Kidul Bandung,Putri,Rp1.333.333,1333333,Kecamatan Cibeunying Kidul,Cibeunying Kidul,"Kost ini berlokasi dekat dengan jalan raya dengan akses masuk mobil, berlokasi dekat dengan Warteg Abadi (2.8 km), Alfamart A Yani 419 (465 m), Masjid Al Barokah (1.8 km), Bank BJB - Cabang Utama Bandung (2.9 km), Institut Teknologi Nasional Bandung (1.4 km), RS Ibu dan Anak Al Islam (477 m).","3 x 4 meter, Tidak termasuk listrik","Kasur, Meja, Lemari / Storage, Ventilasi, Jendela, Guling, Bantal, Kursi","K. Mandi Dalam, Kloset Duduk, Shower, Air panas","WiFi, R. Cuci, Kulkas, Mesin Cuci, R. Tamu, Penjaga Kos, R. Jemur, R. Santai, Dapur, Jemuran",Parkir Motor & Sepeda,,https://mamikos.com/room/kost-kota-bandung-kost-putri-eksklusif-kost-naumanda-cikaso-cibeunying-kidul-bandung?redirection_source=landing%20area,-6.899571507804829,107.64986286434677
Kost Syauqiyyah Tipe A Regol Bandung,Putri,Rp1.450.000,1450000,Regol,Regol,"Kost ini berlokasi dekat dengan jalan raya dengan akses yang hanya bisa dilalui oleh motor/sepeda, berlokasi dekat dengan Warteg Bahari (505 m), Circle K (1.6 km), Masjid Jami Nurul Falah (623 m), CIMB Niaga (Buah Batu) (1.1 km), Akademi Sekretari Dan Manajemen BSI Bandung (904 m), RS Ibu dan Anak Kota Bandung (1.7 km).","3 x 4 meter, Termasuk listrik","Kasur, Meja, Ventilasi, Jendela, Guling, Bantal, Kursi","K. Mandi Dalam, Kloset Duduk, Kloset Jongkok, Shower, Air panas","WiFi, R. Cuci, Kulkas, Mesin Cuci, R. Tamu, Penjaga Kos, R. Jemur, R. Makan, R. Santai, Dispenser","Parkir Motor, Parkir Sepeda",,https://mamikos.com/room/kost-kota-bandung-kost-putri-eksklusif-kost-syauqiyyah-tipe-a-regol-bandung?redirection_source=landing%20area,-6.938201429542666,107.61562628325345
Kost Samping Trans Studio Mall Batununggal Bandung,Campur,Rp850.000,850000,Batununggal,Batununggal,"Kost ini berlokasi dekat dengan jalan raya dengan akses yang hanya bisa dilalui oleh motor/sepeda, berlokasi dekat dengan Warteg Berkah Bahari (742 m), Alfamart A Yani 419 (1.8 km), Masjid Al Jihad (1.1 km), Sekolah Tinggi Ilmu Ekonomi Pasundan (695 m).","3 x 3 meter, Termasuk listrik","Kasur, Dispenser, Lemari / Storage, Ventilasi, Jendela, Kursi","Kloset Jongkok, K. Mandi Luar, Wastafel, Bak mandi","WiFi, R. Tamu, R. Jemur, R. Santai, Dispenser, Dapur, Jemuran, Pengurus Kos, CCTV, Balcon","Parkir Motor, Parkir Sepeda",,https://mamikos.com/room/kost-kota-bandung-kost-campur-murah-kost-samping-trans-studio-mall-batununggal-bandung-2?redirection_source=landing%20area,-6.929233055737149,107.63936173945969
Kost Neo Lengkong Bandung,Campur,Rp1.100.000,1100000,Lengkong,Lengkong,"Kost ini berlokasi dekat dengan jalan raya dengan akses yang hanya bisa dilalui oleh motor/sepeda, berlokasi dekat dengan Rumah Makan Cikawao (402 m), Alfamart A Yani 419 (3.2 km), Church of Isa Almasih (555 m), Citibank Indonesia (341 m), Universitas Padjadjaran Kampus Dipatiukur (3.4 km), RS Umum Bungsu (580 m).","3 x 4 meter, Tidak termasuk listrik","Kasur, Lemari / Storage, Ventilasi, Jendela, Cermin","K. Mandi Dalam, Kloset Duduk, Ember mandi, Shower","WiFi, R. Jemur, Dapur, Jemuran, Pengurus Kos, Balcon",Parkir Motor,,https://mamikos.com/room/kost-kota-bandung-kost-campur-eksklusif-kost-neo-lengkong-bandung-2?redirection_source=landing%20area,-6.93323186383916,107.62775424363777
Kost Haga House 2 Regol Bandung,Campur,Rp1.350.000,1350000,Kecamatan Regol,Regol,"Kost ini berlokasi dekat dengan jalan raya dengan akses yang hanya bisa dilalui oleh motor/sepeda, berlokasi dekat dengan Rumah Makan Cikawao (886 m), Circle K (1.0 km), Gereja Kristen Kalam Kudus Pasundan (552 m), Citibank Indonesia (1.5 km), Universitas Islam Bandung (3.1 km), RS Umum Muhammadiyah (1.8 km).","3 x 4 meter, Tidak termasuk listrik","Kasur, Meja, Lemari / Storage, Ventilasi, Jendela, Guling, Bantal, TV Kabel, Wastafel, Kipas Angin","K. Mandi Dalam, Kloset Duduk, Kloset Jongkok, Wastafel, Ember mandi, Shower","WiFi, Kulkas, R. Tamu, R. Jemur, Mushola, R. Santai, Dapur, Jemuran, CCTV, TV",Parkir Motor,,https://mamikos.com/room/kost-kota-bandung-kost-campur-eksklusif-kost-haga-house-2-regol-bandung-2?redirection_source=landing%20area,-6.9376960438252135,107.61401279394778
Kost Otto Residence Tipe E Astanaanyar Bandung,Campur,Rp1.700.000,1700000,Astanaanyar,Astanaanyar,"Kost ini berlokasi dekat dengan jalan raya dengan akses yang hanya bisa dilalui oleh motor/sepeda, berlokasi dekat dengan Warteg Jaya Bahari (211 m), Circle K (534 m), Masjid Raya Bandung (446 m), Bank BJB - Cabang Utama Bandung (905 m), Institut Seni Budaya Indonesia Bandung (3.4 km), Bandung Electronic Center (2.0 km).","4 x 4 meter, Tidak termasuk listrik","Kasur, Meja, Meja Rias, Lemari / Storage, Wastafel, Kursi","K. Mandi Dalam, Kloset Duduk, Wastafel, Shower, Air panas","R. Jemur, Dapur",Parkir Motor,,https://mamikos.com/room/kost-kota-bandung-kost-campur-eksklusif-kost-otto-residence-tipe-e-astanaanyar-bandung?redirection_source=landing%20area,-6.938094877548667,107.60259947792976
Kost Sazara Cibeunying Kidul Bandung,Putri,Rp1.000.000,1000000,Cibeunying Kidul,Cibeunying Kidul,"Kost ini berlokasi dekat dengan jalan raya dengan akses yang hanya bisa dilalui oleh motor/sepeda, berlokasi dekat dengan Alfamart Bojong Koneng (944 m), Christian Church Pasundan Awiligar (2.1 km), Institut Teknologi Nasional Bandung (234 m), Sinar Abadi Balubur Town Square (3.0 km).","3 x 4 meter, Termasuk listrik","Kasur, Meja, Lemari / Storage, Jendela, Bantal","K. Mandi Dalam, Kloset Jongkok, K. Mandi Luar, Ember mandi","WiFi, R. Cuci, Kulkas, Penjaga Kos, R. Jemur, Mushola, Dapur, Jemuran, CCTV, Balcon","Parkir Mobil, Parkir Motor, Parkir Sepeda, Parkir Motor & Sepeda",,https://mamikos.com/room/kost-kota-bandung-kost-putri-murah-kost-sazara-cibeunying-kidul-bandung-2?redirection_source=landing%20area,-6.9001864962380495,107.64890566071068
Kost Gajah Sebelas Lengkong Bandung,Campur,Rp3.499.999,3499999,Kecamatan Lengkong,Lengkong,"Kost ini berlokasi dekat dengan jalan raya dengan akses yang hanya bisa dilalui oleh motor/sepeda, berlokasi dekat dengan Warteg Bahari (695 m), Circle K (3.1 km), Church of Isa Almasih (1.1 km), Bank BCA KCP Buah Batu (852 m), Akademi Sekretari Dan Manajemen BSI Bandung (320 m), RS Umum Bungsu (1.9 km).","5 x 4.5 meter, Tidak termasuk listrik","AC, Kasur, Lemari / Storage, Jendela, Cermin, Bantal, Kursi","K. Mandi Dalam, Kloset Duduk, Shower, Air panas","WiFi, Penjaga Kos, Pengurus Kos, Jual Makanan, CCTV, Balcon, TV","Parkir Mobil, Parkir Motor",,https://mamikos.com/room/kost-kota-bandung-kost-campur-eksklusif-kost-gajah-sebelas-lengkong-bandung-2?redirection_source=landing%20area,-6.933598996933935,107.62454521289207
Kost Barokah 32 Tipe Ac Astanaanyar Bandung,Campur,Rp1.950.000,1950000,Kecamatan Astanaanyar,Astanaanyar,"Kost ini berlokasi dekat dengan jalan raya dengan akses yang hanya bisa dilalui oleh motor/sepeda, berlokasi dekat dengan Rumah Makan Cikawao (1.3 km), Circle K (1.4 km), Gereja Kristen Kalam Kudus Pasundan (796 m), Bank DBS Indonesia - Djuanda (2.8 km), Universitas Islam Bandung (3.0 km), RS Ibu dan Anak Kota Bandung (163 m).","3 x 7 meter, Tidak termasuk listrik","AC, Kasur, Lemari / Storage, Ventilasi, Jendela, Dapur Pribadi","K. Mandi Dalam, Kloset Duduk, Ember mandi","R. Cuci, Penjaga Kos, R. Jemur, Dapur, Jemuran, Pengurus Kos, K. Mandi Luar",Parkir Motor,,https://mamikos.com/room/kost-kota-bandung-kost-campur-eksklusif-kost-barokah-32-tipe-ac-astanaanyar-bandung-1?redirection_source=landing%20area,-6.937490931157529,107.60196157629085
Kost Sitimunigar Executive Ac Astanaanyar Bandung,Campur,Rp1.700.000,1700000,Kecamatan Astanaanyar,Astanaanyar,"Kost ini berlokasi dekat dengan jalan raya dengan akses masuk mobil, berlokasi dekat dengan Warteg Bahari (1.5 km), Alfamart (2.8 km), Church of Isa Almasih (1.1 km), Bank BJB - Cabang Utama Bandung (1.3 km), Universitas Islam Bandung (2.9 km), RS Umum Bungsu (1.6 km).","4 x 4 meter, Tidak termasuk listrik","AC, Kasur, Meja, Lemari / Storage, Ventilasi, Guling, Bantal, Kursi","K. Mandi Dalam, Kloset Duduk, Ember mandi, Shower","WiFi, Laundry, Penjaga Kos, R. Makan, R. Santai, Dapur, Pengurus Kos, CCTV, Balcon, R. Keluarga","Parkir Motor, Parkir Motor & Sepeda",,https://mamikos.com/room/kost-kota-bandung-kost-campur-eksklusif-kost-sitimunigar-executive-ac-astanaanyar-bandung?redirection_source=landing%20area,-6.9397158657611895,107.60425946760695
Kost Gatsu Bapak Agus Tipe A Gatot Subroto Batununggal Bandung,Putri,Rp1.100.000,1100000,Batununggal,Batununggal,"Kost ini berlokasi dekat dengan jalan raya dengan akses yang hanya bisa dilalui oleh motor/sepeda, berlokasi dekat dengan Warteg Cintaasih (646 m), Alfamart A Yani 419 (2.0 km), Church In Bandung (739 m), Universitas Padjadjaran Kampus Dipatiukur (3.5 km), Bandung Electronic Center (2.6 km).","3 x 4 meter, Tidak termasuk listrik","Kasur, Meja, Meja Rias, Lemari / Storage, Cermin, Bantal, Kipas Angin","K. Mandi Dalam, Kloset Jongkok, Ember mandi, Shower","WiFi, Kulkas, R. Tamu, R. Jemur, R. Makan, Dapur","Parkir Motor, Parkir Sepeda",,https://mamikos.com/room/kost-kota-bandung-kost-putri-murah-kost-gatsu-bpk-agus-gatot-subroto-batununggal-bandung?redirection_source=landing%20area,-6.928793635582255,107.64093762574272
Kost Griya Camar Tipe D Lengkong Bandung,Campur,Rp1.200.000,1200000,Lengkong,Lengkong,"Kost ini berlokasi dekat dengan jalan raya dengan akses yang hanya bisa dilalui oleh motor/sepeda, berlokasi dekat dengan Warteg Bahari (1.3 km), Alfamart (2.6 km), Church In Bandung (354 m), Bank BJB - Cabang Utama Bandung (1.4 km), Universitas Islam Bandung (2.5 km), RS Umum Bungsu (1.0 km).","3 x 3 meter, Tidak termasuk listrik","Kasur, Meja, Lemari / Storage, Jendela, Cermin, Bantal, Kursi","Kloset Jongkok, K. Mandi Luar, Ember mandi, Shower","WiFi, R. Cuci, Penjaga Kos, R. Jemur, Dapur, Jemuran, CCTV",Parkir Motor & Sepeda,,https://mamikos.com/room/kost-kota-bandung-kost-campur-eksklusif-kost-griya-camar-tipe-d-lengkong-bandung-2?redirection_source=landing%20area,-6.936179591173565,107.6257458087909
Kost Tamansari 19 Bandung Wetan Bandung,Putri,Rp950.000,950000,Bandung Wetan,Bandung Wetan,"Kost ini berlokasi dekat dengan jalan raya dengan akses yang hanya bisa dilalui oleh motor/sepeda, berlokasi dekat dengan Rumah Makan Kapau Jaya (257 m), Circle K (3.4 km), Masjid Al-Hidayah (105 m), Bank BJB - Kantor Cabang Tamansari (407 m), Universitas Islam Bandung (405 m), RS Umum Tk IV 03.07.03Sariningsih (792 m).","3 x 4 meter, Termasuk listrik","Kasur, Meja, Lemari / Storage, Ventilasi, Jendela, Guling, Bantal, Kursi","Kloset Jongkok, K. Mandi Luar, Ember mandi","WiFi, R. Cuci, Kulkas, Mesin Cuci, R. Tamu, Penjaga Kos, R. Jemur, R. Makan, R. Santai, Dispenser",Parkir Motor,,https://mamikos.com/room/kost-kota-bandung-kost-putri-murah-kost-tamansari-19-bandung-wetan-bandung?redirection_source=landing%20area,-6.906226205452959,107.61821398747779
Kost Anggrek Barokah Bandung Wetan Bandung,Campur,Rp1.700.000,1700000,Kecamatan Bandung Wetan,Bandung Wetan,"Kost ini berlokasi dekat dengan jalan raya dengan akses yang hanya bisa dilalui oleh motor/sepeda, berlokasi dekat dengan Warteg Abadi (2.3 km), Alfamart A Yani 419 (971 m), Masjid Al Kautsar (1.5 km), Citibank Indonesia (2.0 km), Universitas Padjadjaran Kampus Dipatiukur (2.4 km), RS Umum Bungsu (2.1 km).","3 x 4 meter, Termasuk listrik","Kasur, Dispenser, Meja, TV, Lemari / Storage, Ventilasi, Jendela, Guling, Cermin, Bantal","K. Mandi Dalam, Kloset Duduk, Shower, Air panas","WiFi, R. Cuci, Kulkas, Penjaga Kos, R. Jemur, Dispenser, Dapur, Jemuran, Pengurus Kos, CCTV","Parkir Mobil, Parkir Motor, Parkir Sepeda",,https://mamikos.com/room/kost-kota-bandung-kost-campur-eksklusif-kost-anggrek-barokah-bandung-wetan-bandung?redirection_source=landing%20area,-6.904113832049143,107.61815561326695
Kost Shekinah Bandung Wetan Bandung,Putri,Rp1.510.000,1510000,Bandung Wetan,Bandung Wetan,"Kost ini berlokasi dekat dengan jalan raya dengan akses yang hanya bisa dilalui oleh motor/sepeda, berlokasi dekat dengan Warteg Abadi (382 m), Circle K (3.2 km), Masjid Al Asy'ari Unisba (336 m), Bank BJB - Kantor Cabang Tamansari (326 m), Universitas Islam Bandung (300 m), RS Umum Tk IV 03.07.03Sariningsih (775 m).","3 x 2.5 meter, Tidak termasuk listrik","Kasur, Meja, Lemari / Storage, Ventilasi, Jendela, Guling, Bantal, Kursi","K. Mandi Dalam, Kloset Duduk, Shower, Air panas","WiFi, Kulkas, Dispenser, Dapur, Jemuran, CCTV",,,https://mamikos.com/room/kost-kota-bandung-kost-putri-eksklusif-kost-shekinah-bandung-wetan-bandung-2?redirection_source=landing%20area,-6.904180178400149,107.616504693872
Kost No 73 Tipe A Cibeunying Kaler Bandung,Putra,Rp1.000.000,1000000,Cibeunying Kaler,Cibeunying Kaler,"Kost ini berlokasi dekat dengan jalan raya dengan akses yang hanya bisa dilalui oleh motor/sepeda, berlokasi dekat dengan Rumah Makan Boemi Mitoha (786 m), Alfamart A Yani 419 (1.3 km), Masjid Pusdai (725 m), Institut Teknologi Nasional Bandung (612 m), Sinar Abadi Balubur Town Square (2.5 km).","3 x 3 meter, Tidak termasuk listrik","Kasur, Meja, Lemari / Storage, Kursi","Kloset Duduk, K. Mandi Luar, Ember mandi, Bak mandi","WiFi, Laundry, R. Jemur, R. Santai, Dapur","Parkir Mobil, Parkir Motor, Parkir Sepeda",,https://mamikos.com/room/kost-kota-bandung-kost-putra-eksklusif-kost-no-73-tipe-a-cibeunying-kaler-bandung?redirection_source=landing%20area,-6.884610102548219,107.63027458493923
Kost Otto Residence Tipe D Astanaanyar Bandung,Campur,Rp1.800.000,1800000,Astanaanyar,Astanaanyar,"Kost ini berlokasi dekat dengan jalan raya dengan akses yang hanya bisa dilalui oleh motor/sepeda, berlokasi dekat dengan Warteg Jaya Bahari (211 m), Circle K (534 m), Masjid Raya Bandung (446 m), Bank BJB - Cabang Utama Bandung (905 m), Institut Seni Budaya Indonesia Bandung (3.4 km), Bandung Electronic Center (2.0 km).","4 x 4 meter, Tidak termasuk listrik","AC, Kasur, Meja, Meja Rias, Lemari / Storage, Ventilasi, Jendela, Cermin, Bantal, Wastafel","K. Mandi Dalam, Kloset Duduk, Wastafel, Shower, Air panas","WiFi, R. Jemur, Dapur, Jemuran","Parkir Motor, Parkir Sepeda",,https://mamikos.com/room/kost-kota-bandung-kost-campur-eksklusif-kost-otto-residence-tipe-d-astanaanyar-bandung?redirection_source=landing%20area,-6.938966956780758,107.60427791172538
Kost Auliya Tipe B Regol Bandung,Campur,Rp1.800.000,1800000,Regol,Regol,"Kost ini berlokasi dekat dengan jalan raya dengan akses yang hanya bisa dilalui oleh motor/sepeda, berlokasi dekat dengan Warteg Jaya Bahari (783 m), Gereja Kristen Kalam Kudus Pasundan (484 m), Institut Seni Budaya Indonesia Bandung (2.9 km), RS Ibu dan Anak Kota Bandung (562 m), Bandung Electronic Center (2.5 km).","3 x 3 meter, Termasuk listrik","Kasur, Dispenser, Meja, TV, Lemari / Storage, Kulkas, Ventilasi, Meja makan, Jendela, Cermin","K. Mandi Dalam, Kloset Duduk, Kloset Jongkok, K. Mandi Luar, Ember mandi, Shower, Air panas","WiFi, R. Cuci, Kulkas, Mesin Cuci, Laundry, R. Tamu, Penjaga Kos, R. Jemur, R. Makan, R. Santai","Parkir Mobil, Parkir Motor, Parkir Sepeda",,https://mamikos.com/room/kost-kota-bandung-kost-campur-eksklusif-kost-auliya-tipe-b-regol-bandung-1?redirection_source=landing%20area,-6.941268341238863,107.61235889356138
Kost Esatu Reguler Lengkong Bandung,Campur,Rp950.000,950000,Kecamatan Lengkong,Lengkong,"Kost ini berlokasi dekat dengan jalan raya dengan akses yang hanya bisa dilalui oleh motor/sepeda, berlokasi dekat dengan Warteg Bahari (510 m), Alfamart (3.1 km), Church In Bandung (522 m), Bank BJB - Cabang Utama Bandung (1.2 km), Universitas Islam Bandung (2.8 km), RS Umum Bungsu (1.0 km).","3 x 3 meter, Tidak termasuk listrik","Kasur, Ventilasi, Jendela","K. Mandi Dalam, Kloset Jongkok","WiFi, R. Tamu, R. Jemur, Dapur, Jemuran, Pengurus Kos, CCTV",Parkir Motor & Sepeda,,https://mamikos.com/room/kost-kota-bandung-kost-campur-murah-kost-esatu-reguler-lengkong-bandung-2?redirection_source=landing%20area,-6.935169517572164,107.62524581379365
Kost Fira Tipe B Cibeunying Kaler Bandung,Campur,Rp1.000.000,1000000,Cibeunying Kaler,Cibeunying Kaler,"Kost ini berlokasi dekat dengan jalan raya dengan akses yang hanya bisa dilalui oleh motor/sepeda, berlokasi dekat dengan Warteg Abadi (2.2 km), Alfamart A Yani 419 (1.3 km), Masjid Pusdai (602 m), Bank Permata (2.3 km), Universitas Padjadjaran Kampus Dipatiukur (1.8 km), RS Umum Santo Borromeus (2.1 km).","3 x 3 meter, Termasuk listrik","Kasur, Meja, Lemari / Storage, Ventilasi, Jendela, Bantal, Kursi","K. Mandi Dalam, Kloset Duduk, Ember mandi","WiFi, R. Cuci, Laundry, Penjaga Kos, R. Jemur, Jemuran, Pengurus Kos, CCTV, Kartu Akses","Parkir Motor, Parkir Sepeda, Parkir Motor & Sepeda",,https://mamikos.com/room/kost-kota-bandung-kost-campur-eksklusif-kost-fira-tipe-b-cibeunying-kaler-bandung?redirection_source=landing%20area,-6.885665903816149,107.62804584417539
Kost Tom Tom Tipe A Regol Bandung,Campur,Rp2.500.000,2500000,Kecamatan Regol,Regol,"Kost ini berlokasi dekat dengan jalan raya dengan akses yang hanya bisa dilalui oleh motor/sepeda, berlokasi dekat dengan Warteg Bahari (454 m), Circle K (2.5 km), Church of Isa Almasih (517 m), Bank BJB - Cabang Utama Bandung (1.5 km), Universitas Islam Bandung (3.3 km), RS Mata Bandung Eye Center (1.3 km).","3 x 7 meter, Tidak termasuk listrik","AC, Kasur, Meja, Lemari / Storage, Kulkas, Ventilasi, Meja makan, Jendela, Cermin, Bantal","K. Mandi Dalam, Kloset Duduk, K. Mandi Luar, Wastafel, Ember mandi, Shower, Air panas","WiFi, Kulkas, R. Tamu, Penjaga Kos, R. Jemur, R. Makan, R. Santai, Dapur, Jemuran, Pengurus Kos","Parkir Mobil, Parkir Motor, Parkir Sepeda, Parkir Motor & Sepeda",,https://mamikos.com/room/kost-kota-bandung-kost-campur-eksklusif-kost-tom-tom-tipe-a-regol-bandung?redirection_source=landing%20area,-6.940086691958041,107.61223573009588
Kost Dadang Kebon Sirih Tipe L Besar Sumur Bandung Bandung,Putra,Rp1.300.000,1300000,Kecamatan Sumur Bandung,Sumur Bandung,"Kost ini berlokasi dekat dengan jalan raya dengan akses yang hanya bisa dilalui oleh motor/sepeda, berlokasi dekat dengan Warteg Abadi (1.1 km), Alfamart (1.6 km), Masjid Al Asy'ari Unisba (881 m), Bank BJB - Kantor Cabang Tamansari (915 m), Universitas Islam Bandung (917 m), RS Umum Tk IV 03.07.03Sariningsih (777 m).","3 x 5 meter, Termasuk listrik","Kasur, Meja, Lemari / Storage, Ventilasi, Jendela, Cermin, Kursi","K. Mandi Dalam, Kloset Duduk, Shower, Air panas","WiFi, R. Jemur, Balcon, TV",Parkir Motor & Sepeda,,https://mamikos.com/room/kost-kota-bandung-kost-putra-eksklusif-kost-dadang-kebon-sirih-tipe-l-besar-sumur-bandung-bandung-2?redirection_source=landing%20area,-6.913209066240872,107.61642349612686
Kost P House Tipe Deluxe Andir Bandung,Campur,Rp1.150.000,1150000,Kecamatan Andir,Andir,"Kost ini berlokasi dekat dengan jalan raya dengan akses yang hanya bisa dilalui oleh motor/sepeda, berlokasi dekat dengan Rumah Makan Legoh (1.5 km), Circle K (3.1 km), Gereja Kristen Kalam Kudus Pasundan (1.3 km), Bank Syariah Indonesia KC Bandung Suniaraja (72 m), Universitas Islam Bandung (1.4 km), RS Umum Kebonjati (875 m).","3 x 4 meter, Termasuk listrik","Kasur, Lemari / Storage, Ventilasi, Jendela, Wastafel","K. Mandi Dalam, Kloset Duduk, Wastafel, Ember mandi, Shower","WiFi, Laundry, Dapur, Jemuran, CCTV",Parkir Motor,,https://mamikos.com/room/kost-kota-bandung-kost-campur-eksklusif-kost-p-house-tipe-deluxe-andir-bandung-2?redirection_source=landing%20area,-6.907361416501354,107.57171537628436
Kost Kurnia Tipe A Cibeunying Kidul Bandung,Putri,Rp1.300.000,1300000,Cibeunying Kidul,Cibeunying Kidul,"Kost ini berlokasi dekat dengan jalan raya dengan akses yang hanya bisa dilalui oleh motor/sepeda, berlokasi dekat dengan Alfamart A Yani 419 (1.0 km), Christian Church Pasundan Awiligar (2.3 km), Universitas Padjadjaran Kampus Dipatiukur (2.4 km), Sinar Abadi Balubur Town Square (3.1 km).","3 x 4 meter, Termasuk listrik","Kasur, Meja, Lemari / Storage, Jendela, Guling, Bantal, Kursi","Kloset Duduk, Ember mandi, Shower","WiFi, Kulkas, Mesin Cuci, R. Santai, Dispenser, Dapur, Jemuran, CCTV, TV",Parkir Motor,,https://mamikos.com/room/kost-kota-bandung-kost-putri-eksklusif-kost-kurnia-tipe-a-cibeunying-kidul-bandung?redirection_source=landing%20area,-6.898953366238351,107.64874018557018
Kost Kebon Sirih 6 Tipe C Babakan Ciamis Sumur Bandung,Putri,Rp900.000,900000,Sumur Bandung,Sumur Bandung,"Kost ini berlokasi dekat dengan jalan raya dengan akses yang hanya bisa dilalui oleh motor/sepeda, berlokasi dekat dengan Rumah Makan Kapau Jaya (844 m), Circle K (3.2 km), Masjid Al Asy'ari Unisba (642 m), Bank Permata (447 m), Universitas Islam Bandung (678 m), RS Ibu dan Anak Limijati (799 m).","2.5 x 2.5 meter, Tidak termasuk listrik","Kasur, Lemari / Storage","Kloset Duduk, K. Mandi Luar, Wastafel, Air panas",,"Parkir Motor, Parkir Sepeda",,https://mamikos.com/room/kost-bandung-kost-putri-murah-kost-kebon-sirih-no-6-babakan-ciamis-sumur-bandung?redirection_source=landing%20area,-6.912934658671517,107.61615289409575
Kost Warta Batununggal Bandung,Putri,Rp900.000,900000,Batununggal,Batununggal,"Kost ini berlokasi dekat dengan jalan raya dengan akses yang hanya bisa dilalui oleh motor/sepeda, berlokasi dekat dengan Warteg Cintaasih (603 m), Alfamart A Yani 419 (1.8 km), Masjid Al Jihad (893 m), Sekolah Tinggi Ilmu Ekonomi Pasundan (842 m), Bandung Electronic Center (3.3 km).","3 x 3 meter, Termasuk listrik","Kasur, Meja, Lemari / Storage, Ventilasi, Jendela, Guling, Cermin, Bantal","Kloset Duduk, Kloset Jongkok, K. Mandi Luar, Ember mandi, Shower","Kulkas, R. Tamu, R. Jemur, R. Makan, Dispenser, Dapur, Jemuran, Pengurus Kos, CCTV, Taman","Parkir Motor, Parkir Sepeda",,https://mamikos.com/room/kost-bandung-kost-putri-murah-kost-warta-batununggal-bandung?redirection_source=landing%20area,-6.930011365204835,107.64241753014348
Kost Wastu323 Bandung Wetan Bandung,Putri,Rp650.000,650000,Bandung Wetan,Bandung Wetan,"Kost ini berlokasi dekat dengan jalan raya dengan akses yang hanya bisa dilalui oleh motor/sepeda, berlokasi dekat dengan Warteg Abadi (531 m), Alfamart (455 m), Masjid Al Asy'ari Unisba (364 m), Bank BJB - Kantor Cabang Tamansari (386 m), Universitas Islam Bandung (335 m), RS Umum Tk IV 03.07.03Sariningsih (859 m).","3 x 3 meter, Tidak termasuk listrik","Kasur, Meja, Lemari / Storage, Jendela, Bantal, Kursi","K. Mandi Dalam, Kloset Jongkok, K. Mandi Luar, Wastafel, Ember mandi, Bak mandi","WiFi, R. Cuci, R. Jemur, R. Santai, Dapur, Jemuran, Pengurus Kos, Jual Makanan, CCTV, Rooftop","Parkir Motor, Parkir Motor & Sepeda",,https://mamikos.com/room/kost-kota-bandung-kost-putri-murah-kost-wastu323-bandung-wetan-bandung-2?redirection_source=landing%20area,-6.906299390933265,107.61662682224755
Kost Guyub Tipe A Cibeunying Kaler Bandung,Campur,Rp600.000,600000,Cibeunying Kaler,Cibeunying Kaler,"Kost ini berlokasi dekat dengan jalan raya dengan akses yang hanya bisa dilalui oleh motor/sepeda, berlokasi dekat dengan Warteg Abadi (2.2 km), Alfamart (1.3 km), Church In Bandung (2.5 km), Bank BJB Weekend Banking (984 m), Institut Teknologi Nasional Bandung (808 m), RS Ibu dan Anak Al Islam (1.2 km).","3 x 3 meter, Termasuk listrik","Kasur, Lemari / Storage, Guling, Cermin","Kloset Jongkok, K. Mandi Luar, Ember mandi","WiFi, R. Jemur, Jemuran, Pengurus Kos, CCTV, Balcon, K. Mandi Luar",Parkir Motor & Sepeda,,https://mamikos.com/room/kost-kota-bandung-kost-campur-murah-kost-guyub-tipe-a-cibeunying-kaler-bandung?redirection_source=landing%20area,-6.8879672548961866,107.62971942232657
Kost Heritage House Paviliun Lengkong Bandung,Campur,Rp1.000.000,1000000,Kecamatan Lengkong,Lengkong,"Kost ini berlokasi dekat dengan jalan raya dengan akses masuk mobil, berlokasi dekat dengan Warteg Bahari (532 m), Circle K (2.9 km), Church of Isa Almasih (957 m), Bank BCA KCP Buah Batu (975 m), Akademi Sekretari Dan Manajemen BSI Bandung (319 m), RS Umum Bungsu (1.8 km).","3 x 3 meter, Tidak termasuk listrik","Kasur, Kursi","Kloset Duduk, Shower","WiFi, Kulkas, Dispenser, Dapur, Pengurus Kos, K. Mandi Luar","Parkir Mobil, Parkir Motor, Parkir Sepeda, Parkir Motor & Sepeda",,https://mamikos.com/room/kost-kota-bandung-kost-campur-eksklusif-kost-heritage-house-paviliun-lengkong-bandung?redirection_source=landing%20area,-6.935089522551369,107.62770196024647
Kost Genaka Batununggal Bandung,Putri,Rp760.000,760000,Kecamatan Batununggal,Batununggal,"Kost ini berlokasi dekat dengan jalan raya dengan akses yang hanya bisa dilalui oleh motor/sepeda, berlokasi dekat dengan Warteg Bahari (2.1 km), Alfamart A Yani 419 (1.3 km), Masjid Al Jihad (932 m), Bank BCA KCP Buah Batu (2.4 km), Institut Teknologi Nasional Bandung (2.8 km), RS Ibu dan Anak Al Islam (1.5 km).","3 x 4 meter, Tidak termasuk listrik","Kasur, Lemari / Storage, Bantal","K. Mandi Dalam, Kloset Jongkok, Ember mandi","WiFi, R. Tamu, Dapur","Parkir Motor, Parkir Sepeda, Parkir Motor & Sepeda",,https://mamikos.com/room/kost-kota-bandung-kost-putri-murah-kost-genaka-batununggal-bandung?redirection_source=landing%20area,-6.929396438655393,107.64030777524349
Kost Kurnia Tipe A Cibeunying Kidul Bandung,Putri,Rp1.300.000,1300000,Cibeunying Kidul,Cibeunying Kidul,"Kost ini berlokasi dekat dengan jalan raya dengan akses yang hanya bisa dilalui oleh motor/sepeda, berlokasi dekat dengan Alfamart A Yani 419 (1.0 km), Christian Church Pasundan Awiligar (2.3 km), Universitas Padjadjaran Kampus Dipatiukur (2.4 km), Sinar Abadi Balubur Town Square (3.1 km).","3 x 4 meter, Termasuk listrik","Kasur, Meja, Lemari / Storage, Jendela, Guling, Bantal, Kursi","Kloset Duduk, Ember mandi, Shower","WiFi, Kulkas, Mesin Cuci, R. Santai, Dispenser, Dapur, Jemuran, CCTV, TV",Parkir Motor,,https://mamikos.com/room/kost-kota-bandung-kost-putri-eksklusif-kost-kurnia-tipe-a-cibeunying-kidul-bandung?redirection_source=landing%20area,-6.897996682446493,107.6505125970487
Kost Kebon Sirih 6 Tipe C Babakan Ciamis Sumur Bandung,Putri,Rp900.000,900000,Sumur Bandung,Sumur Bandung,"Kost ini berlokasi dekat dengan jalan raya dengan akses yang hanya bisa dilalui oleh motor/sepeda, berlokasi dekat dengan Rumah Makan Kapau Jaya (844 m), Circle K (3.2 km), Masjid Al Asy'ari Unisba (642 m), Bank Permata (447 m), Universitas Islam Bandung (678 m), RS Ibu dan Anak Limijati (799 m).","2.5 x 2.5 meter, Tidak termasuk listrik","Kasur, Lemari / Storage","Kloset Duduk, K. Mandi Luar, Wastafel, Air panas",,"Parkir Motor, Parkir Sepeda",,https://mamikos.com/room/kost-bandung-kost-putri-murah-kost-kebon-sirih-no-6-babakan-ciamis-sumur-bandung?redirection_source=landing%20area,-6.91314943576986,107.61886415950137
Kost Warta Batununggal Bandung,Putri,Rp900.000,900000,Batununggal,Batununggal,"Kost ini berlokasi dekat dengan jalan raya dengan akses yang hanya bisa dilalui oleh motor/sepeda, berlokasi dekat dengan Warteg Cintaasih (603 m), Alfamart A Yani 419 (1.8 km), Masjid Al Jihad (893 m), Sekolah Tinggi Ilmu Ekonomi Pasundan (842 m), Bandung Electronic Center (3.3 km).","3 x 3 meter, Termasuk listrik","Kasur, Meja, Lemari / Storage, Ventilasi, Jendela, Guling, Cermin, Bantal","Kloset Duduk, Kloset Jongkok, K. Mandi Luar, Ember mandi, Shower","Kulkas, R. Tamu, R. Jemur, R. Makan, Dispenser, Dapur, Jemuran, Pengurus Kos, CCTV, Taman","Parkir Motor, Parkir Sepeda",,https://mamikos.com/room/kost-bandung-kost-putri-murah-kost-warta-batununggal-bandung?redirection_source=landing%20area,-6.927143113811175,107.64087166659054
Kost Wastu323 Bandung Wetan Bandung,Putri,Rp650.000,650000,Bandung Wetan,Bandung Wetan,"Kost ini berlokasi dekat dengan jalan raya dengan akses yang hanya bisa dilalui oleh motor/sepeda, berlokasi dekat dengan Warteg Abadi (531 m), Alfamart (455 m), Masjid Al Asy'ari Unisba (364 m), Bank BJB - Kantor Cabang Tamansari (386 m), Universitas Islam Bandung (335 m), RS Umum Tk IV 03.07.03Sariningsih (859 m).","3 x 3 meter, Tidak termasuk listrik","Kasur, Meja, Lemari / Storage, Jendela, Bantal, Kursi","K. Mandi Dalam, Kloset Jongkok, K. Mandi Luar, Wastafel, Ember mandi, Bak mandi","WiFi, R. Cuci, R. Jemur, R. Santai, Dapur, Jemuran, Pengurus Kos, Jual Makanan, CCTV, Rooftop","Parkir Motor, Parkir Motor & Sepeda",,https://mamikos.com/room/kost-kota-bandung-kost-putri-murah-kost-wastu323-bandung-wetan-bandung-2?redirection_source=landing%20area,-6.906748296197275,107.61797156759313
Kost Guyub Tipe A Cibeunying Kaler Bandung,Campur,Rp600.000,600000,Cibeunying Kaler,Cibeunying Kaler,"Kost ini berlokasi dekat dengan jalan raya dengan akses yang hanya bisa dilalui oleh motor/sepeda, berlokasi dekat dengan Warteg Abadi (2.2 km), Alfamart (1.3 km), Church In Bandung (2.5 km), Bank BJB Weekend Banking (984 m), Institut Teknologi Nasional Bandung (808 m), RS Ibu dan Anak Al Islam (1.2 km).","3 x 3 meter, Termasuk listrik","Kasur, Lemari / Storage, Guling, Cermin","Kloset Jongkok, K. Mandi Luar, Ember mandi","WiFi, R. Jemur, Jemuran, Pengurus Kos, CCTV, Balcon, K. Mandi Luar",Parkir Motor & Sepeda,,https://mamikos.com/room/kost-kota-bandung-kost-campur-murah-kost-guyub-tipe-a-cibeunying-kaler-bandung?redirection_source=landing%20area,-6.886104571126455,107.62864688077403
Kost Heritage House Paviliun Lengkong Bandung,Campur,Rp1.000.000,1000000,Kecamatan Lengkong,Lengkong,"Kost ini berlokasi dekat dengan jalan raya dengan akses masuk mobil, berlokasi dekat dengan Warteg Bahari (532 m), Circle K (2.9 km), Church of Isa Almasih (957 m), Bank BCA KCP Buah Batu (975 m), Akademi Sekretari Dan Manajemen BSI Bandung (319 m), RS Umum Bungsu (1.8 km).","3 x 3 meter, Tidak termasuk listrik","Kasur, Kursi","Kloset Duduk, Shower","WiFi, Kulkas, Dispenser, Dapur, Pengurus Kos, K. Mandi Luar","Parkir Mobil, Parkir Motor, Parkir Sepeda, Parkir Motor & Sepeda",,https://mamikos.com/room/kost-kota-bandung-kost-campur-eksklusif-kost-heritage-house-paviliun-lengkong-bandung?redirection_source=landing%20area,-6.935316314389314,107.62700177922711
Kost Genaka Batununggal Bandung,Putri,Rp760.000,760000,Kecamatan Batununggal,Batununggal,"Kost ini berlokasi dekat dengan jalan raya dengan akses yang hanya bisa dilalui oleh motor/sepeda, berlokasi dekat dengan Warteg Bahari (2.1 km), Alfamart A Yani 419 (1.3 km), Masjid Al Jihad (932 m), Bank BCA KCP Buah Batu (2.4 km), Institut Teknologi Nasional Bandung (2.8 km), RS Ibu dan Anak Al Islam (1.5 km).","3 x 4 meter, Tidak termasuk listrik","Kasur, Lemari / Storage, Bantal","K. Mandi Dalam, Kloset Jongkok, Ember mandi","WiFi, R. Tamu, Dapur","Parkir Motor, Parkir Sepeda, Parkir Motor & Sepeda",,https://mamikos.com/room/kost-kota-bandung-kost-putri-murah-kost-genaka-batununggal-bandung?redirection_source=landing%20area,-6.927008174496239,107.63970831536768
Kost Nur Muhaji Tipe A Batununggal Bandung,Campur,Rp1.200.000,1200000,Batununggal,Batununggal,"Kost ini berlokasi dekat dengan jalan raya dengan akses yang hanya bisa dilalui oleh motor/sepeda, berlokasi dekat dengan Warteg Bahari (2.0 km), Alfamart (2.6 km), Masjid Al Jihad (264 m), Bank BJB - Cabang Utama Bandung (2.2 km), Institut Teknologi Nasional Bandung (2.4 km), RS Ibu dan Anak Al Islam (1.5 km).","4 x 4 meter, Tidak termasuk listrik","Kasur, Lemari / Storage, Ventilasi, Jendela, Guling, Bantal","K. Mandi Dalam, Kloset Duduk, Ember mandi","WiFi, Laundry, Penjaga Kos, Jemuran, Pengurus Kos, CCTV","Parkir Motor, Parkir Motor & Sepeda",,https://mamikos.com/room/kost-kota-bandung-kost-campur-eksklusif-kost-nur-muhaji-tipe-a-batununggal-bandung-2?redirection_source=landing%20area,-6.929216402756039,107.6403407497854
Kost Srigadis 25 Tipe A Regol Bandung,Campur,Rp1.200.000,1200000,Regol,Regol,"Kost ini berlokasi dekat dengan jalan raya dengan akses yang hanya bisa dilalui oleh motor/sepeda, berlokasi dekat dengan Warteg Bahari (788 m), Circle K (788 m), Church of Isa Almasih (836 m), Institut Seni Budaya Indonesia Bandung (1.9 km), RSU Bhayangkara Tk II Sartika Asih (2.3 km), Bandung Electronic Center (3.1 km).","7 x 8 meter, Tidak termasuk listrik","Kasur, Meja, Lemari / Storage, Ventilasi, Jendela, Guling, Cermin, Bantal","K. Mandi Dalam, Kloset Duduk, Ember mandi","WiFi, R. Jemur, R. Makan, R. Santai, Dapur, Jemuran, Balcon, Taman","Parkir Motor, Parkir Sepeda",,https://mamikos.com/room/kost-kota-bandung-kost-campur-eksklusif-kost-srigadis-25-tipe-a-regol-bandung-1?redirection_source=landing%20area,-6.937719571407393,107.61409364771177
Kost Eyang Cipju Tipe A Bandung Wetan Bandung,Putra,Rp1.000.000,1000000,Kecamatan Bandung Wetan,Bandung Wetan,"Kost ini berlokasi dekat dengan jalan raya dengan akses yang hanya bisa dilalui oleh motor/sepeda, berlokasi dekat dengan Warteg Abadi (1.8 km), Alfamart (1.3 km), Masjid Al Asy'ari Unisba (2.1 km), Bank BJB Weekend Banking (719 m), Institut Teknologi Nasional Bandung (1.2 km), RS Ibu dan Anak Al Islam (1.5 km).","3 x 3 meter, Tidak termasuk listrik","Kasur, Meja, Lemari / Storage, Ventilasi, Jendela, Kipas Angin","Kloset Duduk, K. Mandi Luar, Wastafel, Shower","WiFi, Kulkas, Penjaga Kos, Mushola, Dapur, Jemuran, CCTV, Balcon, Taman, Joglo","Parkir Mobil, Parkir Motor & Sepeda",,https://mamikos.com/room/kost-kota-bandung-kost-putra-eksklusif-kost-eyang-cipju-tipe-a-bandung-wetan-bandung?redirection_source=landing%20area,-6.903391921899407,107.61852801377856
Kost Srigadis 25 Tipe Paviliun Regol Bandung,Campur,Rp2.100.000,2100000,Regol,Regol,"Kost ini berlokasi dekat dengan jalan raya dengan akses yang hanya bisa dilalui oleh motor/sepeda, berlokasi dekat dengan Warteg Bahari (783 m), Circle K (782 m), Church of Isa Almasih (822 m), Institut Seni Budaya Indonesia Bandung (1.9 km), RSU Bhayangkara Tk II Sartika Asih (2.3 km), Bandung Electronic Center (3.1 km).","6 x 10 meter, Tidak termasuk listrik",Dapur Pribadi,"K. Mandi Dalam, Kloset Duduk, Ember mandi, Shower","R. Tamu, R. Jemur, R. Makan, R. Santai, Dapur, Jemuran, R. Keluarga","Parkir Motor, Parkir Sepeda",,https://mamikos.com/room/kost-kota-bandung-kost-campur-eksklusif-kost-srigadis-25-tipe-paviliun-regol-bandung?redirection_source=landing%20area,-6.940994032547239,107.61472392337653
Kost Muararajeun Lama 2 Tipe C Cibeunying Kaler Bandung,Campur,Rp850.000,850000,Cibeunying Kaler,Cibeunying Kaler,"Kost ini berlokasi dekat dengan jalan raya dengan akses yang hanya bisa dilalui oleh motor/sepeda, berlokasi dekat dengan Rumah Makan Boemi Mitoha (593 m), Alfamart A Yani 419 (1.3 km), Masjid Pusdai (561 m), Universitas Padjadjaran Kampus Dipatiukur (1.8 km), Sinar Abadi Balubur Town Square (2.3 km).","3 x 3 meter, Termasuk listrik","Kasur, Meja, Lemari / Storage, Ventilasi, Jendela, Bantal","Kloset Jongkok, K. Mandi Luar, Ember mandi","WiFi, R. Cuci, R. Jemur, Dapur, Jemuran, Pengurus Kos, Jual Makanan, CCTV, K. Mandi Luar","Parkir Motor, Parkir Sepeda, Parkir Motor & Sepeda",,https://mamikos.com/room/kost-kota-bandung-kost-campur-eksklusif-kost-muararajeun-lama-2-tipe-c-cibeunying-kaler-bandung?redirection_source=landing%20area,-6.884974991522898,107.62816605897677
Kost 78D Tipe A Regol Bandung,Putri,Rp1.350.000,1350000,Regol,Regol,"Kost ini berlokasi dekat dengan jalan raya dengan akses jalan raya, berlokasi dekat dengan Rumah Makan Cikawao (889 m), Circle K (819 m), Gereja Kristen Kalam Kudus Pasundan (342 m), Citibank Indonesia (1.4 km), Sekolah Tinggi Ilmu Kesehatan Immanuel Bandung (1.4 km), RS Khusus Mata Cicendo (2.0 km).","5 x 4 meter, Tidak termasuk listrik","Kasur, Meja, Lemari / Storage, Jendela, Guling, Bantal, Kursi","K. Mandi Dalam, Kloset Duduk","WiFi, Penjaga Kos, R. Jemur, R. Santai, Dapur, Jemuran, CCTV, Balcon","Parkir Motor, Parkir Sepeda, Parkir Motor & Sepeda",,https://mamikos.com/room/kost-kota-bandung-kost-putri-eksklusif-kost-78d-tipe-a-regol-bandung?redirection_source=landing%20area,-6.9408535526683295,107.61535607377682
Kost Wastu Tipe B Bandung Wetan Bandung,Putra,Rp1.350.000,1350000,Bandung Wetan,Bandung Wetan,"Kost ini berlokasi dekat dengan jalan raya dengan akses yang hanya bisa dilalui oleh motor/sepeda, berlokasi dekat dengan Rumah Makan Mirasa (282 m), Circle K (3.2 km), Masjid Al Asy'ari Unisba (150 m), Bank BJB - Kantor Cabang Tamansari (204 m), Universitas Islam Bandung (182 m), RS Ibu dan Anak Melinda (499 m).","6 x 4 meter, Termasuk listrik","Kasur, Meja, Lemari / Storage, Ventilasi, Jendela, Guling, Bantal, Kursi","K. Mandi Dalam, Kloset Jongkok, Ember mandi","WiFi, Kulkas, R. Jemur, R. Santai, Dapur","Parkir Motor, Parkir Sepeda",,https://mamikos.com/room/kost-bandung-kost-putra-eksklusif-kost-wastu-tipe-b-bandung-wetan-bandung-2?redirection_source=landing%20area,-6.904689972309116,107.61741165962574
Kost Macan 43 Tipe Vvip Lengkong Bandung,Putri,Rp1.400.000,1400000,Lengkong,Lengkong,"Kost ini berlokasi dekat dengan jalan raya dengan akses yang hanya bisa dilalui oleh motor/sepeda, berlokasi dekat dengan Warteg Bahari (2.8 km), Alfamart A Yani 419 (3.3 km), Masjid Jami Nurul Falah (232 m), CIMB Niaga (Buah Batu) (907 m), Institut Seni Budaya Indonesia Bandung (1.7 km), RS Ibu dan Anak Kota Bandung (2.0 km).","3.2 x 3.4 meter, Termasuk listrik","Kasur, Meja, Lemari / Storage, Ventilasi, Jendela, Cermin, Kursi","K. Mandi Dalam, Kloset Duduk, Ember mandi, Shower, Air panas","WiFi, R. Tamu, Penjaga Kos, R. Jemur, R. Makan, Dapur, Jemuran, Pengurus Kos, Jual Makanan, Kartu Akses","Parkir Mobil, Parkir Motor, Parkir Sepeda",,https://mamikos.com/room/kost-kota-bandung-kost-putri-eksklusif-kost-macan-43-tipe-vvip-lengkong-bandung?redirection_source=landing%20area,-6.935172664850575,107.62730158094904
Kost Muararajeun Lama 2 Tipe A Cibeunying Kaler Bandung,Campur,Rp1.000.000,1000000,Cibeunying Kaler,Cibeunying Kaler,"Kost ini berlokasi dekat dengan jalan raya dengan akses yang hanya bisa dilalui oleh motor/sepeda, berlokasi dekat dengan Warteg Abadi (2.2 km), Alfamart A Yani 419 (1.3 km), Masjid Al Kautsar (2.0 km), Bank Mandiri Bandung Priority Banking Soerapatti (1.5 km), Universitas Padjadjaran Kampus Dipatiukur (1.8 km), RS Umum Santo Borromeus (2.1 km).","3.5 x 2.5 meter, Termasuk listrik","Kasur, Meja, Lemari / Storage, Ventilasi, Jendela, Dapur Pribadi, Bantal, Wastafel","K. Mandi Dalam, Kloset Jongkok, Ember mandi","WiFi, R. Cuci, Penjaga Kos, R. Jemur, Jemuran, Jual Makanan","Parkir Motor, Parkir Sepeda",,https://mamikos.com/room/kost-kota-bandung-kost-campur-eksklusif-kost-muararajeun-lama-2-tipe-a-cibeunying-kaler-bandung?redirection_source=landing%20area,-6.887466002831936,107.62916144566375
Kost Bella Tipe 2 Lengkong Bandung,Putri,Rp1.500.000,1500000,Kecamatan Lengkong,Lengkong,"Kost ini berlokasi dekat dengan jalan raya dengan akses yang hanya bisa dilalui oleh motor/sepeda, berlokasi dekat dengan Warteg Bahari (590 m), Alfamart (3.0 km), Church of Isa Almasih (487 m), Bank BJB - Cabang Utama Bandung (795 m), Universitas Islam Bandung (2.5 km), RS Umum Bungsu (757 m).","2.7 x 2.7 meter, Termasuk listrik","Kasur, Meja, Meja Rias, Lemari / Storage, Ventilasi, Jendela, Cermin, Bantal, Kursi","K. Mandi Dalam, Kloset Duduk, Ember mandi, Shower, Air panas","WiFi, Kulkas, Penjaga Kos, R. Makan, Dapur, Jemuran, CCTV, Balcon, R. Keluarga, TV",Parkir Motor & Sepeda,,https://mamikos.com/room/kost-kota-bandung-kost-putri-eksklusif-kost-bella-tipe-2-lengkong-bandung?redirection_source=landing%20area,-6.933907045157253,107.62453051318354
Kost Aldy Maleer II Tipe B Batununggal Bandung,Putri,Rp750.000,750000,Batununggal,Batununggal,"Kost ini berlokasi dekat dengan jalan raya dengan akses yang hanya bisa dilalui oleh motor/sepeda, berlokasi dekat dengan Warteg Bahari (2.5 km), Alfamart (2.7 km), Gereja Isa Almasih (189 m), Bank BCA KCP Buah Batu (2.0 km), Institut Teknologi Nasional Bandung (3.3 km), RS Mata Bandung Eye Center (1.9 km).","3.4 x 2.4 meter, Termasuk listrik","Kasur, Meja, Meja Rias, Lemari / Storage, Ventilasi, Meja makan, Jendela, Guling, Cermin, Bantal","Kloset Duduk, K. Mandi Luar, Ember mandi, Shower","WiFi, R. Cuci, Kulkas, Mesin Cuci, R. Tamu, R. Jemur, R. Makan, R. Santai, Dispenser, Dapur","Parkir Motor, Parkir Sepeda",,https://mamikos.com/room/kost-kota-bandung-kost-putri-eksklusif-kost-aldy-maleer-ii-tipe-b-batununggal-bandung?redirection_source=landing%20area,-6.926589834109183,107.63975794643135
Kost Angel Mihardja Tipe A Regol Bandung,Putri,Rp1.800.000,1800000,Regol,Regol,"Kost ini berlokasi dekat dengan jalan raya dengan akses yang hanya bisa dilalui oleh motor/sepeda, berlokasi dekat dengan Warteg Bahari (539 m), Circle K (2.6 km), Church of Isa Almasih (657 m), Bank BCA KCP Buah Batu (1.4 km), Universitas Islam Bandung (3.5 km), RS Mata Bandung Eye Center (1.2 km).","3 x 4 meter, Tidak termasuk listrik","AC, Kasur, Meja, Meja Rias, Lemari / Storage, Jendela, Cermin, Bantal, Kursi","K. Mandi Dalam, Kloset Duduk, Ember mandi, Shower, Air panas","WiFi, Kulkas, Penjaga Kos, R. Jemur, Dispenser, Dapur, Jemuran, Pengurus Kos, Jual Makanan, CCTV",Parkir Motor & Sepeda,,https://mamikos.com/room/kost-kota-bandung-kost-putri-eksklusif-kost-angel-mihardja-tipe-a-regol-bandung?redirection_source=landing%20area,-6.938497399568585,107.6131403599562
Kost Muararajeun Lama 1 Tipe A Cibeunying Kaler Bandung,Campur,Rp885.000,885000,Cibeunying Kaler,Cibeunying Kaler,"Kost ini berlokasi dekat dengan jalan raya dengan akses yang hanya bisa dilalui oleh motor/sepeda, berlokasi dekat dengan Rumah Makan Boemi Mitoha (584 m), Alfamart A Yani 419 (1.3 km), Masjid Pusdai (553 m), Universitas Padjadjaran Kampus Dipatiukur (1.8 km), Sinar Abadi Balubur Town Square (2.3 km).","3 x 4 meter, Termasuk listrik","Kasur, Meja, Lemari / Storage, Ventilasi, Jendela, Cermin, Bantal","K. Mandi Dalam, Kloset Duduk, Ember mandi","WiFi, R. Cuci, Penjaga Kos, R. Jemur, Jemuran, Pengurus Kos, CCTV","Parkir Motor, Parkir Sepeda, Parkir Motor & Sepeda",,https://mamikos.com/room/kost-kota-bandung-kost-campur-eksklusif-kost-muararajeun-lama-1-tipe-a-cibeunying-kaler-bandung?redirection_source=landing%20area,-6.8858544983271175,107.63090409863732
Kost P House Tipe Deluxe Andir Bandung,Campur,Rp1.150.000,1150000,Kecamatan Andir,Andir,"Kost ini berlokasi dekat dengan jalan raya dengan akses yang hanya bisa dilalui oleh motor/sepeda, berlokasi dekat dengan Rumah Makan Legoh (1.5 km), Circle K (3.1 km), Gereja Kristen Kalam Kudus Pasundan (1.3 km), Bank Syariah Indonesia KC Bandung Suniaraja (72 m), Universitas Islam Bandung (1.4 km), RS Umum Kebonjati (875 m).","3 x 4 meter, Termasuk listrik","Kasur, Lemari / Storage, Ventilasi, Jendela, Wastafel","K. Mandi Dalam, Kloset Duduk, Wastafel, Ember mandi, Shower","WiFi, Laundry, Dapur, Jemuran, CCTV",Parkir Motor,,https://mamikos.com/room/kost-kota-bandung-kost-campur-eksklusif-kost-p-house-tipe-deluxe-andir-bandung-2?redirection_source=landing%20area,-6.906361640623342,107.57018201107921
Kost Kurnia Tipe A Cibeunying Kidul Bandung,Putri,Rp1.300.000,1300000,Cibeunying Kidul,Cibeunying Kidul,"Kost ini berlokasi dekat dengan jalan raya dengan akses yang hanya bisa dilalui oleh motor/sepeda, berlokasi dekat dengan Alfamart A Yani 419 (1.0 km), Christian Church Pasundan Awiligar (2.3 km), Universitas Padjadjaran Kampus Dipatiukur (2.4 km), Sinar Abadi Balubur Town Square (3.1 km).","3 x 4 meter, Termasuk listrik","Kasur, Meja, Lemari / Storage, Jendela, Guling, Bantal, Kursi","Kloset Duduk, Ember mandi, Shower","WiFi, Kulkas, Mesin Cuci, R. Santai, Dispenser, Dapur, Jemuran, CCTV, TV",Parkir Motor,,https://mamikos.com/room/kost-kota-bandung-kost-putri-eksklusif-kost-kurnia-tipe-a-cibeunying-kidul-bandung?redirection_source=landing%20area,-6.8990974992768885,107.65149414321345
Kost Warta Batununggal Bandung,Putri,Rp900.000,900000,Batununggal,Batununggal,"Kost ini berlokasi dekat dengan jalan raya dengan akses yang hanya bisa dilalui oleh motor/sepeda, berlokasi dekat dengan Warteg Cintaasih (603 m), Alfamart A Yani 419 (1.8 km), Masjid Al Jihad (893 m), Sekolah Tinggi Ilmu Ekonomi Pasundan (842 m), Bandung Electronic Center (3.3 km).","3 x 3 meter, Termasuk listrik","Kasur, Meja, Lemari / Storage, Ventilasi, Jendela, Guling, Cermin, Bantal","Kloset Duduk, Kloset Jongkok, K. Mandi Luar, Ember mandi, Shower","Kulkas, R. Tamu, R. Jemur, R. Makan, Dispenser, Dapur, Jemuran, Pengurus Kos, CCTV, Taman","Parkir Motor, Parkir Sepeda",,https://mamikos.com/room/kost-bandung-kost-putri-murah-kost-warta-batununggal-bandung?redirection_source=landing%20area,-6.926883196621094,107.64056434805697
Kost Wastu323 Bandung Wetan Bandung,Putri,Rp650.000,650000,Bandung Wetan,Bandung Wetan,"Kost ini berlokasi dekat dengan jalan raya dengan akses yang hanya bisa dilalui oleh motor/sepeda, berlokasi dekat dengan Warteg Abadi (531 m), Alfamart (455 m), Masjid Al Asy'ari Unisba (364 m), Bank BJB - Kantor Cabang Tamansari (386 m), Universitas Islam Bandung (335 m), RS Umum Tk IV 03.07.03Sariningsih (859 m).","3 x 3 meter, Tidak termasuk listrik","Kasur, Meja, Lemari / Storage, Jendela, Bantal, Kursi","K. Mandi Dalam, Kloset Jongkok, K. Mandi Luar, Wastafel, Ember mandi, Bak mandi","WiFi, R. Cuci, R. Jemur, R. Santai, Dapur, Jemuran, Pengurus Kos, Jual Makanan, CCTV, Rooftop","Parkir Motor, Parkir Motor & Sepeda",,https://mamikos.com/room/kost-kota-bandung-kost-putri-murah-kost-wastu323-bandung-wetan-bandung-2?redirection_source=landing%20area,-6.906089431478715,107.61496349365777
Kost Guyub Tipe A Cibeunying Kaler Bandung,Campur,Rp600.000,600000,Cibeunying Kaler,Cibeunying Kaler,"Kost ini berlokasi dekat dengan jalan raya dengan akses yang hanya bisa dilalui oleh motor/sepeda, berlokasi dekat dengan Warteg Abadi (2.2 km), Alfamart (1.3 km), Church In Bandung (2.5 km), Bank BJB Weekend Banking (984 m), Institut Teknologi Nasional Bandung (808 m), RS Ibu dan Anak Al Islam (1.2 km).","3 x 3 meter, Termasuk listrik","Kasur, Lemari / Storage, Guling, Cermin","Kloset Jongkok, K. Mandi Luar, Ember mandi","WiFi, R. Jemur, Jemuran, Pengurus Kos, CCTV, Balcon, K. Mandi Luar",Parkir Motor & Sepeda,,https://mamikos.com/room/kost-kota-bandung-kost-campur-murah-kost-guyub-tipe-a-cibeunying-kaler-bandung?redirection_source=landing%20area,-6.8844537891125395,107.62706064959782
Kost Heritage House Paviliun Lengkong Bandung,Campur,Rp1.000.000,1000000,Kecamatan Lengkong,Lengkong,"Kost ini berlokasi dekat dengan jalan raya dengan akses masuk mobil, berlokasi dekat dengan Warteg Bahari (532 m), Circle K (2.9 km), Church of Isa Almasih (957 m), Bank BCA KCP Buah Batu (975 m), Akademi Sekretari Dan Manajemen BSI Bandung (319 m), RS Umum Bungsu (1.8 km).","3 x 3 meter, Tidak termasuk listrik","Kasur, Kursi","Kloset Duduk, Shower","WiFi, Kulkas, Dispenser, Dapur, Pengurus Kos, K. Mandi Luar","Parkir Mobil, Parkir Motor, Parkir Sepeda, Parkir Motor & Sepeda",,https://mamikos.com/room/kost-kota-bandung-kost-campur-eksklusif-kost-heritage-house-paviliun-lengkong-bandung?redirection_source=landing%20area,-6.932342722672035,107.6265534288112
Kost Genaka Batununggal Bandung,Putri,Rp760.000,760000,Kecamatan Batununggal,Batununggal,"Kost ini berlokasi dekat dengan jalan raya dengan akses yang hanya bisa dilalui oleh motor/sepeda, berlokasi dekat dengan Warteg Bahari (2.1 km), Alfamart A Yani 419 (1.3 km), Masjid Al Jihad (932 m), Bank BCA KCP Buah Batu (2.4 km), Institut Teknologi Nasional Bandung (2.8 km), RS Ibu dan Anak Al Islam (1.5 km).","3 x 4 meter, Tidak termasuk listrik","Kasur, Lemari / Storage, Bantal","K. Mandi Dalam, Kloset Jongkok, Ember mandi","WiFi, R. Tamu, Dapur","Parkir Motor, Parkir Sepeda, Parkir Motor & Sepeda",,https://mamikos.com/room/kost-kota-bandung-kost-putri-murah-kost-genaka-batununggal-bandung?redirection_source=landing%20area,-6.927914072033675,107.64152864930693
Kost Nur Muhaji Tipe A Batununggal Bandung,Campur,Rp1.200.000,1200000,Batununggal,Batununggal,"Kost ini berlokasi dekat dengan jalan raya dengan akses yang hanya bisa dilalui oleh motor/sepeda, berlokasi dekat dengan Warteg Bahari (2.0 km), Alfamart (2.6 km), Masjid Al Jihad (264 m), Bank BJB - Cabang Utama Bandung (2.2 km), Institut Teknologi Nasional Bandung (2.4 km), RS Ibu dan Anak Al Islam (1.5 km).","4 x 4 meter, Tidak termasuk listrik","Kasur, Lemari / Storage, Ventilasi, Jendela, Guling, Bantal","K. Mandi Dalam, Kloset Duduk, Ember mandi","WiFi, Laundry, Penjaga Kos, Jemuran, Pengurus Kos, CCTV","Parkir Motor, Parkir Motor & Sepeda",,https://mamikos.com/room/kost-kota-bandung-kost-campur-eksklusif-kost-nur-muhaji-tipe-a-batununggal-bandung-2?redirection_source=landing%20area,-6.927653395615296,107.63881505700415
Kost Srigadis 25 Tipe A Regol Bandung,Campur,Rp1.200.000,1200000,Regol,Regol,"Kost ini berlokasi dekat dengan jalan raya dengan akses yang hanya bisa dilalui oleh motor/sepeda, berlokasi dekat dengan Warteg Bahari (788 m), Circle K (788 m), Church of Isa Almasih (836 m), Institut Seni Budaya Indonesia Bandung (1.9 km), RSU Bhayangkara Tk II Sartika Asih (2.3 km), Bandung Electronic Center (3.1 km).","7 x 8 meter, Tidak termasuk listrik","Kasur, Meja, Lemari / Storage, Ventilasi, Jendela, Guling, Cermin, Bantal","K. Mandi Dalam, Kloset Duduk, Ember mandi","WiFi, R. Jemur, R. Makan, R. Santai, Dapur, Jemuran, Balcon, Taman","Parkir Motor, Parkir Sepeda",,https://mamikos.com/room/kost-kota-bandung-kost-campur-eksklusif-kost-srigadis-25-tipe-a-regol-bandung-1?redirection_source=landing%20area,-6.941581200216317,107.61481087264201
Kost Eyang Cipju Tipe A Bandung Wetan Bandung,Putra,Rp1.000.000,1000000,Kecamatan Bandung Wetan,Bandung Wetan,"Kost ini berlokasi dekat dengan jalan raya dengan akses yang hanya bisa dilalui oleh motor/sepeda, berlokasi dekat dengan Warteg Abadi (1.8 km), Alfamart (1.3 km), Masjid Al Asy'ari Unisba (2.1 km), Bank BJB Weekend Banking (719 m), Institut Teknologi Nasional Bandung (1.2 km), RS Ibu dan Anak Al Islam (1.5 km).","3 x 3 meter, Tidak termasuk listrik","Kasur, Meja, Lemari / Storage, Ventilasi, Jendela, Kipas Angin","Kloset Duduk, K. Mandi Luar, Wastafel, Shower","WiFi, Kulkas, Penjaga Kos, Mushola, Dapur, Jemuran, CCTV, Balcon, Taman, Joglo","Parkir Mobil, Parkir Motor & Sepeda",,https://mamikos.com/room/kost-kota-bandung-kost-putra-eksklusif-kost-eyang-cipju-tipe-a-bandung-wetan-bandung?redirection_source=landing%20area,-6.90622139306011,107.61864558397374
Kost Srigadis 25 Tipe Paviliun Regol Bandung,Campur,Rp2.100.000,2100000,Regol,Regol,"Kost ini berlokasi dekat dengan jalan raya dengan akses yang hanya bisa dilalui oleh motor/sepeda, berlokasi dekat dengan Warteg Bahari (783 m), Circle K (782 m), Church of Isa Almasih (822 m), Institut Seni Budaya Indonesia Bandung (1.9 km), RSU Bhayangkara Tk II Sartika Asih (2.3 km), Bandung Electronic Center (3.1 km).","6 x 10 meter, Tidak termasuk listrik",Dapur Pribadi,"K. Mandi Dalam, Kloset Duduk, Ember mandi, Shower","R. Tamu, R. Jemur, R. Makan, R. Santai, Dapur, Jemuran, R. Keluarga","Parkir Motor, Parkir Sepeda",,https://mamikos.com/room/kost-kota-bandung-kost-campur-eksklusif-kost-srigadis-25-tipe-paviliun-regol-bandung?redirection_source=landing%20area,-6.93869224445872,107.61383065019784
Kost Muararajeun Lama 2 Tipe C Cibeunying Kaler Bandung,Campur,Rp850.000,850000,Cibeunying Kaler,Cibeunying Kaler,"Kost ini berlokasi dekat dengan jalan raya dengan akses yang hanya bisa dilalui oleh motor/sepeda, berlokasi dekat dengan Rumah Makan Boemi Mitoha (593 m), Alfamart A Yani 419 (1.3 km), Masjid Pusdai (561 m), Universitas Padjadjaran Kampus Dipatiukur (1.8 km), Sinar Abadi Balubur Town Square (2.3 km).","3 x 3 meter, Termasuk listrik","Kasur, Meja, Lemari / Storage, Ventilasi, Jendela, Bantal","Kloset Jongkok, K. Mandi Luar, Ember mandi","WiFi, R. Cuci, R. Jemur, Dapur, Jemuran, Pengurus Kos, Jual Makanan, CCTV, K. Mandi Luar","Parkir Motor, Parkir Sepeda, Parkir Motor & Sepeda",,https://mamikos.com/room/kost-kota-bandung-kost-campur-eksklusif-kost-muararajeun-lama-2-tipe-c-cibeunying-kaler-bandung?redirection_source=landing%20area,-6.884893439959725,107.628698665581
Kost 78D Tipe A Regol Bandung,Putri,Rp1.350.000,1350000,Regol,Regol,"Kost ini berlokasi dekat dengan jalan raya dengan akses jalan raya, berlokasi dekat dengan Rumah Makan Cikawao (889 m), Circle K (819 m), Gereja Kristen Kalam Kudus Pasundan (342 m), Citibank Indonesia (1.4 km), Sekolah Tinggi Ilmu Kesehatan Immanuel Bandung (1.4 km), RS Khusus Mata Cicendo (2.0 km).","5 x 4 meter, Tidak termasuk listrik","Kasur, Meja, Lemari / Storage, Jendela, Guling, Bantal, Kursi","K. Mandi Dalam, Kloset Duduk","WiFi, Penjaga Kos, R. Jemur, R. Santai, Dapur, Jemuran, CCTV, Balcon","Parkir Motor, Parkir Sepeda, Parkir Motor & Sepeda",,https://mamikos.com/room/kost-kota-bandung-kost-putri-eksklusif-kost-78d-tipe-a-regol-bandung?redirection_source=landing%20area,-6.938726467830132,107.61332634002379
Kost Wastu Tipe B Bandung Wetan Bandung,Putra,Rp1.350.000,1350000,Bandung Wetan,Bandung Wetan,"Kost ini berlokasi dekat dengan jalan raya dengan akses yang hanya bisa dilalui oleh motor/sepeda, berlokasi dekat dengan Rumah Makan Mirasa (282 m), Circle K (3.2 km), Masjid Al Asy'ari Unisba (150 m), Bank BJB - Kantor Cabang Tamansari (204 m), Universitas Islam Bandung (182 m), RS Ibu dan Anak Melinda (499 m).","6 x 4 meter, Termasuk listrik","Kasur, Meja, Lemari / Storage, Ventilasi, Jendela, Guling, Bantal, Kursi","K. Mandi Dalam, Kloset Jongkok, Ember mandi","WiFi, Kulkas, R. Jemur, R. Santai, Dapur","Parkir Motor, Parkir Sepeda",,https://mamikos.com/room/kost-bandung-kost-putra-eksklusif-kost-wastu-tipe-b-bandung-wetan-bandung-2?redirection_source=landing%20area,-6.905530757231836,107.61781660251907
Kost Macan 43 Tipe Vvip Lengkong Bandung,Putri,Rp1.400.000,1400000,Lengkong,Lengkong,"Kost ini berlokasi dekat dengan jalan raya dengan akses yang hanya bisa dilalui oleh motor/sepeda, berlokasi dekat dengan Warteg Bahari (2.8 km), Alfamart A Yani 419 (3.3 km), Masjid Jami Nurul Falah (232 m), CIMB Niaga (Buah Batu) (907 m), Institut Seni Budaya Indonesia Bandung (1.7 km), RS Ibu dan Anak Kota Bandung (2.0 km).","3.2 x 3.4 meter, Termasuk listrik","Kasur, Meja, Lemari / Storage, Ventilasi, Jendela, Cermin, Kursi","K. Mandi Dalam, Kloset Duduk, Ember mandi, Shower, Air panas","WiFi, R. Tamu, Penjaga Kos, R. Jemur, R. Makan, Dapur, Jemuran, Pengurus Kos, Jual Makanan, Kartu Akses","Parkir Mobil, Parkir Motor, Parkir Sepeda",,https://mamikos.com/room/kost-kota-bandung-kost-putri-eksklusif-kost-macan-43-tipe-vvip-lengkong-bandung?redirection_source=landing%20area,-6.935145131237218,107.6260843981658
Kost Muararajeun Lama 2 Tipe A Cibeunying Kaler Bandung,Campur,Rp1.000.000,1000000,Cibeunying Kaler,Cibeunying Kaler,"Kost ini berlokasi dekat dengan jalan raya dengan akses yang hanya bisa dilalui oleh motor/sepeda, berlokasi dekat dengan Warteg Abadi (2.2 km), Alfamart A Yani 419 (1.3 km), Masjid Al Kautsar (2.0 km), Bank Mandiri Bandung Priority Banking Soerapatti (1.5 km), Universitas Padjadjaran Kampus Dipatiukur (1.8 km), RS Umum Santo Borromeus (2.1 km).","3.5 x 2.5 meter, Termasuk listrik","Kasur, Meja, Lemari / Storage, Ventilasi, Jendela, Dapur Pribadi, Bantal, Wastafel","K. Mandi Dalam, Kloset Jongkok, Ember mandi","WiFi, R. Cuci, Penjaga Kos, R. Jemur, Jemuran, Jual Makanan","Parkir Motor, Parkir Sepeda",,https://mamikos.com/room/kost-kota-bandung-kost-campur-eksklusif-kost-muararajeun-lama-2-tipe-a-cibeunying-kaler-bandung?redirection_source=landing%20area,-6.886752198519862,107.6276047355989
Kost Bella Tipe 2 Lengkong Bandung,Putri,Rp1.500.000,1500000,Kecamatan Lengkong,Lengkong,"Kost ini berlokasi dekat dengan jalan raya dengan akses yang hanya bisa dilalui oleh motor/sepeda, berlokasi dekat dengan Warteg Bahari (590 m), Alfamart (3.0 km), Church of Isa Almasih (487 m), Bank BJB - Cabang Utama Bandung (795 m), Universitas Islam Bandung (2.5 km), RS Umum Bungsu (757 m).","2.7 x 2.7 meter, Termasuk listrik","Kasur, Meja, Meja Rias, Lemari / Storage, Ventilasi, Jendela, Cermin, Bantal, Kursi","K. Mandi Dalam, Kloset Duduk, Ember mandi, Shower, Air panas","WiFi, Kulkas, Penjaga Kos, R. Makan, Dapur, Jemuran, CCTV, Balcon, R. Keluarga, TV",Parkir Motor & Sepeda,,https://mamikos.com/room/kost-kota-bandung-kost-putri-eksklusif-kost-bella-tipe-2-lengkong-bandung?redirection_source=landing%20area,-6.934423385519448,107.62810888534534
Kost Aldy Maleer II Tipe B Batununggal Bandung,Putri,Rp750.000,750000,Batununggal,Batununggal,"Kost ini berlokasi dekat dengan jalan raya dengan akses yang hanya bisa dilalui oleh motor/sepeda, berlokasi dekat dengan Warteg Bahari (2.5 km), Alfamart (2.7 km), Gereja Isa Almasih (189 m), Bank BCA KCP Buah Batu (2.0 km), Institut Teknologi Nasional Bandung (3.3 km), RS Mata Bandung Eye Center (1.9 km).","3.4 x 2.4 meter, Termasuk listrik","Kasur, Meja, Meja Rias, Lemari / Storage, Ventilasi, Meja makan, Jendela, Guling, Cermin, Bantal","Kloset Duduk, K. Mandi Luar, Ember mandi, Shower","WiFi, R. Cuci, Kulkas, Mesin Cuci, R. Tamu, R. Jemur, R. Makan, R. Santai, Dispenser, Dapur","Parkir Motor, Parkir Sepeda",,https://mamikos.com/room/kost-kota-bandung-kost-putri-eksklusif-kost-aldy-maleer-ii-tipe-b-batununggal-bandung?redirection_source=landing%20area,-6.929307923443056,107.63851274751269
Kost Angel Mihardja Tipe A Regol Bandung,Putri,Rp1.800.000,1800000,Regol,Regol,"Kost ini berlokasi dekat dengan jalan raya dengan akses yang hanya bisa dilalui oleh motor/sepeda, berlokasi dekat dengan Warteg Bahari (539 m), Circle K (2.6 km), Church of Isa Almasih (657 m), Bank BCA KCP Buah Batu (1.4 km), Universitas Islam Bandung (3.5 km), RS Mata Bandung Eye Center (1.2 km).","3 x 4 meter, Tidak termasuk listrik","AC, Kasur, Meja, Meja Rias, Lemari / Storage, Jendela, Cermin, Bantal, Kursi","K. Mandi Dalam, Kloset Duduk, Ember mandi, Shower, Air panas","WiFi, Kulkas, Penjaga Kos, R. Jemur, Dispenser, Dapur, Jemuran, Pengurus Kos, Jual Makanan, CCTV",Parkir Motor & Sepeda,,https://mamikos.com/room/kost-kota-bandung-kost-putri-eksklusif-kost-angel-mihardja-tipe-a-regol-bandung?redirection_source=landing%20area,-6.937828814922069,107.61566916145551
Kost Muararajeun Lama 1 Tipe A Cibeunying Kaler Bandung,Campur,Rp885.000,885000,Cibeunying Kaler,Cibeunying Kaler,"Kost ini berlokasi dekat dengan jalan raya dengan akses yang hanya bisa dilalui oleh motor/sepeda, berlokasi dekat dengan Rumah Makan Boemi Mitoha (584 m), Alfamart A Yani 419 (1.3 km), Masjid Pusdai (553 m), Universitas Padjadjaran Kampus Dipatiukur (1.8 km), Sinar Abadi Balubur Town Square (2.3 km).","3 x 4 meter, Termasuk listrik","Kasur, Meja, Lemari / Storage, Ventilasi, Jendela, Cermin, Bantal","K. Mandi Dalam, Kloset Duduk, Ember mandi","WiFi, R. Cuci, Penjaga Kos, R. Jemur, Jemuran, Pengurus Kos, CCTV","Parkir Motor, Parkir Sepeda, Parkir Motor & Sepeda",,https://mamikos.com/room/kost-kota-bandung-kost-campur-eksklusif-kost-muararajeun-lama-1-tipe-a-cibeunying-kaler-bandung?redirection_source=landing%20area,-6.88659352413147,107.62924835300105
Kost Muararajeun Lama 1 Tipe B Cibeunying Kaler Bandung,Campur,Rp925.000,925000,Cibeunying Kaler,Cibeunying Kaler,"Kost ini berlokasi dekat dengan jalan raya dengan akses yang hanya bisa dilalui oleh motor/sepeda, berlokasi dekat dengan Rumah Makan Boemi Mitoha (584 m), Alfamart A Yani 419 (1.3 km), Masjid Pusdai (553 m), Universitas Padjadjaran Kampus Dipatiukur (1.8 km), Sinar Abadi Balubur Town Square (2.3 km).","3 x 3 meter, Termasuk listrik","Kasur, Meja, Lemari / Storage, Ventilasi, Jendela, Bantal","K. Mandi Dalam, Kloset Jongkok, Ember mandi","WiFi, R. Cuci, Penjaga Kos, R. Jemur, Jemuran, Pengurus Kos, CCTV","Parkir Motor, Parkir Sepeda, Parkir Motor & Sepeda",,https://mamikos.com/room/kost-kota-bandung-kost-campur-eksklusif-kost-muararajeun-lama-1-tipe-b-cibeunying-kaler-bandung?redirection_source=landing%20area,-6.888216183014821,107.62814312989372
Kost Geeta Vvip Singgle Regol Bandung,Campur,Rp1.600.000,1600000,Regol,Regol,"Kost ini berlokasi dekat dengan jalan raya dengan akses yang hanya bisa dilalui oleh motor/sepeda, berlokasi dekat dengan Warteg Bahari (976 m), Indomaret YPAC (3.2 km), Church of Isa Almasih (570 m), Bank BJB - Cabang Utama Bandung (997 m), Universitas Islam Bandung (2.8 km), RS Umum Bungsu (1.3 km).","4 x 5 meter, Tidak termasuk listrik","Kasur, Bantal","Kloset Duduk, Shower","WiFi, R. Cuci, Penjaga Kos, R. Jemur, R. Santai, Dapur, Jemuran, Pengurus Kos, CCTV, Rooftop","Parkir Mobil, Parkir Motor",,https://mamikos.com/room/kost-kota-bandung-kost-campur-eksklusif-kost-geeta-vvip-singgle-regol-bandung-2?redirection_source=landing%20area,-6.940086817847519,107.61192628984284
Kost Rahma Homes TSM Gatot Subroto Batununggal Bandung,Putri,Rp700.000,700000,Kecamatan Batununggal,Batununggal,"Kost ini berlokasi dekat dengan jalan raya dengan akses yang hanya bisa dilalui oleh motor/sepeda, berlokasi dekat dengan Warteg Bahari (2.0 km), Alfamart A Yani 419 (1.7 km), Church In Bandung (1.6 km), CIMB Niaga (Buah Batu) (1.8 km), Institut Teknologi Nasional Bandung (3.1 km), RS Umum Pindad (2.1 km).","3 x 3 meter, Termasuk listrik","Kasur, Lemari / Storage, Ventilasi, Jendela, Guling, Bantal","K. Mandi Dalam, Kloset Jongkok, K. Mandi Luar, Ember mandi","R. Cuci, R. Jemur, R. Santai, Dispenser, Jemuran, Pengurus Kos, Balcon, Taman, TV",Parkir Motor & Sepeda,,https://mamikos.com/room/kost-kota-bandung-kost-putri-murah-kost-rahma-homes-tsm-gatot-subroto-batununggal-bandung-1?redirection_source=landing%20area,-6.9282320310729615,107.64079826338428
Kost Mahameru Co Living Deluxe Cibeunying Kidul Bandung,Campur,Rp1.350.000,1350000,Kecamatan Cibeunying Kidul,Cibeunying Kidul,"Kost ini berlokasi dekat dengan jalan raya dengan akses masuk mobil, berlokasi dekat dengan Warteg Bahari (2.8 km), Alfamart (2.4 km), Masjid Al Jihad (592 m), Bank BJB - Cabang Utama Bandung (2.8 km), Institut Teknologi Nasional Bandung (1.6 km), RS Ibu dan Anak Al Islam (642 m).","3 x 3 meter, Tidak termasuk listrik","Kasur, Meja, Lemari / Storage, Jendela, Guling, Bantal, Kursi, Kipas Angin","Kloset Duduk, Kloset Jongkok, K. Mandi Luar, Wastafel, Shower, Air panas","WiFi, R. Cuci, Kulkas, Penjaga Kos, R. Jemur, R. Santai, Dispenser, Dapur, Jemuran, Pengurus Kos","Parkir Mobil, Parkir Motor & Sepeda",,https://mamikos.com/room/kost-kota-bandung-kost-campur-eksklusif-kost-mahameru-co-living-deluxe-cibeunying-kidul-bandung?redirection_source=landing%20area,-6.899290945725027,107.65078099017514
Kost Hayati Tipe A Lengkong Bandung,Putri,Rp1.100.000,1100000,Lengkong,Lengkong,"Kost ini berlokasi dekat dengan jalan raya dengan akses masuk mobil, berlokasi dekat dengan Rumah Makan Ibu Haji Cijantung (277 m), Alfamart A Yani 419 (3.2 km), Masjid Jami Nurul Falah (420 m), CIMB Niaga (Buah Batu) (719 m), Akademi Sekretari Dan Manajemen BSI Bandung (283 m), RS Umum Muhammadiyah (429 m).","3 x 3 meter, Termasuk listrik","Kasur, Meja, Lemari / Storage, Ventilasi, Jendela, Cermin, Bantal","K. Mandi Dalam, Kloset Duduk, Ember mandi","WiFi, Kulkas, Penjaga Kos, R. Jemur, R. Makan, Dispenser, Dapur, Jemuran, Rice Cooker, Pengurus Kos","Parkir Motor, Parkir Sepeda, Parkir Motor & Sepeda",,https://mamikos.com/room/kost-kota-bandung-kost-putri-eksklusif-kost-hayati-tipe-a-lengkong-bandung-2?redirection_source=landing%20area,-6.935437088811128,107.62430647550588
Kost Srigadis 25 Tipe Paviliun Regol Bandung,Campur,Rp2.100.000,2100000,Regol,Regol,"Kost ini berlokasi dekat dengan jalan raya dengan akses yang hanya bisa dilalui oleh motor/sepeda, berlokasi dekat dengan Warteg Bahari (783 m), Circle K (782 m), Church of Isa Almasih (822 m), Institut Seni Budaya Indonesia Bandung (1.9 km), RSU Bhayangkara Tk II Sartika Asih (2.3 km), Bandung Electronic Center (3.1 km).","6 x 10 meter, Tidak termasuk listrik",Dapur Pribadi,"K. Mandi Dalam, Kloset Duduk, Ember mandi, Shower","R. Tamu, R. Jemur, R. Makan, R. Santai, Dapur, Jemuran, R. Keluarga","Parkir Motor, Parkir Sepeda",,https://mamikos.com/room/kost-kota-bandung-kost-campur-eksklusif-kost-srigadis-25-tipe-paviliun-regol-bandung?redirection_source=landing%20area,-6.939421100637214,107.61489667028657
Kost Hilman Ardiansyah Bandung Wetan Bandung,Putri,Rp650.000,650000,Bandung Wetan,Bandung Wetan,"Kost ini berlokasi dekat dengan jalan raya dengan akses yang hanya bisa dilalui oleh motor/sepeda, berlokasi dekat dengan Rumah Makan Mirasa (239 m), Circle K (3.2 km), Masjid Al Asy'ari Unisba (138 m), Bank BJB - Kantor Cabang Tamansari (179 m), Universitas Islam Bandung (174 m), RS Umum Tk IV 03.07.03Sariningsih (455 m).","3 x 3 meter, Tidak termasuk listrik","Kasur, Meja, Lemari / Storage","Kloset Duduk, Kloset Jongkok, Ember mandi","WiFi, R. Jemur, Jemuran, K. Mandi Luar",,,https://mamikos.com/room/kost-kota-bandung-kost-putri-murah-kost-hilman-ardiansyah-bandung-wetan-bandung?redirection_source=landing%20area,-6.906940251287482,107.61742317847926
Kost 17 Tipe A Lengkong Bandung,Putri,Rp600.000,600000,Kecamatan Lengkong,Lengkong,"Kost ini berlokasi dekat dengan jalan raya dengan akses yang hanya bisa dilalui oleh motor/sepeda, berlokasi dekat dengan Warteg Bahari (114 m), Alfamart (2.6 km), Church of Isa Almasih (342 m), Bank BJB - Cabang Utama Bandung (1.3 km), Universitas Islam Bandung (3.1 km), RS Mata Bandung Eye Center (1.3 km).","2.5 x 2.5 meter, Termasuk listrik","Kasur, Meja, Lemari / Storage, Ventilasi, Cermin","Kloset Jongkok, K. Mandi Luar, Ember mandi","WiFi, R. Jemur, Dapur, Jemuran, Pengurus Kos, Rooftop, K. Mandi Luar",,,https://mamikos.com/room/kost-kota-bandung-kost-putri-murah-kost-17-tipe-a-lengkong-bandung?redirection_source=landing%20area,-6.9341816951911985,107.62659563816801
Kost Asri Gatot Subroto Dan Laswi Batununggal Bandung,Putra,Rp750.000,750000,Batununggal,Batununggal,"Kost ini berlokasi dekat dengan jalan raya dengan akses yang hanya bisa dilalui oleh motor/sepeda, berlokasi dekat dengan Warteg Cintaasih (416 m), Alfamart A Yani 419 (1.8 km), Masjid Al Jihad (737 m), STMIK Amik Bandung (1.4 km), Bandung Electronic Center (2.8 km).","3 x 3 meter, Termasuk listrik","Kasur, Meja, Lemari / Storage, Ventilasi, Jendela, Guling, Bantal, Kursi","Kloset Duduk, K. Mandi Luar, Ember mandi, Shower","R. Jemur, R. Santai, Jemuran, K. Mandi Luar",Parkir Motor,,https://mamikos.com/room/kost-kota-bandung-kost-putra-murah-kost-asri-gatot-subroto-dan-laswi-batununggal-bandung?redirection_source=landing%20area,-6.9291085434047295,107.64019798908129
Kost Rumah Ileya Tipe Family Cibeunying Kaler Bandung,Campur,Rp1.200.000,1200000,Kecamatan Cibeunying Kaler,Cibeunying Kaler,"Kost ini berlokasi dekat dengan jalan raya dengan akses yang hanya bisa dilalui oleh motor/sepeda, berlokasi dekat dengan Warteg Cintaasih (2.3 km), Alfamart (1.1 km), Christian Church Pasundan Awiligar (2.1 km), Bank BJB Weekend Banking (1.4 km), Institut Teknologi Nasional Bandung (403 m), RS Ibu dan Anak Al Islam (1.3 km).","2.5 x 2.5 meter, Termasuk listrik","Kasur, Meja, Lemari / Storage","K. Mandi Dalam, Kloset Duduk, Kloset Jongkok, Ember mandi, Shower","WiFi, Dapur, Rice Cooker, Pengurus Kos, CCTV, Balcon","Parkir Motor, Parkir Motor & Sepeda",,https://mamikos.com/room/kost-kota-bandung-kost-campur-eksklusif-kost-rumah-ileya-tipe-family-cibeunying-kaler-bandung?redirection_source=landing%20area,-6.8844234871409045,107.6305006399292
Kost Griya Asri 2 Cibeunying Kaler Bandung,Campur,Rp1.700.000,1700000,Cibeunying Kaler,Cibeunying Kaler,"Kost ini berlokasi dekat dengan jalan raya dengan akses yang hanya bisa dilalui oleh motor/sepeda, berlokasi dekat dengan Warteg Abadi (2.2 km), Alfamart (1.5 km), Church In Bandung (2.2 km), Bank BJB Weekend Banking (734 m), Institut Teknologi Nasional Bandung (1.1 km), RS Ibu dan Anak Al Islam (1.1 km).","3 x 4 meter, Tidak termasuk listrik","AC, Kasur, Meja, Lemari / Storage, Jendela, Guling, Cermin, Bantal, Kursi","K. Mandi Dalam, Kloset Duduk, K. Mandi Luar, Ember mandi, Shower","WiFi, R. Cuci, Kulkas, Mesin Cuci, Penjaga Kos, R. Jemur, R. Makan, Mushola, R. Santai, Dispenser",Parkir Motor & Sepeda,,https://mamikos.com/room/kost-kota-bandung-kost-campur-eksklusif-kost-griya-asri-2-cibeunying-kaler-bandung?redirection_source=landing%20area,-6.887023698512724,107.62809218675483
Kost Heritage House Paviliun Lengkong Bandung,Campur,Rp1.000.000,1000000,Kecamatan Lengkong,Lengkong,"Kost ini berlokasi dekat dengan jalan raya dengan akses masuk mobil, berlokasi dekat dengan Warteg Bahari (532 m), Circle K (2.9 km), Church of Isa Almasih (957 m), Bank BCA KCP Buah Batu (975 m), Akademi Sekretari Dan Manajemen BSI Bandung (319 m), RS Umum Bungsu (1.8 km).","3 x 3 meter, Tidak termasuk listrik","Kasur, Kursi","Kloset Duduk, Shower","WiFi, Kulkas, Dispenser, Dapur, Pengurus Kos, K. Mandi Luar","Parkir Mobil, Parkir Motor, Parkir Sepeda, Parkir Motor & Sepeda",,https://mamikos.com/room/kost-kota-bandung-kost-campur-eksklusif-kost-heritage-house-paviliun-lengkong-bandung?redirection_source=landing%20area,-6.932502349928016,107.62726843649627
Kost Angel Mihardja Tipe A Regol Bandung,Putri,Rp1.800.000,1800000,Regol,Regol,"Kost ini berlokasi dekat dengan jalan raya dengan akses yang hanya bisa dilalui oleh motor/sepeda, berlokasi dekat dengan Warteg Bahari (539 m), Circle K (2.6 km), Church of Isa Almasih (657 m), Bank BCA KCP Buah Batu (1.4 km), Universitas Islam Bandung (3.5 km), RS Mata Bandung Eye Center (1.2 km).","3 x 4 meter, Tidak termasuk listrik","AC, Kasur, Meja, Meja Rias, Lemari / Storage, Jendela, Cermin, Bantal, Kursi","K. Mandi Dalam, Kloset Duduk, Ember mandi, Shower, Air panas","WiFi, Kulkas, Penjaga Kos, R. Jemur, Dispenser, Dapur, Jemuran, Pengurus Kos, Jual Makanan, CCTV",Parkir Motor & Sepeda,,https://mamikos.com/room/kost-kota-bandung-kost-putri-eksklusif-kost-angel-mihardja-tipe-a-regol-bandung?redirection_source=landing%20area,-6.939031262287982,107.61244119953594
Kost 41 Lengkong Bandung,Putri,Rp700.000,700000,Kecamatan Lengkong,Lengkong,"Kost ini berlokasi dekat dengan jalan raya dengan akses yang hanya bisa dilalui oleh motor/sepeda, berlokasi dekat dengan Rumah Makan Cikawao (660 m), Alfamart A Yani 419 (3.3 km), Masjid Jami Nurul Falah (236 m), CIMB Niaga (Buah Batu) (904 m), Universitas Islam Bandung (3.3 km), RS Ibu dan Anak Kota Bandung (2.0 km).","3 x 3 meter, Termasuk listrik","Kasur, Meja, Lemari / Storage, Jendela, Cermin",Kloset Duduk,"WiFi, R. Cuci, Kulkas, Penjaga Kos, R. Jemur, R. Makan, Dispenser, Dapur, Jemuran, Pengurus Kos",Parkir Motor,,https://mamikos.com/room/kost-kota-bandung-kost-putri-murah-kost-41-lengkong-bandung-1?redirection_source=landing%20area,-6.934759757455241,107.62569989884973
Kost Warta Batununggal Bandung,Putri,Rp900.000,900000,Batununggal,Batununggal,"Kost ini berlokasi dekat dengan jalan raya dengan akses yang hanya bisa dilalui oleh motor/sepeda, berlokasi dekat dengan Warteg Cintaasih (603 m), Alfamart A Yani 419 (1.8 km), Masjid Al Jihad (893 m), Sekolah Tinggi Ilmu Ekonomi Pasundan (842 m), Bandung Electronic Center (3.3 km).","3 x 3 meter, Termasuk listrik","Kasur, Meja, Lemari / Storage, Ventilasi, Jendela, Guling, Cermin, Bantal","Kloset Duduk, Kloset Jongkok, K. Mandi Luar, Ember mandi, Shower","Kulkas, R. Tamu, R. Jemur, R. Makan, Dispenser, Dapur, Jemuran, Pengurus Kos, CCTV, Taman","Parkir Motor, Parkir Sepeda",,https://mamikos.com/room/kost-bandung-kost-putri-murah-kost-warta-batununggal-bandung?redirection_source=landing%20area,-6.9266995714136055,107.63973559083503
Kost Genjer 29 Lengkong Bandung,Putri,Rp2.750.000,2750000,Kecamatan Lengkong,Lengkong,"Kost ini berlokasi dekat dengan jalan raya dengan akses yang hanya bisa dilalui oleh motor/sepeda, berlokasi dekat dengan Warteg Bahari (999 m), Circle K (3.1 km), Church In Bandung (1.1 km), Bank BCA KCP Buah Batu (1.1 km), Universitas Islam Bandung (3.5 km), RS Umum Bungsu (1.8 km).","2.5 x 8 meter, Tidak termasuk listrik","AC, Kasur, Lemari / Storage, Kulkas, Ventilasi, Jendela, Dapur Pribadi, Bantal, Sofa, Wastafel","K. Mandi Dalam, Kloset Duduk, Wastafel, Ember mandi, Shower","WiFi, Jemuran",Parkir Motor,,https://mamikos.com/room/kost-kota-bandung-kost-putri-eksklusif-kost-genjer-29-lengkong-bandung-2?redirection_source=landing%20area,-6.93266505038657,107.62775923199032
Kost Kadua Homestay Double Vip Regol Bandung,Campur,Rp2.500.000,2500000,Kecamatan Regol,Regol,"Kost ini berlokasi dekat dengan jalan raya dengan akses yang hanya bisa dilalui oleh motor/sepeda, berlokasi dekat dengan Warteg Bahari (1.0 km), Circle K (2.6 km), Church of Isa Almasih (945 m), Bank BJB - Cabang Utama Bandung (1.8 km), Akademi Sekretari Dan Manajemen BSI Bandung (1.5 km), RS Mata Bandung Eye Center (1.7 km).","3.5 x 4.5 meter, Tidak termasuk listrik","AC, Kasur, Meja, Lemari / Storage, Kulkas, Ventilasi, Jendela, Cermin, Wastafel, Kursi","K. Mandi Dalam, Kloset Duduk, Wastafel, Shower, Air panas","WiFi, Kulkas, R. Tamu, Penjaga Kos, R. Jemur, R. Makan, R. Santai, Dapur, Jemuran, Jual Makanan",Parkir Motor,,https://mamikos.com/room/kost-kota-bandung-kost-campur-eksklusif-kost-kadua-homestay-double-vip-regol-bandung?redirection_source=landing%20area,-6.941114781287492,107.61514816633745
Kost Heritage House Vip Lengkong Bandung,Campur,Rp2.500.000,2500000,Kecamatan Lengkong,Lengkong,"Kost ini berlokasi dekat dengan jalan raya dengan akses masuk mobil, berlokasi dekat dengan Warteg Bahari (544 m), Circle K (2.9 km), Church of Isa Almasih (969 m), Bank BCA KCP Buah Batu (963 m), Akademi Sekretari Dan Manajemen BSI Bandung (322 m), RS Umum Bungsu (1.8 km).","4 x 5 meter, Tidak termasuk listrik","Kasur, Lemari / Storage, Kulkas, Jendela, Bantal, Kursi","Kloset Duduk, Shower","WiFi, Kulkas, Dispenser, Dapur, Pengurus Kos, K. Mandi Luar","Parkir Mobil, Parkir Motor, Parkir Sepeda, Parkir Motor & Sepeda",,https://mamikos.com/room/kost-kota-bandung-kost-campur-eksklusif-kost-heritage-house-vip-lengkong-bandung?redirection_source=landing%20area,-6.935173327487766,107.62432416604565
Kost Kadua Vip Regol Bandung,Campur,Rp1.500.000,1500000,Kecamatan Regol,Regol,"Kost ini berlokasi dekat dengan jalan raya dengan akses yang hanya bisa dilalui oleh motor/sepeda, berlokasi dekat dengan Warteg Bahari (1.0 km), Circle K (2.6 km), Church of Isa Almasih (945 m), Bank BJB - Cabang Utama Bandung (1.8 km), Akademi Sekretari Dan Manajemen BSI Bandung (1.5 km), RS Mata Bandung Eye Center (1.7 km).","3 x 3 meter, Tidak termasuk listrik","Kasur, Meja, Lemari / Storage, Ventilasi, Jendela, Cermin, Bantal, Wastafel, Kursi","K. Mandi Dalam, Kloset Jongkok, Wastafel, Shower, Air panas","WiFi, Kulkas, R. Tamu, Penjaga Kos, R. Jemur, R. Makan, R. Santai, Dispenser, Dapur, Jemuran","Parkir Motor, Parkir Motor & Sepeda",,https://mamikos.com/room/kost-kota-bandung-kost-campur-eksklusif-kost-kadua-vip-regol-bandung-2?redirection_source=landing%20area,-6.9403603985370985,107.61276578891339
Kost Kebon Sirih 6 Tipe C Babakan Ciamis Sumur Bandung,Putri,Rp900.000,900000,Sumur Bandung,Sumur Bandung,"Kost ini berlokasi dekat dengan jalan raya dengan akses yang hanya bisa dilalui oleh motor/sepeda, berlokasi dekat dengan Rumah Makan Kapau Jaya (844 m), Circle K (3.2 km), Masjid Al Asy'ari Unisba (642 m), Bank Permata (447 m), Universitas Islam Bandung (678 m), RS Ibu dan Anak Limijati (799 m).","2.5 x 2.5 meter, Tidak termasuk listrik","Kasur, Lemari / Storage","Kloset Duduk, K. Mandi Luar, Wastafel, Air panas",,"Parkir Motor, Parkir Sepeda",,https://mamikos.com/room/kost-bandung-kost-putri-murah-kost-kebon-sirih-no-6-babakan-ciamis-sumur-bandung?redirection_source=landing%20area,-6.9148170115764644,107.61561335453067
Kost Tom Tom Tipe A Regol Bandung,Campur,Rp2.500.000,2500000,Kecamatan Regol,Regol,"Kost ini berlokasi dekat dengan jalan raya dengan akses yang hanya bisa dilalui oleh motor/sepeda, berlokasi dekat dengan Warteg Bahari (454 m), Circle K (2.5 km), Church of Isa Almasih (517 m), Bank BJB - Cabang Utama Bandung (1.5 km), Universitas Islam Bandung (3.3 km), RS Mata Bandung Eye Center (1.3 km).","3 x 7 meter, Tidak termasuk listrik","AC, Kasur, Meja, Lemari / Storage, Kulkas, Ventilasi, Meja makan, Jendela, Cermin, Bantal","K. Mandi Dalam, Kloset Duduk, K. Mandi Luar, Wastafel, Ember mandi, Shower, Air panas","WiFi, Kulkas, R. Tamu, Penjaga Kos, R. Jemur, R. Makan, R. Santai, Dapur, Jemuran, Pengurus Kos","Parkir Mobil, Parkir Motor, Parkir Sepeda, Parkir Motor & Sepeda",,https://mamikos.com/room/kost-kota-bandung-kost-campur-eksklusif-kost-tom-tom-tipe-a-regol-bandung?redirection_source=landing%20area,-6.938732055435331,107.61336952993685
Kost P House Tipe Standard Andir Bandung,Campur,Rp1.050.000,1050000,Kecamatan Andir,Andir,"Kost ini berlokasi dekat dengan jalan raya dengan akses yang hanya bisa dilalui oleh motor/sepeda, berlokasi dekat dengan Rumah Makan Legoh (1.5 km), Circle K (3.1 km), Gereja Kristen Kalam Kudus Pasundan (1.3 km), Bank Syariah Indonesia KC Bandung Suniaraja (74 m), Universitas Islam Bandung (1.4 km), RS Umum Kebonjati (874 m).","3 x 4 meter, Termasuk listrik","Kasur, Lemari / Storage, Ventilasi, Jendela, Cermin, Bantal, Wastafel","K. Mandi Dalam, Kloset Jongkok, Ember mandi, Shower","WiFi, Laundry, R. Tamu, Penjaga Kos, R. Makan, Dapur, Jemuran, CCTV, K. Mandi Luar",Parkir Motor,,https://mamikos.com/room/kost-kota-bandung-kost-campur-eksklusif-kost-p-house-tipe-standard-andir-bandung?redirection_source=landing%20area,-6.9051698602404405,107.57017593523896
Kost Tamblong Executive Sumur Bandung Bandung,Campur,Rp800.000,800000,Kecamatan Sumur Bandung,Sumur Bandung,"Kost ini berlokasi dekat dengan jalan raya dengan akses yang hanya bisa dilalui oleh motor/sepeda, berlokasi dekat dengan Warteg Bahari (1.2 km), Alfamart A Yani 419 (3.2 km), Masjid Raya Bandung (692 m), Citibank Indonesia (453 m), Universitas Islam Bandung (1.9 km), RS Mata Bandung Eye Center (2.3 km).","3 x 3 meter, Termasuk listrik","Kasur, Lemari / Storage, Jendela, Guling, Cermin, Bantal","Kloset Duduk, Kloset Jongkok, K. Mandi Luar, Wastafel, Shower","WiFi, R. Cuci, Kulkas, Laundry, Penjaga Kos, R. Jemur, R. Makan, R. Santai, Dispenser, Dapur","Parkir Motor, Parkir Sepeda",,https://mamikos.com/room/kost-kota-bandung-kost-campur-murah-kost-tamblong-executive-sumur-bandung-bandung-1?redirection_source=landing%20area,-6.913642180297107,107.6172171386076
Kost Cj 9 Batununggal Bandung,Campur,Rp1.100.000,1100000,Kecamatan Batununggal,Batununggal,"Kost ini berlokasi dekat dengan jalan raya dengan akses yang hanya bisa dilalui oleh motor/sepeda, berlokasi dekat dengan Warteg Bahari (1.7 km), Alfamart (3.1 km), Masjid Al Jihad (732 m), Bank BCA KCP Buah Batu (1.9 km), Institut Teknologi Nasional Bandung (2.9 km), RS Umum Bungsu (1.9 km).","3 x 3 meter, Termasuk listrik","Kasur, Meja, Lemari / Storage, Ventilasi, Meja makan, Jendela, Cermin, Sofa, Kursi, Cleaning service","Kloset Jongkok, K. Mandi Luar, Ember mandi, Shower","WiFi, R. Cuci, R. Tamu, Penjaga Kos, R. Jemur, R. Makan, R. Santai, Dapur, Jemuran, Pengurus Kos","Parkir Motor, Parkir Sepeda, Parkir Motor & Sepeda",,https://mamikos.com/room/kost-kota-bandung-kost-campur-murah-kost-cj-9-batununggal-bandung-2?redirection_source=landing%20area,-6.926679578129667,107.63975258615392
Kost Siela Mansion Lengkong Bandung,Campur,Rp3.600.000,3600000,Kecamatan Lengkong,Lengkong,"Kost ini berlokasi dekat dengan jalan raya dengan akses yang hanya bisa dilalui oleh motor/sepeda, berlokasi dekat dengan Warteg Bahari (494 m), Alfamart A Yani 419 (3.3 km), Masjid Al Waritsin (312 m), CIMB Niaga (Buah Batu) (190 m), Akademi Sekretari Dan Manajemen BSI Bandung (615 m), Bandung Electronic Center (3.5 km).","3 x 5 meter, Tidak termasuk listrik","AC, Kasur, Meja, TV, Meja Rias, Lemari / Storage, Kulkas, Ventilasi, Jendela, Guling","K. Mandi Dalam, Kloset Duduk, Wastafel, Shower, Air panas","WiFi, R. Cuci, Kulkas, Mesin Cuci, Laundry, R. Tamu, Penjaga Kos, R. Jemur, R. Makan, R. Santai","Parkir Mobil, Parkir Motor, Parkir Sepeda",,https://mamikos.com/room/kost-kota-bandung-kost-campur-eksklusif-kost-siela-mansion-lengkong-bandung-1?redirection_source=landing%20area,-6.935074253503694,107.62489913221859
Kost Hayati Tipe Paviliun Lengkong Bandung,Putri,Rp2.500.000,2500000,Kecamatan Lengkong,Lengkong,"Kost ini berlokasi dekat dengan jalan raya dengan akses masuk mobil, berlokasi dekat dengan Rumah Makan Ibu Haji Cijantung (277 m), Alfamart A Yani 419 (3.2 km), Masjid Jami Nurul Falah (420 m), CIMB Niaga (Buah Batu) (719 m), Akademi Sekretari Dan Manajemen BSI Bandung (283 m), RS Umum Muhammadiyah (429 m).","2.7 x 10 meter, Termasuk listrik","Kasur, Lemari / Storage, Meja makan, Dapur Pribadi","K. Mandi Dalam, Kloset Duduk, Ember mandi, Shower","WiFi, Penjaga Kos, Pengurus Kos, CCTV, Balcon","Parkir Motor, Parkir Sepeda",,https://mamikos.com/room/kost-kota-bandung-kost-putri-eksklusif-kost-hayati-tipe-paviliun-lengkong-bandung-2?redirection_source=landing%20area,-6.935255561579025,107.62550836688449
Kost Griya Camar Tipe C Lengkong Bandung,Campur,Rp900.000,900000,Lengkong,Lengkong,"Kost ini berlokasi dekat dengan jalan raya dengan akses yang hanya bisa dilalui oleh motor/sepeda, berlokasi dekat dengan Warteg Bahari (1.3 km), Alfamart (2.6 km), Church In Bandung (354 m), Bank BJB - Cabang Utama Bandung (1.4 km), Universitas Islam Bandung (2.5 km), RS Umum Bungsu (1.0 km).","3 x 3 meter, Tidak termasuk listrik","Kasur, Meja, Lemari / Storage, Jendela, Cermin, Bantal, Kursi","Kloset Jongkok, K. Mandi Luar, Ember mandi, Shower","WiFi, R. Cuci, Penjaga Kos, R. Jemur, Dapur, Jemuran, CCTV",Parkir Motor & Sepeda,,https://mamikos.com/room/kost-kota-bandung-kost-campur-murah-kost-griya-camar-tipe-c-lengkong-bandung?redirection_source=landing%20area,-6.933347364598171,107.62818443715689
Kost Srigadis 25 Tipe C Regol Bandung,Campur,Rp1.200.000,1200000,Regol,Regol,"Kost ini berlokasi dekat dengan jalan raya dengan akses yang hanya bisa dilalui oleh motor/sepeda, berlokasi dekat dengan Warteg Bahari (775 m), Circle K (774 m), Church of Isa Almasih (825 m), Institut Seni Budaya Indonesia Bandung (1.9 km), RSU Bhayangkara Tk II Sartika Asih (2.3 km), Bandung Electronic Center (3.1 km).","5 x 4 meter, Tidak termasuk listrik","Kasur, Meja, Lemari / Storage, Ventilasi, Jendela, Guling, Cermin, Bantal","K. Mandi Dalam, Kloset Jongkok, Ember mandi","WiFi, R. Jemur, R. Makan, R. Santai, Dapur, Jemuran","Parkir Motor, Parkir Sepeda",,https://mamikos.com/room/kost-kota-bandung-kost-campur-eksklusif-kost-srigadis-25-tipe-c-regol-bandung?redirection_source=landing%20area,-6.941190755035148,107.61489788268605
Kost Tatnjung Tipe C Bandung Wetan Bandung,Campur,Rp1.700.000,1700000,Bandung Wetan,Bandung Wetan,"Kost ini berlokasi dekat dengan jalan raya dengan akses yang hanya bisa dilalui oleh motor/sepeda, berlokasi dekat dengan Warteg Cintaasih (695 m), Alfamart A Yani 419 (895 m), Masjid Al Jihad (378 m), Bank BJB Weekend Banking (848 m), Universitas Padjadjaran Kampus Dipatiukur (2.8 km), RS Ibu dan Anak Limijati (2.2 km).","4 x 4 meter, Termasuk listrik","AC, Kasur, Meja, Meja Rias, Lemari / Storage, Kursi","Kloset Duduk, K. Mandi Luar, Wastafel, Shower, Air panas","WiFi, Kulkas, R. Jemur, R. Makan, R. Santai, Dispenser, Dapur, TV","Parkir Mobil, Parkir Motor, Parkir Sepeda",,https://mamikos.com/room/kost-kota-bandung-kost-campur-eksklusif-kost-tatnjung-tipe-c-bandung-wetan-bandung?redirection_source=landing%20area,-6.9066310000298134,107.6174311974926
Kost Otto Residence Tipe F Astanaanyar Bandung,Campur,Rp1.700.000,1700000,Astanaanyar,Astanaanyar,"Kost ini berlokasi dekat dengan jalan raya dengan akses yang hanya bisa dilalui oleh motor/sepeda, berlokasi dekat dengan Warteg Jaya Bahari (211 m), Circle K (534 m), Masjid Raya Bandung (446 m), Bank BJB - Cabang Utama Bandung (905 m), Institut Seni Budaya Indonesia Bandung (3.4 km), Bandung Electronic Center (2.0 km).","3 x 4 meter, Tidak termasuk listrik","Kasur, Meja, Meja Rias, Lemari / Storage, Wastafel, Kursi","K. Mandi Dalam, Kloset Duduk, Wastafel, Shower, Air panas","R. Jemur, Dapur",Parkir Motor,,https://mamikos.com/room/kost-kota-bandung-kost-campur-eksklusif-kost-otto-residence-tipe-f-astanaanyar-bandung?redirection_source=landing%20area,-6.9387204399140305,107.60398398636084
Kost Samz Cibeunying Kidul Bandung,Putri,Rp700.000,700000,Cibeunying Kidul,Cibeunying Kidul,"Kost ini berlokasi dekat dengan jalan raya dengan akses yang hanya bisa dilalui oleh motor/sepeda, berlokasi dekat dengan Alfamart A Yani 419 (198 m), Church In Bandung (2.5 km), Universitas Padjadjaran Kampus Dipatiukur (2.9 km), RS Ibu dan Anak Al Islam (76 m), Bandung Electronic Center (3.3 km).","2.5 x 2.5 meter, Termasuk listrik","Kasur, Dispenser, Meja, Lemari / Storage, Kursi, Kipas Angin","Kloset Jongkok, K. Mandi Luar, Wastafel, Ember mandi, Shower","WiFi, R. Tamu, R. Jemur, Dapur","Parkir Motor, Parkir Sepeda",,https://mamikos.com/room/kost-kota-bandung-kost-putri-eksklusif-kost-samz-cibeunying-kidul-bandung?redirection_source=landing%20area,-6.8992338921379055,107.64922307668586
Kost Bu Lia Cicendo Bandung,Campur,Rp850.000,850000,Cicendo,Cicendo,"Kost ini berlokasi dekat dengan jalan raya dengan akses yang hanya bisa dilalui oleh motor/sepeda, berlokasi dekat dengan Swike Waled Rumah Makan (680 m), Circle K (2.7 km), Masjid Jami Mathla'ul Khoeriyah (689 m), Bank BJB - Kantor Cabang Tamansari (804 m), Universitas Islam Bandung (766 m), RS Umum Hermina Pasteur (2.0 km).","3 x 4 meter, Tidak termasuk listrik","Kasur, Lemari / Storage, Ventilasi, Jendela, Guling, Bantal","K. Mandi Dalam, Kloset Jongkok, Ember mandi","Dapur, Jemuran",,,https://mamikos.com/room/kost-kota-bandung-kost-campur-murah-kost-bu-lia-cicendo-bandung-2?redirection_source=landing%20area,-6.902609185364694,107.58619329000724
Kost Muararajeun Lama 1 Tipe B Cibeunying Kaler Bandung,Campur,Rp925.000,925000,Cibeunying Kaler,Cibeunying Kaler,"Kost ini berlokasi dekat dengan jalan raya dengan akses yang hanya bisa dilalui oleh motor/sepeda, berlokasi dekat dengan Rumah Makan Boemi Mitoha (584 m), Alfamart A Yani 419 (1.3 km), Masjid Pusdai (553 m), Universitas Padjadjaran Kampus Dipatiukur (1.8 km), Sinar Abadi Balubur Town Square (2.3 km).","3 x 3 meter, Termasuk listrik","Kasur, Meja, Lemari / Storage, Ventilasi, Jendela, Bantal","K. Mandi Dalam, Kloset Jongkok, Ember mandi","WiFi, R. Cuci, Penjaga Kos, R. Jemur, Jemuran, Pengurus Kos, CCTV","Parkir Motor, Parkir Sepeda, Parkir Motor & Sepeda",,https://mamikos.com/room/kost-kota-bandung-kost-campur-eksklusif-kost-muararajeun-lama-1-tipe-b-cibeunying-kaler-bandung?redirection_source=landing%20area,-6.887082825175509,107.63078021396015
Kost Geeta Vvip Singgle Regol Bandung,Campur,Rp1.600.000,1600000,Regol,Regol,"Kost ini berlokasi dekat dengan jalan raya dengan akses yang hanya bisa dilalui oleh motor/sepeda, berlokasi dekat dengan Warteg Bahari (976 m), Indomaret YPAC (3.2 km), Church of Isa Almasih (570 m), Bank BJB - Cabang Utama Bandung (997 m), Universitas Islam Bandung (2.8 km), RS Umum Bungsu (1.3 km).","4 x 5 meter, Tidak termasuk listrik","Kasur, Bantal","Kloset Duduk, Shower","WiFi, R. Cuci, Penjaga Kos, R. Jemur, R. Santai, Dapur, Jemuran, Pengurus Kos, CCTV, Rooftop","Parkir Mobil, Parkir Motor",,https://mamikos.com/room/kost-kota-bandung-kost-campur-eksklusif-kost-geeta-vvip-singgle-regol-bandung-2?redirection_source=landing%20area,-6.938337791294866,107.61470876496087
Kost Rahma Homes TSM Gatot Subroto Batununggal Bandung,Putri,Rp700.000,700000,Kecamatan Batununggal,Batununggal,"Kost ini berlokasi dekat dengan jalan raya dengan akses yang hanya bisa dilalui oleh motor/sepeda, berlokasi dekat dengan Warteg Bahari (2.0 km), Alfamart A Yani 419 (1.7 km), Church In Bandung (1.6 km), CIMB Niaga (Buah Batu) (1.8 km), Institut Teknologi Nasional Bandung (3.1 km), RS Umum Pindad (2.1 km).","3 x 3 meter, Termasuk listrik","Kasur, Lemari / Storage, Ventilasi, Jendela, Guling, Bantal","K. Mandi Dalam, Kloset Jongkok, K. Mandi Luar, Ember mandi","R. Cuci, R. Jemur, R. Santai, Dispenser, Jemuran, Pengurus Kos, Balcon, Taman, TV",Parkir Motor & Sepeda,,https://mamikos.com/room/kost-kota-bandung-kost-putri-murah-kost-rahma-homes-tsm-gatot-subroto-batununggal-bandung-1?redirection_source=landing%20area,-6.93004079804177,107.63882882185197
Kost Mahameru Co Living Deluxe Cibeunying Kidul Bandung,Campur,Rp1.350.000,1350000,Kecamatan Cibeunying Kidul,Cibeunying Kidul,"Kost ini berlokasi dekat dengan jalan raya dengan akses masuk mobil, berlokasi dekat dengan Warteg Bahari (2.8 km), Alfamart (2.4 km), Masjid Al Jihad (592 m), Bank BJB - Cabang Utama Bandung (2.8 km), Institut Teknologi Nasional Bandung (1.6 km), RS Ibu dan Anak Al Islam (642 m).","3 x 3 meter, Tidak termasuk listrik","Kasur, Meja, Lemari / Storage, Jendela, Guling, Bantal, Kursi, Kipas Angin","Kloset Duduk, Kloset Jongkok, K. Mandi Luar, Wastafel, Shower, Air panas","WiFi, R. Cuci, Kulkas, Penjaga Kos, R. Jemur, R. Santai, Dispenser, Dapur, Jemuran, Pengurus Kos","Parkir Mobil, Parkir Motor & Sepeda",,https://mamikos.com/room/kost-kota-bandung-kost-campur-eksklusif-kost-mahameru-co-living-deluxe-cibeunying-kidul-bandung?redirection_source=landing%20area,-6.899426628208809,107.65096739548896
Kost Hayati Tipe A Lengkong Bandung,Putri,Rp1.100.000,1100000,Lengkong,Lengkong,"Kost ini berlokasi dekat dengan jalan raya dengan akses masuk mobil, berlokasi dekat dengan Rumah Makan Ibu Haji Cijantung (277 m), Alfamart A Yani 419 (3.2 km), Masjid Jami Nurul Falah (420 m), CIMB Niaga (Buah Batu) (719 m), Akademi Sekretari Dan Manajemen BSI Bandung (283 m), RS Umum Muhammadiyah (429 m).","3 x 3 meter, Termasuk listrik","Kasur, Meja, Lemari / Storage, Ventilasi, Jendela, Cermin, Bantal","K. Mandi Dalam, Kloset Duduk, Ember mandi","WiFi, Kulkas, Penjaga Kos, R. Jemur, R. Makan, Dispenser, Dapur, Jemuran, Rice Cooker, Pengurus Kos","Parkir Motor, Parkir Sepeda, Parkir Motor & Sepeda",,https://mamikos.com/room/kost-kota-bandung-kost-putri-eksklusif-kost-hayati-tipe-a-lengkong-bandung-2?redirection_source=landing%20area,-6.935849709677335,107.62729795350305
Kost Srigadis 25 Tipe Paviliun Regol Bandung,Campur,Rp2.100.000,2100000,Regol,Regol,"Kost ini berlokasi dekat dengan jalan raya dengan akses yang hanya bisa dilalui oleh motor/sepeda, berlokasi dekat dengan Warteg Bahari (783 m), Circle K (782 m), Church of Isa Almasih (822 m), Institut Seni Budaya Indonesia Bandung (1.9 km), RSU Bhayangkara Tk II Sartika Asih (2.3 km), Bandung Electronic Center (3.1 km).","6 x 10 meter, Tidak termasuk listrik",Dapur Pribadi,"K. Mandi Dalam, Kloset Duduk, Ember mandi, Shower","R. Tamu, R. Jemur, R. Makan, R. Santai, Dapur, Jemuran, R. Keluarga","Parkir Motor, Parkir Sepeda",,https://mamikos.com/room/kost-kota-bandung-kost-campur-eksklusif-kost-srigadis-25-tipe-paviliun-regol-bandung?redirection_source=landing%20area,-6.93945266003818,107.61394096086751
Kost Hilman Ardiansyah Bandung Wetan Bandung,Putri,Rp650.000,650000,Bandung Wetan,Bandung Wetan,"Kost ini berlokasi dekat dengan jalan raya dengan akses yang hanya bisa dilalui oleh motor/sepeda, berlokasi dekat dengan Rumah Makan Mirasa (239 m), Circle K (3.2 km), Masjid Al Asy'ari Unisba (138 m), Bank BJB - Kantor Cabang Tamansari (179 m), Universitas Islam Bandung (174 m), RS Umum Tk IV 03.07.03Sariningsih (455 m).","3 x 3 meter, Tidak termasuk listrik","Kasur, Meja, Lemari / Storage","Kloset Duduk, Kloset Jongkok, Ember mandi","WiFi, R. Jemur, Jemuran, K. Mandi Luar",,,https://mamikos.com/room/kost-kota-bandung-kost-putri-murah-kost-hilman-ardiansyah-bandung-wetan-bandung?redirection_source=landing%20area,-6.9043737163782675,107.61584022422967
Kost 17 Tipe A Lengkong Bandung,Putri,Rp600.000,600000,Kecamatan Lengkong,Lengkong,"Kost ini berlokasi dekat dengan jalan raya dengan akses yang hanya bisa dilalui oleh motor/sepeda, berlokasi dekat dengan Warteg Bahari (114 m), Alfamart (2.6 km), Church of Isa Almasih (342 m), Bank BJB - Cabang Utama Bandung (1.3 km), Universitas Islam Bandung (3.1 km), RS Mata Bandung Eye Center (1.3 km).","2.5 x 2.5 meter, Termasuk listrik","Kasur, Meja, Lemari / Storage, Ventilasi, Cermin","Kloset Jongkok, K. Mandi Luar, Ember mandi","WiFi, R. Jemur, Dapur, Jemuran, Pengurus Kos, Rooftop, K. Mandi Luar",,,https://mamikos.com/room/kost-kota-bandung-kost-putri-murah-kost-17-tipe-a-lengkong-bandung?redirection_source=landing%20area,-6.934140122788016,107.62711087110452
Kost P House Tipe Premium Andir Bandung,Campur,Rp1.250.000,1250000,Andir,Andir,"Kost ini berlokasi dekat dengan jalan raya dengan akses yang hanya bisa dilalui oleh motor/sepeda, berlokasi dekat dengan Warteg Abadi (1.6 km), Alfamart (2.0 km), Masjid Al Asy'ari Unisba (1.4 km), Bank BJB - Cabang Utama Bandung (835 m), Universitas Islam Bandung (1.4 km), RS Umum Bungsu (1.1 km).","3 x 4 meter, Termasuk listrik","Kasur, Lemari / Storage, Ventilasi, Jendela, Wastafel","K. Mandi Dalam, Kloset Duduk, Shower","WiFi, Laundry, Dapur, Jemuran, CCTV",Parkir Motor,,https://mamikos.com/room/kost-kota-bandung-kost-campur-eksklusif-kost-p-house-tipe-premium-andir-bandung-2?redirection_source=landing%20area,-6.905779290939454,107.57041062281989
Kost Sitimunigar Reguler Ac Astanaanyar Bandung,Campur,Rp1.500.000,1500000,Kecamatan Astanaanyar,Astanaanyar,"Kost ini berlokasi dekat dengan jalan raya dengan akses masuk mobil, berlokasi dekat dengan Warteg Bahari (1.5 km), Alfamart (2.8 km), Church of Isa Almasih (1.1 km), Bank BJB - Cabang Utama Bandung (1.3 km), Universitas Islam Bandung (2.9 km), RS Umum Bungsu (1.6 km).","3 x 3 meter, Tidak termasuk listrik","AC, Kasur, Meja, Lemari / Storage, Jendela, Kursi","K. Mandi Dalam, Kloset Duduk, Ember mandi, Shower","WiFi, Kulkas, Laundry, Penjaga Kos, R. Jemur, R. Makan, R. Santai, Dapur, Pengurus Kos, CCTV","Parkir Motor, Parkir Motor & Sepeda",,https://mamikos.com/room/kost-kota-bandung-kost-campur-eksklusif-kost-sitimunigar-reguler-ac-astanaanyar-bandung-2?redirection_source=landing%20area,-6.937023919379822,107.60106883390344
Kost Ciguriang 25 Exclusive Regol Bandung,Campur,Rp2.500.000,2500000,Kecamatan Regol,Regol,"Kost ini berlokasi dekat dengan jalan raya dengan akses yang hanya bisa dilalui oleh motor/sepeda, berlokasi dekat dengan Warteg Bahari (1.4 km), Alfamart (3.0 km), Church of Isa Almasih (1.0 km), Bank BJB - Cabang Utama Bandung (817 m), Universitas Islam Bandung (2.4 km), RS Umum Bungsu (1.2 km).","3 x 4 meter, Tidak termasuk listrik","AC, Kasur, Lemari / Storage, Ventilasi, Jendela, Guling, Cermin, Bantal, Wastafel, Kursi","K. Mandi Dalam, Kloset Duduk, Wastafel, Shower, Air panas","WiFi, R. Cuci, Kulkas, Mesin Cuci, Laundry, Penjaga Kos, R. Jemur, R. Santai, Dispenser, Dapur","Parkir Mobil, Parkir Motor, Parkir Sepeda, Parkir Motor & Sepeda",,https://mamikos.com/room/kost-kota-bandung-kost-campur-eksklusif-kost-ciguriang-25-exclusive-regol-bandung?redirection_source=landing%20area,-6.9381427529606166,107.61188941205539
Kost Gatsu Bapak Agus Tipe A Gatot Subroto Batununggal Bandung,Putri,Rp1.100.000,1100000,Batununggal,Batununggal,"Kost ini berlokasi dekat dengan jalan raya dengan akses yang hanya bisa dilalui oleh motor/sepeda, berlokasi dekat dengan Warteg Cintaasih (646 m), Alfamart A Yani 419 (2.0 km), Church In Bandung (739 m), Universitas Padjadjaran Kampus Dipatiukur (3.5 km), Bandung Electronic Center (2.6 km).","3 x 4 meter, Tidak termasuk listrik","Kasur, Meja, Meja Rias, Lemari / Storage, Cermin, Bantal, Kipas Angin","K. Mandi Dalam, Kloset Jongkok, Ember mandi, Shower","WiFi, Kulkas, R. Tamu, R. Jemur, R. Makan, Dapur","Parkir Motor, Parkir Sepeda",,https://mamikos.com/room/kost-kota-bandung-kost-putri-murah-kost-gatsu-bpk-agus-gatot-subroto-batununggal-bandung?redirection_source=landing%20area,-6.9281042082043705,107.6402287424594
Kost Rania Modern Tipe A1 Regol Bandung,Putri,Rp950.000,950000,Regol,Regol,"Kost ini berlokasi dekat dengan jalan raya dengan akses yang hanya bisa dilalui oleh motor/sepeda, berlokasi dekat dengan Warteg Bahari (876 m), Alfamart (3.2 km), Church of Isa Almasih (449 m), Bank BJB - Cabang Utama Bandung (723 m), Universitas Islam Bandung (2.5 km), RS Umum Bungsu (984 m).","3 x 3 meter, Tidak termasuk listrik","Kasur, Meja, Lemari / Storage, Ventilasi, Jendela, Guling, Cermin, Bantal, Kursi, Kipas Angin","K. Mandi Dalam, Kloset Duduk, Shower","WiFi, R. Jemur, Dispenser, Dapur, Jemuran, Pengurus Kos, K. Mandi Luar","Parkir Motor, Parkir Sepeda",,https://mamikos.com/room/kost-kota-bandung-kost-putri-murah-kost-rania-modern-tipe-a1-regol-bandung-2?redirection_source=landing%20area,-6.94096199419017,107.61407362627843
Kost Jl Macan 9 Lengkong Bandung,Campur,Rp1.400.000,1400000,Kecamatan Lengkong,Lengkong,"Kost ini berlokasi dekat dengan jalan raya dengan akses yang hanya bisa dilalui oleh motor/sepeda, berlokasi dekat dengan Rumah Makan Cikawao (649 m), Alfamart A Yani 419 (3.1 km), Church of Isa Almasih (698 m), Citibank Indonesia (939 m), Universitas Islam Bandung (3.2 km), RS Ibu dan Anak Kota Bandung (2.0 km).","3 x 3 meter, Termasuk listrik","Kasur, Meja, Lemari / Storage, Ventilasi, Jendela, Guling, Cermin, Bantal, Kipas Angin, Cleaning service","Kloset Duduk, K. Mandi Luar, Shower","WiFi, R. Cuci, Kulkas, Mesin Cuci, Laundry, R. Tamu, Penjaga Kos, R. Jemur, R. Makan, R. Santai","Parkir Mobil, Parkir Motor, Parkir Sepeda",,https://mamikos.com/room/kost-kota-bandung-kost-campur-eksklusif-kost-jl-macan-9-lengkong-bandung?redirection_source=landing%20area,-6.932589634471925,107.62654102943159
Kost Faiz Tipe D Sumur Bandung Bandung,Putra,Rp800.000,800000,Kecamatan Sumur Bandung,Sumur Bandung,"Kost ini berlokasi dekat dengan jalan raya dengan akses masuk mobil, berlokasi dekat dengan Rumah Makan Mirasa (616 m), Circle K (3.2 km), Masjid Al Asy'ari Unisba (570 m), Bank Permata (418 m), Universitas Islam Bandung (605 m), RS Khusus Mata Cicendo (303 m).","2.5 x 5 meter, Termasuk listrik","Kasur, Lemari / Storage","Kloset Duduk, K. Mandi Luar, Wastafel, Ember mandi, Shower, Air panas","WiFi, R. Jemur, Jemuran, K. Mandi Luar","Parkir Motor, Parkir Sepeda",,https://mamikos.com/room/kost-kota-bandung-kost-putra-murah-kost-faiz-tipe-d-sumur-bandung-bandung-2?redirection_source=landing%20area,-6.914073727153502,107.61838827763881
Kost Sukamulus Cibeunying Kidul Bandung,Campur,Rp450.000,450000,Cibeunying Kidul,Cibeunying Kidul,"Kost ini berlokasi dekat dengan jalan raya dengan akses yang hanya bisa dilalui oleh motor/sepeda, berlokasi dekat dengan Warteg Abadi (3.1 km), Alfamart A Yani 419 (284 m), Masjid Pusdai (1.6 km), Bank Mandiri Bandung Priority Banking Soerapatti (2.6 km), Institut Teknologi Nasional Bandung (1.2 km), RS Umum Santo Yusup (583 m).","3 x 3 meter, Termasuk listrik","Kasur, Meja, Ventilasi, Jendela, Cermin, Bantal, Cleaning service","Kloset Jongkok, K. Mandi Luar, Ember mandi, Shower, Bak mandi","WiFi, R. Cuci, Penjaga Kos, R. Jemur, Dispenser, Dapur, Jemuran, Pengurus Kos, CCTV, Gazebo","Parkir Mobil, Parkir Motor, Parkir Sepeda",,https://mamikos.com/room/kost-kota-bandung-kost-campur-murah-kost-sukamulus-cibeunying-kidul-bandung?redirection_source=landing%20area,-6.898094800357495,107.65031904605165
Kost Srigadis 25 Tipe Standard Regol Bandung,Campur,Rp1.100.000,1100000,Kecamatan Regol,Regol,"Kost ini berlokasi dekat dengan jalan raya dengan akses yang hanya bisa dilalui oleh motor/sepeda, berlokasi dekat dengan Warteg Bahari (788 m), Circle K (788 m), Church of Isa Almasih (836 m), Institut Seni Budaya Indonesia Bandung (1.9 km), RSU Bhayangkara Tk II Sartika Asih (2.3 km), Bandung Electronic Center (3.1 km).","6 x 4 meter, Tidak termasuk listrik","Kasur, Meja, Lemari / Storage, Ventilasi, Jendela, Guling, Cermin, Bantal","K. Mandi Dalam, Kloset Jongkok, Ember mandi","WiFi, R. Jemur, R. Makan, R. Santai, Dapur, Jemuran","Parkir Motor, Parkir Sepeda",,https://mamikos.com/room/kost-kota-bandung-kost-campur-eksklusif-kost-srigadis-25-tipe-standard-regol-bandung?redirection_source=landing%20area,-6.937875413332341,107.61374655953392
Kost Ibu Nola Kebon Manggu Regol Bandung,Campur,Rp650.000,650000,Kecamatan Regol,Regol,"Kost ini berlokasi dekat dengan jalan raya dengan akses yang hanya bisa dilalui oleh motor/sepeda, berlokasi dekat dengan Warteg Bahari (1.5 km), Alfamart (3.0 km), Church of Isa Almasih (1.1 km), Bank BJB - Cabang Utama Bandung (906 m), Universitas Islam Bandung (2.4 km), RS Umum Bungsu (1.3 km).","3 x 4 meter, Termasuk listrik","Kasur, Lemari / Storage, Bantal","Kloset Jongkok, K. Mandi Luar","R. Jemur, Dapur, Jemuran, K. Mandi Luar","Parkir Sepeda, Parkir Motor & Sepeda",,https://mamikos.com/room/kost-kota-bandung-kost-campur-eksklusif-kost-ibu-nola-kebon-manggu-regol-bandung?redirection_source=landing%20area,-6.9381940875757255,107.615250814871
Kost Menimurah Tipe Standart Cibeunying Kaler Bandung,Putri,Rp500.000,500000,Cibeunying Kaler,Cibeunying Kaler,"Kost ini berlokasi dekat dengan jalan raya dengan akses yang hanya bisa dilalui oleh motor/sepeda, berlokasi dekat dengan Warteg Cintaasih (2.3 km), Alfamart Bojong Koneng (1.3 km), Christian Church Pasundan Awiligar (2.1 km), Bank BJB Weekend Banking (1.4 km), Institut Teknologi Nasional Bandung (408 m), RS Ibu dan Anak Al Islam (1.3 km).","2 x 3 meter, Termasuk listrik","Kasur, Meja, Lemari / Storage, Ventilasi, Jendela, Kursi","Kloset Jongkok, K. Mandi Luar, Ember mandi, Bak mandi","WiFi, R. Cuci, R. Tamu, R. Jemur, R. Makan, Dapur, Jemuran, Pengurus Kos, Balcon, R. Keluarga",Parkir Motor,,https://mamikos.com/room/kost-kota-bandung-kost-putri-murah-kost-menimurah-tipe-standart-cibeunying-kaler-bandung?redirection_source=landing%20area,-6.887436593377076,107.6270035985589
Kost Jl.Pajajaran Bandung Wetan,Campur,Rp800.000,800000,Bandung Wetan,Bandung Wetan,"Kost ini berlokasi dekat dengan jalan raya dengan akses jalan raya, berlokasi dekat dengan Rumah Makan Kapau Jaya (565 m), Circle K (3.1 km), Masjid Al Asy'ari Unisba (380 m), Bank BJB - Kantor Cabang Tamansari (428 m), Universitas Islam Bandung (413 m), RS Ibu dan Anak Limijati (799 m).","4 x 4 meter, Termasuk listrik","Kasur, Meja, Lemari / Storage, Jendela, Kursi","Kloset Jongkok, K. Mandi Luar, Bak mandi","Mesin Cuci, R. Jemur, Jemuran, Jual Makanan",Parkir Motor,,https://mamikos.com/room/kost-bandung-kost-campur-murah-kost-jlpajajaran-16-bandung-wetan?redirection_source=landing%20area,-6.9031446519662625,107.61857616796844
Kost Muararajeun Lama 1 Tipe C Cibeunying Kaler Bandung,Campur,Rp750.000,750000,Cibeunying Kaler,Cibeunying Kaler,"Kost ini berlokasi dekat dengan jalan raya dengan akses yang hanya bisa dilalui oleh motor/sepeda, berlokasi dekat dengan Warteg Abadi (2.2 km), Alfamart A Yani 419 (1.3 km), Masjid Al Kautsar (2.0 km), Bank Mandiri Bandung Priority Banking Soerapatti (1.5 km), Universitas Padjadjaran Kampus Dipatiukur (1.8 km), RS Umum Santo Borromeus (2.1 km).","3.5 x 2 meter, Termasuk listrik","Kasur, Meja, Lemari / Storage, Ventilasi, Jendela, Bantal","Kloset Jongkok, K. Mandi Luar, Ember mandi","WiFi, R. Cuci, Penjaga Kos, R. Jemur, Jemuran, Pengurus Kos, Jual Makanan, K. Mandi Luar","Parkir Motor, Parkir Sepeda, Parkir Motor & Sepeda",,https://mamikos.com/room/kost-kota-bandung-kost-campur-eksklusif-kost-muararajeun-lama-1-tipe-c-cibeunying-kaler-bandung-2?redirection_source=landing%20area,-6.885324407923888,107.62984740475447
Kost Chantika Marfalia Tipe Standard Regol Bandung,Campur,Rp750.000,750000,Regol,Regol,"Kost ini berlokasi dekat dengan jalan raya dengan akses yang hanya bisa dilalui oleh motor/sepeda, berlokasi dekat dengan Rumah Makan Cikawao (346 m), Circle K (630 m), Church of Isa Almasih (241 m), Bank BJB - Cabang Utama Bandung (912 m), Institut Seni Budaya Indonesia Bandung (2.5 km), RSU Bhayangkara Tk II Sartika Asih (3.2 km).","3 x 3 meter, Termasuk listrik","Kasur, Meja, Lemari / Storage, Ventilasi, Jendela, Guling, Bantal","Kloset Jongkok, K. Mandi Luar, Ember mandi",K. Mandi Luar,Parkir Motor,,https://mamikos.com/room/kost-kota-bandung-kost-campur-murah-kost-chantika-marfalia-tipe-standard-regol-bandung-2?redirection_source=landing%20area,-6.940485098132224,107.61339036199097
Kost Sumarmo 13 Regol Bandung,Putri,Rp850.000,850000,Regol,Regol,"Kost ini berlokasi dekat dengan jalan raya dengan akses yang hanya bisa dilalui oleh motor/sepeda, berlokasi dekat dengan Rumah Makan Cikawao (349 m), Circle K (413 m), Church of Isa Almasih (178 m), Institut Seni Budaya Indonesia Bandung (2.3 km), RSU Bhayangkara Tk II Sartika Asih (2.9 km), Bandung Electronic Center (2.5 km).","3 x 3 meter, Termasuk listrik","Kasur, Lemari / Storage","K. Mandi Dalam, Kloset Jongkok","WiFi, Dapur",Parkir Motor,,https://mamikos.com/room/kost-kota-bandung-kost-putri-murah-kost-sumarmo-13-regol-bandung?redirection_source=landing%20area,-6.9380331788140435,107.61346462622184
Kost Ibu Tina Tipe B Cibeunying Kidul Bandung,Putri,Rp750.000,750000,Kecamatan Cibeunying Kidul,Cibeunying Kidul,"Kost ini berlokasi dekat dengan jalan raya dengan akses yang hanya bisa dilalui oleh motor/sepeda, berlokasi dekat dengan Warteg Abadi (3.1 km), Alfamart A Yani 419 (282 m), Masjid Pusdai (1.6 km), Bank Mandiri Bandung Priority Banking Soerapatti (2.5 km), Institut Teknologi Nasional Bandung (1.2 km), RS Umum Santo Yusup (625 m).","3 x 3 meter, Tidak termasuk listrik","Kasur, Lemari / Storage, Ventilasi, Jendela, Guling, Bantal, Wastafel","Kloset Jongkok, K. Mandi Luar, Wastafel, Ember mandi","WiFi, R. Cuci, R. Jemur, R. Santai, Dapur, Jemuran, Pengurus Kos, Rooftop, Balcon, K. Mandi Luar","Parkir Motor, Parkir Sepeda, Parkir Motor & Sepeda",,https://mamikos.com/room/kost-kota-bandung-kost-putri-murah-kost-ibu-tina-tipe-b-cibeunying-kidul-bandung-2?redirection_source=landing%20area,-6.897206884958117,107.6494578448959
Kost Nur Muhaji Tipe A Batununggal Bandung,Campur,Rp1.200.000,1200000,Batununggal,Batununggal,"Kost ini berlokasi dekat dengan jalan raya dengan akses yang hanya bisa dilalui oleh motor/sepeda, berlokasi dekat dengan Warteg Bahari (2.0 km), Alfamart (2.6 km), Masjid Al Jihad (264 m), Bank BJB - Cabang Utama Bandung (2.2 km), Institut Teknologi Nasional Bandung (2.4 km), RS Ibu dan Anak Al Islam (1.5 km).","4 x 4 meter, Tidak termasuk listrik","Kasur, Lemari / Storage, Ventilasi, Jendela, Guling, Bantal","K. Mandi Dalam, Kloset Duduk, Ember mandi","WiFi, Laundry, Penjaga Kos, Jemuran, Pengurus Kos, CCTV","Parkir Motor, Parkir Motor & Sepeda",,https://mamikos.com/room/kost-kota-bandung-kost-campur-eksklusif-kost-nur-muhaji-tipe-a-batununggal-bandung-2?redirection_source=landing%20area,-6.929594143139692,107.6406458222413
Kost Akiel Tipe C Regol Bandung,Putri,Rp1.000.000,1000000,Kecamatan Regol,Regol,"Kost ini berlokasi dekat dengan jalan raya dengan akses yang hanya bisa dilalui oleh motor/sepeda, berlokasi dekat dengan Warteg Bahari (930 m), Circle K (911 m), Church of Isa Almasih (740 m), Bank BJB - Cabang Utama Bandung (1.6 km), Universitas Islam Bandung (3.4 km), RS Mata Bandung Eye Center (1.7 km).","3 x 4 meter, Tidak termasuk listrik","Kasur, Meja, TV, Lemari / Storage, Ventilasi, Jendela, Guling, Bantal, Kursi","Kloset Duduk, K. Mandi Luar, Ember mandi, Shower","WiFi, Dispenser, Jemuran",Parkir Motor,,https://mamikos.com/room/kost-kota-bandung-kost-putri-eksklusif-kost-akiel-tipe-c-regol-bandung-2?redirection_source=landing%20area,-6.940227581219851,107.61552954924134
Kost Healthy Rooms Tipe A Astanaanyar Bandung,Putri,Rp900.000,900000,Kecamatan Astanaanyar,Astanaanyar,"Kost ini berlokasi dekat dengan jalan raya dengan akses yang hanya bisa dilalui oleh motor/sepeda, berlokasi dekat dengan Warteg Bahari (1.9 km), Alfamart (3.0 km), Church of Isa Almasih (1.5 km), Bank BJB - Cabang Utama Bandung (1.2 km), Universitas Islam Bandung (2.5 km), RS Umum Bungsu (1.6 km).","3 x 1.5 meter, Termasuk listrik","Kasur, Meja, Lemari / Storage, Ventilasi, Guling, Cermin, Bantal, Kursi","Kloset Duduk, K. Mandi Luar, Air panas","WiFi, Kulkas, Mesin Cuci, Laundry, R. Tamu, R. Jemur, Dapur, Jemuran, Rice Cooker, CCTV","Parkir Motor, Parkir Sepeda, Parkir Motor & Sepeda",,https://mamikos.com/room/kost-kota-bandung-kost-putri-murah-kost-healthy-rooms-tipe-a-astanaanyar-bandung-2?redirection_source=landing%20area,-6.939361603805372,107.60318161953579
Kost Bunda Executive Regol Bandung,Campur,Rp900.000,900000,Kecamatan Regol,Regol,"Kost ini berlokasi dekat dengan jalan raya dengan akses yang hanya bisa dilalui oleh motor/sepeda, berlokasi dekat dengan Warteg Bahari (763 m), Circle K (2.7 km), Church of Isa Almasih (816 m), Bank BCA KCP Buah Batu (1.5 km), Akademi Sekretari Dan Manajemen BSI Bandung (1.2 km), RS Mata Bandung Eye Center (1.3 km).","3 x 3 meter, Tidak termasuk listrik","Kasur, Lemari / Storage, Jendela","Kloset Duduk, Ember mandi","WiFi, Kulkas, Dispenser, Dapur, Jemuran, CCTV",Parkir Motor,,https://mamikos.com/room/kost-kota-bandung-kost-campur-murah-kost-bunda-executive-regol-bandung-2?redirection_source=landing%20area,-6.938196431334548,107.6142315898315
Kost Pusat Laundry Nasional Astanaanyar Bandung,Campur,Rp650.000,650000,Kecamatan Astanaanyar,Astanaanyar,"Kost ini berlokasi dekat dengan jalan raya dengan akses masuk mobil, berlokasi dekat dengan Warteg Jaya Bahari (377 m), Circle K (778 m), Gereja Kristen Kalam Kudus Pasundan (602 m), Institut Seni Budaya Indonesia Bandung (3.3 km), Bandung Electronic Center (2.2 km).","3 x 3 meter, Termasuk listrik","Kasur, Lemari / Storage, Kipas Angin","Kloset Duduk, K. Mandi Luar, Shower, Air panas","WiFi, Laundry, Penjaga Kos, R. Makan, R. Santai, Dapur, Pengurus Kos, CCTV, Balcon, R. Keluarga",Parkir Motor,,https://mamikos.com/room/kost-kota-bandung-kost-campur-murah-kost-pusat-laundry-nasional-astanaanyar-bandung-1?redirection_source=landing%20area,-6.937553008117639,107.60147767041308
Kost Amavi Lengkong Besar Regol Bandung,Putra,Rp1.800.000,1800000,Regol,Regol,"Kost ini berlokasi dekat dengan jalan raya dengan akses yang hanya bisa dilalui oleh motor/sepeda, berlokasi dekat dengan Rumah Makan Cikawao (292 m), Circle K (393 m), Church of Isa Almasih (121 m), Citibank Indonesia (964 m), Institut Seni Budaya Indonesia Bandung (2.3 km), RSU Bhayangkara Tk II Sartika Asih (3.0 km).","4 x 2.5 meter, Tidak termasuk listrik","Kasur, Meja, TV, Lemari / Storage, Kursi, Cleaning service","K. Mandi Dalam, Kloset Duduk, Shower","WiFi, R. Santai, Dapur, Kartu Akses","Parkir Motor, Parkir Sepeda",,https://mamikos.com/room/kost-bandung-kost-putra-eksklusif-kost-amavi-lengkong-besar-bandung-1?redirection_source=landing%20area,-6.939337036917658,107.61217591122414
Kost Kencana Big Room Bandung Wetan Bandung,Campur,Rp2.100.000,2100000,Bandung Wetan,Bandung Wetan,"Kost ini berlokasi dekat dengan jalan raya dengan akses yang hanya bisa dilalui oleh motor/sepeda, berlokasi dekat dengan Swike Waled Rumah Makan (256 m), Circle K (2.9 km), Masjid Jami Mathla'ul Khoeriyah (196 m), Bank BJB - Kantor Cabang Tamansari (397 m), Universitas Islam Bandung (340 m), RS Ibu dan Anak Melinda (384 m).","3 x 4 meter, Tidak termasuk listrik","AC, Kasur, Meja, Lemari / Storage, Wastafel, Kursi","K. Mandi Dalam, Kloset Duduk, Wastafel, Shower, Air panas","WiFi, Kulkas, Laundry, R. Tamu, R. Santai",Parkir Motor,,https://mamikos.com/room/kost-kota-bandung-kost-campur-eksklusif-kost-kencana-big-room-bandung-wetan-bandung-2?redirection_source=landing%20area,-6.905476913504583,107.61738523125086
Kost Deme 25 Tipe A Batununggal Bandung,Campur,Rp1.150.000,1150000,Kecamatan Batununggal,Batununggal,"Kost ini berlokasi dekat dengan jalan raya dengan akses yang hanya bisa dilalui oleh motor/sepeda, berlokasi dekat dengan Warteg Bahari (1.6 km), Indomaret Surapati 55 (3.3 km), Gereja Isa Almasih (451 m), Bank BCA KCP Buah Batu (1.9 km), Institut Teknologi Nasional Bandung (3.1 km), RS Ibu dan Anak Al Islam (1.9 km).","3 x 3 meter, Tidak termasuk listrik","AC, Kasur, Lemari / Storage, Ventilasi, Jendela, Cermin","K. Mandi Dalam, Kloset Duduk, Kloset Jongkok, Ember mandi, Shower, Air panas","WiFi, Penjaga Kos, R. Jemur, Dapur, Jemuran, Pengurus Kos, CCTV, Rooftop, Balcon","Parkir Motor, Parkir Sepeda, Parkir Motor & Sepeda",,https://mamikos.com/room/kost-kota-bandung-kost-campur-eksklusif-kost-deme-25-tipe-a-batununggal-bandung?redirection_source=landing%20area,-6.929358045969757,107.6414402206435
Kost M Dian Ediana Regol Bandung,Putri,Rp850.000,850000,Regol,Regol,"Kost ini berlokasi dekat dengan jalan raya dengan akses masuk mobil, berlokasi dekat dengan Warteg Bahari (474 m), Circle K (501 m), Masjid Jami Nurul Falah (556 m), CIMB Niaga (Buah Batu) (776 m), Akademi Sekretari Dan Manajemen BSI Bandung (659 m), RS Umum Muhammadiyah (691 m).","2.5 x 2.8 meter, Termasuk listrik","Kasur, Dispenser, Meja, Meja Rias, Lemari / Storage, Ventilasi, Jendela, Guling, Cermin, Bantal","Kloset Duduk, K. Mandi Luar, Ember mandi, Bak mandi","WiFi, R. Cuci, R. Tamu, R. Jemur, R. Santai, Dispenser, Jemuran, Balcon, K. Mandi Luar",Parkir Motor,,https://mamikos.com/room/kost-kota-bandung-kost-putri-murah-kost-m-dian-ediana-regol-bandung-2?redirection_source=landing%20area,-6.938437165253563,107.61475429631822
Kost 78D Tipe B Regol Bandung,Putri,Rp1.250.000,1250000,Regol,Regol,"Kost ini berlokasi dekat dengan jalan raya dengan akses yang hanya bisa dilalui oleh motor/sepeda, berlokasi dekat dengan Rumah Makan Cikawao (892 m), Circle K (829 m), Gereja Kristen Kalam Kudus Pasundan (348 m), Citibank Indonesia (1.4 km), Sekolah Tinggi Ilmu Kesehatan Immanuel Bandung (1.4 km), RS Khusus Mata Cicendo (2.0 km).","4 x 5 meter, Tidak termasuk listrik","Kasur, Meja, Lemari / Storage, Ventilasi, Jendela, Guling, Bantal, Kursi","K. Mandi Dalam, Kloset Duduk","WiFi, Penjaga Kos, R. Jemur, R. Santai, Dapur, Jemuran, CCTV, Balcon","Parkir Motor, Parkir Sepeda",,https://mamikos.com/room/kost-kota-bandung-kost-putri-eksklusif-kost-78d-tipe-b-regol-bandung?redirection_source=landing%20area,-6.937701326224912,107.61358371978238
Kost Samping Trans Studio Mall Batununggal Bandung,Campur,Rp850.000,850000,Batununggal,Batununggal,"Kost ini berlokasi dekat dengan jalan raya dengan akses yang hanya bisa dilalui oleh motor/sepeda, berlokasi dekat dengan Warteg Berkah Bahari (742 m), Alfamart A Yani 419 (1.8 km), Masjid Al Jihad (1.1 km), Sekolah Tinggi Ilmu Ekonomi Pasundan (695 m).","3 x 3 meter, Termasuk listrik","Kasur, Dispenser, Lemari / Storage, Ventilasi, Jendela, Kursi","Kloset Jongkok, K. Mandi Luar, Wastafel, Bak mandi","WiFi, R. Tamu, R. Jemur, R. Santai, Dispenser, Dapur, Jemuran, Pengurus Kos, CCTV, Balcon","Parkir Motor, Parkir Sepeda",,https://mamikos.com/room/kost-kota-bandung-kost-campur-murah-kost-samping-trans-studio-mall-batununggal-bandung-2?redirection_source=landing%20area,-6.927221523028705,107.6420613972028
Kost Miru Minami Tipe A Lengkong Bandung,Putri,Rp1.500.000,1500000,Kecamatan Lengkong,Lengkong,"Kost ini berlokasi dekat dengan jalan raya dengan akses yang hanya bisa dilalui oleh motor/sepeda, berlokasi dekat dengan Warteg Bahari (142 m), Alfamart A Yani 419 (3.4 km), Church of Isa Almasih (292 m), Bank BJB - Cabang Utama Bandung (1.2 km), Universitas Islam Bandung (3.0 km), RS Umum Bungsu (1.3 km).","3 x 4 meter, Tidak termasuk listrik","Kasur, Meja, Lemari / Storage, Ventilasi, Jendela, Kursi","Kloset Duduk, K. Mandi Luar, Shower","WiFi, R. Cuci, Kulkas, Penjaga Kos, R. Jemur, Dapur, Jemuran, CCTV, Rooftop, Kartu Akses",Parkir Motor,,https://mamikos.com/room/kost-kota-bandung-kost-putri-eksklusif-kost-miru-minami-tipe-a-lengkong-bandung?redirection_source=landing%20area,-6.934366460189207,107.6251245317685
Kost P House Tipe L Andir Bandung,Campur,Rp900.000,900000,Andir,Andir,"Kost ini berlokasi dekat dengan jalan raya dengan akses yang hanya bisa dilalui oleh motor/sepeda, berlokasi dekat dengan Warteg Jaya Bahari (904 m), Circle K (3.1 km), Masjid AL-IKHLAS (573 m), Bank Syariah Indonesia KC Bandung Suniaraja (79 m), Universitas Padjadjaran Kampus Dipatiukur (2.9 km), Bandung Electronic Center (1.0 km).","3 x 3 meter, Tidak termasuk listrik","Kasur, Lemari / Storage, Ventilasi, Meja makan, Jendela, Sofa, Wastafel","Kloset Jongkok, Wastafel, Ember mandi, Shower","WiFi, Laundry, R. Makan, R. Santai, Dapur, Pengurus Kos, CCTV, Balcon, K. Mandi Luar","Parkir Motor, Parkir Sepeda",,https://mamikos.com/room/kost-kota-bandung-kost-campur-murah-kost-p-house-tipe-l-andir-bandung-2?redirection_source=landing%20area,-6.905764076966091,107.5718368030698
Kost Neo Lengkong Bandung,Campur,Rp1.100.000,1100000,Lengkong,Lengkong,"Kost ini berlokasi dekat dengan jalan raya dengan akses yang hanya bisa dilalui oleh motor/sepeda, berlokasi dekat dengan Rumah Makan Cikawao (402 m), Alfamart A Yani 419 (3.2 km), Church of Isa Almasih (555 m), Citibank Indonesia (341 m), Universitas Padjadjaran Kampus Dipatiukur (3.4 km), RS Umum Bungsu (580 m).","3 x 4 meter, Tidak termasuk listrik","Kasur, Lemari / Storage, Ventilasi, Jendela, Cermin","K. Mandi Dalam, Kloset Duduk, Ember mandi, Shower","WiFi, R. Jemur, Dapur, Jemuran, Pengurus Kos, Balcon",Parkir Motor,,https://mamikos.com/room/kost-kota-bandung-kost-campur-eksklusif-kost-neo-lengkong-bandung-2?redirection_source=landing%20area,-6.934531355901106,107.62447560642138
Kost Rumah Ene Kos Putri Regol Bandung,Putri,Rp1.950.000,1950000,Regol,Regol,"Kost ini berlokasi dekat dengan jalan raya dengan akses yang hanya bisa dilalui oleh motor/sepeda, berlokasi dekat dengan Warteg Bahari (782 m), Circle K (764 m), Church of Isa Almasih (628 m), Institut Seni Budaya Indonesia Bandung (2.3 km), RSU Bhayangkara Tk II Sartika Asih (2.6 km), Bandung Electronic Center (2.8 km).","3 x 4 meter, Tidak termasuk listrik","AC, Kasur, Meja, Lemari / Storage, Ventilasi, Jendela, Guling, Bantal, Kursi","K. Mandi Dalam, Kloset Duduk, Shower, Air panas","WiFi, Laundry, R. Tamu, Penjaga Kos, R. Jemur, Mushola, Jemuran, Pengurus Kos, Jual Makanan, CCTV","Parkir Mobil, Parkir Motor",,https://mamikos.com/room/kost-kota-bandung-kost-putri-eksklusif-kost-rumah-ene-kos-putri-regol-bandung-1?redirection_source=landing%20area,-6.9388812094393,107.61435714611633
Kost Syauqiyyah Tipe A Regol Bandung,Putri,Rp1.450.000,1450000,Regol,Regol,"Kost ini berlokasi dekat dengan jalan raya dengan akses yang hanya bisa dilalui oleh motor/sepeda, berlokasi dekat dengan Warteg Bahari (505 m), Circle K (1.6 km), Masjid Jami Nurul Falah (623 m), CIMB Niaga (Buah Batu) (1.1 km), Akademi Sekretari Dan Manajemen BSI Bandung (904 m), RS Ibu dan Anak Kota Bandung (1.7 km).","3 x 4 meter, Termasuk listrik","Kasur, Meja, Ventilasi, Jendela, Guling, Bantal, Kursi","K. Mandi Dalam, Kloset Duduk, Kloset Jongkok, Shower, Air panas","WiFi, R. Cuci, Kulkas, Mesin Cuci, R. Tamu, Penjaga Kos, R. Jemur, R. Makan, R. Santai, Dispenser","Parkir Motor, Parkir Sepeda",,https://mamikos.com/room/kost-kota-bandung-kost-putri-eksklusif-kost-syauqiyyah-tipe-a-regol-bandung?redirection_source=landing%20area,-6.9408590997474215,107.61189948706289
Kost Rumah Wayang 8 Standart Lengkong Bandung,Campur,Rp2.100.000,2100000,Kecamatan Lengkong,Lengkong,"Kost ini berlokasi dekat dengan jalan raya dengan akses yang hanya bisa dilalui oleh motor/sepeda, berlokasi dekat dengan Warteg Abadi (2.9 km), Alfamart A Yani 419 (2.7 km), Church In Bandung (569 m), Citibank Indonesia (725 m), Universitas Islam Bandung (2.9 km), RS Mata Bandung Eye Center (1.3 km).","3 x 4 meter, Tidak termasuk listrik","AC, Kasur, Dispenser, Meja, TV, Lemari / Storage, Kulkas, Ventilasi, Meja makan, Jendela","K. Mandi Dalam, Kloset Duduk, Kloset Jongkok, Ember mandi, Shower, Air panas","WiFi, Kulkas, Laundry, R. Tamu, Penjaga Kos, R. Makan, R. Santai, Dispenser, Dapur, Pengurus Kos","Parkir Mobil, Parkir Motor, Parkir Sepeda",,https://mamikos.com/room/kost-kota-bandung-kost-campur-eksklusif-kost-rumah-wayang-8-standart-lengkong-bandung?redirection_source=landing%20area,-6.933356335235206,107.62536911059362
Kost Yukiyama Sawah Kurung Regol Bandung,Putri,Rp1.800.000,1800000,Kecamatan Regol,Regol,"Kost ini berlokasi dekat dengan jalan raya dengan akses jalan raya, berlokasi dekat dengan Rumah Makan Cikawao (671 m), Circle K (1.5 km), Church of Isa Almasih (503 m), Citibank Indonesia (1.3 km), Universitas Islam Bandung (3.3 km), RS Ibu dan Anak Kota Bandung (1.3 km).","3 x 4 meter, Tidak termasuk listrik","AC, Kasur, Meja, TV, Lemari / Storage, Cermin, Bantal","K. Mandi Dalam, Kloset Duduk, Wastafel, Shower, Air panas","WiFi, Kulkas, R. Jemur, Dapur, CCTV",Parkir Motor,,https://mamikos.com/room/kost-kota-bandung-kost-putri-eksklusif-kost-yukiyama-sawah-kurung-regol-bandung-?redirection_source=landing%20area,-6.941456470775803,107.61206670922705
Kost Pungkur Vip Regol Bandung,Putri,Rp650.000,650000,Kecamatan Regol,Regol,"Kost ini berlokasi dekat dengan jalan raya dengan akses yang hanya bisa dilalui oleh motor/sepeda, berlokasi dekat dengan Warteg Abadi (3.0 km), Circle K (1.3 km), Church of Isa Almasih (176 m), Citibank Indonesia (1.0 km), Universitas Islam Bandung (3.0 km), RS Umum Muhammadiyah (1.3 km).","3 x 3 meter, Termasuk listrik","Kasur, Lemari / Storage, Jendela, Guling, Bantal","K. Mandi Dalam, Kloset Duduk, K. Mandi Luar, Shower","R. Jemur, Dapur, Jemuran, Rice Cooker",Parkir Motor,,https://mamikos.com/room/kost-kota-bandung-kost-putri-murah-kost-pungkur-vip-regol-bandung?redirection_source=landing%20area,-6.937592536503323,107.61504027876124
Kost Pangkur Opat Lengkong Bandung,Putra,Rp1.200.000,1200000,Lengkong,Lengkong,"Kost ini berlokasi dekat dengan jalan raya dengan akses jalan raya, berlokasi dekat dengan Warteg Bahari (495 m), Alfamart A Yani 419 (2.9 km), Masjid Al Waritsin (748 m), CIMB Niaga (Buah Batu) (610 m), Akademi Sekretari Dan Manajemen BSI Bandung (792 m), RS Umum Muhammadiyah (506 m).","3 x 3 meter, Tidak termasuk listrik","AC, TV, Kipas Angin","Kloset Duduk, K. Mandi Luar, Shower, Air panas","WiFi, Mesin Cuci, Penjaga Kos, R. Makan, Dispenser, Dapur, Jemuran, CCTV, TV","Parkir Mobil, Parkir Motor",,https://mamikos.com/room/kost-bandung-kost-putra-eksklusif-kost-pangkur-opat-lengkong-bandung?redirection_source=landing%20area,-6.9343569244582435,107.62750378298512
Kost Naumanda Cikaso Cibeunying Kidul Bandung,Putri,Rp1.333.333,1333333,Kecamatan Cibeunying Kidul,Cibeunying Kidul,"Kost ini berlokasi dekat dengan jalan raya dengan akses masuk mobil, berlokasi dekat dengan Warteg Abadi (2.8 km), Alfamart A Yani 419 (465 m), Masjid Al Barokah (1.8 km), Bank BJB - Cabang Utama Bandung (2.9 km), Institut Teknologi Nasional Bandung (1.4 km), RS Ibu dan Anak Al Islam (477 m).","3 x 4 meter, Tidak termasuk listrik","Kasur, Meja, Lemari / Storage, Ventilasi, Jendela, Guling, Bantal, Kursi","K. Mandi Dalam, Kloset Duduk, Shower, Air panas","WiFi, R. Cuci, Kulkas, Mesin Cuci, R. Tamu, Penjaga Kos, R. Jemur, R. Santai, Dapur, Jemuran",Parkir Motor & Sepeda,,https://mamikos.com/room/kost-kota-bandung-kost-putri-eksklusif-kost-naumanda-cikaso-cibeunying-kidul-bandung?redirection_source=landing%20area,-6.899349201440348,107.6508592346244
Kost Srimahi Tipe Single Regol Bandung,Campur,Rp1.750.000,1750000,Kecamatan Regol,Regol,"Kost ini berlokasi dekat dengan jalan raya dengan akses yang hanya bisa dilalui oleh motor/sepeda, berlokasi dekat dengan Warteg Bahari (679 m), Circle K (2.9 km), Church of Isa Almasih (925 m), Bank BCA KCP Buah Batu (1.1 km), Akademi Sekretari Dan Manajemen BSI Bandung (913 m), RS Mata Bandung Eye Center (910 m).","3 x 3 meter, Tidak termasuk listrik","AC, Kasur, Meja, TV, Lemari / Storage, Ventilasi, Jendela, Cermin, Wastafel, Kursi","K. Mandi Dalam, Kloset Duduk, Wastafel, Shower, Air panas","WiFi, R. Tamu, Penjaga Kos, R. Jemur, R. Santai, Dispenser, Dapur, Pengurus Kos, Jual Makanan, CCTV",Parkir Motor & Sepeda,,https://mamikos.com/room/kost-kota-bandung-kost-campur-eksklusif-kost-srimahi-tipe-single-regol-bandung?redirection_source=landing%20area,-6.938194198948276,107.612221466385
Kost Kukka Tipe AC Lengkong Bandung,Putri,Rp1.750.000,1750000,Lengkong,Lengkong,"Kost ini berlokasi dekat dengan jalan raya dengan akses yang hanya bisa dilalui oleh motor/sepeda, berlokasi dekat dengan Warteg Bahari (459 m), Alfamart (3.2 km), Church In Bandung (611 m), Bank BJB - Cabang Utama Bandung (1.3 km), Universitas Islam Bandung (2.9 km), RS Umum Bungsu (1.1 km).","2.5 x 4.5 meter, Tidak termasuk listrik","AC, Kasur, Meja, Lemari / Storage, Ventilasi, Jendela, Wastafel, Kursi, Cleaning service","K. Mandi Dalam, Kloset Duduk, Wastafel, Shower, Air panas","WiFi, Kulkas, Dapur, CCTV","Parkir Mobil, Parkir Motor",,https://mamikos.com/room/kost-kota-bandung-kost-putri-eksklusif-kost-kukka-tipe-ac-lengkong-bandung-2?redirection_source=landing%20area,-6.934489057336927,107.62644708628964
Kost Kukka Tipe A Lengkong Bandung,Putri,Rp1.500.000,1500000,Lengkong,Lengkong,"Kost ini berlokasi dekat dengan jalan raya dengan akses yang hanya bisa dilalui oleh motor/sepeda, berlokasi dekat dengan Warteg Bahari (459 m), Alfamart (3.2 km), Church In Bandung (611 m), Bank BJB - Cabang Utama Bandung (1.3 km), Universitas Islam Bandung (2.9 km), RS Umum Bungsu (1.1 km).","2.5 x 4.5 meter, Tidak termasuk listrik","Kasur, Meja, Lemari / Storage, Ventilasi, Jendela, Wastafel, Kursi, Cleaning service","K. Mandi Dalam, Kloset Duduk, Wastafel, Shower, Air panas","WiFi, Kulkas, Dapur, CCTV",Parkir Motor,,https://mamikos.com/room/kost-kota-bandung-kost-putri-eksklusif-kost-kukka-tipe-a-lengkong-bandung-2?redirection_source=landing%20area,-6.936258854094949,107.62513158365292
Kost Ilufa Regol Bandung,Campur,Rp2.700.000,2700000,Regol,Regol,"Kost ini berlokasi dekat dengan jalan raya dengan akses yang hanya bisa dilalui oleh motor/sepeda, berlokasi dekat dengan Warteg Bahari (839 m), Circle K (829 m), Church of Isa Almasih (774 m), Institut Seni Budaya Indonesia Bandung (2.1 km), RSU Bhayangkara Tk II Sartika Asih (2.4 km), Bandung Electronic Center (3.0 km).","3.5 x 4 meter, Termasuk listrik",,"K. Mandi Dalam, Kloset Duduk, Wastafel, Shower, Air panas","Penjaga Kos, R. Jemur, Dapur, Pengurus Kos, CCTV",Parkir Motor,,https://mamikos.com/room/kost-kota-bandung-kost-campur-eksklusif-kost-ilufa-regol-bandung-1?redirection_source=landing%20area,-6.939407065023298,107.61220393619682
Kost Mesri 40 Tipe A Cicendo Bandung,Campur,Rp2.000.000,2000000,Kecamatan Cicendo,Cicendo,"Kost ini berlokasi dekat dengan jalan raya dengan akses yang hanya bisa dilalui oleh motor/sepeda, berlokasi dekat dengan Warteg Abadi (1.3 km), Alfamart (1.3 km), Catholic Church of Our Lady of the Seven Sorrows (894 m), Bank BJB - Kantor Cabang Tamansari (1.1 km), Universitas Islam Bandung (1.0 km), RS Umum Melinda 2 (453 m).","3 x 4 meter, Tidak termasuk listrik","AC, Kasur, Meja, Lemari / Storage, Ventilasi, Jendela, TV Kabel","K. Mandi Dalam, Kloset Duduk, Shower, Air panas","WiFi, Kulkas, R. Makan, Dapur, CCTV","Parkir Mobil, Parkir Motor, Parkir Sepeda, Parkir Motor & Sepeda",,https://mamikos.com/room/kost-kota-bandung-kost-campur-eksklusif-kost-mesri-40-cicendo-bandung-2?redirection_source=landing%20area,-6.90285835677417,107.58567380851402
Kost Ibu Tina Tipe A Cibeunying Kidul Bandung,Putri,Rp900.000,900000,Kecamatan Cibeunying Kidul,Cibeunying Kidul,"Kost ini berlokasi dekat dengan jalan raya dengan akses yang hanya bisa dilalui oleh motor/sepeda, berlokasi dekat dengan Warteg Abadi (3.1 km), Alfamart A Yani 419 (282 m), Masjid Pusdai (1.6 km), Bank Mandiri Bandung Priority Banking Soerapatti (2.5 km), Institut Teknologi Nasional Bandung (1.2 km), RS Umum Santo Yusup (625 m).","3 x 4 meter, Tidak termasuk listrik","Kasur, Lemari / Storage, Ventilasi, Jendela, Guling, Dapur Pribadi, Bantal, Wastafel","K. Mandi Dalam, Kloset Jongkok, Wastafel, Ember mandi","WiFi, R. Cuci, R. Jemur, R. Santai, Dapur, Jemuran, Pengurus Kos, Rooftop, Balcon, Gazebo","Parkir Motor, Parkir Sepeda, Parkir Motor & Sepeda",,https://mamikos.com/room/kost-kota-bandung-kost-putri-murah-kost-ibu-tina-tipe-a-cibeunying-kidul-bandung?redirection_source=landing%20area,-6.899698047304716,107.64942122176903
Kost P House Tipe Deluxe Andir Bandung,Campur,Rp1.150.000,1150000,Kecamatan Andir,Andir,"Kost ini berlokasi dekat dengan jalan raya dengan akses yang hanya bisa dilalui oleh motor/sepeda, berlokasi dekat dengan Rumah Makan Legoh (1.5 km), Circle K (3.1 km), Gereja Kristen Kalam Kudus Pasundan (1.3 km), Bank Syariah Indonesia KC Bandung Suniaraja (72 m), Universitas Islam Bandung (1.4 km), RS Umum Kebonjati (875 m).","3 x 4 meter, Termasuk listrik","Kasur, Lemari / Storage, Ventilasi, Jendela, Wastafel","K. Mandi Dalam, Kloset Duduk, Wastafel, Ember mandi, Shower","WiFi, Laundry, Dapur, Jemuran, CCTV",Parkir Motor,,https://mamikos.com/room/kost-kota-bandung-kost-campur-eksklusif-kost-p-house-tipe-deluxe-andir-bandung-2?redirection_source=landing%20area,-6.905771253538154,107.57305446552373
Kost Asmi Depan Itc Regol Bandung,Campur,Rp750.000,750000,Regol,Regol,"Kost ini berlokasi dekat dengan jalan raya dengan akses yang hanya bisa dilalui oleh motor/sepeda, berlokasi dekat dengan Rumah Makan Cikawao (664 m), Circle K (878 m), Gereja Kristen Kalam Kudus Pasundan (186 m), Bank BJB - Cabang Utama Bandung (975 m), Institut Seni Budaya Indonesia Bandung (2.8 km), RSU Bhayangkara Tk II Sartika Asih (3.2 km).","3 x 4 meter, Tidak termasuk listrik",Jendela,Kloset Jongkok,R. Jemur,Parkir Motor,,https://mamikos.com/room/kost-bandung-kost-campur-murah-kost-asmi-depan-itc-regol-bandung?redirection_source=landing%20area,-6.94040147402027,107.61312647218546
Kost Pak Edwin Standar Kesambi Cirebon,Campur,Rp1.100.000,1100000,Kesambi,Kesambi,"Kost ini berlokasi dekat dengan jalan raya dengan akses yang hanya bisa dilalui oleh motor/sepeda, berlokasi dekat dengan Warteg Jaya Bahari (1.3 km), Alfamart (3.2 km), Church of Isa Almasih (1.4 km), Bank BJB - Cabang Utama Bandung (1.9 km), Akademi Sekretari Dan Manajemen BSI Bandung (2.2 km), RS Umum Bungsu (2.2 km).","3 x 4 meter, Tidak termasuk listrik",Ventilasi,K. Mandi Luar,"R. Tamu, Dapur, R. Keluarga",Parkir Motor & Sepeda,,https://mamikos.com/room/kost-kota-cirebon-kost-campur-eksklusif-kost-pak-edwin-standar-kesambi-cirebon?redirection_source=landing%20area,-8.653452167995264,115.17337326306078
Kost Srigadis 25 Tipe A Regol Bandung,Campur,Rp1.200.000,1200000,Regol,Regol,"Kost ini berlokasi dekat dengan jalan raya dengan akses yang hanya bisa dilalui oleh motor/sepeda, berlokasi dekat dengan Warteg Bahari (788 m), Circle K (788 m), Church of Isa Almasih (836 m), Institut Seni Budaya Indonesia Bandung (1.9 km), RSU Bhayangkara Tk II Sartika Asih (2.3 km), Bandung Electronic Center (3.1 km).","7 x 8 meter, Tidak termasuk listrik","Kasur, Meja, Lemari / Storage, Ventilasi, Jendela, Guling, Cermin, Bantal","K. Mandi Dalam, Kloset Duduk, Ember mandi","WiFi, R. Jemur, R. Makan, R. Santai, Dapur, Jemuran, Balcon, Taman","Parkir Motor, Parkir Sepeda",,https://mamikos.com/room/kost-kota-bandung-kost-campur-eksklusif-kost-srigadis-25-tipe-a-regol-bandung-1?redirection_source=landing%20area,-6.941133795131421,107.61251098765477
Kost Miraclee Tipe C Regol Bandung,Putri,Rp1.500.000,1500000,Kecamatan Regol,Regol,"Kost ini berlokasi dekat dengan jalan raya dengan akses yang hanya bisa dilalui oleh motor/sepeda, berlokasi dekat dengan Warteg Bahari (922 m), Alfamart (2.6 km), Church of Isa Almasih (737 m), Bank BJB - Cabang Utama Bandung (1.6 km), Universitas Islam Bandung (3.4 km), RS Mata Bandung Eye Center (1.7 km).","3 x 4 meter, Tidak termasuk listrik","Kasur, Meja, Meja Rias, Lemari / Storage, Ventilasi, Jendela, Guling, Cermin, Bantal, Kursi","Kloset Duduk, Wastafel, Ember mandi, Shower, Air panas","WiFi, Kulkas, Penjaga Kos, Dapur, Jemuran, Pengurus Kos, Jual Makanan, CCTV, Rooftop, Balcon","Parkir Motor, Parkir Motor & Sepeda",,https://mamikos.com/room/kost-kota-bandung-kost-putri-eksklusif-kost-miraclee-tipe-c-regol-bandung?redirection_source=landing%20area,-6.939630320006058,107.61430125821803
Kost Muararajeun Lama 1 Tipe A Cibeunying Kaler Bandung,Campur,Rp885.000,885000,Cibeunying Kaler,Cibeunying Kaler,"Kost ini berlokasi dekat dengan jalan raya dengan akses yang hanya bisa dilalui oleh motor/sepeda, berlokasi dekat dengan Rumah Makan Boemi Mitoha (584 m), Alfamart A Yani 419 (1.3 km), Masjid Pusdai (553 m), Universitas Padjadjaran Kampus Dipatiukur (1.8 km), Sinar Abadi Balubur Town Square (2.3 km).","3 x 4 meter, Termasuk listrik","Kasur, Meja, Lemari / Storage, Ventilasi, Jendela, Cermin, Bantal","K. Mandi Dalam, Kloset Duduk, Ember mandi","WiFi, R. Cuci, Penjaga Kos, R. Jemur, Jemuran, Pengurus Kos, CCTV","Parkir Motor, Parkir Sepeda, Parkir Motor & Sepeda",,https://mamikos.com/room/kost-kota-bandung-kost-campur-eksklusif-kost-muararajeun-lama-1-tipe-a-cibeunying-kaler-bandung?redirection_source=landing%20area,-6.8865456066295145,107.62992825594232
Kost Tsm Gatsu Tipe A Batununggal Bandung,Campur,Rp1.100.000,1100000,Kecamatan Batununggal,Batununggal,"Kost ini berlokasi dekat dengan jalan raya dengan akses yang hanya bisa dilalui oleh motor/sepeda, berlokasi dekat dengan Warteg Bahari (1.6 km), Indomaret Surapati 55 (3.3 km), Gereja Isa Almasih (423 m), Bank BCA KCP Buah Batu (1.9 km), Institut Teknologi Nasional Bandung (3.1 km), RS Ibu dan Anak Al Islam (1.9 km).","3 x 4 meter, Termasuk listrik","Kasur, Lemari / Storage, Ventilasi, Jendela, Bantal","K. Mandi Dalam, Kloset Duduk, Shower","WiFi, R. Tamu, R. Jemur, R. Santai, Dispenser, Dapur, Jemuran, Pengurus Kos, Jual Makanan, CCTV","Parkir Motor, Parkir Sepeda, Parkir Motor & Sepeda",,https://mamikos.com/room/kost-kota-bandung-kost-campur-eksklusif-kost-tsm-gatsu-tipe-a-batununggal-bandung-2?redirection_source=landing%20area,-6.926696604546232,107.63889365306
Kost Tom Tom Tipe A Regol Bandung,Campur,Rp2.500.000,2500000,Kecamatan Regol,Regol,"Kost ini berlokasi dekat dengan jalan raya dengan akses yang hanya bisa dilalui oleh motor/sepeda, berlokasi dekat dengan Warteg Bahari (454 m), Circle K (2.5 km), Church of Isa Almasih (517 m), Bank BJB - Cabang Utama Bandung (1.5 km), Universitas Islam Bandung (3.3 km), RS Mata Bandung Eye Center (1.3 km).","3 x 7 meter, Tidak termasuk listrik","AC, Kasur, Meja, Lemari / Storage, Kulkas, Ventilasi, Meja makan, Jendela, Cermin, Bantal","K. Mandi Dalam, Kloset Duduk, K. Mandi Luar, Wastafel, Ember mandi, Shower, Air panas","WiFi, Kulkas, R. Tamu, Penjaga Kos, R. Jemur, R. Makan, R. Santai, Dapur, Jemuran, Pengurus Kos","Parkir Mobil, Parkir Motor, Parkir Sepeda, Parkir Motor & Sepeda",,https://mamikos.com/room/kost-kota-bandung-kost-campur-eksklusif-kost-tom-tom-tipe-a-regol-bandung?redirection_source=landing%20area,-6.940930101836619,107.61477575598718
Kost P House Tipe Standard Andir Bandung,Campur,Rp1.050.000,1050000,Kecamatan Andir,Andir,"Kost ini berlokasi dekat dengan jalan raya dengan akses yang hanya bisa dilalui oleh motor/sepeda, berlokasi dekat dengan Rumah Makan Legoh (1.5 km), Circle K (3.1 km), Gereja Kristen Kalam Kudus Pasundan (1.3 km), Bank Syariah Indonesia KC Bandung Suniaraja (74 m), Universitas Islam Bandung (1.4 km), RS Umum Kebonjati (874 m).","3 x 4 meter, Termasuk listrik","Kasur, Lemari / Storage, Ventilasi, Jendela, Cermin, Bantal, Wastafel","K. Mandi Dalam, Kloset Jongkok, Ember mandi, Shower","WiFi, Laundry, R. Tamu, Penjaga Kos, R. Makan, Dapur, Jemuran, CCTV, K. Mandi Luar",Parkir Motor,,https://mamikos.com/room/kost-kota-bandung-kost-campur-eksklusif-kost-p-house-tipe-standard-andir-bandung?redirection_source=landing%20area,-6.9065236541060075,107.57326271897958
Kost Tamblong Executive Sumur Bandung Bandung,Campur,Rp800.000,800000,Kecamatan Sumur Bandung,Sumur Bandung,"Kost ini berlokasi dekat dengan jalan raya dengan akses yang hanya bisa dilalui oleh motor/sepeda, berlokasi dekat dengan Warteg Bahari (1.2 km), Alfamart A Yani 419 (3.2 km), Masjid Raya Bandung (692 m), Citibank Indonesia (453 m), Universitas Islam Bandung (1.9 km), RS Mata Bandung Eye Center (2.3 km).","3 x 3 meter, Termasuk listrik","Kasur, Lemari / Storage, Jendela, Guling, Cermin, Bantal","Kloset Duduk, Kloset Jongkok, K. Mandi Luar, Wastafel, Shower","WiFi, R. Cuci, Kulkas, Laundry, Penjaga Kos, R. Jemur, R. Makan, R. Santai, Dispenser, Dapur","Parkir Motor, Parkir Sepeda",,https://mamikos.com/room/kost-kota-bandung-kost-campur-murah-kost-tamblong-executive-sumur-bandung-bandung-1?redirection_source=landing%20area,-6.915347495073314,107.6176307863309
Kost Cj 9 Batununggal Bandung,Campur,Rp1.100.000,1100000,Kecamatan Batununggal,Batununggal,"Kost ini berlokasi dekat dengan jalan raya dengan akses yang hanya bisa dilalui oleh motor/sepeda, berlokasi dekat dengan Warteg Bahari (1.7 km), Alfamart (3.1 km), Masjid Al Jihad (732 m), Bank BCA KCP Buah Batu (1.9 km), Institut Teknologi Nasional Bandung (2.9 km), RS Umum Bungsu (1.9 km).","3 x 3 meter, Termasuk listrik","Kasur, Meja, Lemari / Storage, Ventilasi, Meja makan, Jendela, Cermin, Sofa, Kursi, Cleaning service","Kloset Jongkok, K. Mandi Luar, Ember mandi, Shower","WiFi, R. Cuci, R. Tamu, Penjaga Kos, R. Jemur, R. Makan, R. Santai, Dapur, Jemuran, Pengurus Kos","Parkir Motor, Parkir Sepeda, Parkir Motor & Sepeda",,https://mamikos.com/room/kost-kota-bandung-kost-campur-murah-kost-cj-9-batununggal-bandung-2?redirection_source=landing%20area,-6.929400325300092,107.63890603168129
Kost Siela Mansion Lengkong Bandung,Campur,Rp3.600.000,3600000,Kecamatan Lengkong,Lengkong,"Kost ini berlokasi dekat dengan jalan raya dengan akses yang hanya bisa dilalui oleh motor/sepeda, berlokasi dekat dengan Warteg Bahari (494 m), Alfamart A Yani 419 (3.3 km), Masjid Al Waritsin (312 m), CIMB Niaga (Buah Batu) (190 m), Akademi Sekretari Dan Manajemen BSI Bandung (615 m), Bandung Electronic Center (3.5 km).","3 x 5 meter, Tidak termasuk listrik","AC, Kasur, Meja, TV, Meja Rias, Lemari / Storage, Kulkas, Ventilasi, Jendela, Guling","K. Mandi Dalam, Kloset Duduk, Wastafel, Shower, Air panas","WiFi, R. Cuci, Kulkas, Mesin Cuci, Laundry, R. Tamu, Penjaga Kos, R. Jemur, R. Makan, R. Santai","Parkir Mobil, Parkir Motor, Parkir Sepeda",,https://mamikos.com/room/kost-kota-bandung-kost-campur-eksklusif-kost-siela-mansion-lengkong-bandung-1?redirection_source=landing%20area,-6.933544159984993,107.62761015001435
Kost Hayati Tipe Paviliun Lengkong Bandung,Putri,Rp2.500.000,2500000,Kecamatan Lengkong,Lengkong,"Kost ini berlokasi dekat dengan jalan raya dengan akses masuk mobil, berlokasi dekat dengan Rumah Makan Ibu Haji Cijantung (277 m), Alfamart A Yani 419 (3.2 km), Masjid Jami Nurul Falah (420 m), CIMB Niaga (Buah Batu) (719 m), Akademi Sekretari Dan Manajemen BSI Bandung (283 m), RS Umum Muhammadiyah (429 m).","2.7 x 10 meter, Termasuk listrik","Kasur, Lemari / Storage, Meja makan, Dapur Pribadi","K. Mandi Dalam, Kloset Duduk, Ember mandi, Shower","WiFi, Penjaga Kos, Pengurus Kos, CCTV, Balcon","Parkir Motor, Parkir Sepeda",,https://mamikos.com/room/kost-kota-bandung-kost-putri-eksklusif-kost-hayati-tipe-paviliun-lengkong-bandung-2?redirection_source=landing%20area,-6.934242060114528,107.62781377131769
Kost Griya Camar Tipe C Lengkong Bandung,Campur,Rp900.000,900000,Lengkong,Lengkong,"Kost ini berlokasi dekat dengan jalan raya dengan akses yang hanya bisa dilalui oleh motor/sepeda, berlokasi dekat dengan Warteg Bahari (1.3 km), Alfamart (2.6 km), Church In Bandung (354 m), Bank BJB - Cabang Utama Bandung (1.4 km), Universitas Islam Bandung (2.5 km), RS Umum Bungsu (1.0 km).","3 x 3 meter, Tidak termasuk listrik","Kasur, Meja, Lemari / Storage, Jendela, Cermin, Bantal, Kursi","Kloset Jongkok, K. Mandi Luar, Ember mandi, Shower","WiFi, R. Cuci, Penjaga Kos, R. Jemur, Dapur, Jemuran, CCTV",Parkir Motor & Sepeda,,https://mamikos.com/room/kost-kota-bandung-kost-campur-murah-kost-griya-camar-tipe-c-lengkong-bandung?redirection_source=landing%20area,-6.935131663327817,107.62579504259686
Kost Srigadis 25 Tipe C Regol Bandung,Campur,Rp1.200.000,1200000,Regol,Regol,"Kost ini berlokasi dekat dengan jalan raya dengan akses yang hanya bisa dilalui oleh motor/sepeda, berlokasi dekat dengan Warteg Bahari (775 m), Circle K (774 m), Church of Isa Almasih (825 m), Institut Seni Budaya Indonesia Bandung (1.9 km), RSU Bhayangkara Tk II Sartika Asih (2.3 km), Bandung Electronic Center (3.1 km).","5 x 4 meter, Tidak termasuk listrik","Kasur, Meja, Lemari / Storage, Ventilasi, Jendela, Guling, Cermin, Bantal","K. Mandi Dalam, Kloset Jongkok, Ember mandi","WiFi, R. Jemur, R. Makan, R. Santai, Dapur, Jemuran","Parkir Motor, Parkir Sepeda",,https://mamikos.com/room/kost-kota-bandung-kost-campur-eksklusif-kost-srigadis-25-tipe-c-regol-bandung?redirection_source=landing%20area,-6.939699251897739,107.61555251895619
Kost Tatnjung Tipe C Bandung Wetan Bandung,Campur,Rp1.700.000,1700000,Bandung Wetan,Bandung Wetan,"Kost ini berlokasi dekat dengan jalan raya dengan akses yang hanya bisa dilalui oleh motor/sepeda, berlokasi dekat dengan Warteg Cintaasih (695 m), Alfamart A Yani 419 (895 m), Masjid Al Jihad (378 m), Bank BJB Weekend Banking (848 m), Universitas Padjadjaran Kampus Dipatiukur (2.8 km), RS Ibu dan Anak Limijati (2.2 km).","4 x 4 meter, Termasuk listrik","AC, Kasur, Meja, Meja Rias, Lemari / Storage, Kursi","Kloset Duduk, K. Mandi Luar, Wastafel, Shower, Air panas","WiFi, Kulkas, R. Jemur, R. Makan, R. Santai, Dispenser, Dapur, TV","Parkir Mobil, Parkir Motor, Parkir Sepeda",,https://mamikos.com/room/kost-kota-bandung-kost-campur-eksklusif-kost-tatnjung-tipe-c-bandung-wetan-bandung?redirection_source=landing%20area,-6.903836640205375,107.6183287222728
Kost Otto Residence Tipe F Astanaanyar Bandung,Campur,Rp1.700.000,1700000,Astanaanyar,Astanaanyar,"Kost ini berlokasi dekat dengan jalan raya dengan akses yang hanya bisa dilalui oleh motor/sepeda, berlokasi dekat dengan Warteg Jaya Bahari (211 m), Circle K (534 m), Masjid Raya Bandung (446 m), Bank BJB - Cabang Utama Bandung (905 m), Institut Seni Budaya Indonesia Bandung (3.4 km), Bandung Electronic Center (2.0 km).","3 x 4 meter, Tidak termasuk listrik","Kasur, Meja, Meja Rias, Lemari / Storage, Wastafel, Kursi","K. Mandi Dalam, Kloset Duduk, Wastafel, Shower, Air panas","R. Jemur, Dapur",Parkir Motor,,https://mamikos.com/room/kost-kota-bandung-kost-campur-eksklusif-kost-otto-residence-tipe-f-astanaanyar-bandung?redirection_source=landing%20area,-6.936844360328111,107.60385417168827
Kost Pandawa Jl Masjid At Taufiq Batununggal Bandung,Putra,Rp750.000,750000,Kecamatan Batununggal,Batununggal,"Kost ini berlokasi dekat dengan jalan raya dengan akses yang hanya bisa dilalui oleh motor/sepeda, berlokasi dekat dengan Warteg Berkah Bahari (407 m), Alfamart A Yani 419 (2.7 km), Gereja Katolik Hati Tak Bernoda Santa Perawan Maria (1.5 km), Sekolah Tinggi Ilmu Ekonomi Pasundan (421 m).","3 x 3 meter, Termasuk listrik","Kasur, Meja, Lemari / Storage, Ventilasi, Jendela","Kloset Jongkok, K. Mandi Luar, Ember mandi","WiFi, Dapur, Jemuran, K. Mandi Luar","Parkir Motor, Parkir Sepeda",,https://mamikos.com/room/kost-kota-bandung-kost-putra-murah-kost-pandawa-jl-masjid-at-taufiq-batununggal-bandung?redirection_source=landing%20area,-6.926672327352542,107.63964698895333
Kost Salamah Tipe A Regol Bandung,Campur,Rp700.000,700000,Kecamatan Regol,Regol,"Kost ini berlokasi dekat dengan jalan raya dengan akses yang hanya bisa dilalui oleh motor/sepeda, berlokasi dekat dengan Warteg Jaya Bahari (350 m), Circle K (522 m), Masjid Raya Bandung (417 m), Bank BJB - Cabang Utama Bandung (824 m), Institut Seni Budaya Indonesia Bandung (3.2 km), RSU Bhayangkara Tk II Sartika Asih (3.6 km).","2.9 x 3 meter, Termasuk listrik","Kasur, Lemari / Storage, Sofa","Kloset Jongkok, K. Mandi Luar, Ember mandi, Bak mandi","R. Cuci, R. Tamu, R. Jemur, R. Santai, Dapur, K. Mandi Luar","Parkir Motor, Parkir Sepeda",,https://mamikos.com/room/kost-kota-bandung-kost-campur-murah-kost-salamah-tipe-a-regol-bandung?redirection_source=landing%20area,-6.941206191696403,107.61243806845928
Kost Abizar Batununggal Bandung,Campur,Rp1.500.000,1500000,Kecamatan Batununggal,Batununggal,"Kost ini berlokasi dekat dengan jalan raya dengan akses masuk mobil, berlokasi dekat dengan Warteg Bahari (2.4 km), Alfamart A Yani 419 (925 m), Church In Bandung (1.7 km), Citibank Indonesia (2.1 km), Institut Teknologi Nasional Bandung (2.2 km), RS Khusus Mata Cicendo (3.4 km).","3 x 4 meter, Tidak termasuk listrik","Kasur, Meja, Lemari / Storage, Ventilasi, Jendela, Guling, Cermin, Bantal, Wastafel, Kursi","K. Mandi Dalam, Kloset Duduk, Wastafel, Ember mandi, Shower, Air panas","WiFi, R. Cuci, Kulkas, Mesin Cuci, Penjaga Kos, R. Jemur, R. Santai, Dapur, Jemuran, CCTV","Parkir Motor, Parkir Sepeda",,https://mamikos.com/room/kost-kota-bandung-kost-campur-eksklusif-kost-abizar-batununggal-bandung-2?redirection_source=landing%20area,-6.929786186550618,107.6417239747242
Kost Tegalega 249 Astanaanyar Bandung,Campur,Rp900.000,900000,Kecamatan Astanaanyar,Astanaanyar,"Kost ini berlokasi dekat dengan jalan raya dengan akses yang hanya bisa dilalui oleh motor/sepeda, berlokasi dekat dengan Rumah Makan Cikawao (1.6 km), Circle K (1.6 km), Gereja Kristen Kalam Kudus Pasundan (1.2 km), Citibank Indonesia (2.2 km), Sekolah Tinggi Ilmu Kesehatan Immanuel Bandung (723 m), RS Umum Bungsu (2.3 km).","3 x 4 meter, Tidak termasuk listrik","Kasur, Lemari / Storage",Kloset Jongkok,"WiFi, Penjaga Kos, Jemuran, Pengurus Kos, CCTV, Taman",Parkir Motor,,https://mamikos.com/room/kost-kota-bandung-kost-campur-murah-kost-tegalega-249-astanaanyar-bandung?redirection_source=landing%20area,-6.93871326808727,107.60304823349716
Kost Ibu Fany Sumur Bandung,Putri,Rp1.300.000,1300000,Kecamatan Sumur Bandung,Sumur Bandung,"Kost ini berlokasi dekat dengan jalan raya dengan akses yang hanya bisa dilalui oleh motor/sepeda, berlokasi dekat dengan Warteg Bahari (1.2 km), Alfamart (2.6 km), Church In Bandung (606 m), Bank BJB - Cabang Utama Bandung (478 m), Universitas Islam Bandung (1.9 km), RS Umum Bungsu (201 m).","3 x 3 meter, Termasuk listrik","Kasur, Dispenser, Meja, Lemari / Storage, Ventilasi, Jendela, Dapur Pribadi, Kursi","K. Mandi Dalam, Kloset Duduk, Shower","WiFi, Kulkas, Laundry, R. Tamu, Penjaga Kos, R. Makan, R. Santai, Dispenser, Dapur, CCTV",,,https://mamikos.com/room/kost-kota-bandung-kost-putri-eksklusif-kost-ibu-fany-sumur-bandung?redirection_source=landing%20area,-6.9157780575312575,107.61795379147244
Kost Exclusive Purawinata 11 Lengkong Bandung,Campur,Rp1.500.000,1500000,Lengkong,Lengkong,"Kost ini berlokasi dekat dengan jalan raya dengan akses yang hanya bisa dilalui oleh motor/sepeda, berlokasi dekat dengan Warteg Bahari (605 m), Alfamart (3.2 km), Church of Isa Almasih (269 m), Bank BJB - Cabang Utama Bandung (741 m), Universitas Islam Bandung (2.6 km), RS Umum Bungsu (858 m).","3 x 3 meter, Tidak termasuk listrik","Kasur, Meja, Lemari / Storage, Jendela, Guling, Bantal, Kursi","K. Mandi Dalam, Kloset Duduk, Kloset Jongkok, Air panas","WiFi, Kulkas, R. Tamu, Penjaga Kos, R. Jemur, R. Makan, R. Santai, Pengurus Kos, CCTV, Balcon","Parkir Motor, Parkir Motor & Sepeda",,https://mamikos.com/room/kost-kota-bandung-kost-campur-eksklusif-kost-exclusive-purawinata-11-lengkong-bandung?redirection_source=landing%20area,-6.934299691755872,107.62555171198592
Kost Bengawan 83 Tipe B Bandung Wetan Bandung,Campur,Rp1.350.000,1350000,Bandung Wetan,Bandung Wetan,"Kost ini berlokasi dekat dengan jalan raya dengan akses yang hanya bisa dilalui oleh motor/sepeda, berlokasi dekat dengan Rumah Makan Boemi Mitoha (746 m), Alfamart A Yani 419 (988 m), Masjid Al Jihad (748 m), Bank BJB Weekend Banking (554 m), Universitas Padjadjaran Kampus Dipatiukur (2.4 km), RS Ibu dan Anak Limijati (1.9 km).","3.5 x 3.5 meter, Termasuk listrik","Kasur, Meja, Lemari / Storage, Ventilasi, Jendela, Cermin, Bantal, Kursi, Kipas Angin, Cleaning service","Kloset Duduk, K. Mandi Luar, Shower, Air panas","WiFi, R. Cuci, Kulkas, Mesin Cuci, R. Tamu, Penjaga Kos, R. Jemur, R. Makan, R. Santai, Dispenser","Parkir Mobil, Parkir Motor, Parkir Sepeda",,https://mamikos.com/room/kost-kota-bandung-kost-campur-eksklusif-kost-bengawan-83-tipe-b-bandung-wetan-bandung-2?redirection_source=landing%20area,-6.9048480726838415,107.61645061595934
Kost Laswi Pavilion I Batununggal Bandung,Putri,Rp850.000,850000,Kecamatan Batununggal,Batununggal,"Kost ini berlokasi dekat dengan jalan raya dengan akses yang hanya bisa dilalui oleh motor/sepeda, berlokasi dekat dengan Warteg Bahari (1.6 km), Alfamart A Yani 419 (1.8 km), Masjid Al Jihad (783 m), Bank BCA KCP Buah Batu (1.9 km), Institut Teknologi Nasional Bandung (3.0 km), RS Umum Bungsu (1.8 km).","3 x 3 meter, Termasuk listrik","Kasur, Lemari / Storage, Jendela, Guling, Cermin, Bantal","Kloset Jongkok, K. Mandi Luar","WiFi, Penjaga Kos, Dapur, Balcon, K. Mandi Luar",Parkir Motor,,https://mamikos.com/room/kost-kota-bandung-kost-putri-murah-kost-laswi-pavilion-i-batununggal-bandung?redirection_source=landing%20area,-6.927467005277465,107.63878605755883
Kost Lilia Cozy Room Smart Astanaanyar Bandung,Campur,Rp1.000.000,1000000,Kecamatan Astanaanyar,Astanaanyar,"Kost ini berlokasi dekat dengan jalan raya dengan akses yang hanya bisa dilalui oleh motor/sepeda, berlokasi dekat dengan Warteg Bahari (1.6 km), Alfamart (2.7 km), Church of Isa Almasih (1.2 km), Bank BJB - Cabang Utama Bandung (1.4 km), Universitas Islam Bandung (3.0 km), RS Umum Bungsu (1.8 km).","1.9 x 2.9 meter, Tidak termasuk listrik","Kasur, Meja, Lemari / Storage, Ventilasi, Jendela, Bantal, Kursi","Kloset Duduk, K. Mandi Luar, Wastafel, Ember mandi, Shower","WiFi, R. Cuci, Kulkas, Laundry, R. Tamu, Penjaga Kos, R. Jemur, Dapur, Jemuran, Pengurus Kos","Parkir Motor, Parkir Sepeda, Parkir Motor & Sepeda",,https://mamikos.com/room/kost-kota-bandung-kost-campur-eksklusif-kost-lilia-cozy-room-smart-astanaanyar-bandung?redirection_source=landing%20area,-6.939563270759785,107.60479955324446
Kost Maleer 14 Tipe A Batununggal Bandung,Putri,Rp1.500.000,1500000,Batununggal,Batununggal,"Kost ini berlokasi dekat dengan jalan raya dengan akses yang hanya bisa dilalui oleh motor/sepeda, berlokasi dekat dengan Rumah Makan Amanah (744 m), Alfamart A Yani 419 (1.7 km), Masjid Al Jihad (1.2 km), Sekolah Tinggi Ilmu Ekonomi Pasundan (784 m).","4 x 6 meter, Termasuk listrik","Kasur, Lemari / Storage","K. Mandi Dalam, Kloset Duduk, Ember mandi, Shower, Air panas, Bak mandi","WiFi, Kulkas, R. Tamu, Penjaga Kos, R. Jemur, Dispenser, Dapur, Balcon, Taman","Parkir Mobil, Parkir Motor, Parkir Sepeda",,https://mamikos.com/room/kost-kota-bandung-kost-putri-eksklusif-kost-maleer-14-tipe-a-batununggal-bandung?redirection_source=landing%20area,-6.92611499640258,107.64006735687643
Kost Samsudin Regol Bandung,Putri,Rp1.300.000,1300000,Regol,Regol,"Kost ini berlokasi dekat dengan jalan raya dengan akses yang hanya bisa dilalui oleh motor/sepeda, berlokasi dekat dengan Church of Isa Almasih (901 m), Institut Seni Budaya Indonesia Bandung (2.4 km), RSU Bhayangkara Tk II Sartika Asih (2.4 km), Bandung Electronic Center (3.0 km).","3 x 4 meter, Termasuk listrik","Kasur, Meja, Lemari / Storage, Jendela, Cermin, Bantal, Kursi","K. Mandi Dalam, Kloset Duduk, Ember mandi, Shower","WiFi, Kulkas, R. Jemur, Dapur, Jemuran, Pengurus Kos, Rooftop","Parkir Mobil, Parkir Motor, Parkir Sepeda",,https://mamikos.com/room/kost-kota-bandung-kost-putri-eksklusif-kost-samsudin-regol-bandung?redirection_source=landing%20area,-6.940592353353713,107.61377831901461
Kost Bumi Putri Sukasenang Tipe B Cibeunying Kidul Bandung,Putri,Rp1.450.000,1450000,Cibeunying Kidul,Cibeunying Kidul,"Kost ini berlokasi dekat dengan jalan raya dengan akses yang hanya bisa dilalui oleh motor/sepeda, berlokasi dekat dengan Alfamart Bojong Koneng (1.1 km), Institut Teknologi Nasional Bandung (229 m), Sinar Abadi Balubur Town Square (2.8 km).","3 x 4 meter, Termasuk listrik","Kasur, Meja, Lemari / Storage, Kursi","K. Mandi Dalam, Kloset Duduk, Wastafel, Air panas","WiFi, Kulkas, Penjaga Kos, R. Jemur, R. Makan, Dapur","Parkir Mobil, Parkir Motor, Parkir Sepeda",,https://mamikos.com/room/kost-kota-bandung-kost-putri-eksklusif-kost-bumi-putri-sukasenang-tipe-b-cibeunying-kidul-bandung?redirection_source=landing%20area,-6.8969230073354515,107.64992096659165
Kost Nomad Coliving Asia Afrika Superior Lengkong Bandung,Campur,Rp2.299.998,2299998,Lengkong,Lengkong,"Kost ini berlokasi dekat dengan jalan raya dengan akses yang hanya bisa dilalui oleh motor/sepeda, berlokasi dekat dengan Warteg Bahari (527 m), Alfamart (3.1 km), Church In Bandung (501 m), Bank BJB - Cabang Utama Bandung (1.1 km), Universitas Islam Bandung (2.7 km), RS Umum Bungsu (1.0 km).","3 x 4 meter, Tidak termasuk listrik","AC, Kasur, Meja, Lemari / Storage, Jendela, Cermin, Bantal, Wastafel, Kursi","K. Mandi Dalam, Kloset Duduk, Wastafel, Shower, Air panas","WiFi, Kulkas, Penjaga Kos, R. Makan, Dapur, Pengurus Kos, CCTV, Rooftop, TV",,,https://mamikos.com/room/kost-kota-bandung-kost-campur-eksklusif-kost-nomad-coliving-asia-afrika-superior-lengkong-bandung?redirection_source=landing%20area,-6.935857658871319,107.62591827581335
Kost Macan 43 Tipe Luxury Lengkong Bandung,Putri,Rp2.400.000,2400000,Lengkong,Lengkong,"Kost ini berlokasi dekat dengan jalan raya dengan akses yang hanya bisa dilalui oleh motor/sepeda, berlokasi dekat dengan Warteg Bahari (231 m), Circle K (2.6 km), Church of Isa Almasih (660 m), Bank BCA KCP Buah Batu (1.3 km), Universitas Islam Bandung (3.3 km), RS Umum Bungsu (1.5 km).","3 x 4 meter, Termasuk listrik","AC, Kasur, Ventilasi, Jendela, Wastafel, Kursi","K. Mandi Dalam, Kloset Duduk, Ember mandi, Shower, Air panas","WiFi, R. Tamu, Penjaga Kos, R. Jemur, R. Makan, Dapur, Jemuran, Pengurus Kos, Jual Makanan, Kartu Akses","Parkir Mobil, Parkir Motor, Parkir Sepeda",,https://mamikos.com/room/kost-kota-bandung-kost-putri-eksklusif-kost-macan-43-tipe-luxury-lengkong-bandung?redirection_source=landing%20area,-6.933950244704343,107.62712075019488
Kost Gajah Sebelas Lengkong Bandung,Campur,Rp3.499.999,3499999,Kecamatan Lengkong,Lengkong,"Kost ini berlokasi dekat dengan jalan raya dengan akses yang hanya bisa dilalui oleh motor/sepeda, berlokasi dekat dengan Warteg Bahari (695 m), Circle K (3.1 km), Church of Isa Almasih (1.1 km), Bank BCA KCP Buah Batu (852 m), Akademi Sekretari Dan Manajemen BSI Bandung (320 m), RS Umum Bungsu (1.9 km).","5 x 4.5 meter, Tidak termasuk listrik","AC, Kasur, Lemari / Storage, Jendela, Cermin, Bantal, Kursi","K. Mandi Dalam, Kloset Duduk, Shower, Air panas","WiFi, Penjaga Kos, Pengurus Kos, Jual Makanan, CCTV, Balcon, TV","Parkir Mobil, Parkir Motor",,https://mamikos.com/room/kost-kota-bandung-kost-campur-eksklusif-kost-gajah-sebelas-lengkong-bandung-2?redirection_source=landing%20area,-6.932848853766841,107.62623858952719
Kost Pondok Umi Asiyah Tipe A Lengkong Bandung,Putri,Rp850.000,850000,Kecamatan Lengkong,Lengkong,"Kost ini berlokasi dekat dengan jalan raya dengan akses yang hanya bisa dilalui oleh motor/sepeda, berlokasi dekat dengan Warteg Bahari (81 m), Alfamart A Yani 419 (3.4 km), Church of Isa Almasih (348 m), Bank BJB - Cabang Utama Bandung (1.3 km), Universitas Islam Bandung (3.0 km), RS Umum Bungsu (1.3 km).","3 x 2.5 meter, Termasuk listrik","Kasur, Meja, Lemari / Storage, Jendela, Guling, Cermin, Bantal, Kursi","Kloset Duduk, Kloset Jongkok, Ember mandi, Shower, Air panas","WiFi, Kulkas, R. Tamu, R. Jemur, Dapur, Jemuran, Pengurus Kos, CCTV, TV",Parkir Motor,,https://mamikos.com/room/kost-kota-bandung-kost-putri-murah-kost-pondok-umi-asiyah-tipe-a-lengkong-bandung-2?redirection_source=landing%20area,-6.93422597977797,107.62550510128544
Kost Otto Residence Tipe A Astanaanyar Bandung,Campur,Rp1.800.000,1800000,Astanaanyar,Astanaanyar,"Kost ini berlokasi dekat dengan jalan raya dengan akses yang hanya bisa dilalui oleh motor/sepeda, berlokasi dekat dengan Warteg Jaya Bahari (211 m), Circle K (534 m), Masjid Raya Bandung (446 m), Bank BJB - Cabang Utama Bandung (905 m), Institut Seni Budaya Indonesia Bandung (3.4 km), Bandung Electronic Center (2.0 km).","4 x 4 meter, Tidak termasuk listrik","AC, Kasur, Meja, Meja Rias, Lemari / Storage, Ventilasi, Jendela, Cermin, Bantal, Wastafel","K. Mandi Dalam, Kloset Duduk, Wastafel, Shower, Air panas","WiFi, R. Jemur, Dapur","Parkir Motor, Parkir Sepeda",,https://mamikos.com/room/kost-kota-bandung-kost-campur-eksklusif-kost-otto-residence-tipe-a-astanaanyar-bandung?redirection_source=landing%20area,-6.939931297786252,107.6009005652289
Kost Surapati Coblong Bandung,Putri,Rp1.750.000,1750000,Coblong,Coblong,"Kost ini berlokasi dekat dengan jalan raya dengan akses yang hanya bisa dilalui oleh motor/sepeda, berlokasi dekat dengan Warteg Abadi (620 m), Alfamart A Yani 419 (3.0 km), Masjid Al-Muttaqin (Gedung Sate) (529 m), Bank Mandiri Bandung Priority Banking Soerapatti (262 m), Universitas Padjadjaran Kampus Dipatiukur (677 m), RS Umum Santo Borromeus (551 m).","3 x 4 meter, Tidak termasuk listrik","Kasur, Meja, Lemari / Storage, Ventilasi, Jendela, Cermin, Kursi","K. Mandi Dalam, Kloset Duduk, Wastafel, Shower, Air panas","WiFi, Kulkas, Mesin Cuci, R. Tamu, Dapur, Jemuran, Balcon, TV","Parkir Motor, Parkir Sepeda",,https://mamikos.com/room/kost-bandung-kost-putri-eksklusif-kost-surapati-coblong?redirection_source=landing%20area,-6.8828420604840135,107.61345349516625
Kost Terusan Cisokan Cibeunying Kaler Bandung,Putri,Rp1.350.000,1350000,Cibeunying Kaler,Cibeunying Kaler,"Kost ini berlokasi dekat dengan jalan raya dengan akses yang hanya bisa dilalui oleh motor/sepeda, berlokasi dekat dengan Rumah Makan Boemi Mitoha (804 m), Alfamart A Yani 419 (1.1 km), Masjid Pusdai (834 m), Institut Teknologi Nasional Bandung (652 m), Sinar Abadi Balubur Town Square (2.6 km).","3 x 4 meter, Tidak termasuk listrik","Kasur, Meja, Lemari / Storage, Kursi","K. Mandi Dalam, Kloset Duduk, Shower, Air panas","WiFi, Kulkas, Mesin Cuci, R. Jemur, R. Makan, R. Santai, Dapur, TV",Parkir Motor,,https://mamikos.com/room/kost-kota-bandung-kost-putri-eksklusif-kost-terusan-cisokan-cibeunying-kaler-bandung-2?redirection_source=landing%20area,-6.88645943207772,107.62795269043183
Kost Mudita Kasih Executive Cicendo Bandung,Campur,Rp1.850.000,1850000,Kecamatan Cicendo,Cicendo,"Kost ini berlokasi dekat dengan jalan raya dengan akses yang hanya bisa dilalui oleh motor/sepeda, berlokasi dekat dengan Warteg Abadi (1.0 km), Alfamart (1.2 km), Masjid Al Asy'ari Unisba (749 m), Bank BJB - Kantor Cabang Tamansari (803 m), Universitas Islam Bandung (777 m), RS Umum Melinda 2 (701 m).","3 x 4 meter, Tidak termasuk listrik","Kasur, Meja, Ventilasi, Jendela, Guling, Cermin, Bantal, Kursi","K. Mandi Dalam, Kloset Duduk, Ember mandi, Shower, Air panas","WiFi, Kulkas, Mesin Cuci, R. Jemur, Dapur, Jemuran, CCTV",Parkir Motor & Sepeda,,https://mamikos.com/room/kost-kota-bandung-kost-campur-eksklusif-kost-mudita-kasih-executive-cicendo-bandung?redirection_source=landing%20area,-6.90060717421879,107.58813028044527
Kost Shekinah Bandung Wetan Bandung,Putri,Rp1.510.000,1510000,Bandung Wetan,Bandung Wetan,"Kost ini berlokasi dekat dengan jalan raya dengan akses yang hanya bisa dilalui oleh motor/sepeda, berlokasi dekat dengan Warteg Abadi (382 m), Circle K (3.2 km), Masjid Al Asy'ari Unisba (336 m), Bank BJB - Kantor Cabang Tamansari (326 m), Universitas Islam Bandung (300 m), RS Umum Tk IV 03.07.03Sariningsih (775 m).","3 x 2.5 meter, Tidak termasuk listrik","Kasur, Meja, Lemari / Storage, Ventilasi, Jendela, Guling, Bantal, Kursi","K. Mandi Dalam, Kloset Duduk, Shower, Air panas","WiFi, Kulkas, Dispenser, Dapur, Jemuran, CCTV",,,https://mamikos.com/room/kost-kota-bandung-kost-putri-eksklusif-kost-shekinah-bandung-wetan-bandung-2?redirection_source=landing%20area,-6.906783615332293,107.61838998739198
Kost Lilia Cozy Room Deluxe Astanaanyar Bandung,Putri,Rp1.400.000,1400000,Kecamatan Astanaanyar,Astanaanyar,"Kost ini berlokasi dekat dengan jalan raya dengan akses yang hanya bisa dilalui oleh motor/sepeda, berlokasi dekat dengan Warteg Bahari (1.6 km), Alfamart (2.7 km), Church of Isa Almasih (1.2 km), Bank BJB - Cabang Utama Bandung (1.4 km), Universitas Islam Bandung (3.0 km), RS Umum Bungsu (1.8 km).","2.7 x 2.8 meter, Tidak termasuk listrik","Kasur, Meja, Lemari / Storage, Ventilasi, Jendela, Bantal, Kursi","Kloset Duduk, K. Mandi Luar, Wastafel, Ember mandi, Shower","WiFi, R. Cuci, Kulkas, Laundry, R. Tamu, Penjaga Kos, R. Jemur, Dapur, Jemuran, Pengurus Kos","Parkir Motor, Parkir Sepeda, Parkir Motor & Sepeda",,https://mamikos.com/room/kost-kota-bandung-kost-putri-eksklusif-kost-lilia-cozy-room-deluxe-astanaanyar-bandung?redirection_source=landing%20area,-6.940031221313305,107.60262141099284
Kost Paledang Lengkong Bandung,Putri,Rp1.300.000,1300000,Kecamatan Lengkong,Lengkong,"Kost ini berlokasi dekat dengan jalan raya dengan akses yang hanya bisa dilalui oleh motor/sepeda, berlokasi dekat dengan Rumah Makan Cikawao (330 m), Alfamart A Yani 419 (3.1 km), Church of Isa Almasih (504 m), Citibank Indonesia (352 m), Akademi Sekretari Dan Manajemen BSI Bandung (931 m), RS Umum Bungsu (742 m).","3 x 4 meter, Tidak termasuk listrik","Kasur, Lemari / Storage, Ventilasi, Jendela, Guling, Cermin, Cleaning service","K. Mandi Dalam, Kloset Jongkok, Ember mandi","R. Tamu, Penjaga Kos, R. Jemur, R. Santai, Jemuran, Pengurus Kos, Jual Makanan, CCTV, Balcon","Parkir Motor, Parkir Sepeda",,https://mamikos.com/room/kost-kota-bandung-kost-putri-eksklusif-kost-paledang-lengkong-bandung?redirection_source=landing%20area,-6.935386839738048,107.62725184020508
Kost Otto Residence Tipe C Astanaanyar Bandung,Campur,Rp2.000.000,2000000,Astanaanyar,Astanaanyar,"Kost ini berlokasi dekat dengan jalan raya dengan akses yang hanya bisa dilalui oleh motor/sepeda, berlokasi dekat dengan Warteg Jaya Bahari (211 m), Circle K (534 m), Masjid Raya Bandung (446 m), Bank BJB - Cabang Utama Bandung (905 m), Institut Seni Budaya Indonesia Bandung (3.4 km), Bandung Electronic Center (2.0 km).","4 x 4 meter, Tidak termasuk listrik","AC, Kasur, Meja, Meja Rias, Lemari / Storage, Ventilasi, Jendela, Cermin, Bantal, Wastafel","K. Mandi Dalam, Kloset Duduk, Wastafel, Shower, Air panas","R. Jemur, Dapur, Jemuran, CCTV, K. Mandi Luar","Parkir Motor, Parkir Sepeda",,https://mamikos.com/room/kost-kota-bandung-kost-campur-eksklusif-kost-otto-residence-tipe-c-astanaanyar-bandung?redirection_source=landing%20area,-6.936919678089238,107.6024818010053
Kost Nangkasuni 47F Tipe A Bandung Wetan Bandung,Putri,Rp515.000,515000,Kecamatan Bandung Wetan,Bandung Wetan,"Kost ini berlokasi dekat dengan jalan raya dengan akses yang hanya bisa dilalui oleh motor/sepeda, berlokasi dekat dengan Rumah Makan Kapau Jaya (481 m), Circle K (3.0 km), Masjid Salman ITB (1.5 km), Bank Syariah Indonesia KC Bandung Suniaraja (1.1 km), Institut Teknologi Bandung (1.7 km), RS Ibu dan Anak Limijati (830 m).","3 x 3 meter, Tidak termasuk listrik","Kasur, TV, Lemari / Storage, Kulkas, Wastafel, Cleaning service","Kloset Jongkok, K. Mandi Luar, Bak mandi","R. Cuci, Kulkas, Laundry, R. Tamu, R. Jemur, R. Makan, Mushola, R. Santai, Dapur, Balcon","Parkir Motor, Parkir Sepeda",,https://mamikos.com/room/kost-kota-bandung-kost-putri-murah-kost-nangkasuni-47f-tipe-a-bandung-wetan-bandung?redirection_source=landing%20area,-6.904680111850644,107.61766261000477
Kost Anggrek Barokah Bandung Wetan Bandung,Campur,Rp1.700.000,1700000,Kecamatan Bandung Wetan,Bandung Wetan,"Kost ini berlokasi dekat dengan jalan raya dengan akses yang hanya bisa dilalui oleh motor/sepeda, berlokasi dekat dengan Warteg Abadi (2.3 km), Alfamart A Yani 419 (971 m), Masjid Al Kautsar (1.5 km), Citibank Indonesia (2.0 km), Universitas Padjadjaran Kampus Dipatiukur (2.4 km), RS Umum Bungsu (2.1 km).","3 x 4 meter, Termasuk listrik","Kasur, Dispenser, Meja, TV, Lemari / Storage, Ventilasi, Jendela, Guling, Cermin, Bantal","K. Mandi Dalam, Kloset Duduk, Shower, Air panas","WiFi, R. Cuci, Kulkas, Penjaga Kos, R. Jemur, Dispenser, Dapur, Jemuran, Pengurus Kos, CCTV","Parkir Mobil, Parkir Motor, Parkir Sepeda",,https://mamikos.com/room/kost-kota-bandung-kost-campur-eksklusif-kost-anggrek-barokah-bandung-wetan-bandung?redirection_source=landing%20area,-6.903402067003699,107.61513434628357
Kost Maleo Sumur Bandung Bandung,Putri,Rp600.000,600000,Kecamatan Sumur Bandung,Sumur Bandung,"Kost ini berlokasi dekat dengan jalan raya dengan akses yang hanya bisa dilalui oleh motor/sepeda, berlokasi dekat dengan Rumah Makan Kapau Jaya (872 m), Circle K (3.2 km), Masjid Al Asy'ari Unisba (670 m), Bank Permata (465 m), Universitas Islam Bandung (706 m), RS Ibu dan Anak Limijati (814 m).","3 x 3 meter, Termasuk listrik","Kasur, Meja, Lemari / Storage, Jendela, Guling, Cermin, Bantal","Kloset Duduk, Kloset Jongkok, K. Mandi Luar, Ember mandi, Bak mandi","WiFi, R. Cuci, R. Jemur, Pengurus Kos, K. Mandi Luar","Parkir Motor, Parkir Sepeda",,https://mamikos.com/room/kost-kota-bandung-kost-putri-murah-kost-maleo-sumur-bandung-bandung?redirection_source=landing%20area,-6.914234404708626,107.61530582290855
Kost Tamansari 19 Bandung Wetan Bandung,Putri,Rp950.000,950000,Bandung Wetan,Bandung Wetan,"Kost ini berlokasi dekat dengan jalan raya dengan akses yang hanya bisa dilalui oleh motor/sepeda, berlokasi dekat dengan Rumah Makan Kapau Jaya (257 m), Circle K (3.4 km), Masjid Al-Hidayah (105 m), Bank BJB - Kantor Cabang Tamansari (407 m), Universitas Islam Bandung (405 m), RS Umum Tk IV 03.07.03Sariningsih (792 m).","3 x 4 meter, Termasuk listrik","Kasur, Meja, Lemari / Storage, Ventilasi, Jendela, Guling, Bantal, Kursi","Kloset Jongkok, K. Mandi Luar, Ember mandi","WiFi, R. Cuci, Kulkas, Mesin Cuci, R. Tamu, Penjaga Kos, R. Jemur, R. Makan, R. Santai, Dispenser",Parkir Motor,,https://mamikos.com/room/kost-kota-bandung-kost-putri-murah-kost-tamansari-19-bandung-wetan-bandung?redirection_source=landing%20area,-6.9070752013427965,107.61813555615132
Kost Taman Siswa 53 Lengkong Bandung,Campur,Rp2.200.000,2200000,Lengkong,Lengkong,"Kost ini berlokasi dekat dengan jalan raya dengan akses masuk mobil, berlokasi dekat dengan Rumah Makan Ibu Haji Cijantung (266 m), Alfamart A Yani 419 (2.8 km), Masjid Jami Nurul Falah (613 m), CIMB Niaga (Buah Batu) (909 m), Akademi Sekretari Dan Manajemen BSI Bandung (176 m), Bandung Electronic Center (2.8 km).","3 x 3.5 meter, Tidak termasuk listrik","AC, Kasur, Meja, TV, Meja Rias, Lemari / Storage, Kursi, Cleaning service","K. Mandi Dalam, Kloset Duduk, Shower, Air panas","WiFi, Kulkas, Mesin Cuci, R. Tamu, R. Jemur, R. Makan, Dispenser, Dapur, TV","Parkir Mobil, Parkir Motor, Parkir Sepeda",,https://mamikos.com/room/kost-kost-campur-eksklusif-kost-taman-siswa-53-lengkong-bandung?redirection_source=landing%20area,-6.935055091115338,107.6250296074551
Kost Otto Residence Tipe D Astanaanyar Bandung,Campur,Rp1.800.000,1800000,Astanaanyar,Astanaanyar,"Kost ini berlokasi dekat dengan jalan raya dengan akses yang hanya bisa dilalui oleh motor/sepeda, berlokasi dekat dengan Warteg Jaya Bahari (211 m), Circle K (534 m), Masjid Raya Bandung (446 m), Bank BJB - Cabang Utama Bandung (905 m), Institut Seni Budaya Indonesia Bandung (3.4 km), Bandung Electronic Center (2.0 km).","4 x 4 meter, Tidak termasuk listrik","AC, Kasur, Meja, Meja Rias, Lemari / Storage, Ventilasi, Jendela, Cermin, Bantal, Wastafel","K. Mandi Dalam, Kloset Duduk, Wastafel, Shower, Air panas","WiFi, R. Jemur, Dapur, Jemuran","Parkir Motor, Parkir Sepeda",,https://mamikos.com/room/kost-kota-bandung-kost-campur-eksklusif-kost-otto-residence-tipe-d-astanaanyar-bandung?redirection_source=landing%20area,-6.940130528140438,107.60237640898545
Kost No 73 Tipe A Cibeunying Kaler Bandung,Putra,Rp1.000.000,1000000,Cibeunying Kaler,Cibeunying Kaler,"Kost ini berlokasi dekat dengan jalan raya dengan akses yang hanya bisa dilalui oleh motor/sepeda, berlokasi dekat dengan Rumah Makan Boemi Mitoha (786 m), Alfamart A Yani 419 (1.3 km), Masjid Pusdai (725 m), Institut Teknologi Nasional Bandung (612 m), Sinar Abadi Balubur Town Square (2.5 km).","3 x 3 meter, Tidak termasuk listrik",,"Kloset Duduk, K. Mandi Luar, Ember mandi, Bak mandi","WiFi, Laundry, R. Jemur, R. Santai, Dapur","Parkir Mobil, Parkir Motor, Parkir Sepeda",,https://mamikos.com/room/kost-kota-bandung-kost-putra-eksklusif-kost-no-73-tipe-a-cibeunying-kaler-bandung?redirection_source=landing%20area,-6.887538766465112,107.62805748855777
Kost Pandawa Jl Masjid At Taufiq Batununggal Bandung,Putra,Rp750.000,750000,Kecamatan Batununggal,Batununggal,"Kost ini berlokasi dekat dengan jalan raya dengan akses yang hanya bisa dilalui oleh motor/sepeda, berlokasi dekat dengan Warteg Berkah Bahari (407 m), Alfamart A Yani 419 (2.7 km), Gereja Katolik Hati Tak Bernoda Santa Perawan Maria (1.5 km), Sekolah Tinggi Ilmu Ekonomi Pasundan (421 m).","3 x 3 meter, Termasuk listrik","Kasur, Meja, Lemari / Storage, Ventilasi, Jendela","Kloset Jongkok, K. Mandi Luar, Ember mandi","WiFi, Dapur, Jemuran, K. Mandi Luar","Parkir Motor, Parkir Sepeda",,https://mamikos.com/room/kost-kota-bandung-kost-putra-murah-kost-pandawa-jl-masjid-at-taufiq-batununggal-bandung?redirection_source=landing%20area,-6.927113308338094,107.64169352197612
Kost Salamah Tipe A Regol Bandung,Campur,Rp700.000,700000,Kecamatan Regol,Regol,"Kost ini berlokasi dekat dengan jalan raya dengan akses yang hanya bisa dilalui oleh motor/sepeda, berlokasi dekat dengan Warteg Jaya Bahari (350 m), Circle K (522 m), Masjid Raya Bandung (417 m), Bank BJB - Cabang Utama Bandung (824 m), Institut Seni Budaya Indonesia Bandung (3.2 km), RSU Bhayangkara Tk II Sartika Asih (3.6 km).","2.9 x 3 meter, Termasuk listrik","Kasur, Lemari / Storage, Sofa","Kloset Jongkok, K. Mandi Luar, Ember mandi, Bak mandi","R. Cuci, R. Tamu, R. Jemur, R. Santai, Dapur, K. Mandi Luar","Parkir Motor, Parkir Sepeda",,https://mamikos.com/room/kost-kota-bandung-kost-campur-murah-kost-salamah-tipe-a-regol-bandung?redirection_source=landing%20area,-6.941419641626629,107.61342483504632
Kost Abizar Batununggal Bandung,Campur,Rp1.500.000,1500000,Kecamatan Batununggal,Batununggal,"Kost ini berlokasi dekat dengan jalan raya dengan akses masuk mobil, berlokasi dekat dengan Warteg Bahari (2.4 km), Alfamart A Yani 419 (925 m), Church In Bandung (1.7 km), Citibank Indonesia (2.1 km), Institut Teknologi Nasional Bandung (2.2 km), RS Khusus Mata Cicendo (3.4 km).","3 x 4 meter, Tidak termasuk listrik","Kasur, Meja, Lemari / Storage, Ventilasi, Jendela, Guling, Cermin, Bantal, Wastafel, Kursi","K. Mandi Dalam, Kloset Duduk, Wastafel, Ember mandi, Shower, Air panas","WiFi, R. Cuci, Kulkas, Mesin Cuci, Penjaga Kos, R. Jemur, R. Santai, Dapur, Jemuran, CCTV","Parkir Motor, Parkir Sepeda",,https://mamikos.com/room/kost-kota-bandung-kost-campur-eksklusif-kost-abizar-batununggal-bandung-2?redirection_source=landing%20area,-6.92860247000112,107.6416006912462
Kost Tegalega 249 Astanaanyar Bandung,Campur,Rp900.000,900000,Kecamatan Astanaanyar,Astanaanyar,"Kost ini berlokasi dekat dengan jalan raya dengan akses yang hanya bisa dilalui oleh motor/sepeda, berlokasi dekat dengan Rumah Makan Cikawao (1.6 km), Circle K (1.6 km), Gereja Kristen Kalam Kudus Pasundan (1.2 km), Citibank Indonesia (2.2 km), Sekolah Tinggi Ilmu Kesehatan Immanuel Bandung (723 m), RS Umum Bungsu (2.3 km).","3 x 4 meter, Tidak termasuk listrik","Kasur, Lemari / Storage",Kloset Jongkok,"WiFi, Penjaga Kos, Jemuran, Pengurus Kos, CCTV, Taman",Parkir Motor,,https://mamikos.com/room/kost-kota-bandung-kost-campur-murah-kost-tegalega-249-astanaanyar-bandung?redirection_source=landing%20area,-6.939261796826245,107.60410115981757
Kost Ibu Fany Sumur Bandung,Putri,Rp1.300.000,1300000,Kecamatan Sumur Bandung,Sumur Bandung,"Kost ini berlokasi dekat dengan jalan raya dengan akses yang hanya bisa dilalui oleh motor/sepeda, berlokasi dekat dengan Warteg Bahari (1.2 km), Alfamart (2.6 km), Church In Bandung (606 m), Bank BJB - Cabang Utama Bandung (478 m), Universitas Islam Bandung (1.9 km), RS Umum Bungsu (201 m).","3 x 3 meter, Termasuk listrik","Kasur, Dispenser, Meja, Lemari / Storage, Ventilasi, Jendela, Dapur Pribadi, Kursi","K. Mandi Dalam, Kloset Duduk, Shower","WiFi, Kulkas, Laundry, R. Tamu, Penjaga Kos, R. Makan, R. Santai, Dispenser, Dapur, CCTV",,,https://mamikos.com/room/kost-kota-bandung-kost-putri-eksklusif-kost-ibu-fany-sumur-bandung?redirection_source=landing%20area,-6.914550997909414,107.61744478398884
Kost Exclusive Purawinata 11 Lengkong Bandung,Campur,Rp1.500.000,1500000,Lengkong,Lengkong,"Kost ini berlokasi dekat dengan jalan raya dengan akses yang hanya bisa dilalui oleh motor/sepeda, berlokasi dekat dengan Warteg Bahari (605 m), Alfamart (3.2 km), Church of Isa Almasih (269 m), Bank BJB - Cabang Utama Bandung (741 m), Universitas Islam Bandung (2.6 km), RS Umum Bungsu (858 m).","3 x 3 meter, Tidak termasuk listrik","Kasur, Meja, Lemari / Storage, Jendela, Guling, Bantal, Kursi","K. Mandi Dalam, Kloset Duduk, Kloset Jongkok, Air panas","WiFi, Kulkas, R. Tamu, Penjaga Kos, R. Jemur, R. Makan, R. Santai, Pengurus Kos, CCTV, Balcon","Parkir Motor, Parkir Motor & Sepeda",,https://mamikos.com/room/kost-kota-bandung-kost-campur-eksklusif-kost-exclusive-purawinata-11-lengkong-bandung?redirection_source=landing%20area,-6.93559076804099,107.62426291408363
Kost Bengawan 83 Tipe B Bandung Wetan Bandung,Campur,Rp1.350.000,1350000,Bandung Wetan,Bandung Wetan,"Kost ini berlokasi dekat dengan jalan raya dengan akses yang hanya bisa dilalui oleh motor/sepeda, berlokasi dekat dengan Rumah Makan Boemi Mitoha (746 m), Alfamart A Yani 419 (988 m), Masjid Al Jihad (748 m), Bank BJB Weekend Banking (554 m), Universitas Padjadjaran Kampus Dipatiukur (2.4 km), RS Ibu dan Anak Limijati (1.9 km).","3.5 x 3.5 meter, Termasuk listrik","Kasur, Meja, Lemari / Storage, Ventilasi, Jendela, Cermin, Bantal, Kursi, Kipas Angin, Cleaning service","Kloset Duduk, K. Mandi Luar, Shower, Air panas","WiFi, R. Cuci, Kulkas, Mesin Cuci, R. Tamu, Penjaga Kos, R. Jemur, R. Makan, R. Santai, Dispenser","Parkir Mobil, Parkir Motor, Parkir Sepeda",,https://mamikos.com/room/kost-kota-bandung-kost-campur-eksklusif-kost-bengawan-83-tipe-b-bandung-wetan-bandung-2?redirection_source=landing%20area,-6.903754816947805,107.61691195657058
Kost Laswi Pavilion I Batununggal Bandung,Putri,Rp850.000,850000,Kecamatan Batununggal,Batununggal,"Kost ini berlokasi dekat dengan jalan raya dengan akses yang hanya bisa dilalui oleh motor/sepeda, berlokasi dekat dengan Warteg Bahari (1.6 km), Alfamart A Yani 419 (1.8 km), Masjid Al Jihad (783 m), Bank BCA KCP Buah Batu (1.9 km), Institut Teknologi Nasional Bandung (3.0 km), RS Umum Bungsu (1.8 km).","3 x 3 meter, Termasuk listrik","Kasur, Lemari / Storage, Jendela, Guling, Cermin, Bantal","Kloset Jongkok, K. Mandi Luar","WiFi, Penjaga Kos, Dapur, Balcon, K. Mandi Luar",Parkir Motor,,https://mamikos.com/room/kost-kota-bandung-kost-putri-murah-kost-laswi-pavilion-i-batununggal-bandung?redirection_source=landing%20area,-6.9271416075074965,107.64201689805658
Kost Lilia Cozy Room Smart Astanaanyar Bandung,Campur,Rp1.000.000,1000000,Kecamatan Astanaanyar,Astanaanyar,"Kost ini berlokasi dekat dengan jalan raya dengan akses yang hanya bisa dilalui oleh motor/sepeda, berlokasi dekat dengan Warteg Bahari (1.6 km), Alfamart (2.7 km), Church of Isa Almasih (1.2 km), Bank BJB - Cabang Utama Bandung (1.4 km), Universitas Islam Bandung (3.0 km), RS Umum Bungsu (1.8 km).","1.9 x 2.9 meter, Tidak termasuk listrik","Kasur, Meja, Lemari / Storage, Ventilasi, Jendela, Bantal, Kursi","Kloset Duduk, K. Mandi Luar, Wastafel, Ember mandi, Shower","WiFi, R. Cuci, Kulkas, Laundry, R. Tamu, Penjaga Kos, R. Jemur, Dapur, Jemuran, Pengurus Kos","Parkir Motor, Parkir Sepeda, Parkir Motor & Sepeda",,https://mamikos.com/room/kost-kota-bandung-kost-campur-eksklusif-kost-lilia-cozy-room-smart-astanaanyar-bandung?redirection_source=landing%20area,-6.938329588498652,107.60292765207734
Kost Lilia Cozy Room Standard Astanaanyar Bandung,Campur,Rp1.200.000,1200000,Kecamatan Astanaanyar,Astanaanyar,"Kost ini berlokasi dekat dengan jalan raya dengan akses yang hanya bisa dilalui oleh motor/sepeda, berlokasi dekat dengan Warteg Bahari (1.6 km), Alfamart (2.7 km), Church of Isa Almasih (1.2 km), Bank BJB - Cabang Utama Bandung (1.4 km), Universitas Islam Bandung (3.0 km), RS Umum Bungsu (1.8 km).","2.3 x 2.6 meter, Tidak termasuk listrik","Kasur, Meja, Lemari / Storage, Ventilasi, Jendela, Bantal, Kursi","Kloset Duduk, K. Mandi Luar, Wastafel, Ember mandi, Shower","WiFi, R. Cuci, Kulkas, Laundry, R. Tamu, Penjaga Kos, R. Jemur, Dapur, Jemuran, Pengurus Kos","Parkir Motor, Parkir Sepeda, Parkir Motor & Sepeda",,https://mamikos.com/room/kost-kota-bandung-kost-campur-eksklusif-kost-lilia-cozy-room-standard-astanaanyar-bandung-2?redirection_source=landing%20area,-6.939790153866058,107.60254377403201
Kost Bengawan 83 Tipe C1 Bandung Wetan Bandung,Campur,Rp1.250.000,1250000,Kecamatan Bandung Wetan,Bandung Wetan,"Kost ini berlokasi dekat dengan jalan raya dengan akses yang hanya bisa dilalui oleh motor/sepeda, berlokasi dekat dengan Rumah Makan Boemi Mitoha (746 m), Alfamart A Yani 419 (988 m), Masjid Al Jihad (748 m), Bank BJB Weekend Banking (554 m), Universitas Padjadjaran Kampus Dipatiukur (2.4 km), RS Ibu dan Anak Limijati (1.9 km).","3.2 x 3.2 meter, Termasuk listrik","Kasur, Meja, Lemari / Storage, Ventilasi, Jendela, Cermin, Bantal, Kursi, Kipas Angin, Cleaning service","Kloset Duduk, K. Mandi Luar, Shower, Air panas","WiFi, R. Cuci, Kulkas, Mesin Cuci, R. Tamu, Penjaga Kos, R. Jemur, R. Makan, R. Santai, Dispenser","Parkir Mobil, Parkir Motor, Parkir Sepeda",,https://mamikos.com/room/kost-kota-bandung-kost-campur-eksklusif-kost-bengawan-83-tipe-c1-bandung-wetan-bandung-2?redirection_source=landing%20area,-6.903661438957782,107.61655710844438
Kost Griya Camar Tipe E Lengkong Bandung,Campur,Rp1.300.000,1300000,Lengkong,Lengkong,"Kost ini berlokasi dekat dengan jalan raya dengan akses yang hanya bisa dilalui oleh motor/sepeda, berlokasi dekat dengan Warteg Bahari (1.3 km), Alfamart (2.6 km), Church In Bandung (354 m), Bank BJB - Cabang Utama Bandung (1.4 km), Universitas Islam Bandung (2.5 km), RS Umum Bungsu (1.0 km).","3 x 4 meter, Tidak termasuk listrik","Kasur, Meja, Lemari / Storage, Jendela, Cermin, Bantal, Kursi","Kloset Jongkok, K. Mandi Luar, Ember mandi, Shower","WiFi, R. Cuci, Penjaga Kos, R. Jemur, Dapur, Jemuran, CCTV",Parkir Motor & Sepeda,,https://mamikos.com/room/kost-kota-bandung-kost-campur-eksklusif-kost-griya-camar-tipe-e-lengkong-bandung-2?redirection_source=landing%20area,-6.933692231948741,107.62797681408703
Kost Lestari Tipe A Bandung Wetan Bandung,Putri,Rp1.200.000,1200000,Bandung Wetan,Bandung Wetan,"Kost ini berlokasi dekat dengan jalan raya dengan akses yang hanya bisa dilalui oleh motor/sepeda, berlokasi dekat dengan Warteg Abadi (384 m), Alfamart (868 m), Masjid Al Asy'ari Unisba (87 m), Bank BJB - Kantor Cabang Tamansari (138 m), Universitas Islam Bandung (121 m), RS Umum Tk IV 03.07.03Sariningsih (485 m).","3 x 3 meter, Termasuk listrik","Kasur, Lemari / Storage, Ventilasi, Jendela, Cermin","K. Mandi Dalam, Kloset Jongkok, K. Mandi Luar, Ember mandi, Shower","WiFi, R. Cuci, Penjaga Kos, R. Jemur, Jemuran, Pengurus Kos, Jual Makanan, CCTV",,,https://mamikos.com/room/kost-kota-bandung-kost-putri-eksklusif-kost-lestari-tipe-a-bandung-wetan-bandung?redirection_source=landing%20area,-6.90711894366525,107.61708563282126
Kost Faiz Tipe B Sumur Bandung Bandung,Putra,Rp750.000,750000,Kecamatan Sumur Bandung,Sumur Bandung,"Kost ini berlokasi dekat dengan jalan raya dengan akses masuk mobil, berlokasi dekat dengan Rumah Makan Mirasa (616 m), Circle K (3.2 km), Masjid Al Asy'ari Unisba (570 m), Bank Permata (418 m), Universitas Islam Bandung (605 m), RS Khusus Mata Cicendo (303 m).","3 x 3 meter, Termasuk listrik","Kasur, Lemari / Storage","Kloset Duduk, Kloset Jongkok, K. Mandi Luar, Ember mandi, Shower, Air panas","WiFi, K. Mandi Luar","Parkir Motor, Parkir Sepeda",,https://mamikos.com/room/kost-kota-bandung-kost-putra-murah-kost-faiz-tipe-b-sumur-bandung-bandung-2?redirection_source=landing%20area,-6.912500936385025,107.61590260642879
Kost Nomad Coliving Asia Afrika Loft Lengkong Bandung,Campur,Rp2.699.998,2699998,Lengkong,Lengkong,"Kost ini berlokasi dekat dengan jalan raya dengan akses yang hanya bisa dilalui oleh motor/sepeda, berlokasi dekat dengan Warteg Bahari (527 m), Alfamart (3.1 km), Church In Bandung (501 m), Bank BJB - Cabang Utama Bandung (1.1 km), Universitas Islam Bandung (2.7 km), RS Umum Bungsu (1.0 km).","3 x 4 meter, Tidak termasuk listrik","AC, Kasur, Meja, Lemari / Storage, Jendela, Cermin, Bantal, Wastafel, Kursi","K. Mandi Dalam, Kloset Duduk, Wastafel, Shower, Air panas","WiFi, Kulkas, Penjaga Kos, R. Makan, Dapur, Pengurus Kos, CCTV, Rooftop, TV",,,https://mamikos.com/room/kost-kota-bandung-kost-campur-eksklusif-kost-nomad-coliving-asia-afrika-loft-lengkong-bandung?redirection_source=landing%20area,-6.935149502459126,107.62787067972559
Kost 67 Paledang Lengkong Bandung,Putri,Rp1.300.000,1300000,Lengkong,Lengkong,"Kost ini berlokasi dekat dengan jalan raya dengan akses yang hanya bisa dilalui oleh motor/sepeda, berlokasi dekat dengan Alfamart A Yani 419 (3.1 km), Church of Isa Almasih (504 m), Bandung Electronic Center (2.0 km).","3 x 4 meter, Termasuk listrik",Kipas Angin,"K. Mandi Dalam, Kloset Jongkok",WiFi,,,https://mamikos.com/room/kost-kota-bandung-kost-putri-eksklusif-kost-67-paledang-lengkong-bandung-1?redirection_source=landing%20area,-6.935486105132471,107.62608813989031
Kost Sazara Cibeunying Kidul Bandung,Putri,Rp1.000.000,1000000,Cibeunying Kidul,Cibeunying Kidul,"Kost ini berlokasi dekat dengan jalan raya dengan akses yang hanya bisa dilalui oleh motor/sepeda, berlokasi dekat dengan Alfamart Bojong Koneng (944 m), Christian Church Pasundan Awiligar (2.1 km), Institut Teknologi Nasional Bandung (234 m), Sinar Abadi Balubur Town Square (3.0 km).","3 x 4 meter, Termasuk listrik","Kasur, Meja, Lemari / Storage, Jendela, Bantal","K. Mandi Dalam, Kloset Jongkok, K. Mandi Luar, Ember mandi","WiFi, R. Cuci, Kulkas, Penjaga Kos, R. Jemur, Mushola, Dapur, Jemuran, CCTV, Balcon","Parkir Mobil, Parkir Motor, Parkir Sepeda, Parkir Motor & Sepeda",,https://mamikos.com/room/kost-kota-bandung-kost-putri-murah-kost-sazara-cibeunying-kidul-bandung-2?redirection_source=landing%20area,-6.896846673523961,107.65095860094208
Kost Crysant House Tipe B Cibeunying Kaler Bandung,Campur,Rp1.350.000,1350000,Cibeunying Kaler,Cibeunying Kaler,"Kost ini berlokasi dekat dengan jalan raya dengan akses yang hanya bisa dilalui oleh motor/sepeda, berlokasi dekat dengan Warteg Abadi (2.2 km), Alfamart (854 m), Christian Church Pasundan Awiligar (2.2 km), Bank BJB Weekend Banking (1.3 km), Institut Teknologi Nasional Bandung (724 m), RS Ibu dan Anak Al Islam (1.5 km).","3 x 4 meter, Tidak termasuk listrik","Kasur, Meja, Lemari / Storage, Ventilasi, Jendela, Kursi","K. Mandi Dalam, Kloset Duduk, Wastafel, Shower, Air panas","WiFi, Penjaga Kos, R. Jemur, R. Santai, Dapur, Jemuran, Pengurus Kos, CCTV, Joglo","Parkir Mobil, Parkir Motor, Parkir Sepeda",,https://mamikos.com/room/kost-kota-bandung-kost-campur-eksklusif-kost-crysant-house-tipe-b-cibeunying-kaler-bandung?redirection_source=landing%20area,-6.886226567645734,107.62852332673576
Kost Sitimunigar Executive Astanaanyar Bandung,Campur,Rp1.600.000,1600000,Kecamatan Astanaanyar,Astanaanyar,"Kost ini berlokasi dekat dengan jalan raya dengan akses masuk mobil, berlokasi dekat dengan Warteg Bahari (1.5 km), Alfamart (2.8 km), Church of Isa Almasih (1.1 km), Bank BJB - Cabang Utama Bandung (1.3 km), Universitas Islam Bandung (2.9 km), RS Umum Bungsu (1.6 km).","4 x 4 meter, Tidak termasuk listrik","Kasur, Meja, Lemari / Storage, Guling, Bantal, Kursi","K. Mandi Dalam, Kloset Duduk, Ember mandi, Shower","WiFi, Laundry, Penjaga Kos, R. Makan, R. Santai, Dapur, Pengurus Kos, CCTV, Balcon, R. Keluarga","Parkir Motor, Parkir Motor & Sepeda",,https://mamikos.com/room/kost-kota-bandung-kost-campur-eksklusif-kost-sitimunigar-executive-astanaanyar-bandung?redirection_source=landing%20area,-6.936955184916223,107.60120158986105
Kost Ibu Fany Saad Tipe Sedang Sumur Bandung,Putri,Rp1.300.000,1300000,Kecamatan Sumur Bandung,Sumur Bandung,"Kost ini berlokasi dekat dengan jalan raya dengan akses yang hanya bisa dilalui oleh motor/sepeda, berlokasi dekat dengan Warteg Bahari (1.2 km), Alfamart (2.6 km), Church In Bandung (606 m), Bank BJB - Cabang Utama Bandung (478 m), Universitas Islam Bandung (1.9 km), RS Umum Bungsu (201 m).","3 x 4 meter, Termasuk listrik","Meja, Lemari / Storage, Jendela","K. Mandi Dalam, Kloset Jongkok, Ember mandi, Shower, Air panas","WiFi, R. Cuci, Kulkas, Mesin Cuci, Laundry, R. Tamu, R. Jemur, R. Makan, R. Santai, Dispenser",,,https://mamikos.com/room/kost-kota-bandung-kost-putri-eksklusif-kost-ibu-fany-saad-tipe-sedang-sumur-bandung-bandung?redirection_source=landing%20area,-6.915999837531426,107.6173847879793
Kost Albani Regol Bandung,Putri,Rp1.650.001,1650001,Kecamatan Regol,Regol,"Kost ini berlokasi dekat dengan jalan raya dengan akses yang hanya bisa dilalui oleh motor/sepeda, berlokasi dekat dengan Warteg Bahari (884 m), Circle K (867 m), Church of Isa Almasih (726 m), Institut Seni Budaya Indonesia Bandung (2.3 km), RSU Bhayangkara Tk II Sartika Asih (2.5 km), Bandung Electronic Center (2.9 km).","2.9 x 2.2 meter, Termasuk listrik","AC, Kasur, Meja, Lemari / Storage, Ventilasi, Jendela, Guling, Cermin, Bantal, Kipas Angin","K. Mandi Dalam, Kloset Duduk, Ember mandi, Shower","WiFi, Kulkas, R. Jemur, Dapur, Jemuran, Pengurus Kos, Rooftop, Balcon","Parkir Motor, Parkir Sepeda, Parkir Motor & Sepeda",,https://mamikos.com/room/kost-kota-bandung-kost-putri-eksklusif-kost-albani-regol-bandung?redirection_source=landing%20area,-6.940385980475387,107.6153176611336
Kost Macan Executive Lengkong Bandung,Putra,Rp2.000.000,2000000,Kecamatan Lengkong,Lengkong,"Kost ini berlokasi dekat dengan jalan raya dengan akses yang hanya bisa dilalui oleh motor/sepeda, berlokasi dekat dengan Warteg Bahari (311 m), Alfamart (3.3 km), Church of Isa Almasih (695 m), Bank BCA KCP Buah Batu (1.4 km), Universitas Islam Bandung (3.1 km), RS Umum Bungsu (1.4 km).","3 x 4 meter, Tidak termasuk listrik","AC, Kasur, Dispenser, Meja, Lemari / Storage, Ventilasi, Jendela, Cermin, Bantal","K. Mandi Dalam, Kloset Duduk, Shower, Air panas","WiFi, Kulkas, Dispenser, Dapur, Pengurus Kos, CCTV, Balcon","Parkir Motor, Parkir Sepeda, Parkir Motor & Sepeda",,https://mamikos.com/room/kost-kota-bandung-kost-putra-eksklusif-kost-macan-executive-lengkong-bandung?redirection_source=landing%20area,-6.934021871748895,107.6249015369574
Kost Java Gamelan Lengkong Bandung,Putra,Rp1.550.000,1550000,Kecamatan Lengkong,Lengkong,"Kost ini berlokasi dekat dengan jalan raya dengan akses yang hanya bisa dilalui oleh motor/sepeda, berlokasi dekat dengan Warteg Bahari (420 m), Alfamart (2.5 km), Gereja Isa Almasih (1.4 km), Bank BCA KCP Buah Batu (699 m), Sekolah Tinggi Ilmu Ekonomi Pasundan (677 m), RS Mata Bandung Eye Center (738 m).","3 x 4 meter, Tidak termasuk listrik","AC, Kasur, Meja, TV, Lemari / Storage, Jendela, Cermin, Bantal, Kursi","K. Mandi Dalam, Kloset Duduk, Wastafel, Shower, Air panas","WiFi, R. Cuci, Kulkas, Mesin Cuci, R. Tamu, Penjaga Kos, R. Makan, Dispenser, Dapur, Jemuran","Parkir Mobil, Parkir Motor, Parkir Sepeda, Parkir Motor & Sepeda",,https://mamikos.com/room/kost-kota-bandung-kost-putra-eksklusif-kost-java-gamelan-lengkong-bandung?redirection_source=landing%20area,-6.9339179020276624,107.62718588330941
Kost Shekinah Bandung Wetan Bandung,Putri,Rp1.510.000,1510000,Bandung Wetan,Bandung Wetan,"Kost ini berlokasi dekat dengan jalan raya dengan akses yang hanya bisa dilalui oleh motor/sepeda, berlokasi dekat dengan Warteg Abadi (382 m), Circle K (3.2 km), Masjid Al Asy'ari Unisba (336 m), Bank BJB - Kantor Cabang Tamansari (326 m), Universitas Islam Bandung (300 m), RS Umum Tk IV 03.07.03Sariningsih (775 m).","3 x 2.5 meter, Tidak termasuk listrik","Kasur, Meja, Lemari / Storage, Ventilasi, Jendela, Guling, Bantal, Kursi","K. Mandi Dalam, Kloset Duduk, Shower, Air panas","WiFi, Kulkas, Dispenser, Dapur, Jemuran, CCTV",,,https://mamikos.com/room/kost-kota-bandung-kost-putri-eksklusif-kost-shekinah-bandung-wetan-bandung-2?redirection_source=landing%20area,-6.905570860475745,107.61570647439531
Kost Lilia Cozy Room Deluxe Astanaanyar Bandung,Putri,Rp1.400.000,1400000,Kecamatan Astanaanyar,Astanaanyar,"Kost ini berlokasi dekat dengan jalan raya dengan akses yang hanya bisa dilalui oleh motor/sepeda, berlokasi dekat dengan Warteg Bahari (1.6 km), Alfamart (2.7 km), Church of Isa Almasih (1.2 km), Bank BJB - Cabang Utama Bandung (1.4 km), Universitas Islam Bandung (3.0 km), RS Umum Bungsu (1.8 km).","2.7 x 2.8 meter, Tidak termasuk listrik","Kasur, Meja, Lemari / Storage, Ventilasi, Jendela, Bantal, Kursi","Kloset Duduk, K. Mandi Luar, Wastafel, Ember mandi, Shower","WiFi, R. Cuci, Kulkas, Laundry, R. Tamu, Penjaga Kos, R. Jemur, Dapur, Jemuran, Pengurus Kos","Parkir Motor, Parkir Sepeda, Parkir Motor & Sepeda",,https://mamikos.com/room/kost-kota-bandung-kost-putri-eksklusif-kost-lilia-cozy-room-deluxe-astanaanyar-bandung?redirection_source=landing%20area,-6.940188726062892,107.60296198260336
Kost Paledang Lengkong Bandung,Putri,Rp1.300.000,1300000,Kecamatan Lengkong,Lengkong,"Kost ini berlokasi dekat dengan jalan raya dengan akses yang hanya bisa dilalui oleh motor/sepeda, berlokasi dekat dengan Rumah Makan Cikawao (330 m), Alfamart A Yani 419 (3.1 km), Church of Isa Almasih (504 m), Citibank Indonesia (352 m), Akademi Sekretari Dan Manajemen BSI Bandung (931 m), RS Umum Bungsu (742 m).","3 x 4 meter, Tidak termasuk listrik","Kasur, Lemari / Storage, Ventilasi, Jendela, Guling, Cermin, Cleaning service","K. Mandi Dalam, Kloset Jongkok, Ember mandi","R. Tamu, Penjaga Kos, R. Jemur, R. Santai, Jemuran, Pengurus Kos, Jual Makanan, CCTV, Balcon","Parkir Motor, Parkir Sepeda",,https://mamikos.com/room/kost-kota-bandung-kost-putri-eksklusif-kost-paledang-lengkong-bandung?redirection_source=landing%20area,-6.936042420653331,107.62689674142356
Kost Otto Residence Tipe C Astanaanyar Bandung,Campur,Rp2.000.000,2000000,Astanaanyar,Astanaanyar,"Kost ini berlokasi dekat dengan jalan raya dengan akses yang hanya bisa dilalui oleh motor/sepeda, berlokasi dekat dengan Warteg Jaya Bahari (211 m), Circle K (534 m), Masjid Raya Bandung (446 m), Bank BJB - Cabang Utama Bandung (905 m), Institut Seni Budaya Indonesia Bandung (3.4 km), Bandung Electronic Center (2.0 km).","4 x 4 meter, Tidak termasuk listrik","AC, Kasur, Meja, Meja Rias, Lemari / Storage, Ventilasi, Jendela, Cermin, Bantal, Wastafel","K. Mandi Dalam, Kloset Duduk, Wastafel, Shower, Air panas","R. Jemur, Dapur, Jemuran, CCTV, K. Mandi Luar","Parkir Motor, Parkir Sepeda",,https://mamikos.com/room/kost-kota-bandung-kost-campur-eksklusif-kost-otto-residence-tipe-c-astanaanyar-bandung?redirection_source=landing%20area,-6.939242158489742,107.60312341029842
Kost Nangkasuni 47F Tipe A Bandung Wetan Bandung,Putri,Rp515.000,515000,Kecamatan Bandung Wetan,Bandung Wetan,"Kost ini berlokasi dekat dengan jalan raya dengan akses yang hanya bisa dilalui oleh motor/sepeda, berlokasi dekat dengan Rumah Makan Kapau Jaya (481 m), Circle K (3.0 km), Masjid Salman ITB (1.5 km), Bank Syariah Indonesia KC Bandung Suniaraja (1.1 km), Institut Teknologi Bandung (1.7 km), RS Ibu dan Anak Limijati (830 m).","3 x 3 meter, Tidak termasuk listrik","Kasur, TV, Lemari / Storage, Kulkas, Wastafel, Cleaning service","Kloset Jongkok, K. Mandi Luar, Bak mandi","R. Cuci, Kulkas, Laundry, R. Tamu, R. Jemur, R. Makan, Mushola, R. Santai, Dapur, Balcon","Parkir Motor, Parkir Sepeda",,https://mamikos.com/room/kost-kota-bandung-kost-putri-murah-kost-nangkasuni-47f-tipe-a-bandung-wetan-bandung?redirection_source=landing%20area,-6.904746040355174,107.61477889684872
Kost Anggrek Barokah Bandung Wetan Bandung,Campur,Rp1.700.000,1700000,Kecamatan Bandung Wetan,Bandung Wetan,"Kost ini berlokasi dekat dengan jalan raya dengan akses yang hanya bisa dilalui oleh motor/sepeda, berlokasi dekat dengan Warteg Abadi (2.3 km), Alfamart A Yani 419 (971 m), Masjid Al Kautsar (1.5 km), Citibank Indonesia (2.0 km), Universitas Padjadjaran Kampus Dipatiukur (2.4 km), RS Umum Bungsu (2.1 km).","3 x 4 meter, Termasuk listrik","Kasur, Dispenser, Meja, TV, Lemari / Storage, Ventilasi, Jendela, Guling, Cermin, Bantal","K. Mandi Dalam, Kloset Duduk, Shower, Air panas","WiFi, R. Cuci, Kulkas, Penjaga Kos, R. Jemur, Dispenser, Dapur, Jemuran, Pengurus Kos, CCTV","Parkir Mobil, Parkir Motor, Parkir Sepeda",,https://mamikos.com/room/kost-kota-bandung-kost-campur-eksklusif-kost-anggrek-barokah-bandung-wetan-bandung?redirection_source=landing%20area,-6.90524665108217,107.61597295317995
Kost Faiz Tipe A Sumur Bandung Bandung,Putra,Rp650.000,650000,Kecamatan Sumur Bandung,Sumur Bandung,"Kost ini berlokasi dekat dengan jalan raya dengan akses jalan raya, berlokasi dekat dengan Rumah Makan Kapau Jaya (770 m), Circle K (3.2 km), Masjid Al Asy'ari Unisba (570 m), Bank Permata (418 m), Universitas Islam Bandung (605 m), RS Ibu dan Anak Limijati (774 m).","2.5 x 3 meter, Tidak termasuk listrik","Kasur, Lemari / Storage","Kloset Duduk, K. Mandi Luar, Shower, Air panas","WiFi, K. Mandi Luar",Parkir Motor,,https://mamikos.com/room/kost-kota-bandung-kost-putra-murah-kost-faiz-tipe-a-sumur-bandung-bandung-2?redirection_source=landing%20area,-6.915036943273461,107.61659764532995
Kost H Mesri Cicendo Bandung,Putri,Rp1.350.000,1350000,Cicendo,Cicendo,"Kost ini berlokasi dekat dengan jalan raya dengan akses yang hanya bisa dilalui oleh motor/sepeda, berlokasi dekat dengan Warteg Abadi (1.3 km), Circle K (2.5 km), Masjid Al Arief (1.6 km), Bank Syariah Indonesia KC Bandung Suniaraja (800 m), Universitas Islam Bandung (1.0 km), RS Umum Santosa Hospital Bandung Central (661 m).","3.5 x 2 meter, Tidak termasuk listrik","Kasur, Meja, Lemari / Storage, Ventilasi, Jendela, Bantal, Kursi","K. Mandi Dalam, Kloset Duduk, Wastafel, Shower","WiFi, R. Tamu, Dispenser, Dapur, Jemuran","Parkir Mobil, Parkir Motor, Parkir Sepeda",,https://mamikos.com/room/kost-kota-bandung-kost-putri-eksklusif-kost-h-mesri-cicendo-bandung-2?redirection_source=landing%20area,-6.900660997588752,107.58523963425051
Kost Winwin Tipe A Lengkong Bandung,Putri,Rp800.000,800000,Kecamatan Lengkong,Lengkong,"Kost ini berlokasi dekat dengan jalan raya dengan akses yang hanya bisa dilalui oleh motor/sepeda, berlokasi dekat dengan .","3 x 3 meter, Termasuk listrik","Kasur, Meja, Lemari / Storage, Ventilasi, Jendela, Cermin, Bantal","Kloset Duduk, Kloset Jongkok, K. Mandi Luar, Bak mandi",,,,https://mamikos.com/room/kost-kota-bandung-kost-putri-murah-kost-winwin-tipe-a-lengkong-bandung?redirection_source=landing%20area,-6.935949647403506,107.62821729880729
Kost Gedung Putih 2 Lengkong Bandung,Campur,Rp2.000.000,2000000,Kecamatan Lengkong,Lengkong,"Kost ini berlokasi dekat dengan jalan raya dengan akses yang hanya bisa dilalui oleh motor/sepeda, berlokasi dekat dengan Warteg Bahari (517 m), Alfamart A Yani 419 (3.2 km), Masjid Al Waritsin (331 m), CIMB Niaga (Buah Batu) (213 m), Akademi Sekretari Dan Manajemen BSI Bandung (589 m), Bandung Electronic Center (3.5 km).","3 x 4 meter, Tidak termasuk listrik","AC, Kasur, Meja, Lemari / Storage, Ventilasi, Jendela, Cermin, Bantal, Wastafel, Kursi","K. Mandi Dalam, Kloset Duduk, Wastafel, Shower, Air panas","WiFi, R. Cuci, Kulkas, Laundry, Penjaga Kos, R. Jemur, R. Makan, R. Santai, Dispenser, Dapur","Parkir Mobil, Parkir Motor, Parkir Sepeda",,https://mamikos.com/room/kost-kota-bandung-kost-campur-eksklusif-kost-gedung-putih-2-lengkong-bandung-1?redirection_source=landing%20area,-6.933798986572488,107.62422313424157
Kost 78D Tipe A Regol Bandung,Putri,Rp1.350.000,1350000,Regol,Regol,"Kost ini berlokasi dekat dengan jalan raya dengan akses jalan raya, berlokasi dekat dengan Rumah Makan Cikawao (889 m), Circle K (819 m), Gereja Kristen Kalam Kudus Pasundan (342 m), Citibank Indonesia (1.4 km), Sekolah Tinggi Ilmu Kesehatan Immanuel Bandung (1.4 km), RS Khusus Mata Cicendo (2.0 km).","5 x 4 meter, Tidak termasuk listrik","Kasur, Meja, Lemari / Storage, Jendela, Guling, Bantal, Kursi","K. Mandi Dalam, Kloset Duduk","WiFi, Penjaga Kos, R. Jemur, R. Santai, Dapur, Jemuran, CCTV, Balcon","Parkir Motor, Parkir Sepeda, Parkir Motor & Sepeda",,https://mamikos.com/room/kost-kota-bandung-kost-putri-eksklusif-kost-78d-tipe-a-regol-bandung?redirection_source=landing%20area,-6.9404390255997495,107.61402676769043
Kost Mahameru Co Living Suite Cibeunying Kidul Bandung,Campur,Rp2.500.000,2500000,Kecamatan Cibeunying Kidul,Cibeunying Kidul,"Kost ini berlokasi dekat dengan jalan raya dengan akses masuk mobil, berlokasi dekat dengan Warteg Bahari (2.8 km), Alfamart (2.4 km), Masjid Al Jihad (592 m), Bank BJB - Cabang Utama Bandung (2.8 km), Institut Teknologi Nasional Bandung (1.6 km), RS Ibu dan Anak Al Islam (642 m).","3 x 4 meter, Tidak termasuk listrik","AC, Kasur, Dispenser, Meja, TV, Lemari / Storage, Jendela, Guling, Cermin, Bantal","Kloset Duduk, Kloset Jongkok, K. Mandi Luar, Wastafel, Shower, Air panas","WiFi, R. Cuci, Kulkas, Penjaga Kos, R. Jemur, R. Santai, Dispenser, Dapur, Jemuran, Pengurus Kos","Parkir Mobil, Parkir Motor & Sepeda",,https://mamikos.com/room/kost-kota-bandung-kost-campur-eksklusif-kost-mahameru-co-living-suite-cibeunying-kidul-bandung?redirection_source=landing%20area,-6.900227749244536,107.6507491794694
Kost Maleer 14 Tipe B Batununggal Bandung,Putri,Rp1.600.000,1600000,Batununggal,Batununggal,"Kost ini berlokasi dekat dengan jalan raya dengan akses yang hanya bisa dilalui oleh motor/sepeda, berlokasi dekat dengan Rumah Makan Amanah (744 m), Alfamart A Yani 419 (1.7 km), Masjid Al Jihad (1.2 km), Sekolah Tinggi Ilmu Ekonomi Pasundan (784 m).","4 x 6 meter, Termasuk listrik",Kasur,"K. Mandi Dalam, Kloset Duduk, Ember mandi, Shower, Air panas, Bak mandi","WiFi, Kulkas, R. Tamu, Penjaga Kos, R. Jemur, Dispenser, Dapur, Balcon, Taman","Parkir Mobil, Parkir Motor, Parkir Sepeda",,https://mamikos.com/room/kost-kota-bandung-kost-putri-eksklusif-kost-maleer-14-tipe-b-batununggal-bandung?redirection_source=landing%20area,-6.929385332349773,107.6385130871789
Kost The Yellow House I Lengkong Bandung,Putri,Rp700.000,700000,Kecamatan Lengkong,Lengkong,"Kost ini berlokasi dekat dengan jalan raya dengan akses yang hanya bisa dilalui oleh motor/sepeda, berlokasi dekat dengan Warteg Bahari (2.0 km), Alfamart (2.6 km), Gereja Isa Almasih (732 m), Bank BCA KCP Buah Batu (1.4 km), Sekolah Tinggi Ilmu Ekonomi Pasundan (51 m), RS Mata Bandung Eye Center (1.4 km).","2 x 2 meter, Termasuk listrik","Kasur, Meja, Lemari / Storage","Kloset Duduk, K. Mandi Luar, Wastafel, Ember mandi, Shower","WiFi, Kulkas, R. Santai, Dispenser, Dapur, Jemuran, Balcon",Parkir Motor,,https://mamikos.com/room/kost-kota-bandung-kost-putri-murah-kost-the-yellow-house-i-lengkong-bandung?redirection_source=landing%20area,-6.932377711826046,107.6251814682663
Kost Pondok Nadine Tipe A Bandung Wetan Bandung,Campur,Rp850.000,850000,Kecamatan Bandung Wetan,Bandung Wetan,"Kost ini berlokasi dekat dengan jalan raya dengan akses yang hanya bisa dilalui oleh motor/sepeda, berlokasi dekat dengan Warteg Abadi (521 m), Alfamart (606 m), Masjid Al Asy'ari Unisba (255 m), Bank BJB - Kantor Cabang Tamansari (303 m), Universitas Islam Bandung (242 m), RS Umum Tk IV 03.07.03Sariningsih (753 m).","3 x 4 meter, Tidak termasuk listrik","Kasur, Lemari / Storage","Kloset Jongkok, K. Mandi Luar","WiFi, R. Tamu, R. Jemur, Dapur, Jemuran, Balcon, K. Mandi Luar",Parkir Motor,,https://mamikos.com/room/kost-kota-bandung-kost-campur-murah-kost-pondok-nadine-tipe-a-bandung-wetan-bandung?redirection_source=landing%20area,-6.907027554349141,107.61601201608062
Kost Eyang Cipju Tipe A Bandung Wetan Bandung,Putra,Rp1.000.000,1000000,Kecamatan Bandung Wetan,Bandung Wetan,"Kost ini berlokasi dekat dengan jalan raya dengan akses yang hanya bisa dilalui oleh motor/sepeda, berlokasi dekat dengan Warteg Abadi (1.8 km), Alfamart (1.3 km), Masjid Al Asy'ari Unisba (2.1 km), Bank BJB Weekend Banking (719 m), Institut Teknologi Nasional Bandung (1.2 km), RS Ibu dan Anak Al Islam (1.5 km).","3 x 3 meter, Tidak termasuk listrik","Kasur, Meja, Lemari / Storage, Ventilasi, Jendela, Kipas Angin","Kloset Duduk, K. Mandi Luar, Wastafel, Shower","WiFi, Kulkas, Penjaga Kos, Mushola, Dapur, Jemuran, CCTV, Balcon, Taman, Joglo","Parkir Mobil, Parkir Motor & Sepeda",,https://mamikos.com/room/kost-kota-bandung-kost-putra-eksklusif-kost-eyang-cipju-tipe-a-bandung-wetan-bandung?redirection_source=landing%20area,-6.906326992530259,107.61760489179002
Kost Macan 43 Tipe Vvip Lengkong Bandung,Putri,Rp1.400.000,1400000,Lengkong,Lengkong,"Kost ini berlokasi dekat dengan jalan raya dengan akses yang hanya bisa dilalui oleh motor/sepeda, berlokasi dekat dengan Warteg Bahari (2.8 km), Alfamart A Yani 419 (3.3 km), Masjid Jami Nurul Falah (232 m), CIMB Niaga (Buah Batu) (907 m), Institut Seni Budaya Indonesia Bandung (1.7 km), RS Ibu dan Anak Kota Bandung (2.0 km).","3.2 x 3.4 meter, Termasuk listrik","Kasur, Meja, Lemari / Storage, Ventilasi, Jendela, Cermin, Kursi","K. Mandi Dalam, Kloset Duduk, Ember mandi, Shower, Air panas","WiFi, R. Tamu, Penjaga Kos, R. Jemur, R. Makan, Dapur, Jemuran, Pengurus Kos, Jual Makanan, Kartu Akses","Parkir Mobil, Parkir Motor, Parkir Sepeda",,https://mamikos.com/room/kost-kota-bandung-kost-putri-eksklusif-kost-macan-43-tipe-vvip-lengkong-bandung?redirection_source=landing%20area,-6.9337579620541865,107.62627101301696
Kost Bu Ella 2 Lengkong Bandung,Putri,Rp1.100.000,1100000,Lengkong,Lengkong,"Kost ini berlokasi dekat dengan jalan raya dengan akses yang hanya bisa dilalui oleh motor/sepeda, berlokasi dekat dengan Warteg Abadi (2.6 km), Alfamart A Yani 419 (3.1 km), Church of Isa Almasih (479 m), Citibank Indonesia (442 m), Universitas Islam Bandung (2.6 km), RS Umum Bungsu (863 m).","3 x 4 meter, Termasuk listrik","Kasur, Meja, Lemari / Storage, Kursi","K. Mandi Dalam, Kloset Jongkok, K. Mandi Luar, Ember mandi, Shower, Air panas","Kulkas, Mesin Cuci, Laundry, R. Tamu, R. Jemur, R. Makan, R. Santai, Dispenser, Dapur, TV","Parkir Motor, Parkir Sepeda",,https://mamikos.com/room/kost-kota-bandung-kost-putri-murah-kost-bu-ella-2-lengkong-bandung?redirection_source=landing%20area,-6.935555908621775,107.62661370186147
Kost Genaka Batununggal Bandung,Putri,Rp760.000,760000,Kecamatan Batununggal,Batununggal,"Kost ini berlokasi dekat dengan jalan raya dengan akses yang hanya bisa dilalui oleh motor/sepeda, berlokasi dekat dengan Warteg Bahari (2.1 km), Alfamart A Yani 419 (1.3 km), Masjid Al Jihad (932 m), Bank BCA KCP Buah Batu (2.4 km), Institut Teknologi Nasional Bandung (2.8 km), RS Ibu dan Anak Al Islam (1.5 km).","3 x 4 meter, Tidak termasuk listrik","Kasur, Lemari / Storage, Bantal","K. Mandi Dalam, Kloset Jongkok, Ember mandi","WiFi, R. Tamu, Dapur","Parkir Motor, Parkir Sepeda, Parkir Motor & Sepeda",,https://mamikos.com/room/kost-kota-bandung-kost-putri-murah-kost-genaka-batununggal-bandung?redirection_source=landing%20area,-6.929463387040373,107.64228558630961
Kost Ilufa Regol Bandung,Campur,Rp2.700.000,2700000,Regol,Regol,"Kost ini berlokasi dekat dengan jalan raya dengan akses yang hanya bisa dilalui oleh motor/sepeda, berlokasi dekat dengan Warteg Bahari (839 m), Circle K (829 m), Church of Isa Almasih (774 m), Institut Seni Budaya Indonesia Bandung (2.1 km), RSU Bhayangkara Tk II Sartika Asih (2.4 km), Bandung Electronic Center (3.0 km).","3.5 x 4 meter, Termasuk listrik","AC, Kasur, Meja, Lemari / Storage, Jendela, Cermin, Kursi","K. Mandi Dalam, Kloset Duduk, Wastafel, Shower, Air panas","Penjaga Kos, R. Jemur, Dapur, Pengurus Kos, CCTV",Parkir Motor,,https://mamikos.com/room/kost-kota-bandung-kost-campur-eksklusif-kost-ilufa-regol-bandung-1?redirection_source=landing%20area,-6.941002506242693,107.61564696025542
Kost Mesri 40 Tipe A Cicendo Bandung,Campur,Rp2.000.000,2000000,Kecamatan Cicendo,Cicendo,"Kost ini berlokasi dekat dengan jalan raya dengan akses yang hanya bisa dilalui oleh motor/sepeda, berlokasi dekat dengan Warteg Abadi (1.3 km), Alfamart (1.3 km), Catholic Church of Our Lady of the Seven Sorrows (894 m), Bank BJB - Kantor Cabang Tamansari (1.1 km), Universitas Islam Bandung (1.0 km), RS Umum Melinda 2 (453 m).","3 x 4 meter, Tidak termasuk listrik","AC, Kasur, Meja, Lemari / Storage, Ventilasi, Jendela, TV Kabel","K. Mandi Dalam, Kloset Duduk, Shower, Air panas","WiFi, Kulkas, R. Makan, Dapur, CCTV","Parkir Mobil, Parkir Motor, Parkir Sepeda, Parkir Motor & Sepeda",,https://mamikos.com/room/kost-kota-bandung-kost-campur-eksklusif-kost-mesri-40-cicendo-bandung-2?redirection_source=landing%20area,-6.902016482045113,107.58782875019224
Kost Ibu Tina Tipe A Cibeunying Kidul Bandung,Putri,Rp900.000,900000,Kecamatan Cibeunying Kidul,Cibeunying Kidul,"Kost ini berlokasi dekat dengan jalan raya dengan akses yang hanya bisa dilalui oleh motor/sepeda, berlokasi dekat dengan Warteg Abadi (3.1 km), Alfamart A Yani 419 (282 m), Masjid Pusdai (1.6 km), Bank Mandiri Bandung Priority Banking Soerapatti (2.5 km), Institut Teknologi Nasional Bandung (1.2 km), RS Umum Santo Yusup (625 m).","3 x 4 meter, Tidak termasuk listrik","Kasur, Lemari / Storage, Ventilasi, Jendela, Guling, Dapur Pribadi, Bantal, Wastafel","K. Mandi Dalam, Kloset Jongkok, Wastafel, Ember mandi","WiFi, R. Cuci, R. Jemur, R. Santai, Dapur, Jemuran, Pengurus Kos, Rooftop, Balcon, Gazebo","Parkir Motor, Parkir Sepeda, Parkir Motor & Sepeda",,https://mamikos.com/room/kost-kota-bandung-kost-putri-murah-kost-ibu-tina-tipe-a-cibeunying-kidul-bandung?redirection_source=landing%20area,-6.898424482860671,107.6490318074666
Kost P House Tipe Deluxe Andir Bandung,Campur,Rp1.150.000,1150000,Kecamatan Andir,Andir,"Kost ini berlokasi dekat dengan jalan raya dengan akses yang hanya bisa dilalui oleh motor/sepeda, berlokasi dekat dengan Rumah Makan Legoh (1.5 km), Circle K (3.1 km), Gereja Kristen Kalam Kudus Pasundan (1.3 km), Bank Syariah Indonesia KC Bandung Suniaraja (72 m), Universitas Islam Bandung (1.4 km), RS Umum Kebonjati (875 m).","3 x 4 meter, Termasuk listrik","Kasur, Lemari / Storage, Ventilasi, Jendela, Wastafel","K. Mandi Dalam, Kloset Duduk, Wastafel, Ember mandi, Shower","WiFi, Laundry, Dapur, Jemuran, CCTV",Parkir Motor,,https://mamikos.com/room/kost-kota-bandung-kost-campur-eksklusif-kost-p-house-tipe-deluxe-andir-bandung-2?redirection_source=landing%20area,-6.90775827762724,107.57014646977542
Kost Asmi Depan Itc Regol Bandung,Campur,Rp750.000,750000,Regol,Regol,"Kost ini berlokasi dekat dengan jalan raya dengan akses yang hanya bisa dilalui oleh motor/sepeda, berlokasi dekat dengan Rumah Makan Cikawao (664 m), Circle K (878 m), Gereja Kristen Kalam Kudus Pasundan (186 m), Bank BJB - Cabang Utama Bandung (975 m), Institut Seni Budaya Indonesia Bandung (2.8 km), RSU Bhayangkara Tk II Sartika Asih (3.2 km).","3 x 4 meter, Tidak termasuk listrik",Jendela,Kloset Jongkok,R. Jemur,Parkir Motor,,https://mamikos.com/room/kost-bandung-kost-campur-murah-kost-asmi-depan-itc-regol-bandung?redirection_source=landing%20area,-6.9403533573470835,107.61316912877857
Kost Pak Edwin Standar Kesambi Cirebon,Campur,Rp1.100.000,1100000,Kesambi,Kesambi,"Kost ini berlokasi dekat dengan jalan raya dengan akses yang hanya bisa dilalui oleh motor/sepeda, berlokasi dekat dengan Warteg Jaya Bahari (1.3 km), Alfamart (3.2 km), Church of Isa Almasih (1.4 km), Bank BJB - Cabang Utama Bandung (1.9 km), Akademi Sekretari Dan Manajemen BSI Bandung (2.2 km), RS Umum Bungsu (2.2 km).","3 x 4 meter, Tidak termasuk listrik",Ventilasi,K. Mandi Luar,"R. Tamu, Dapur, R. Keluarga",Parkir Motor & Sepeda,,https://mamikos.com/room/kost-kota-cirebon-kost-campur-eksklusif-kost-pak-edwin-standar-kesambi-cirebon?redirection_source=landing%20area,-8.653758117835412,115.17134579904871
Kost Srigadis 25 Tipe A Regol Bandung,Campur,Rp1.200.000,1200000,Regol,Regol,"Kost ini berlokasi dekat dengan jalan raya dengan akses yang hanya bisa dilalui oleh motor/sepeda, berlokasi dekat dengan .","7 x 8 meter, Tidak termasuk listrik","Kasur, Meja, Lemari / Storage, Ventilasi, Jendela, Guling, Cermin, Bantal","K. Mandi Dalam, Kloset Duduk, Ember mandi",,,,https://mamikos.com/room/kost-kota-bandung-kost-campur-eksklusif-kost-srigadis-25-tipe-a-regol-bandung-1?redirection_source=landing%20area,-6.94147332471846,107.61452046609939
Kost Macan 43 Tipe Luxury Lengkong Bandung,Putri,Rp2.400.000,2400000,Lengkong,Lengkong,"Kost ini berlokasi dekat dengan jalan raya dengan akses yang hanya bisa dilalui oleh motor/sepeda, berlokasi dekat dengan .","3 x 4 meter, Termasuk listrik",,,,,,https://mamikos.com/room/kost-kota-bandung-kost-putri-eksklusif-kost-macan-43-tipe-luxury-lengkong-bandung?redirection_source=landing%20area,-6.932362960334384,107.62648859723404
Kost Gajah Sebelas Lengkong Bandung,Campur,Rp3.499.999,3499999,Kecamatan Lengkong,Lengkong,"Kost ini berlokasi dekat dengan jalan raya dengan akses yang hanya bisa dilalui oleh motor/sepeda, berlokasi dekat dengan .",,,,,,,https://mamikos.com/room/kost-kota-bandung-kost-campur-eksklusif-kost-gajah-sebelas-lengkong-bandung-2?redirection_source=landing%20area,-6.935985901875767,107.62739862964507
Kost Pondok Umi Asiyah Tipe A Lengkong Bandung,Putri,Rp850.000,850000,Kecamatan Lengkong,Lengkong,"Kost ini berlokasi dekat dengan jalan raya dengan akses yang hanya bisa dilalui oleh motor/sepeda, berlokasi dekat dengan Warteg Bahari (81 m), Alfamart A Yani 419 (3.4 km), Church of Isa Almasih (348 m), Bank BJB - Cabang Utama Bandung (1.3 km), Universitas Islam Bandung (3.0 km), RS Umum Bungsu (1.3 km).","3 x 2.5 meter, Termasuk listrik","Kasur, Meja, Lemari / Storage, Jendela, Guling, Cermin, Bantal, Kursi","Kloset Duduk, Kloset Jongkok, Ember mandi, Shower, Air panas","WiFi, Kulkas, R. Tamu, R. Jemur, Dapur, Jemuran, Pengurus Kos, CCTV, TV",Parkir Motor,,https://mamikos.com/room/kost-kota-bandung-kost-putri-murah-kost-pondok-umi-asiyah-tipe-a-lengkong-bandung-2?redirection_source=landing%20area,-6.933260503845384,107.62582302918685
Kost Otto Residence Tipe A Astanaanyar Bandung,Campur,Rp1.800.000,1800000,Astanaanyar,Astanaanyar,"Kost ini berlokasi dekat dengan jalan raya dengan akses yang hanya bisa dilalui oleh motor/sepeda, berlokasi dekat dengan Warteg Jaya Bahari (211 m), Circle K (534 m), Masjid Raya Bandung (446 m), Bank BJB - Cabang Utama Bandung (905 m), Institut Seni Budaya Indonesia Bandung (3.4 km), Bandung Electronic Center (2.0 km).","4 x 4 meter, Tidak termasuk listrik","AC, Kasur, Meja, Meja Rias, Lemari / Storage, Ventilasi, Jendela, Cermin, Bantal, Wastafel","K. Mandi Dalam, Kloset Duduk, Wastafel, Shower, Air panas","WiFi, R. Jemur, Dapur","Parkir Motor, Parkir Sepeda",,https://mamikos.com/room/kost-kota-bandung-kost-campur-eksklusif-kost-otto-residence-tipe-a-astanaanyar-bandung?redirection_source=landing%20area,-6.93842200216691,107.6009898303695
Kost Surapati Coblong Bandung,Putri,Rp1.750.000,1750000,Coblong,Coblong,"Kost ini berlokasi dekat dengan jalan raya dengan akses yang hanya bisa dilalui oleh motor/sepeda, berlokasi dekat dengan Warteg Abadi (620 m), Alfamart A Yani 419 (3.0 km), Masjid Al-Muttaqin (Gedung Sate) (529 m), Bank Mandiri Bandung Priority Banking Soerapatti (262 m), Universitas Padjadjaran Kampus Dipatiukur (677 m), RS Umum Santo Borromeus (551 m).","3 x 4 meter, Tidak termasuk listrik","Kasur, Meja, Lemari / Storage, Ventilasi, Jendela, Cermin, Kursi","K. Mandi Dalam, Kloset Duduk, Wastafel, Shower, Air panas","WiFi, Kulkas, Mesin Cuci, R. Tamu, Dapur, Jemuran, Balcon, TV","Parkir Motor, Parkir Sepeda",,https://mamikos.com/room/kost-bandung-kost-putri-eksklusif-kost-surapati-coblong?redirection_source=landing%20area,-6.882413801150568,107.6141902406918
Kost Terusan Cisokan Cibeunying Kaler Bandung,Putri,Rp1.350.000,1350000,Cibeunying Kaler,Cibeunying Kaler,"Kost ini berlokasi dekat dengan jalan raya dengan akses yang hanya bisa dilalui oleh motor/sepeda, berlokasi dekat dengan Rumah Makan Boemi Mitoha (804 m), Alfamart A Yani 419 (1.1 km), Masjid Pusdai (834 m), Institut Teknologi Nasional Bandung (652 m), Sinar Abadi Balubur Town Square (2.6 km).","3 x 4 meter, Tidak termasuk listrik","Kasur, Meja, Lemari / Storage, Kursi","K. Mandi Dalam, Kloset Duduk, Shower, Air panas","WiFi, Kulkas, Mesin Cuci, R. Jemur, R. Makan, R. Santai, Dapur, TV",Parkir Motor,,https://mamikos.com/room/kost-kota-bandung-kost-putri-eksklusif-kost-terusan-cisokan-cibeunying-kaler-bandung-2?redirection_source=landing%20area,-6.8880063921392525,107.6291243711859
Kost Mudita Kasih Executive Cicendo Bandung,Campur,Rp1.850.000,1850000,Kecamatan Cicendo,Cicendo,"Kost ini berlokasi dekat dengan jalan raya dengan akses yang hanya bisa dilalui oleh motor/sepeda, berlokasi dekat dengan Warteg Abadi (1.0 km), Alfamart (1.2 km), Masjid Al Asy'ari Unisba (749 m), Bank BJB - Kantor Cabang Tamansari (803 m), Universitas Islam Bandung (777 m), RS Umum Melinda 2 (701 m).","3 x 4 meter, Tidak termasuk listrik","Kasur, Meja, Ventilasi, Jendela, Guling, Cermin, Bantal, Kursi","K. Mandi Dalam, Kloset Duduk, Ember mandi, Shower, Air panas","WiFi, Kulkas, Mesin Cuci, R. Jemur, Dapur, Jemuran, CCTV",Parkir Motor & Sepeda,,https://mamikos.com/room/kost-kota-bandung-kost-campur-eksklusif-kost-mudita-kasih-executive-cicendo-bandung?redirection_source=landing%20area,-6.903326971015449,107.58735796507017
Kost Barokah 32 Tipe A Non AC Astanaanyar Bandung,Campur,Rp950.000,950000,Kecamatan Astanaanyar,Astanaanyar,"Kost ini berlokasi dekat dengan jalan raya dengan akses yang hanya bisa dilalui oleh motor/sepeda, berlokasi dekat dengan Warteg Jaya Bahari (671 m), Circle K (1.4 km), Gereja Kristen Kalam Kudus Pasundan (799 m), Institut Seni Budaya Indonesia Bandung (3.3 km), RS Umum Immanuel Bandung (918 m), Bandung Electronic Center (2.5 km).","3 x 4 meter, Tidak termasuk listrik","Kasur, Lemari / Storage, Ventilasi, Jendela","K. Mandi Dalam, Kloset Jongkok, Ember mandi","WiFi, R. Cuci, R. Jemur, Dapur, Jemuran, CCTV",Parkir Motor,,https://mamikos.com/room/kost-kota-bandung-kost-campur-murah-kost-barokah-32-tipe-a-non-ac-astanaanyar-bandung?redirection_source=landing%20area,-6.937737782049599,107.60471979291016
Kost Otto Residence Tipe B Astanaanyar Bandung,Campur,Rp1.800.000,1800000,Astanaanyar,Astanaanyar,"Kost ini berlokasi dekat dengan jalan raya dengan akses yang hanya bisa dilalui oleh motor/sepeda, berlokasi dekat dengan Warteg Jaya Bahari (211 m), Circle K (534 m), Masjid Raya Bandung (446 m), Bank BJB - Cabang Utama Bandung (905 m), Institut Seni Budaya Indonesia Bandung (3.4 km), Bandung Electronic Center (2.0 km).","3 x 4 meter, Tidak termasuk listrik","AC, Kasur, Meja, Meja Rias, Lemari / Storage, Wastafel, Kursi","K. Mandi Dalam, Kloset Duduk, Wastafel, Shower, Air panas","WiFi, R. Jemur, Dapur, CCTV","Parkir Motor, Parkir Sepeda",,https://mamikos.com/room/kost-kota-bandung-kost-campur-eksklusif-kost-otto-residence-tipe-b-astanaanyar-bandung?redirection_source=landing%20area,-6.938714587368747,107.60325446889685
Kost Sitimunigar Executive Ac Astanaanyar Bandung,Campur,Rp1.700.000,1700000,Kecamatan Astanaanyar,Astanaanyar,"Kost ini berlokasi dekat dengan jalan raya dengan akses masuk mobil, berlokasi dekat dengan Warteg Bahari (1.5 km), Alfamart (2.8 km), Church of Isa Almasih (1.1 km), Bank BJB - Cabang Utama Bandung (1.3 km), Universitas Islam Bandung (2.9 km), RS Umum Bungsu (1.6 km).","4 x 4 meter, Tidak termasuk listrik","AC, Kasur, Meja, Lemari / Storage, Ventilasi, Guling, Bantal, Kursi","K. Mandi Dalam, Kloset Duduk, Ember mandi, Shower","WiFi, Laundry, Penjaga Kos, R. Makan, R. Santai, Dapur, Pengurus Kos, CCTV, Balcon, R. Keluarga","Parkir Motor, Parkir Motor & Sepeda",,https://mamikos.com/room/kost-kota-bandung-kost-campur-eksklusif-kost-sitimunigar-executive-ac-astanaanyar-bandung?redirection_source=landing%20area,-6.937621125206182,107.60475306212989
Kost Nomad Coliving Asia Afrika Deluxe Lengkong Bandung,Campur,Rp2.499.999,2499999,Lengkong,Lengkong,"Kost ini berlokasi dekat dengan jalan raya dengan akses yang hanya bisa dilalui oleh motor/sepeda, berlokasi dekat dengan Warteg Bahari (527 m), Alfamart (3.1 km), Church In Bandung (501 m), Bank BJB - Cabang Utama Bandung (1.1 km), Universitas Islam Bandung (2.7 km), RS Umum Bungsu (1.0 km).","3 x 4 meter, Tidak termasuk listrik","AC, Kasur, Meja, Lemari / Storage, Jendela, Cermin, Bantal, Wastafel, Kursi","K. Mandi Dalam, Kloset Duduk, Wastafel, Shower, Air panas","WiFi, Kulkas, Penjaga Kos, R. Makan, Dapur, Pengurus Kos, CCTV, Rooftop, TV",,,https://mamikos.com/room/kost-kota-bandung-kost-campur-eksklusif-kost-nomad-coliving-asia-afrika-deluxe-lengkong-bandung?redirection_source=landing%20area,-6.932503378154339,107.62531357649895
Kost Mania Regol Bandung,Campur,Rp1.600.000,1600000,Kecamatan Regol,Regol,"Kost ini berlokasi dekat dengan jalan raya dengan akses yang hanya bisa dilalui oleh motor/sepeda, berlokasi dekat dengan Warteg Jaya Bahari (526 m), Circle K (846 m), Gereja Kristen Kalam Kudus Pasundan (494 m), Institut Seni Budaya Indonesia Bandung (3.1 km), RSU Bhayangkara Tk II Sartika Asih (3.3 km), Bandung Electronic Center (2.3 km).","3 x 3 meter, Termasuk listrik","Kasur, Meja, TV, Lemari / Storage, Meja makan","K. Mandi Dalam, Kloset Duduk, Kloset Jongkok, Ember mandi, Shower, Air panas","WiFi, R. Cuci, Kulkas, Mesin Cuci, R. Tamu, Penjaga Kos, R. Jemur, R. Makan, R. Santai, Dispenser","Parkir Motor, Parkir Sepeda, Parkir Motor & Sepeda",,https://mamikos.com/room/kost-kota-bandung-kost-campur-eksklusif-kost-mania-regol-bandung-2?redirection_source=landing%20area,-6.938045748652198,107.61416174933325
Kost Fans Guest House Regol Bandung,Campur,Rp1.750.000,1750000,Regol,Regol,"Kost ini berlokasi dekat dengan jalan raya dengan akses yang hanya bisa dilalui oleh motor/sepeda, berlokasi dekat dengan Gereja Kristen Kalam Kudus Pasundan (671 m), Institut Seni Budaya Indonesia Bandung (2.8 km), RSU Bhayangkara Tk II Sartika Asih (2.8 km), Bandung Electronic Center (2.7 km).","3 x 4 meter, Tidak termasuk listrik","Kasur, Dispenser, Meja, TV, Meja Rias, Lemari / Storage, Kulkas, Ventilasi, Meja makan, Jendela","K. Mandi Dalam, Kloset Duduk, Wastafel, Shower, Air panas","WiFi, R. Cuci, Laundry, R. Tamu, Penjaga Kos, R. Jemur, R. Makan, R. Santai, Dispenser, Jemuran","Parkir Motor, Parkir Sepeda",,https://mamikos.com/room/kost-kota-bandung-kost-campur-eksklusif-kost-fans-guest-house-regol-bandung--2?redirection_source=landing%20area,-6.939427983360545,107.61309006714524
Kost Auliya Tipe B Regol Bandung,Campur,Rp1.800.000,1800000,Regol,Regol,"Kost ini berlokasi dekat dengan jalan raya dengan akses yang hanya bisa dilalui oleh motor/sepeda, berlokasi dekat dengan Warteg Jaya Bahari (783 m), Gereja Kristen Kalam Kudus Pasundan (484 m), Institut Seni Budaya Indonesia Bandung (2.9 km), RS Ibu dan Anak Kota Bandung (562 m), Bandung Electronic Center (2.5 km).","3 x 3 meter, Termasuk listrik","Kasur, Dispenser, Meja, TV, Lemari / Storage, Kulkas, Ventilasi, Meja makan, Jendela, Cermin","K. Mandi Dalam, Kloset Duduk, Kloset Jongkok, K. Mandi Luar, Ember mandi, Shower, Air panas","WiFi, R. Cuci, Kulkas, Mesin Cuci, Laundry, R. Tamu, Penjaga Kos, R. Jemur, R. Makan, R. Santai","Parkir Mobil, Parkir Motor, Parkir Sepeda",,https://mamikos.com/room/kost-kota-bandung-kost-campur-eksklusif-kost-auliya-tipe-b-regol-bandung-1?redirection_source=landing%20area,-6.937940022624171,107.61296819338291
Kost Kejaksaan Tipe Street View Sumur Bandung,Putri,Rp1.200.000,1200000,Sumur Bandung,Sumur Bandung,"Kost ini berlokasi dekat dengan jalan raya dengan akses yang hanya bisa dilalui oleh motor/sepeda, berlokasi dekat dengan Rumah Makan Soto Bali (897 m), Alfamart A Yani 419 (3.3 km), Masjid Raya Bandung (546 m), Bank BJB - Cabang Utama Bandung (172 m), Universitas Padjadjaran Kampus Dipatiukur (2.9 km), Bandung Electronic Center (1.2 km).","2.5 x 3.1 meter, Tidak termasuk listrik","AC, Kasur, Meja, Lemari / Storage, Kursi","Kloset Duduk, K. Mandi Luar, Wastafel, Shower, Air panas","WiFi, Dapur, Pengurus Kos, CCTV, K. Mandi Luar",Parkir Motor,,https://mamikos.com/room/kost-kota-bandung-kost-putri-eksklusif-kost-kejaksaan-tipe-street-view-sumur-bandung-?redirection_source=landing%20area,-6.914110330595128,107.61804281285924
Kost Palapa Cibeunying Kidul Bandung,Putra,Rp1.100.000,1100000,Kecamatan Cibeunying Kidul,Cibeunying Kidul,"Kost ini berlokasi dekat dengan jalan raya dengan akses yang hanya bisa dilalui oleh motor/sepeda, berlokasi dekat dengan Rumah Makan Boemi Mitoha (760 m), Alfamart A Yani 419 (791 m), Masjid Al Jihad (985 m), Bank BJB Weekend Banking (791 m), Universitas Padjadjaran Kampus Dipatiukur (2.4 km), RS Ibu dan Anak Al Islam (751 m).","3 x 4 meter, Termasuk listrik","Kasur, Lemari / Storage","K. Mandi Dalam, Kloset Jongkok, Ember mandi, Shower","R. Jemur, Jemuran, CCTV, Balcon, K. Mandi Luar",Parkir Motor,,https://mamikos.com/room/kost-kota-bandung-kost-putra-eksklusif-kost-palapa-cibeunying-kidul-bandung?redirection_source=landing%20area,-6.898999944972096,107.64824704839113
Kost Sitimunigar Reguler Astanaanyar Bandung,Campur,Rp1.300.000,1300000,Kecamatan Astanaanyar,Astanaanyar,"Kost ini berlokasi dekat dengan jalan raya dengan akses masuk mobil, berlokasi dekat dengan Warteg Bahari (1.5 km), Alfamart (2.8 km), Church of Isa Almasih (1.1 km), Bank BJB - Cabang Utama Bandung (1.3 km), Universitas Islam Bandung (2.9 km), RS Umum Bungsu (1.6 km).","3 x 3 meter, Tidak termasuk listrik","Kasur, Meja, Lemari / Storage, Jendela, Kursi","K. Mandi Dalam, Kloset Duduk, Ember mandi, Shower","WiFi, Laundry, Penjaga Kos, R. Makan, R. Santai, Dapur, Pengurus Kos, CCTV, Balcon, R. Keluarga","Parkir Motor, Parkir Motor & Sepeda",,https://mamikos.com/room/kost-kota-bandung-kost-campur-eksklusif-kost-sitimunigar-reguler-astanaanyar-bandung?redirection_source=landing%20area,-6.93942690504249,107.60270161978828
Kost Casa De Suno Exclusive Cicendo Bandung,Campur,Rp3.000.000,3000000,Cicendo,Cicendo,"Kost ini berlokasi dekat dengan jalan raya dengan akses yang hanya bisa dilalui oleh motor/sepeda, berlokasi dekat dengan Warteg Abadi (979 m), Alfamart (651 m), Masjid Al Asy'ari Unisba (686 m), Bank BJB - Kantor Cabang Tamansari (744 m), Universitas Islam Bandung (685 m), RS Umum Melinda 2 (524 m).","4 x 4 meter, Tidak termasuk listrik","AC, Kasur, Meja, Lemari / Storage, Jendela, Guling, Cermin, Bantal, Wastafel, Kursi","K. Mandi Dalam, Kloset Duduk, Wastafel, Shower, Air panas","WiFi, Kulkas, Penjaga Kos, R. Jemur, R. Makan, Mushola, R. Santai, Dapur, Jemuran, CCTV","Parkir Mobil, Parkir Motor",,https://mamikos.com/room/kost-kota-bandung-kost-campur-eksklusif-kost-casa-de-suno-exclusive-cicendo-bandung?redirection_source=landing%20area,-6.89969860476443,107.58661440655068
Kost Griya Camar Tipe D Lengkong Bandung,Campur,Rp1.200.000,1200000,Lengkong,Lengkong,"Kost ini berlokasi dekat dengan jalan raya dengan akses yang hanya bisa dilalui oleh motor/sepeda, berlokasi dekat dengan Warteg Bahari (1.3 km), Alfamart (2.6 km), Church In Bandung (354 m), Bank BJB - Cabang Utama Bandung (1.4 km), Universitas Islam Bandung (2.5 km), RS Umum Bungsu (1.0 km).","3 x 3 meter, Tidak termasuk listrik","Kasur, Meja, Lemari / Storage, Jendela, Cermin, Bantal, Kursi","Kloset Jongkok, K. Mandi Luar, Ember mandi, Shower","WiFi, R. Cuci, Penjaga Kos, R. Jemur, Dapur, Jemuran, CCTV",Parkir Motor & Sepeda,,https://mamikos.com/room/kost-kota-bandung-kost-campur-eksklusif-kost-griya-camar-tipe-d-lengkong-bandung-2?redirection_source=landing%20area,-6.933438598504273,107.62558942880447
Kost Kelinci 11 AC Lengkong Bandung,Campur,Rp1.250.000,1250000,Kecamatan Lengkong,Lengkong,"Kost ini berlokasi dekat dengan jalan raya dengan akses masuk mobil, berlokasi dekat dengan Warteg Bahari (439 m), Alfamart A Yani 419 (3.2 km), Masjid Jami Nurul Falah (439 m), CIMB Niaga (Buah Batu) (697 m), Akademi Sekretari Dan Manajemen BSI Bandung (318 m), RS Umum Muhammadiyah (430 m).","3 x 3 meter, Tidak termasuk listrik","AC, Kasur, Meja, Lemari / Storage, Kursi","K. Mandi Dalam, Kloset Duduk","WiFi, R. Cuci, Kulkas, R. Tamu, Penjaga Kos, R. Jemur, Dispenser, Dapur, CCTV","Parkir Motor, Parkir Sepeda",,https://mamikos.com/room/kost-kota-bandung-kost-campur-eksklusif-kost-kelinci-11-ac-lengkong-bandung-2?redirection_source=landing%20area,-6.93386555326216,107.62493234165385
Kost Barokah 32 Tipe Ac Astanaanyar Bandung,Campur,Rp1.950.000,1950000,Kecamatan Astanaanyar,Astanaanyar,"Kost ini berlokasi dekat dengan jalan raya dengan akses yang hanya bisa dilalui oleh motor/sepeda, berlokasi dekat dengan Rumah Makan Cikawao (1.3 km), Circle K (1.4 km), Gereja Kristen Kalam Kudus Pasundan (796 m), Bank DBS Indonesia - Djuanda (2.8 km), Universitas Islam Bandung (3.0 km), RS Ibu dan Anak Kota Bandung (163 m).","3 x 7 meter, Tidak termasuk listrik","AC, Kasur, Lemari / Storage, Ventilasi, Jendela, Dapur Pribadi","K. Mandi Dalam, Kloset Duduk, Ember mandi","R. Cuci, Penjaga Kos, R. Jemur, Dapur, Jemuran, Pengurus Kos, K. Mandi Luar",Parkir Motor,,https://mamikos.com/room/kost-kota-bandung-kost-campur-eksklusif-kost-barokah-32-tipe-ac-astanaanyar-bandung-1?redirection_source=landing%20area,-6.938899889704527,107.60134062900387
Kost Berkat Lengkong Bandung,Putri,Rp900.000,900000,Kecamatan Lengkong,Lengkong,"Kost ini berlokasi dekat dengan jalan raya dengan akses yang hanya bisa dilalui oleh motor/sepeda, berlokasi dekat dengan Warteg Bahari (540 m), Alfamart A Yani 419 (3.1 km), Church of Isa Almasih (430 m), Bank BJB - Cabang Utama Bandung (821 m), Universitas Islam Bandung (2.6 km), RS Umum Bungsu (805 m).","3.5 x 4 meter, Tidak termasuk listrik","Kasur, Meja, Meja Rias, Lemari / Storage, Wastafel, Kursi","K. Mandi Dalam, Kloset Duduk, Wastafel, Shower",R. Jemur,"Parkir Motor, Parkir Sepeda",,https://mamikos.com/room/kost-kota-bandung-kost-putri-murah-kost-berkat-lengkong-bandung?redirection_source=landing%20area,-6.933235960520992,107.6273515065281
Kost Bu Enita Cibeunying Kaler Bandung,Campur,Rp550.000,550000,Cibeunying Kaler,Cibeunying Kaler,"Kost ini berlokasi dekat dengan jalan raya dengan akses yang hanya bisa dilalui oleh motor/sepeda, berlokasi dekat dengan Rumah Makan Pondok (796 m), Alfamart Bojong Koneng (1.5 km), Masjid Pusdai (569 m), Universitas Padjadjaran Kampus Dipatiukur (1.6 km), Sinar Abadi Balubur Town Square (2.3 km).","3 x 5 meter, Termasuk listrik","Kasur, Lemari / Storage, Jendela, Cleaning service","Kloset Jongkok, K. Mandi Luar, Ember mandi, Bak mandi","R. Cuci, Penjaga Kos, Mushola, Dapur, Pengurus Kos, K. Mandi Luar","Parkir Motor, Parkir Sepeda",,https://mamikos.com/room/kost-kota-bandung-kost-campur-murah-kost-bu-enita-cibeunying-kaler-bandung?redirection_source=landing%20area,-6.886307245443848,107.63095632056056
Kost Cikawao Lengkong Besar Bandung,Campur,Rp800.000,800000,Lengkong,Lengkong,"Kost ini berlokasi dekat dengan jalan raya dengan akses yang hanya bisa dilalui oleh motor/sepeda, berlokasi dekat dengan Rumah Makan Cikawao (98 m), Alfamart A Yani 419 (3.3 km), Church of Isa Almasih (271 m), Citibank Indonesia (574 m), Akademi Sekretari Dan Manajemen BSI Bandung (940 m), RS Umum Bungsu (898 m).","3 x 3 meter, Tidak termasuk listrik","Kasur, Lemari / Storage","K. Mandi Dalam, Kloset Jongkok, Ember mandi","WiFi, R. Tamu, Penjaga Kos, R. Jemur, R. Makan, R. Santai, Dapur, TV","Parkir Motor, Parkir Sepeda",,https://mamikos.com/room/kost-bandung-kost-campur-murah-kost-cikawao-lengkong-besar-bandung-1?redirection_source=landing%20area,-6.934553842122181,107.62554380038057
Kost Lilia Cozy Room Standard Astanaanyar Bandung,Campur,Rp1.200.000,1200000,Kecamatan Astanaanyar,Astanaanyar,"Kost ini berlokasi dekat dengan jalan raya dengan akses yang hanya bisa dilalui oleh motor/sepeda, berlokasi dekat dengan Warteg Bahari (1.6 km), Alfamart (2.7 km), Church of Isa Almasih (1.2 km), Bank BJB - Cabang Utama Bandung (1.4 km), Universitas Islam Bandung (3.0 km), RS Umum Bungsu (1.8 km).","2.3 x 2.6 meter, Tidak termasuk listrik","Kasur, Meja, Lemari / Storage, Ventilasi, Jendela, Bantal, Kursi","Kloset Duduk, K. Mandi Luar, Wastafel, Ember mandi, Shower","WiFi, R. Cuci, Kulkas, Laundry, R. Tamu, Penjaga Kos, R. Jemur, Dapur, Jemuran, Pengurus Kos","Parkir Motor, Parkir Sepeda, Parkir Motor & Sepeda",,https://mamikos.com/room/kost-kota-bandung-kost-campur-eksklusif-kost-lilia-cozy-room-standard-astanaanyar-bandung-2?redirection_source=landing%20area,-6.939291734920569,107.60194378145853
Kost Bengawan 83 Tipe C1 Bandung Wetan Bandung,Campur,Rp1.250.000,1250000,Kecamatan Bandung Wetan,Bandung Wetan,"Kost ini berlokasi dekat dengan jalan raya dengan akses yang hanya bisa dilalui oleh motor/sepeda, berlokasi dekat dengan Rumah Makan Boemi Mitoha (746 m), Alfamart A Yani 419 (988 m), Masjid Al Jihad (748 m), Bank BJB Weekend Banking (554 m), Universitas Padjadjaran Kampus Dipatiukur (2.4 km), RS Ibu dan Anak Limijati (1.9 km).","3.2 x 3.2 meter, Termasuk listrik","Kasur, Meja, Lemari / Storage, Ventilasi, Jendela, Cermin, Bantal, Kursi, Kipas Angin, Cleaning service","Kloset Duduk, K. Mandi Luar, Shower, Air panas","WiFi, R. Cuci, Kulkas, Mesin Cuci, R. Tamu, Penjaga Kos, R. Jemur, R. Makan, R. Santai, Dispenser","Parkir Mobil, Parkir Motor, Parkir Sepeda",,https://mamikos.com/room/kost-kota-bandung-kost-campur-eksklusif-kost-bengawan-83-tipe-c1-bandung-wetan-bandung-2?redirection_source=landing%20area,-6.905222116325541,107.61504578510653
Kost Griya Camar Tipe E Lengkong Bandung,Campur,Rp1.300.000,1300000,Lengkong,Lengkong,"Kost ini berlokasi dekat dengan jalan raya dengan akses yang hanya bisa dilalui oleh motor/sepeda, berlokasi dekat dengan Warteg Bahari (1.3 km), Alfamart (2.6 km), Church In Bandung (354 m), Bank BJB - Cabang Utama Bandung (1.4 km), Universitas Islam Bandung (2.5 km), RS Umum Bungsu (1.0 km).","3 x 4 meter, Tidak termasuk listrik","Kasur, Meja, Lemari / Storage, Jendela, Cermin, Bantal, Kursi","Kloset Jongkok, K. Mandi Luar, Ember mandi, Shower","WiFi, R. Cuci, Penjaga Kos, R. Jemur, Dapur, Jemuran, CCTV",Parkir Motor & Sepeda,,https://mamikos.com/room/kost-kota-bandung-kost-campur-eksklusif-kost-griya-camar-tipe-e-lengkong-bandung-2?redirection_source=landing%20area,-6.934080112662075,107.62821859464731
Kost Lestari Tipe A Bandung Wetan Bandung,Putri,Rp1.200.000,1200000,Bandung Wetan,Bandung Wetan,"Kost ini berlokasi dekat dengan jalan raya dengan akses yang hanya bisa dilalui oleh motor/sepeda, berlokasi dekat dengan Warteg Abadi (384 m), Alfamart (868 m), Masjid Al Asy'ari Unisba (87 m), Bank BJB - Kantor Cabang Tamansari (138 m), Universitas Islam Bandung (121 m), RS Umum Tk IV 03.07.03Sariningsih (485 m).","3 x 3 meter, Termasuk listrik","Kasur, Lemari / Storage, Ventilasi, Jendela, Cermin","K. Mandi Dalam, Kloset Jongkok, K. Mandi Luar, Ember mandi, Shower","WiFi, R. Cuci, Penjaga Kos, R. Jemur, Jemuran, Pengurus Kos, Jual Makanan, CCTV",,,https://mamikos.com/room/kost-kota-bandung-kost-putri-eksklusif-kost-lestari-tipe-a-bandung-wetan-bandung?redirection_source=landing%20area,-6.90518083301376,107.61677060292769
Kost Faiz Tipe B Sumur Bandung Bandung,Putra,Rp750.000,750000,Kecamatan Sumur Bandung,Sumur Bandung,"Kost ini berlokasi dekat dengan jalan raya dengan akses masuk mobil, berlokasi dekat dengan Rumah Makan Mirasa (616 m), Circle K (3.2 km), Masjid Al Asy'ari Unisba (570 m), Bank Permata (418 m), Universitas Islam Bandung (605 m), RS Khusus Mata Cicendo (303 m).","3 x 3 meter, Termasuk listrik","Kasur, Lemari / Storage","Kloset Duduk, Kloset Jongkok, K. Mandi Luar, Ember mandi, Shower, Air panas","WiFi, K. Mandi Luar","Parkir Motor, Parkir Sepeda",,https://mamikos.com/room/kost-kota-bandung-kost-putra-murah-kost-faiz-tipe-b-sumur-bandung-bandung-2?redirection_source=landing%20area,-6.914872854984833,107.61708128912579
Kost Nomad Coliving Asia Afrika Loft Lengkong Bandung,Campur,Rp2.699.998,2699998,Lengkong,Lengkong,"Kost ini berlokasi dekat dengan jalan raya dengan akses yang hanya bisa dilalui oleh motor/sepeda, berlokasi dekat dengan Warteg Bahari (527 m), Alfamart (3.1 km), Church In Bandung (501 m), Bank BJB - Cabang Utama Bandung (1.1 km), Universitas Islam Bandung (2.7 km), RS Umum Bungsu (1.0 km).","3 x 4 meter, Tidak termasuk listrik","AC, Kasur, Meja, Lemari / Storage, Jendela, Cermin, Bantal, Wastafel, Kursi","K. Mandi Dalam, Kloset Duduk, Wastafel, Shower, Air panas","WiFi, Kulkas, Penjaga Kos, R. Makan, Dapur, Pengurus Kos, CCTV, Rooftop, TV",,,https://mamikos.com/room/kost-kota-bandung-kost-campur-eksklusif-kost-nomad-coliving-asia-afrika-loft-lengkong-bandung?redirection_source=landing%20area,-6.934855547153783,107.62816777439272
Kost 67 Paledang Lengkong Bandung,Putri,Rp1.300.000,1300000,Lengkong,Lengkong,"Kost ini berlokasi dekat dengan jalan raya dengan akses yang hanya bisa dilalui oleh motor/sepeda, berlokasi dekat dengan Alfamart A Yani 419 (3.1 km), Church of Isa Almasih (504 m), Bandung Electronic Center (2.0 km).","3 x 4 meter, Termasuk listrik",Kipas Angin,"K. Mandi Dalam, Kloset Jongkok",WiFi,,,https://mamikos.com/room/kost-kota-bandung-kost-putri-eksklusif-kost-67-paledang-lengkong-bandung-1?redirection_source=landing%20area,-6.935786342613068,107.62512851433412
Kost Sazara Cibeunying Kidul Bandung,Putri,Rp1.000.000,1000000,Cibeunying Kidul,Cibeunying Kidul,"Kost ini berlokasi dekat dengan jalan raya dengan akses yang hanya bisa dilalui oleh motor/sepeda, berlokasi dekat dengan Alfamart Bojong Koneng (944 m), Christian Church Pasundan Awiligar (2.1 km), Institut Teknologi Nasional Bandung (234 m), Sinar Abadi Balubur Town Square (3.0 km).","3 x 4 meter, Termasuk listrik","Kasur, Meja, Lemari / Storage, Jendela, Bantal","K. Mandi Dalam, Kloset Jongkok, K. Mandi Luar, Ember mandi","WiFi, R. Cuci, Kulkas, Penjaga Kos, R. Jemur, Mushola, Dapur, Jemuran, CCTV, Balcon","Parkir Mobil, Parkir Motor, Parkir Sepeda, Parkir Motor & Sepeda",,https://mamikos.com/room/kost-kota-bandung-kost-putri-murah-kost-sazara-cibeunying-kidul-bandung-2?redirection_source=landing%20area,-6.900499947069549,107.65026970389854
Kost P House Tipe Premium Andir Bandung,Campur,Rp1.250.000,1250000,Andir,Andir,"Kost ini berlokasi dekat dengan jalan raya dengan akses yang hanya bisa dilalui oleh motor/sepeda, berlokasi dekat dengan Warteg Abadi (1.6 km), Alfamart (2.0 km), Masjid Al Asy'ari Unisba (1.4 km), Bank BJB - Cabang Utama Bandung (835 m), Universitas Islam Bandung (1.4 km), RS Umum Bungsu (1.1 km).","3 x 4 meter, Termasuk listrik","Kasur, Lemari / Storage, Ventilasi, Jendela, Wastafel","K. Mandi Dalam, Kloset Duduk, Shower","WiFi, Laundry, Dapur, Jemuran, CCTV",Parkir Motor,,https://mamikos.com/room/kost-kota-bandung-kost-campur-eksklusif-kost-p-house-tipe-premium-andir-bandung-2?redirection_source=landing%20area,-6.905916228634969,107.57126073901095
Kost Sitimunigar Reguler Ac Astanaanyar Bandung,Campur,Rp1.500.000,1500000,Kecamatan Astanaanyar,Astanaanyar,"Kost ini berlokasi dekat dengan jalan raya dengan akses masuk mobil, berlokasi dekat dengan Warteg Bahari (1.5 km), Alfamart (2.8 km), Church of Isa Almasih (1.1 km), Bank BJB - Cabang Utama Bandung (1.3 km), Universitas Islam Bandung (2.9 km), RS Umum Bungsu (1.6 km).","3 x 3 meter, Tidak termasuk listrik","AC, Kasur, Meja, Lemari / Storage, Jendela, Kursi","K. Mandi Dalam, Kloset Duduk, Ember mandi, Shower","WiFi, Kulkas, Laundry, Penjaga Kos, R. Jemur, R. Makan, R. Santai, Dapur, Pengurus Kos, CCTV","Parkir Motor, Parkir Motor & Sepeda",,https://mamikos.com/room/kost-kota-bandung-kost-campur-eksklusif-kost-sitimunigar-reguler-ac-astanaanyar-bandung-2?redirection_source=landing%20area,-6.937590911895319,107.60311863971383
Kost Ciguriang 25 Exclusive Regol Bandung,Campur,Rp2.500.000,2500000,Kecamatan Regol,Regol,"Kost ini berlokasi dekat dengan jalan raya dengan akses yang hanya bisa dilalui oleh motor/sepeda, berlokasi dekat dengan Warteg Bahari (1.4 km), Alfamart (3.0 km), Church of Isa Almasih (1.0 km), Bank BJB - Cabang Utama Bandung (817 m), Universitas Islam Bandung (2.4 km), RS Umum Bungsu (1.2 km).","3 x 4 meter, Tidak termasuk listrik","AC, Kasur, Lemari / Storage, Ventilasi, Jendela, Guling, Cermin, Bantal, Wastafel, Kursi","K. Mandi Dalam, Kloset Duduk, Wastafel, Shower, Air panas","WiFi, R. Cuci, Kulkas, Mesin Cuci, Laundry, Penjaga Kos, R. Jemur, R. Santai, Dispenser, Dapur","Parkir Mobil, Parkir Motor, Parkir Sepeda, Parkir Motor & Sepeda",,https://mamikos.com/room/kost-kota-bandung-kost-campur-eksklusif-kost-ciguriang-25-exclusive-regol-bandung?redirection_source=landing%20area,-6.93776692868837,107.61245227486258
Kost Gatsu Bapak Agus Tipe A Gatot Subroto Batununggal Bandung,Putri,Rp1.100.000,1100000,Batununggal,Batununggal,"Kost ini berlokasi dekat dengan jalan raya dengan akses yang hanya bisa dilalui oleh motor/sepeda, berlokasi dekat dengan Warteg Cintaasih (646 m), Alfamart A Yani 419 (2.0 km), Church In Bandung (739 m), Universitas Padjadjaran Kampus Dipatiukur (3.5 km), Bandung Electronic Center (2.6 km).","3 x 4 meter, Tidak termasuk listrik","Kasur, Meja, Meja Rias, Lemari / Storage, Cermin, Bantal, Kipas Angin","K. Mandi Dalam, Kloset Jongkok, Ember mandi, Shower","WiFi, Kulkas, R. Tamu, R. Jemur, R. Makan, Dapur","Parkir Motor, Parkir Sepeda",,https://mamikos.com/room/kost-kota-bandung-kost-putri-murah-kost-gatsu-bpk-agus-gatot-subroto-batununggal-bandung?redirection_source=landing%20area,-6.928517437885081,107.63934742718496
Kost Rania Modern Tipe A1 Regol Bandung,Putri,Rp950.000,950000,Regol,Regol,"Kost ini berlokasi dekat dengan jalan raya dengan akses yang hanya bisa dilalui oleh motor/sepeda, berlokasi dekat dengan Warteg Bahari (876 m), Alfamart (3.2 km), Church of Isa Almasih (449 m), Bank BJB - Cabang Utama Bandung (723 m), Universitas Islam Bandung (2.5 km), RS Umum Bungsu (984 m).","3 x 3 meter, Tidak termasuk listrik","Kasur, Meja, Lemari / Storage, Ventilasi, Jendela, Guling, Cermin, Bantal, Kursi, Kipas Angin","K. Mandi Dalam, Kloset Duduk, Shower","WiFi, R. Jemur, Dispenser, Dapur, Jemuran, Pengurus Kos, K. Mandi Luar","Parkir Motor, Parkir Sepeda",,https://mamikos.com/room/kost-kota-bandung-kost-putri-murah-kost-rania-modern-tipe-a1-regol-bandung-2?redirection_source=landing%20area,-6.939350130788785,107.61199263580922
Kost Jl Macan 9 Lengkong Bandung,Campur,Rp1.400.000,1400000,Kecamatan Lengkong,Lengkong,"Kost ini berlokasi dekat dengan jalan raya dengan akses yang hanya bisa dilalui oleh motor/sepeda, berlokasi dekat dengan Rumah Makan Cikawao (649 m), Alfamart A Yani 419 (3.1 km), Church of Isa Almasih (698 m), Citibank Indonesia (939 m), Universitas Islam Bandung (3.2 km), RS Ibu dan Anak Kota Bandung (2.0 km).","3 x 3 meter, Termasuk listrik","Kasur, Meja, Lemari / Storage, Ventilasi, Jendela, Guling, Cermin, Bantal, Kipas Angin, Cleaning service","Kloset Duduk, K. Mandi Luar, Shower","WiFi, R. Cuci, Kulkas, Mesin Cuci, Laundry, R. Tamu, Penjaga Kos, R. Jemur, R. Makan, R. Santai","Parkir Mobil, Parkir Motor, Parkir Sepeda",,https://mamikos.com/room/kost-kota-bandung-kost-campur-eksklusif-kost-jl-macan-9-lengkong-bandung?redirection_source=landing%20area,-6.935546001049421,107.6246859557785
Kost Faiz Tipe D Sumur Bandung Bandung,Putra,Rp800.000,800000,Kecamatan Sumur Bandung,Sumur Bandung,"Kost ini berlokasi dekat dengan jalan raya dengan akses masuk mobil, berlokasi dekat dengan Rumah Makan Mirasa (616 m), Circle K (3.2 km), Masjid Al Asy'ari Unisba (570 m), Bank Permata (418 m), Universitas Islam Bandung (605 m), RS Khusus Mata Cicendo (303 m).","2.5 x 5 meter, Termasuk listrik","Kasur, Lemari / Storage","Kloset Duduk, K. Mandi Luar, Wastafel, Ember mandi, Shower, Air panas","WiFi, R. Jemur, Jemuran, K. Mandi Luar","Parkir Motor, Parkir Sepeda",,https://mamikos.com/room/kost-kota-bandung-kost-putra-murah-kost-faiz-tipe-d-sumur-bandung-bandung-2?redirection_source=landing%20area,-6.915747558119393,107.61589413832084
Kost Sukamulus Cibeunying Kidul Bandung,Campur,Rp450.000,450000,Cibeunying Kidul,Cibeunying Kidul,"Kost ini berlokasi dekat dengan jalan raya dengan akses yang hanya bisa dilalui oleh motor/sepeda, berlokasi dekat dengan Warteg Abadi (3.1 km), Alfamart A Yani 419 (284 m), Masjid Pusdai (1.6 km), Bank Mandiri Bandung Priority Banking Soerapatti (2.6 km), Institut Teknologi Nasional Bandung (1.2 km), RS Umum Santo Yusup (583 m).","3 x 3 meter, Termasuk listrik","Kasur, Meja, Ventilasi, Jendela, Cermin, Bantal, Cleaning service","Kloset Jongkok, K. Mandi Luar, Ember mandi, Shower, Bak mandi","WiFi, R. Cuci, Penjaga Kos, R. Jemur, Dispenser, Dapur, Jemuran, Pengurus Kos, CCTV, Gazebo","Parkir Mobil, Parkir Motor, Parkir Sepeda",,https://mamikos.com/room/kost-kota-bandung-kost-campur-murah-kost-sukamulus-cibeunying-kidul-bandung?redirection_source=landing%20area,-6.900506988264107,107.65163863987769
Kost Srigadis 25 Tipe Standard Regol Bandung,Campur,Rp1.100.000,1100000,Kecamatan Regol,Regol,"Kost ini berlokasi dekat dengan jalan raya dengan akses yang hanya bisa dilalui oleh motor/sepeda, berlokasi dekat dengan Warteg Bahari (788 m), Circle K (788 m), Church of Isa Almasih (836 m), Institut Seni Budaya Indonesia Bandung (1.9 km), RSU Bhayangkara Tk II Sartika Asih (2.3 km), Bandung Electronic Center (3.1 km).","6 x 4 meter, Tidak termasuk listrik","Kasur, Meja, Lemari / Storage, Ventilasi, Jendela, Guling, Cermin, Bantal","K. Mandi Dalam, Kloset Jongkok, Ember mandi","WiFi, R. Jemur, R. Makan, R. Santai, Dapur, Jemuran","Parkir Motor, Parkir Sepeda",,https://mamikos.com/room/kost-kota-bandung-kost-campur-eksklusif-kost-srigadis-25-tipe-standard-regol-bandung?redirection_source=landing%20area,-6.941390788612083,107.614495950614
Kost Ibu Nola Kebon Manggu Regol Bandung,Campur,Rp650.000,650000,Kecamatan Regol,Regol,"Kost ini berlokasi dekat dengan jalan raya dengan akses yang hanya bisa dilalui oleh motor/sepeda, berlokasi dekat dengan Warteg Bahari (1.5 km), Alfamart (3.0 km), Church of Isa Almasih (1.1 km), Bank BJB - Cabang Utama Bandung (906 m), Universitas Islam Bandung (2.4 km), RS Umum Bungsu (1.3 km).","3 x 4 meter, Termasuk listrik","Kasur, Lemari / Storage, Bantal","Kloset Jongkok, K. Mandi Luar","R. Jemur, Dapur, Jemuran, K. Mandi Luar","Parkir Sepeda, Parkir Motor & Sepeda",,https://mamikos.com/room/kost-kota-bandung-kost-campur-eksklusif-kost-ibu-nola-kebon-manggu-regol-bandung?redirection_source=landing%20area,-6.939876968912763,107.61471638762494
Kost Menimurah Tipe Standart Cibeunying Kaler Bandung,Putri,Rp500.000,500000,Cibeunying Kaler,Cibeunying Kaler,"Kost ini berlokasi dekat dengan jalan raya dengan akses yang hanya bisa dilalui oleh motor/sepeda, berlokasi dekat dengan Warteg Cintaasih (2.3 km), Alfamart Bojong Koneng (1.3 km), Christian Church Pasundan Awiligar (2.1 km), Bank BJB Weekend Banking (1.4 km), Institut Teknologi Nasional Bandung (408 m), RS Ibu dan Anak Al Islam (1.3 km).","2 x 3 meter, Termasuk listrik","Kasur, Meja, Lemari / Storage, Ventilasi, Jendela, Kursi","Kloset Jongkok, K. Mandi Luar, Ember mandi, Bak mandi","WiFi, R. Cuci, R. Tamu, R. Jemur, R. Makan, Dapur, Jemuran, Pengurus Kos, Balcon, R. Keluarga",Parkir Motor,,https://mamikos.com/room/kost-kota-bandung-kost-putri-murah-kost-menimurah-tipe-standart-cibeunying-kaler-bandung?redirection_source=landing%20area,-6.886976517687025,107.63068122884239
Kost Jl.Pajajaran Bandung Wetan,Campur,Rp800.000,800000,Bandung Wetan,Bandung Wetan,"Kost ini berlokasi dekat dengan jalan raya dengan akses jalan raya, berlokasi dekat dengan Rumah Makan Kapau Jaya (565 m), Circle K (3.1 km), Masjid Al Asy'ari Unisba (380 m), Bank BJB - Kantor Cabang Tamansari (428 m), Universitas Islam Bandung (413 m), RS Ibu dan Anak Limijati (799 m).","4 x 4 meter, Termasuk listrik","Kasur, Meja, Lemari / Storage, Jendela, Kursi","Kloset Jongkok, K. Mandi Luar, Bak mandi","Mesin Cuci, R. Jemur, Jemuran, Jual Makanan",Parkir Motor,,https://mamikos.com/room/kost-bandung-kost-campur-murah-kost-jlpajajaran-16-bandung-wetan?redirection_source=landing%20area,-6.905484599615603,107.61703861623512
Kost Muararajeun Lama 1 Tipe C Cibeunying Kaler Bandung,Campur,Rp750.000,750000,Cibeunying Kaler,Cibeunying Kaler,"Kost ini berlokasi dekat dengan jalan raya dengan akses yang hanya bisa dilalui oleh motor/sepeda, berlokasi dekat dengan Warteg Abadi (2.2 km), Alfamart A Yani 419 (1.3 km), Masjid Al Kautsar (2.0 km), Bank Mandiri Bandung Priority Banking Soerapatti (1.5 km), Universitas Padjadjaran Kampus Dipatiukur (1.8 km), RS Umum Santo Borromeus (2.1 km).","3.5 x 2 meter, Termasuk listrik","Kasur, Meja, Lemari / Storage, Ventilasi, Jendela, Bantal","Kloset Jongkok, K. Mandi Luar, Ember mandi","WiFi, R. Cuci, Penjaga Kos, R. Jemur, Jemuran, Pengurus Kos, Jual Makanan, K. Mandi Luar","Parkir Motor, Parkir Sepeda, Parkir Motor & Sepeda",,https://mamikos.com/room/kost-kota-bandung-kost-campur-eksklusif-kost-muararajeun-lama-1-tipe-c-cibeunying-kaler-bandung-2?redirection_source=landing%20area,-6.886474044279527,107.62962495627707
Kost Chantika Marfalia Tipe Standard Regol Bandung,Campur,Rp750.000,750000,Regol,Regol,"Kost ini berlokasi dekat dengan jalan raya dengan akses yang hanya bisa dilalui oleh motor/sepeda, berlokasi dekat dengan Rumah Makan Cikawao (346 m), Circle K (630 m), Church of Isa Almasih (241 m), Bank BJB - Cabang Utama Bandung (912 m), Institut Seni Budaya Indonesia Bandung (2.5 km), RSU Bhayangkara Tk II Sartika Asih (3.2 km).","3 x 3 meter, Termasuk listrik","Kasur, Meja, Lemari / Storage, Ventilasi, Jendela, Guling, Bantal","Kloset Jongkok, K. Mandi Luar, Ember mandi",K. Mandi Luar,Parkir Motor,,https://mamikos.com/room/kost-kota-bandung-kost-campur-murah-kost-chantika-marfalia-tipe-standard-regol-bandung-2?redirection_source=landing%20area,-6.938735816520492,107.61217170082841
Kost Sumarmo 13 Regol Bandung,Putri,Rp850.000,850000,Regol,Regol,"Kost ini berlokasi dekat dengan jalan raya dengan akses yang hanya bisa dilalui oleh motor/sepeda, berlokasi dekat dengan Rumah Makan Cikawao (349 m), Circle K (413 m), Church of Isa Almasih (178 m), Institut Seni Budaya Indonesia Bandung (2.3 km), RSU Bhayangkara Tk II Sartika Asih (2.9 km), Bandung Electronic Center (2.5 km).","3 x 3 meter, Termasuk listrik","Kasur, Lemari / Storage","K. Mandi Dalam, Kloset Jongkok","WiFi, Dapur",Parkir Motor,,https://mamikos.com/room/kost-kota-bandung-kost-putri-murah-kost-sumarmo-13-regol-bandung?redirection_source=landing%20area,-6.9385849920661355,107.61285726124164
Kost Ibu Tina Tipe B Cibeunying Kidul Bandung,Putri,Rp750.000,750000,Kecamatan Cibeunying Kidul,Cibeunying Kidul,"Kost ini berlokasi dekat dengan jalan raya dengan akses yang hanya bisa dilalui oleh motor/sepeda, berlokasi dekat dengan Warteg Abadi (3.1 km), Alfamart A Yani 419 (282 m), Masjid Pusdai (1.6 km), Bank Mandiri Bandung Priority Banking Soerapatti (2.5 km), Institut Teknologi Nasional Bandung (1.2 km), RS Umum Santo Yusup (625 m).","3 x 3 meter, Tidak termasuk listrik","Kasur, Lemari / Storage, Ventilasi, Jendela, Guling, Bantal, Wastafel","Kloset Jongkok, K. Mandi Luar, Wastafel, Ember mandi","WiFi, R. Cuci, R. Jemur, R. Santai, Dapur, Jemuran, Pengurus Kos, Rooftop, Balcon, K. Mandi Luar","Parkir Motor, Parkir Sepeda, Parkir Motor & Sepeda",,https://mamikos.com/room/kost-kota-bandung-kost-putri-murah-kost-ibu-tina-tipe-b-cibeunying-kidul-bandung-2?redirection_source=landing%20area,-6.897918108029899,107.65124114788371
Kost Nur Muhaji Tipe A Batununggal Bandung,Campur,Rp1.200.000,1200000,Batununggal,Batununggal,"Kost ini berlokasi dekat dengan jalan raya dengan akses yang hanya bisa dilalui oleh motor/sepeda, berlokasi dekat dengan Warteg Bahari (2.0 km), Alfamart (2.6 km), Masjid Al Jihad (264 m), Bank BJB - Cabang Utama Bandung (2.2 km), Institut Teknologi Nasional Bandung (2.4 km), RS Ibu dan Anak Al Islam (1.5 km).","4 x 4 meter, Tidak termasuk listrik","Kasur, Lemari / Storage, Ventilasi, Jendela, Guling, Bantal","K. Mandi Dalam, Kloset Duduk, Ember mandi","WiFi, Laundry, Penjaga Kos, Jemuran, Pengurus Kos, CCTV","Parkir Motor, Parkir Motor & Sepeda",,https://mamikos.com/room/kost-kota-bandung-kost-campur-eksklusif-kost-nur-muhaji-tipe-a-batununggal-bandung-2?redirection_source=landing%20area,-6.9300175379368305,107.64212490854263
Kost Akiel Tipe C Regol Bandung,Putri,Rp1.000.000,1000000,Kecamatan Regol,Regol,"Kost ini berlokasi dekat dengan jalan raya dengan akses yang hanya bisa dilalui oleh motor/sepeda, berlokasi dekat dengan Warteg Bahari (930 m), Circle K (911 m), Church of Isa Almasih (740 m), Bank BJB - Cabang Utama Bandung (1.6 km), Universitas Islam Bandung (3.4 km), RS Mata Bandung Eye Center (1.7 km).","3 x 4 meter, Tidak termasuk listrik","Kasur, Meja, TV, Lemari / Storage, Ventilasi, Jendela, Guling, Bantal, Kursi","Kloset Duduk, K. Mandi Luar, Ember mandi, Shower","WiFi, Dispenser, Jemuran",Parkir Motor,,https://mamikos.com/room/kost-kota-bandung-kost-putri-eksklusif-kost-akiel-tipe-c-regol-bandung-2?redirection_source=landing%20area,-6.937651223306705,107.61375262926123
Kost Healthy Rooms Tipe A Astanaanyar Bandung,Putri,Rp900.000,900000,Kecamatan Astanaanyar,Astanaanyar,"Kost ini berlokasi dekat dengan jalan raya dengan akses yang hanya bisa dilalui oleh motor/sepeda, berlokasi dekat dengan Warteg Bahari (1.9 km), Alfamart (3.0 km), Church of Isa Almasih (1.5 km), Bank BJB - Cabang Utama Bandung (1.2 km), Universitas Islam Bandung (2.5 km), RS Umum Bungsu (1.6 km).","3 x 1.5 meter, Termasuk listrik","Kasur, Meja, Lemari / Storage, Ventilasi, Guling, Cermin, Bantal, Kursi","Kloset Duduk, K. Mandi Luar, Air panas","WiFi, Kulkas, Mesin Cuci, Laundry, R. Tamu, R. Jemur, Dapur, Jemuran, Rice Cooker, CCTV","Parkir Motor, Parkir Sepeda, Parkir Motor & Sepeda",,https://mamikos.com/room/kost-kota-bandung-kost-putri-murah-kost-healthy-rooms-tipe-a-astanaanyar-bandung-2?redirection_source=landing%20area,-6.939812099809559,107.60311550830802
Kost Bunda Executive Regol Bandung,Campur,Rp900.000,900000,Kecamatan Regol,Regol,"Kost ini berlokasi dekat dengan jalan raya dengan akses yang hanya bisa dilalui oleh motor/sepeda, berlokasi dekat dengan Warteg Bahari (763 m), Circle K (2.7 km), Church of Isa Almasih (816 m), Bank BCA KCP Buah Batu (1.5 km), Akademi Sekretari Dan Manajemen BSI Bandung (1.2 km), RS Mata Bandung Eye Center (1.3 km).","3 x 3 meter, Tidak termasuk listrik","Kasur, Lemari / Storage, Jendela","Kloset Duduk, Ember mandi","WiFi, Kulkas, Dispenser, Dapur, Jemuran, CCTV",Parkir Motor,,https://mamikos.com/room/kost-kota-bandung-kost-campur-murah-kost-bunda-executive-regol-bandung-2?redirection_source=landing%20area,-6.938636851597661,107.61462090844687
Kost Singgahsini YL Cikawao Tipe C Lengkong Bandung,Putri,Rp1.825.000,1825000,Lengkong,Lengkong,"Kost ini berlokasi dekat dengan jalan raya dengan akses masuk mobil, berlokasi dekat dengan Warteg Bahari (339 m), Indomaret Surapati 55 (3.3 km), Church of Isa Almasih (166 m), Bank BJB - Cabang Utama Bandung (997 m), Universitas Islam Bandung (2.8 km), RS Umum Bungsu (1.1 km).","3 x 3 meter, Termasuk listrik","Kasur, Meja, Lemari / Storage, Jendela, Cermin, Bantal, Kursi","K. Mandi Dalam, Kloset Duduk, Shower, Air panas","WiFi, R. Cuci, Kulkas, Mesin Cuci, R. Tamu, Penjaga Kos, R. Jemur, Dispenser, Dapur, Jemuran",Parkir Motor & Sepeda,,https://mamikos.com/room/kost-kota-bandung-kost-putri-eksklusif-kost-singgahsini-yl-cikawao-tipe-c-lengkong-bandung-2?redirection_source=landing%20area,-6.936099656258002,107.62559266033205
Kost Kadua Homestay Vip Plus Regol Bandung,Campur,Rp1.800.000,1800000,Kecamatan Regol,Regol,"Kost ini berlokasi dekat dengan jalan raya dengan akses yang hanya bisa dilalui oleh motor/sepeda, berlokasi dekat dengan Warteg Bahari (1.0 km), Circle K (2.6 km), Church of Isa Almasih (945 m), Bank BJB - Cabang Utama Bandung (1.8 km), Akademi Sekretari Dan Manajemen BSI Bandung (1.5 km), RS Mata Bandung Eye Center (1.7 km).","3.2 x 3.5 meter, Tidak termasuk listrik","AC, Kasur, Meja, Lemari / Storage, Ventilasi, Jendela, Cermin, Wastafel, Kursi","K. Mandi Dalam, Kloset Duduk, Wastafel, Shower, Air panas","WiFi, Kulkas, R. Tamu, Penjaga Kos, R. Jemur, R. Makan, R. Santai, Dapur, Jemuran, Jual Makanan","Parkir Mobil, Parkir Motor",,https://mamikos.com/room/kost-kota-bandung-kost-campur-eksklusif-kost-kadua-homestay-vip-plus-regol-bandung-2?redirection_source=landing%20area,-6.941538517518916,107.61489276237323
Kost Apik Tamblong 2A Tipe C Asia Afrika Bandung,Campur,Rp1.425.000,1425000,Sumur Bandung,Sumur Bandung,"Kost ini berlokasi dekat dengan jalan raya dengan akses masuk mobil, berlokasi dekat dengan Warteg Bahari (1.1 km), Alfamart A Yani 419 (3.2 km), Masjid Raya Bandung (669 m), Citibank Indonesia (441 m), Universitas Islam Bandung (2.0 km), RS Umum Bungsu (352 m).","3 x 2 meter, Termasuk listrik","Kasur, Meja, Lemari / Storage, Jendela, Bantal, Kursi","K. Mandi Dalam, Kloset Jongkok, Ember mandi","WiFi, Kulkas, R. Tamu, R. Jemur, R. Makan, Dapur, TV, K. Mandi Luar",Parkir Motor,,https://mamikos.com/room/kost-kota-bandung-kost-campur-eksklusif-kost-apik-tamblong-2a-tipe-c-asia-afrika-bandung?redirection_source=landing%20area,-6.916361204242117,107.61877337234286
Kost Kadua Homestay Double Regol Bandung,Campur,Rp2.100.000,2100000,Kecamatan Regol,Regol,"Kost ini berlokasi dekat dengan jalan raya dengan akses yang hanya bisa dilalui oleh motor/sepeda, berlokasi dekat dengan Warteg Bahari (1.0 km), Circle K (2.6 km), Church of Isa Almasih (945 m), Bank BJB - Cabang Utama Bandung (1.8 km), Akademi Sekretari Dan Manajemen BSI Bandung (1.5 km), RS Mata Bandung Eye Center (1.7 km).","3 x 4 meter, Tidak termasuk listrik","AC, Kasur, Meja, Lemari / Storage, Kulkas, Ventilasi, Jendela, Cermin, Wastafel, Kursi","K. Mandi Dalam, Kloset Duduk, Wastafel, Shower, Air panas","WiFi, Kulkas, R. Tamu, Penjaga Kos, R. Jemur, R. Makan, R. Santai, Dapur, Jemuran, Jual Makanan",Parkir Motor,,https://mamikos.com/room/kost-kota-bandung-kost-campur-eksklusif-kost-kadua-homestay-double-regol-bandung-2?redirection_source=landing%20area,-6.940114498469846,107.61453215204052
Kost Ama House Tipe Standar Regol Bandung,Putri,Rp1.500.000,1500000,Regol,Regol,"Kost ini berlokasi dekat dengan jalan raya dengan akses yang hanya bisa dilalui oleh motor/sepeda, berlokasi dekat dengan Warteg Bahari (866 m), Alfamart (2.9 km), Church of Isa Almasih (569 m), Bank BJB - Cabang Utama Bandung (1.3 km), Universitas Islam Bandung (3.1 km), RS Umum Bungsu (1.5 km).","3 x 4 meter, Tidak termasuk listrik","Kasur, Meja, Lemari / Storage, Ventilasi, Kursi","K. Mandi Dalam, Kloset Duduk, Ember mandi, Shower","WiFi, R. Tamu, Penjaga Kos, R. Jemur, Dapur, Pengurus Kos, CCTV, Rooftop, Balcon","Parkir Mobil, Parkir Motor",,https://mamikos.com/room/kost-kota-bandung-kost-putri-eksklusif-kost-ama-house-tipe-standar-regol-bandung-2?redirection_source=landing%20area,-6.939037322673452,107.6142449032158
Kost Apik Tamblong 2A Tipe B Asia Afrika Bandung,Campur,Rp1.425.000,1425000,Sumur Bandung,Sumur Bandung,"Kost ini berlokasi dekat dengan jalan raya dengan akses masuk mobil, berlokasi dekat dengan Warteg Bahari (1.1 km), Alfamart A Yani 419 (3.2 km), Masjid Raya Bandung (669 m), Citibank Indonesia (441 m), Universitas Islam Bandung (2.0 km), RS Umum Bungsu (352 m).","3 x 3 meter, Termasuk listrik","Kasur, Meja, Lemari / Storage, Jendela, Bantal, Kursi","K. Mandi Dalam, Kloset Duduk, Ember mandi","WiFi, Kulkas, R. Tamu, R. Jemur, R. Makan, Dapur, TV, K. Mandi Luar",Parkir Motor,,https://mamikos.com/room/kost-kota-bandung-kost-campur-eksklusif-kost-apik-tamblong-2a-tipe-b-asia-afrika-bandung?redirection_source=landing%20area,-6.915227906143396,107.6178514830461
Kost Singgahsini YL Cikawao Tipe E Lengkong Bandung,Putri,Rp1.275.000,1275000,Lengkong,Lengkong,"Kost ini berlokasi dekat dengan jalan raya dengan akses masuk mobil, berlokasi dekat dengan Warteg Bahari (339 m), Indomaret Surapati 55 (3.3 km), Church of Isa Almasih (166 m), Bank BJB - Cabang Utama Bandung (997 m), Universitas Islam Bandung (2.8 km), RS Umum Bungsu (1.1 km).","3.2 x 2.5 meter, Termasuk listrik","Kasur, Meja, Lemari / Storage, Jendela, Cermin, Bantal","K. Mandi Dalam, Kloset Duduk, Shower, Air panas","WiFi, R. Cuci, Kulkas, Mesin Cuci, R. Tamu, Penjaga Kos, R. Jemur, Dispenser, Dapur, Jemuran",Parkir Motor & Sepeda,,https://mamikos.com/room/kost-kota-bandung-kost-putri-eksklusif-kost-singgahsini-yl-cikawao-tipe-e-lengkong-bandung-2?redirection_source=landing%20area,-6.932948654310739,107.62610086274093
Kost Apik Tamblong 2A Tipe A Asia Afrika Bandung,Campur,Rp1.525.000,1525000,Sumur Bandung,Sumur Bandung,"Kost ini berlokasi dekat dengan jalan raya dengan akses masuk mobil, berlokasi dekat dengan Warteg Bahari (1.1 km), Alfamart A Yani 419 (3.2 km), Masjid Raya Bandung (669 m), Citibank Indonesia (441 m), Universitas Islam Bandung (2.0 km), RS Umum Bungsu (352 m).","3 x 3 meter, Termasuk listrik","Kasur, Meja, Lemari / Storage, Jendela, Bantal, Kursi",,"WiFi, Kulkas, R. Tamu, R. Jemur, R. Makan, Dapur, TV, K. Mandi Luar",Parkir Motor,,https://mamikos.com/room/kost-kota-bandung-kost-campur-eksklusif-kost-apik-tamblong-2a-tipe-a-asia-afrika-bandung?redirection_source=landing%20area,-6.9137383891937745,107.61815119235419
Kost Yasin Batununggal Bandung,Putri,Rp700.000,700000,Batununggal,Batununggal,"Kost ini berlokasi dekat dengan jalan raya dengan akses yang hanya bisa dilalui oleh motor/sepeda, berlokasi dekat dengan Warteg Bahari (1.9 km), Alfamart A Yani 419 (2.5 km), Gereja Katolik Hati Tak Bernoda Santa Perawan Maria (1.4 km), Bank BCA KCP Buah Batu (1.4 km), Sekolah Tinggi Ilmu Ekonomi Pasundan (106 m), RS Mata Bandung Eye Center (1.4 km).","3 x 3 meter, Termasuk listrik","Kasur, Meja, Lemari / Storage, Ventilasi, Jendela, Bantal, Kursi","Kloset Jongkok, K. Mandi Luar, Ember mandi","WiFi, R. Tamu, R. Jemur, Jemuran, Pengurus Kos, Taman, TV, K. Mandi Luar","Parkir Motor, Parkir Sepeda",,https://mamikos.com/room/kost-kota-bandung-kost-putri-murah-kost-yasin-batununggal-bandung-2?redirection_source=landing%20area,-6.929263749474124,107.63916906217456
Kost Ibu Reni Tipe A Lengkong Bandung,Campur,Rp1.000.000,1000000,Kecamatan Lengkong,Lengkong,"Kost ini berlokasi dekat dengan jalan raya dengan akses yang hanya bisa dilalui oleh motor/sepeda, berlokasi dekat dengan Warteg Bahari (458 m), Alfamart (3.3 km), Church of Isa Almasih (151 m), Bank BJB - Cabang Utama Bandung (890 m), Universitas Islam Bandung (2.7 km), RS Umum Bungsu (985 m).","3 x 3 meter, Tidak termasuk listrik","Kasur, Lemari / Storage, Jendela, Cermin, Bantal","K. Mandi Dalam, Kloset Jongkok","WiFi, Penjaga Kos, Jemuran, Pengurus Kos, CCTV, Balcon",Parkir Motor,,https://mamikos.com/room/kost-kota-bandung-kost-campur-eksklusif-kost-ibu-reni-tipe-a-lengkong-bandung?redirection_source=landing%20area,-6.933467134572161,107.62641046365303
Kost Apik Sukarta Tipe A Tegallega Bandung,Putra,Rp975.000,975000,Kecamatan Regol,Regol,"Kost ini berlokasi dekat dengan jalan raya dengan akses masuk mobil, berlokasi dekat dengan Rumah Makan Bungo Tanjung (3.2 km), Circle K (1.4 km), Church of Isa Almasih (640 m), Bank BRI KCP Simpang Buah Batu (2.8 km), Universitas Islam Bandung (3.3 km), RS Khusus Mata Cicendo (2.6 km).","2.7 x 2.1 meter, Termasuk listrik","Kasur, Lemari / Storage, Ventilasi, Jendela, Bantal","Kloset Duduk, K. Mandi Luar, Ember mandi, Shower, Bak mandi","WiFi, R. Cuci, Kulkas, Mesin Cuci, R. Tamu, Penjaga Kos, R. Jemur, R. Makan, R. Santai, Dispenser",Parkir Motor & Sepeda,,https://mamikos.com/room/kost-kota-bandung-kost-putra-murah-kost-apik-sukarta-tipe-a-tegallega-bandung?redirection_source=landing%20area,-6.938966085573913,107.61456918526135
Kost Apik Emji Kotabaru Tipe A Regol Bandung,Campur,Rp1.275.000,1275000,Kecamatan Regol,Regol,"Kost ini berlokasi dekat dengan jalan raya dengan akses masuk mobil, berlokasi dekat dengan Warteg Bahari (900 m), Circle K (1.6 km), Church of Isa Almasih (747 m), Bank Muamalat (2.8 km), Universitas Islam Bandung (3.4 km), RS Khusus Mata Cicendo (2.7 km).","3 x 4 meter, Termasuk listrik","Kasur, Lemari / Storage, Ventilasi, Jendela, Bantal","K. Mandi Dalam, Kloset Duduk, Ember mandi","WiFi, Penjaga Kos, R. Jemur, R. Makan, Dapur, CCTV","Parkir Motor, Parkir Sepeda",,https://mamikos.com/room/kost-kota-bandung-kost-campur-eksklusif-kost-apik-emji-kotabaru-tipe-a-regol-bandung-1?redirection_source=landing%20area,-6.939645199324464,107.61514097095107
Kost Pondok Hijau Tipe A Astanaanyar Bandung,Putri,Rp750.000,750000,Astanaanyar,Astanaanyar,"Kost ini berlokasi dekat dengan jalan raya dengan akses yang hanya bisa dilalui oleh motor/sepeda, berlokasi dekat dengan Warteg Jaya Bahari (1.4 km), Circle K (2.0 km), Gereja Kristen Kalam Kudus Pasundan (1.2 km), Sekolah Tinggi Ilmu Kesehatan Immanuel Bandung (666 m), RS Umum Immanuel Bandung (630 m), Bandung Electronic Center (3.2 km).","3 x 3 meter, Termasuk listrik","Kasur, Lemari / Storage, Jendela, Bantal","Kloset Jongkok, K. Mandi Luar, Ember mandi, Bak mandi","WiFi, R. Cuci, Kulkas, R. Tamu, Penjaga Kos, R. Jemur, Dapur, CCTV, K. Mandi Luar","Parkir Motor, Parkir Sepeda",,https://mamikos.com/room/kost-kota-bandung-kost-putri-murah-kost-pondok-hijau-tipe-a-astanaanyar-bandung?redirection_source=landing%20area,-6.937766305917268,107.60208058994472
Kost Pondok Karapitan VIP Lengkong Bandung,Campur,Rp1.100.000,1100000,Kecamatan Lengkong,Lengkong,"Kost ini berlokasi dekat dengan jalan raya dengan akses yang hanya bisa dilalui oleh motor/sepeda, berlokasi dekat dengan Warteg Bahari (481 m), Alfamart (3.1 km), Church In Bandung (550 m), Bank BJB - Cabang Utama Bandung (1.0 km), Universitas Islam Bandung (2.7 km), RS Umum Bungsu (952 m).","2.5 x 5 meter, Tidak termasuk listrik","Kasur, Lemari / Storage, Bantal","K. Mandi Dalam, Kloset Jongkok","WiFi, Penjaga Kos, R. Jemur, Jemuran, CCTV","Parkir Motor, Parkir Sepeda",,https://mamikos.com/room/kost-kota-bandung-kost-campur-eksklusif-kost-pondok-karapitan-vip-lengkong-bandung?redirection_source=landing%20area,-6.934513116275906,107.62805159151073
Kost 5B Ancol Tipe A Regol Bandung,Campur,Rp750.000,750000,Regol,Regol,"Kost ini berlokasi dekat dengan jalan raya dengan akses yang hanya bisa dilalui oleh motor/sepeda, berlokasi dekat dengan Rumah Makan Cikawao (650 m), Circle K (1.6 km), Masjid Jami Nurul Falah (483 m), CIMB Niaga (Buah Batu) (1.1 km), Universitas Islam Bandung (3.4 km), RS Ibu dan Anak Kota Bandung (1.6 km).","3 x 3 meter, Termasuk listrik","Kasur, Jendela","K. Mandi Dalam, Kloset Jongkok, Ember mandi","R. Tamu, Penjaga Kos, R. Jemur, Jemuran, CCTV, Balcon","Parkir Motor, Parkir Sepeda",,https://mamikos.com/room/kost-kota-bandung-kost-campur-murah-kost-5b-ancol-tipe-a-regol-bandung?redirection_source=landing%20area,-6.939300748568321,107.61232505292824
Kost Seven Tamim Otista Andir Bandung,Campur,Rp1.700.000,1700000,Andir,Andir,"Kost ini berlokasi dekat dengan jalan raya dengan akses yang hanya bisa dilalui oleh motor/sepeda, berlokasi dekat dengan Warteg Jaya Bahari (591 m), Circle K (3.2 km), Masjid Raya Bandung (443 m), Bank Syariah Indonesia KC Bandung Suniaraja (361 m), Universitas Padjadjaran Kampus Dipatiukur (3.2 km), Bandung Electronic Center (1.3 km).","3 x 3.5 meter, Tidak termasuk listrik","AC, Kasur, Ventilasi, Jendela, Kursi, Kipas Angin, Cleaning service","K. Mandi Dalam, Kloset Duduk, Shower, Air panas","WiFi, R. Cuci, Laundry, Penjaga Kos, R. Jemur, R. Santai, Dapur, Jemuran, Pengurus Kos, CCTV","Parkir Motor, Parkir Sepeda",,https://mamikos.com/room/kost-kota-bandung-kost-campur-eksklusif-kost-seven-tamim-otista-andir-bandung?redirection_source=landing%20area,-6.905474448820802,107.57161727012009
Kost Bu Ena Tipe A1 Lengkong Bandung,Putri,Rp1.300.000,1300000,Kecamatan Lengkong,Lengkong,"Kost ini berlokasi dekat dengan jalan raya dengan akses yang hanya bisa dilalui oleh motor/sepeda, berlokasi dekat dengan Warteg Bahari (479 m), Alfamart A Yani 419 (3.1 km), Church of Isa Almasih (401 m), Bank BJB - Cabang Utama Bandung (880 m), Universitas Islam Bandung (2.6 km), RS Umum Bungsu (867 m).","3 x 3 meter, Tidak termasuk listrik","Kasur, Lemari / Storage, Ventilasi, Jendela, Guling, Cermin, Bantal, TV Kabel, Kipas Angin","K. Mandi Dalam, Kloset Duduk, Kloset Jongkok, Ember mandi, Shower, Air panas","WiFi, Kulkas, Penjaga Kos, Dispenser, Dapur, Jemuran, Jual Makanan, CCTV",Parkir Motor & Sepeda,,https://mamikos.com/room/kost-kota-bandung-kost-putri-eksklusif-kost-bu-ena-tipe-a1-lengkong-bandung?redirection_source=landing%20area,-6.935172681611879,107.62595681905329
Kost Kristi 2 Bandung Wetan Bandung,Putri,Rp950.000,950000,Kecamatan Bandung Wetan,Bandung Wetan,"Kost ini berlokasi dekat dengan jalan raya dengan akses yang hanya bisa dilalui oleh motor/sepeda, berlokasi dekat dengan Warteg Abadi (573 m), Alfamart (1.0 km), Masjid Al Asy'ari Unisba (302 m), Bank BJB - Kantor Cabang Tamansari (347 m), Universitas Islam Bandung (335 m), RS Umum Tk IV 03.07.03Sariningsih (504 m).","3 x 3 meter, Tidak termasuk listrik","Kasur, Lemari / Storage",K. Mandi Luar,"WiFi, R. Tamu, Penjaga Kos, Dapur, K. Mandi Luar","Parkir Motor, Parkir Sepeda",,https://mamikos.com/room/kost-kota-bandung-kost-putri-murah-kost-kristi-2-bandung-wetan-bandung-2?redirection_source=landing%20area,-6.907076928462402,107.61544572510387
Kost 46 A Bandung Wetan Bandung,Putri,Rp800.000,800000,Kecamatan Bandung Wetan,Bandung Wetan,"Kost ini berlokasi dekat dengan jalan raya dengan akses yang hanya bisa dilalui oleh motor/sepeda, berlokasi dekat dengan Warteg Abadi (291 m), Alfamart (655 m), Masjid Al Asy'ari Unisba (325 m), Bank BJB - Kantor Cabang Tamansari (296 m), Universitas Islam Bandung (290 m), RS Umum Tk IV 03.07.03Sariningsih (711 m).","3 x 4 meter, Termasuk listrik","Ventilasi, Jendela","Kloset Duduk, K. Mandi Luar","WiFi, Penjaga Kos, Dapur, Pengurus Kos, Jual Makanan, Taman, K. Mandi Luar",Parkir Motor,,https://mamikos.com/room/kost-kota-bandung-kost-putri-murah-kost-46-a-bandung-wetan-bandung-2?redirection_source=landing%20area,-6.903449565761784,107.61735071663617
Kost Daffa Cibeunying Kaler Bandung,Putra,Rp625.000,625000,Cibeunying Kaler,Cibeunying Kaler,"Kost ini berlokasi dekat dengan jalan raya dengan akses yang hanya bisa dilalui oleh motor/sepeda, berlokasi dekat dengan Warteg Cintaasih (2.2 km), Alfamart (1.0 km), Christian Church Pasundan Awiligar (2.2 km), Bank BJB Weekend Banking (1.2 km), Institut Teknologi Nasional Bandung (647 m), RS Ibu dan Anak Al Islam (1.4 km).","2 x 3 meter, Termasuk listrik","Kasur, Lemari / Storage, Jendela, Guling, Bantal","Kloset Jongkok, K. Mandi Luar, Ember mandi","WiFi, R. Tamu, Penjaga Kos, R. Jemur, Jemuran, Jual Makanan, Balcon, K. Mandi Luar","Parkir Motor, Parkir Sepeda",,https://mamikos.com/room/kost-kota-bandung-kost-putra-murah-kost-daffa-cibeunying-kaler-bandung-1?redirection_source=landing%20area,-6.884498261790351,107.62979030297193
Kost H Mesri Cicendo Bandung,Putri,Rp1.350.000,1350000,Cicendo,Cicendo,"Kost ini berlokasi dekat dengan jalan raya dengan akses yang hanya bisa dilalui oleh motor/sepeda, berlokasi dekat dengan Warteg Abadi (1.3 km), Circle K (2.5 km), Masjid Al Arief (1.6 km), Bank Syariah Indonesia KC Bandung Suniaraja (800 m), Universitas Islam Bandung (1.0 km), RS Umum Santosa Hospital Bandung Central (661 m).","3.5 x 2 meter, Tidak termasuk listrik","Kasur, Meja, Lemari / Storage, Ventilasi, Jendela, Bantal, Kursi","K. Mandi Dalam, Kloset Duduk, Wastafel, Shower","WiFi, R. Tamu, Dispenser, Dapur, Jemuran","Parkir Mobil, Parkir Motor, Parkir Sepeda",,https://mamikos.com/room/kost-kota-bandung-kost-putri-eksklusif-kost-h-mesri-cicendo-bandung-2?redirection_source=landing%20area,-6.901527005719192,107.5852715526629
Kost Winwin Tipe A Lengkong Bandung,Putri,Rp800.000,800000,Kecamatan Lengkong,Lengkong,"Kost ini berlokasi dekat dengan jalan raya dengan akses yang hanya bisa dilalui oleh motor/sepeda, berlokasi dekat dengan Warteg Bahari (646 m), Circle K (677 m), Masjid Al Waritsin (535 m), CIMB Niaga (Buah Batu) (568 m), Akademi Sekretari Dan Manajemen BSI Bandung (644 m), Bandung Electronic Center (3.2 km).","3 x 3 meter, Termasuk listrik","Kasur, Meja, Lemari / Storage, Ventilasi, Jendela, Cermin, Bantal","Kloset Duduk, Kloset Jongkok, K. Mandi Luar, Bak mandi","Kulkas, R. Tamu, R. Jemur, R. Makan, Mushola, Dapur, Jemuran, Pengurus Kos, Taman, K. Mandi Luar",Parkir Motor,,https://mamikos.com/room/kost-kota-bandung-kost-putri-murah-kost-winwin-tipe-a-lengkong-bandung?redirection_source=landing%20area,-6.934849150727621,107.62791263358454
Kost Gedung Putih 2 Lengkong Bandung,Campur,Rp2.000.000,2000000,Kecamatan Lengkong,Lengkong,"Kost ini berlokasi dekat dengan jalan raya dengan akses yang hanya bisa dilalui oleh motor/sepeda, berlokasi dekat dengan Warteg Bahari (517 m), Alfamart A Yani 419 (3.2 km), Masjid Al Waritsin (331 m), CIMB Niaga (Buah Batu) (213 m), Akademi Sekretari Dan Manajemen BSI Bandung (589 m), Bandung Electronic Center (3.5 km).","3 x 4 meter, Tidak termasuk listrik","AC, Kasur, Meja, Lemari / Storage, Ventilasi, Jendela, Cermin, Bantal, Wastafel, Kursi","K. Mandi Dalam, Kloset Duduk, Wastafel, Shower, Air panas","WiFi, R. Cuci, Kulkas, Laundry, Penjaga Kos, R. Jemur, R. Makan, R. Santai, Dispenser, Dapur","Parkir Mobil, Parkir Motor, Parkir Sepeda",,https://mamikos.com/room/kost-kota-bandung-kost-campur-eksklusif-kost-gedung-putih-2-lengkong-bandung-1?redirection_source=landing%20area,-6.932388638876201,107.62690141205374
Kost 78D Tipe A Regol Bandung,Putri,Rp1.350.000,1350000,Regol,Regol,"Kost ini berlokasi dekat dengan jalan raya dengan akses jalan raya, berlokasi dekat dengan Rumah Makan Cikawao (889 m), Circle K (819 m), Gereja Kristen Kalam Kudus Pasundan (342 m), Citibank Indonesia (1.4 km), Sekolah Tinggi Ilmu Kesehatan Immanuel Bandung (1.4 km), RS Khusus Mata Cicendo (2.0 km).","5 x 4 meter, Tidak termasuk listrik","Kasur, Meja, Lemari / Storage, Jendela, Guling, Bantal, Kursi","K. Mandi Dalam, Kloset Duduk","WiFi, Penjaga Kos, R. Jemur, R. Santai, Dapur, Jemuran, CCTV, Balcon","Parkir Motor, Parkir Sepeda, Parkir Motor & Sepeda",,https://mamikos.com/room/kost-kota-bandung-kost-putri-eksklusif-kost-78d-tipe-a-regol-bandung?redirection_source=landing%20area,-6.941257903375025,107.61287804695198
Kost Mahameru Co Living Suite Cibeunying Kidul Bandung,Campur,Rp2.500.000,2500000,Kecamatan Cibeunying Kidul,Cibeunying Kidul,"Kost ini berlokasi dekat dengan jalan raya dengan akses masuk mobil, berlokasi dekat dengan Warteg Bahari (2.8 km), Alfamart (2.4 km), Masjid Al Jihad (592 m), Bank BJB - Cabang Utama Bandung (2.8 km), Institut Teknologi Nasional Bandung (1.6 km), RS Ibu dan Anak Al Islam (642 m).","3 x 4 meter, Tidak termasuk listrik","AC, Kasur, Dispenser, Meja, TV, Lemari / Storage, Jendela, Guling, Cermin, Bantal","Kloset Duduk, Kloset Jongkok, K. Mandi Luar, Wastafel, Shower, Air panas","WiFi, R. Cuci, Kulkas, Penjaga Kos, R. Jemur, R. Santai, Dispenser, Dapur, Jemuran, Pengurus Kos","Parkir Mobil, Parkir Motor & Sepeda",,https://mamikos.com/room/kost-kota-bandung-kost-campur-eksklusif-kost-mahameru-co-living-suite-cibeunying-kidul-bandung?redirection_source=landing%20area,-6.899919070709625,107.64986292235302
Kost Maleer 14 Tipe B Batununggal Bandung,Putri,Rp1.600.000,1600000,Batununggal,Batununggal,"Kost ini berlokasi dekat dengan jalan raya dengan akses yang hanya bisa dilalui oleh motor/sepeda, berlokasi dekat dengan Rumah Makan Amanah (744 m), Alfamart A Yani 419 (1.7 km), Masjid Al Jihad (1.2 km), Sekolah Tinggi Ilmu Ekonomi Pasundan (784 m).","4 x 6 meter, Termasuk listrik",Kasur,"K. Mandi Dalam, Kloset Duduk, Ember mandi, Shower, Air panas, Bak mandi","WiFi, Kulkas, R. Tamu, Penjaga Kos, R. Jemur, Dispenser, Dapur, Balcon, Taman","Parkir Mobil, Parkir Motor, Parkir Sepeda",,https://mamikos.com/room/kost-kota-bandung-kost-putri-eksklusif-kost-maleer-14-tipe-b-batununggal-bandung?redirection_source=landing%20area,-6.928229026143748,107.64059068071701
Kost The Yellow House I Lengkong Bandung,Putri,Rp700.000,700000,Kecamatan Lengkong,Lengkong,"Kost ini berlokasi dekat dengan jalan raya dengan akses yang hanya bisa dilalui oleh motor/sepeda, berlokasi dekat dengan Warteg Bahari (2.0 km), Alfamart (2.6 km), Gereja Isa Almasih (732 m), Bank BCA KCP Buah Batu (1.4 km), Sekolah Tinggi Ilmu Ekonomi Pasundan (51 m), RS Mata Bandung Eye Center (1.4 km).","2 x 2 meter, Termasuk listrik","Kasur, Meja, Lemari / Storage","Kloset Duduk, K. Mandi Luar, Wastafel, Ember mandi, Shower","WiFi, Kulkas, R. Santai, Dispenser, Dapur, Jemuran, Balcon",Parkir Motor,,https://mamikos.com/room/kost-kota-bandung-kost-putri-murah-kost-the-yellow-house-i-lengkong-bandung?redirection_source=landing%20area,-6.935504276133148,107.62559166909334
Kost Pondok Nadine Tipe A Bandung Wetan Bandung,Campur,Rp850.000,850000,Kecamatan Bandung Wetan,Bandung Wetan,"Kost ini berlokasi dekat dengan jalan raya dengan akses yang hanya bisa dilalui oleh motor/sepeda, berlokasi dekat dengan Warteg Abadi (521 m), Alfamart (606 m), Masjid Al Asy'ari Unisba (255 m), Bank BJB - Kantor Cabang Tamansari (303 m), Universitas Islam Bandung (242 m), RS Umum Tk IV 03.07.03Sariningsih (753 m).","3 x 4 meter, Tidak termasuk listrik","Kasur, Lemari / Storage","Kloset Jongkok, K. Mandi Luar","WiFi, R. Tamu, R. Jemur, Dapur, Jemuran, Balcon, K. Mandi Luar",Parkir Motor,,https://mamikos.com/room/kost-kota-bandung-kost-campur-murah-kost-pondok-nadine-tipe-a-bandung-wetan-bandung?redirection_source=landing%20area,-6.905991168177276,107.61795380263982
Kost Eyang Cipju Tipe A Bandung Wetan Bandung,Putra,Rp1.000.000,1000000,Kecamatan Bandung Wetan,Bandung Wetan,"Kost ini berlokasi dekat dengan jalan raya dengan akses yang hanya bisa dilalui oleh motor/sepeda, berlokasi dekat dengan Warteg Abadi (1.8 km), Alfamart (1.3 km), Masjid Al Asy'ari Unisba (2.1 km), Bank BJB Weekend Banking (719 m), Institut Teknologi Nasional Bandung (1.2 km), RS Ibu dan Anak Al Islam (1.5 km).","3 x 3 meter, Tidak termasuk listrik","Kasur, Meja, Lemari / Storage, Ventilasi, Jendela, Kipas Angin","Kloset Duduk, K. Mandi Luar, Wastafel, Shower","WiFi, Kulkas, Penjaga Kos, Mushola, Dapur, Jemuran, CCTV, Balcon, Taman, Joglo","Parkir Mobil, Parkir Motor & Sepeda",,https://mamikos.com/room/kost-kota-bandung-kost-putra-eksklusif-kost-eyang-cipju-tipe-a-bandung-wetan-bandung?redirection_source=landing%20area,-6.905977562437096,107.6176183687491
Kost Macan 43 Tipe Vvip Lengkong Bandung,Putri,Rp1.400.000,1400000,Lengkong,Lengkong,"Kost ini berlokasi dekat dengan jalan raya dengan akses yang hanya bisa dilalui oleh motor/sepeda, berlokasi dekat dengan Warteg Bahari (2.8 km), Alfamart A Yani 419 (3.3 km), Masjid Jami Nurul Falah (232 m), CIMB Niaga (Buah Batu) (907 m), Institut Seni Budaya Indonesia Bandung (1.7 km), RS Ibu dan Anak Kota Bandung (2.0 km).","3.2 x 3.4 meter, Termasuk listrik","Kasur, Meja, Lemari / Storage, Ventilasi, Jendela, Cermin, Kursi","K. Mandi Dalam, Kloset Duduk, Ember mandi, Shower, Air panas","WiFi, R. Tamu, Penjaga Kos, R. Jemur, R. Makan, Dapur, Jemuran, Pengurus Kos, Jual Makanan, Kartu Akses","Parkir Mobil, Parkir Motor, Parkir Sepeda",,https://mamikos.com/room/kost-kota-bandung-kost-putri-eksklusif-kost-macan-43-tipe-vvip-lengkong-bandung?redirection_source=landing%20area,-6.935167942525715,107.62430351861735
Kost Bu Ella 2 Lengkong Bandung,Putri,Rp1.100.000,1100000,Lengkong,Lengkong,"Kost ini berlokasi dekat dengan jalan raya dengan akses yang hanya bisa dilalui oleh motor/sepeda, berlokasi dekat dengan Warteg Abadi (2.6 km), Alfamart A Yani 419 (3.1 km), Church of Isa Almasih (479 m), Citibank Indonesia (442 m), Universitas Islam Bandung (2.6 km), RS Umum Bungsu (863 m).","3 x 4 meter, Termasuk listrik","Kasur, Meja, Lemari / Storage, Kursi","K. Mandi Dalam, Kloset Jongkok, K. Mandi Luar, Ember mandi, Shower, Air panas","Kulkas, Mesin Cuci, Laundry, R. Tamu, R. Jemur, R. Makan, R. Santai, Dispenser, Dapur, TV","Parkir Motor, Parkir Sepeda",,https://mamikos.com/room/kost-kota-bandung-kost-putri-murah-kost-bu-ella-2-lengkong-bandung?redirection_source=landing%20area,-6.93245988867171,107.62799246636823
Kost Genaka Batununggal Bandung,Putri,Rp760.000,760000,Kecamatan Batununggal,Batununggal,"Kost ini berlokasi dekat dengan jalan raya dengan akses yang hanya bisa dilalui oleh motor/sepeda, berlokasi dekat dengan Warteg Bahari (2.1 km), Alfamart A Yani 419 (1.3 km), Masjid Al Jihad (932 m), Bank BCA KCP Buah Batu (2.4 km), Institut Teknologi Nasional Bandung (2.8 km), RS Ibu dan Anak Al Islam (1.5 km).","3 x 4 meter, Tidak termasuk listrik","Kasur, Lemari / Storage, Bantal","K. Mandi Dalam, Kloset Jongkok, Ember mandi","WiFi, R. Tamu, Dapur","Parkir Motor, Parkir Sepeda, Parkir Motor & Sepeda",,https://mamikos.com/room/kost-kota-bandung-kost-putri-murah-kost-genaka-batununggal-bandung?redirection_source=landing%20area,-6.929360080036694,107.6384417781676
Kost Ilufa Regol Bandung,Campur,Rp2.700.000,2700000,Regol,Regol,"Kost ini berlokasi dekat dengan jalan raya dengan akses yang hanya bisa dilalui oleh motor/sepeda, berlokasi dekat dengan Warteg Bahari (839 m), Circle K (829 m), Church of Isa Almasih (774 m), Institut Seni Budaya Indonesia Bandung (2.1 km), RSU Bhayangkara Tk II Sartika Asih (2.4 km), Bandung Electronic Center (3.0 km).","3.5 x 4 meter, Termasuk listrik",,"K. Mandi Dalam, Kloset Duduk, Wastafel, Shower, Air panas","Penjaga Kos, R. Jemur, Dapur, Pengurus Kos, CCTV",Parkir Motor,,https://mamikos.com/room/kost-kota-bandung-kost-campur-eksklusif-kost-ilufa-regol-bandung-1?redirection_source=landing%20area,-6.939779448302046,107.61443770045113
Kost Mesri 40 Tipe A Cicendo Bandung,Campur,Rp2.000.000,2000000,Kecamatan Cicendo,Cicendo,"Kost ini berlokasi dekat dengan jalan raya dengan akses yang hanya bisa dilalui oleh motor/sepeda, berlokasi dekat dengan Warteg Abadi (1.3 km), Alfamart (1.3 km), Catholic Church of Our Lady of the Seven Sorrows (894 m), Bank BJB - Kantor Cabang Tamansari (1.1 km), Universitas Islam Bandung (1.0 km), RS Umum Melinda 2 (453 m).","3 x 4 meter, Tidak termasuk listrik","AC, Kasur, Meja, Lemari / Storage, Ventilasi, Jendela, TV Kabel","K. Mandi Dalam, Kloset Duduk, Shower, Air panas","WiFi, Kulkas, R. Makan, Dapur, CCTV","Parkir Mobil, Parkir Motor, Parkir Sepeda, Parkir Motor & Sepeda",,https://mamikos.com/room/kost-kota-bandung-kost-campur-eksklusif-kost-mesri-40-cicendo-bandung-2?redirection_source=landing%20area,-6.9004954024253875,107.58575051742238
Kost Ibu Tina Tipe A Cibeunying Kidul Bandung,Putri,Rp900.000,900000,Kecamatan Cibeunying Kidul,Cibeunying Kidul,"Kost ini berlokasi dekat dengan jalan raya dengan akses yang hanya bisa dilalui oleh motor/sepeda, berlokasi dekat dengan Warteg Abadi (3.1 km), Alfamart A Yani 419 (282 m), Masjid Pusdai (1.6 km), Bank Mandiri Bandung Priority Banking Soerapatti (2.5 km), Institut Teknologi Nasional Bandung (1.2 km), RS Umum Santo Yusup (625 m).","3 x 4 meter, Tidak termasuk listrik","Kasur, Lemari / Storage, Ventilasi, Jendela, Guling, Dapur Pribadi, Bantal, Wastafel","K. Mandi Dalam, Kloset Jongkok, Wastafel, Ember mandi","WiFi, R. Cuci, R. Jemur, R. Santai, Dapur, Jemuran, Pengurus Kos, Rooftop, Balcon, Gazebo","Parkir Motor, Parkir Sepeda, Parkir Motor & Sepeda",,https://mamikos.com/room/kost-kota-bandung-kost-putri-murah-kost-ibu-tina-tipe-a-cibeunying-kidul-bandung?redirection_source=landing%20area,-6.898580790979836,107.65086591313583
Kost P House Tipe Deluxe Andir Bandung,Campur,Rp1.150.000,1150000,Kecamatan Andir,Andir,"Kost ini berlokasi dekat dengan jalan raya dengan akses yang hanya bisa dilalui oleh motor/sepeda, berlokasi dekat dengan Rumah Makan Legoh (1.5 km), Circle K (3.1 km), Gereja Kristen Kalam Kudus Pasundan (1.3 km), Bank Syariah Indonesia KC Bandung Suniaraja (72 m), Universitas Islam Bandung (1.4 km), RS Umum Kebonjati (875 m).","3 x 4 meter, Termasuk listrik","Kasur, Lemari / Storage, Ventilasi, Jendela, Wastafel","K. Mandi Dalam, Kloset Duduk, Wastafel, Ember mandi, Shower","WiFi, Laundry, Dapur, Jemuran, CCTV",Parkir Motor,,https://mamikos.com/room/kost-kota-bandung-kost-campur-eksklusif-kost-p-house-tipe-deluxe-andir-bandung-2?redirection_source=landing%20area,-6.905413915450507,107.57104541871149
Kost Asmi Depan Itc Regol Bandung,Campur,Rp750.000,750000,Regol,Regol,"Kost ini berlokasi dekat dengan jalan raya dengan akses yang hanya bisa dilalui oleh motor/sepeda, berlokasi dekat dengan Rumah Makan Cikawao (664 m), Circle K (878 m), Gereja Kristen Kalam Kudus Pasundan (186 m), Bank BJB - Cabang Utama Bandung (975 m), Institut Seni Budaya Indonesia Bandung (2.8 km), RSU Bhayangkara Tk II Sartika Asih (3.2 km).","3 x 4 meter, Tidak termasuk listrik",Jendela,Kloset Jongkok,R. Jemur,Parkir Motor,,https://mamikos.com/room/kost-bandung-kost-campur-murah-kost-asmi-depan-itc-regol-bandung?redirection_source=landing%20area,-6.94023938144834,107.61302714545545
Kost Pak Edwin Standar Kesambi Cirebon,Campur,Rp1.100.000,1100000,Kesambi,Kesambi,"Kost ini berlokasi dekat dengan jalan raya dengan akses yang hanya bisa dilalui oleh motor/sepeda, berlokasi dekat dengan Warteg Jaya Bahari (1.3 km), Alfamart (3.2 km), Church of Isa Almasih (1.4 km), Bank BJB - Cabang Utama Bandung (1.9 km), Akademi Sekretari Dan Manajemen BSI Bandung (2.2 km), RS Umum Bungsu (2.2 km).","3 x 4 meter, Tidak termasuk listrik",Ventilasi,K. Mandi Luar,"R. Tamu, Dapur, R. Keluarga",Parkir Motor & Sepeda,,https://mamikos.com/room/kost-kota-cirebon-kost-campur-eksklusif-kost-pak-edwin-standar-kesambi-cirebon?redirection_source=landing%20area,-8.654238656851375,115.17133298055175
Kost Srigadis 25 Tipe A Regol Bandung,Campur,Rp1.200.000,1200000,Regol,Regol,"Kost ini berlokasi dekat dengan jalan raya dengan akses yang hanya bisa dilalui oleh motor/sepeda, berlokasi dekat dengan Warteg Bahari (788 m), Circle K (788 m), Church of Isa Almasih (836 m), Institut Seni Budaya Indonesia Bandung (1.9 km), RSU Bhayangkara Tk II Sartika Asih (2.3 km), Bandung Electronic Center (3.1 km).","7 x 8 meter, Tidak termasuk listrik","Kasur, Meja, Lemari / Storage, Ventilasi, Jendela, Guling, Cermin, Bantal","K. Mandi Dalam, Kloset Duduk, Ember mandi","WiFi, R. Jemur, R. Makan, R. Santai, Dapur, Jemuran, Balcon, Taman","Parkir Motor, Parkir Sepeda",,https://mamikos.com/room/kost-kota-bandung-kost-campur-eksklusif-kost-srigadis-25-tipe-a-regol-bandung-1?redirection_source=landing%20area,-6.940852414385719,107.61465584430066
Kost Miraclee Tipe C Regol Bandung,Putri,Rp1.500.000,1500000,Kecamatan Regol,Regol,"Kost ini berlokasi dekat dengan jalan raya dengan akses yang hanya bisa dilalui oleh motor/sepeda, berlokasi dekat dengan Warteg Bahari (922 m), Alfamart (2.6 km), Church of Isa Almasih (737 m), Bank BJB - Cabang Utama Bandung (1.6 km), Universitas Islam Bandung (3.4 km), RS Mata Bandung Eye Center (1.7 km).","3 x 4 meter, Tidak termasuk listrik","Kasur, Meja, Meja Rias, Lemari / Storage, Ventilasi, Jendela, Guling, Cermin, Bantal, Kursi","Kloset Duduk, Wastafel, Ember mandi, Shower, Air panas","WiFi, Kulkas, Penjaga Kos, Dapur, Jemuran, Pengurus Kos, Jual Makanan, CCTV, Rooftop, Balcon","Parkir Motor, Parkir Motor & Sepeda",,https://mamikos.com/room/kost-kota-bandung-kost-putri-eksklusif-kost-miraclee-tipe-c-regol-bandung?redirection_source=landing%20area,-6.93908356732067,107.6151418036604
Kost Palapa Cibeunying Kidul Bandung,Putra,Rp1.100.000,1100000,Kecamatan Cibeunying Kidul,Cibeunying Kidul,"Kost ini berlokasi dekat dengan jalan raya dengan akses yang hanya bisa dilalui oleh motor/sepeda, berlokasi dekat dengan Rumah Makan Boemi Mitoha (760 m), Alfamart A Yani 419 (791 m), Masjid Al Jihad (985 m), Bank BJB Weekend Banking (791 m), Universitas Padjadjaran Kampus Dipatiukur (2.4 km), RS Ibu dan Anak Al Islam (751 m).","3 x 4 meter, Termasuk listrik","Kasur, Lemari / Storage","K. Mandi Dalam, Kloset Jongkok, Ember mandi, Shower","R. Jemur, Jemuran, CCTV, Balcon, K. Mandi Luar",Parkir Motor,,https://mamikos.com/room/kost-kota-bandung-kost-putra-eksklusif-kost-palapa-cibeunying-kidul-bandung?redirection_source=landing%20area,-6.900471659605337,107.65165521071188
Kost Abizar Batununggal Bandung,Campur,Rp1.500.000,1500000,Kecamatan Batununggal,Batununggal,"Kost ini berlokasi dekat dengan jalan raya dengan akses masuk mobil, berlokasi dekat dengan Warteg Bahari (2.4 km), Alfamart A Yani 419 (925 m), Church In Bandung (1.7 km), Citibank Indonesia (2.1 km), Institut Teknologi Nasional Bandung (2.2 km), RS Khusus Mata Cicendo (3.4 km).","3 x 4 meter, Tidak termasuk listrik","Kasur, Meja, Lemari / Storage, Ventilasi, Jendela, Guling, Cermin, Bantal, Wastafel, Kursi","K. Mandi Dalam, Kloset Duduk, Wastafel, Ember mandi, Shower, Air panas","WiFi, R. Cuci, Kulkas, Mesin Cuci, Penjaga Kos, R. Jemur, R. Santai, Dapur, Jemuran, CCTV","Parkir Motor, Parkir Sepeda",,https://mamikos.com/room/kost-kota-bandung-kost-campur-eksklusif-kost-abizar-batununggal-bandung-2?redirection_source=landing%20area,-6.9299484038574874,107.64055690249344
Kost Taman Siswa 53 Lengkong Bandung,Campur,Rp2.200.000,2200000,Lengkong,Lengkong,"Kost ini berlokasi dekat dengan jalan raya dengan akses masuk mobil, berlokasi dekat dengan Rumah Makan Ibu Haji Cijantung (266 m), Alfamart A Yani 419 (2.8 km), Masjid Jami Nurul Falah (613 m), CIMB Niaga (Buah Batu) (909 m), Akademi Sekretari Dan Manajemen BSI Bandung (176 m), Bandung Electronic Center (2.8 km).","3 x 3.5 meter, Tidak termasuk listrik","AC, Kasur, Meja, TV, Meja Rias, Lemari / Storage, Kursi, Cleaning service","K. Mandi Dalam, Kloset Duduk, Shower, Air panas","WiFi, Kulkas, Mesin Cuci, R. Tamu, R. Jemur, R. Makan, Dispenser, Dapur, TV","Parkir Mobil, Parkir Motor, Parkir Sepeda",,https://mamikos.com/room/kost-kost-campur-eksklusif-kost-taman-siswa-53-lengkong-bandung?redirection_source=landing%20area,-6.93322126331544,107.6252465304535
Kost Auliya Tipe B Regol Bandung,Campur,Rp1.800.000,1800000,Regol,Regol,"Kost ini berlokasi dekat dengan jalan raya dengan akses yang hanya bisa dilalui oleh motor/sepeda, berlokasi dekat dengan Warteg Jaya Bahari (783 m), Gereja Kristen Kalam Kudus Pasundan (484 m), Institut Seni Budaya Indonesia Bandung (2.9 km), RS Ibu dan Anak Kota Bandung (562 m), Bandung Electronic Center (2.5 km).","3 x 3 meter, Termasuk listrik","Kasur, Dispenser, Meja, TV, Lemari / Storage, Kulkas, Ventilasi, Meja makan, Jendela, Cermin","K. Mandi Dalam, Kloset Duduk, Kloset Jongkok, K. Mandi Luar, Ember mandi, Shower, Air panas","WiFi, R. Cuci, Kulkas, Mesin Cuci, Laundry, R. Tamu, Penjaga Kos, R. Jemur, R. Makan, R. Santai","Parkir Mobil, Parkir Motor, Parkir Sepeda",,https://mamikos.com/room/kost-kota-bandung-kost-campur-eksklusif-kost-auliya-tipe-b-regol-bandung-1?redirection_source=landing%20area,-6.9379462580724764,107.61560535557982
Kost Ibu Fany Sumur Bandung,Putri,Rp1.300.000,1300000,Kecamatan Sumur Bandung,Sumur Bandung,"Kost ini berlokasi dekat dengan jalan raya dengan akses yang hanya bisa dilalui oleh motor/sepeda, berlokasi dekat dengan Warteg Bahari (1.2 km), Alfamart (2.6 km), Church In Bandung (606 m), Bank BJB - Cabang Utama Bandung (478 m), Universitas Islam Bandung (1.9 km), RS Umum Bungsu (201 m).","3 x 3 meter, Termasuk listrik","Kasur, Dispenser, Meja, Lemari / Storage, Ventilasi, Jendela, Dapur Pribadi, Kursi","K. Mandi Dalam, Kloset Duduk, Shower","WiFi, Kulkas, Laundry, R. Tamu, Penjaga Kos, R. Makan, R. Santai, Dispenser, Dapur, CCTV",,,https://mamikos.com/room/kost-kota-bandung-kost-putri-eksklusif-kost-ibu-fany-sumur-bandung?redirection_source=landing%20area,-6.91394036711745,107.61750566794935
Kost Exclusive Purawinata 11 Lengkong Bandung,Campur,Rp1.500.000,1500000,Lengkong,Lengkong,"Kost ini berlokasi dekat dengan jalan raya dengan akses yang hanya bisa dilalui oleh motor/sepeda, berlokasi dekat dengan Warteg Bahari (605 m), Alfamart (3.2 km), Church of Isa Almasih (269 m), Bank BJB - Cabang Utama Bandung (741 m), Universitas Islam Bandung (2.6 km), RS Umum Bungsu (858 m).","3 x 3 meter, Tidak termasuk listrik","Kasur, Meja, Lemari / Storage, Jendela, Guling, Bantal, Kursi","K. Mandi Dalam, Kloset Duduk, Kloset Jongkok, Air panas","WiFi, Kulkas, R. Tamu, Penjaga Kos, R. Jemur, R. Makan, R. Santai, Pengurus Kos, CCTV, Balcon","Parkir Motor, Parkir Motor & Sepeda",,https://mamikos.com/room/kost-kota-bandung-kost-campur-eksklusif-kost-exclusive-purawinata-11-lengkong-bandung?redirection_source=landing%20area,-6.935144638794361,107.62652103046277
Kost Albani Regol Bandung,Putri,Rp1.650.001,1650001,Kecamatan Regol,Regol,"Kost ini berlokasi dekat dengan jalan raya dengan akses yang hanya bisa dilalui oleh motor/sepeda, berlokasi dekat dengan Warteg Bahari (884 m), Circle K (867 m), Church of Isa Almasih (726 m), Institut Seni Budaya Indonesia Bandung (2.3 km), RSU Bhayangkara Tk II Sartika Asih (2.5 km), Bandung Electronic Center (2.9 km).","2.9 x 2.2 meter, Termasuk listrik","AC, Kasur, Meja, Lemari / Storage, Ventilasi, Jendela, Guling, Cermin, Bantal, Kipas Angin","K. Mandi Dalam, Kloset Duduk, Ember mandi, Shower","WiFi, Kulkas, R. Jemur, Dapur, Jemuran, Pengurus Kos, Rooftop, Balcon","Parkir Motor, Parkir Sepeda, Parkir Motor & Sepeda",,https://mamikos.com/room/kost-kota-bandung-kost-putri-eksklusif-kost-albani-regol-bandung?redirection_source=landing%20area,-6.940543051714251,107.61421084204676
Kost Laswi Pavilion I Batununggal Bandung,Putri,Rp850.000,850000,Kecamatan Batununggal,Batununggal,"Kost ini berlokasi dekat dengan jalan raya dengan akses yang hanya bisa dilalui oleh motor/sepeda, berlokasi dekat dengan Warteg Bahari (1.6 km), Alfamart A Yani 419 (1.8 km), Masjid Al Jihad (783 m), Bank BCA KCP Buah Batu (1.9 km), Institut Teknologi Nasional Bandung (3.0 km), RS Umum Bungsu (1.8 km).","3 x 3 meter, Termasuk listrik","Kasur, Lemari / Storage, Jendela, Guling, Cermin, Bantal","Kloset Jongkok, K. Mandi Luar","WiFi, Penjaga Kos, Dapur, Balcon, K. Mandi Luar",Parkir Motor,,https://mamikos.com/room/kost-kota-bandung-kost-putri-murah-kost-laswi-pavilion-i-batununggal-bandung?redirection_source=landing%20area,-6.928065849905918,107.64131289995186
Kost Lilia Cozy Room Smart Astanaanyar Bandung,Campur,Rp1.000.000,1000000,Kecamatan Astanaanyar,Astanaanyar,"Kost ini berlokasi dekat dengan jalan raya dengan akses yang hanya bisa dilalui oleh motor/sepeda, berlokasi dekat dengan Warteg Bahari (1.6 km), Alfamart (2.7 km), Church of Isa Almasih (1.2 km), Bank BJB - Cabang Utama Bandung (1.4 km), Universitas Islam Bandung (3.0 km), RS Umum Bungsu (1.8 km).","1.9 x 2.9 meter, Tidak termasuk listrik","Kasur, Meja, Lemari / Storage, Ventilasi, Jendela, Bantal, Kursi","Kloset Duduk, K. Mandi Luar, Wastafel, Ember mandi, Shower","WiFi, R. Cuci, Kulkas, Laundry, R. Tamu, Penjaga Kos, R. Jemur, Dapur, Jemuran, Pengurus Kos","Parkir Motor, Parkir Sepeda, Parkir Motor & Sepeda",,https://mamikos.com/room/kost-kota-bandung-kost-campur-eksklusif-kost-lilia-cozy-room-smart-astanaanyar-bandung?redirection_source=landing%20area,-6.937084863580761,107.60430998119561
Kost Tamansari 19 Bandung Wetan Bandung,Putri,Rp950.000,950000,Bandung Wetan,Bandung Wetan,"Kost ini berlokasi dekat dengan jalan raya dengan akses yang hanya bisa dilalui oleh motor/sepeda, berlokasi dekat dengan Rumah Makan Kapau Jaya (257 m), Circle K (3.4 km), Masjid Al-Hidayah (105 m), Bank BJB - Kantor Cabang Tamansari (407 m), Universitas Islam Bandung (405 m), RS Umum Tk IV 03.07.03Sariningsih (792 m).","3 x 4 meter, Termasuk listrik","Kasur, Meja, Lemari / Storage, Ventilasi, Jendela, Guling, Bantal, Kursi","Kloset Jongkok, K. Mandi Luar, Ember mandi","WiFi, R. Cuci, Kulkas, Mesin Cuci, R. Tamu, Penjaga Kos, R. Jemur, R. Makan, R. Santai, Dispenser",Parkir Motor,,https://mamikos.com/room/kost-kota-bandung-kost-putri-murah-kost-tamansari-19-bandung-wetan-bandung?redirection_source=landing%20area,-6.903564642260745,107.61819288502149
Kost Faiz Tipe D Sumur Bandung Bandung,Putra,Rp800.000,800000,Kecamatan Sumur Bandung,Sumur Bandung,"Kost ini berlokasi dekat dengan jalan raya dengan akses masuk mobil, berlokasi dekat dengan Rumah Makan Mirasa (616 m), Circle K (3.2 km), Masjid Al Asy'ari Unisba (570 m), Bank Permata (418 m), Universitas Islam Bandung (605 m), RS Khusus Mata Cicendo (303 m).","2.5 x 5 meter, Termasuk listrik","Kasur, Lemari / Storage","Kloset Duduk, K. Mandi Luar, Wastafel, Ember mandi, Shower, Air panas","WiFi, R. Jemur, Jemuran, K. Mandi Luar","Parkir Motor, Parkir Sepeda",,https://mamikos.com/room/kost-kota-bandung-kost-putra-murah-kost-faiz-tipe-d-sumur-bandung-bandung-2?redirection_source=landing%20area,-6.9162466480038445,107.6172033704175
Kost Cikawao Lengkong Besar Bandung,Campur,Rp800.000,800000,Lengkong,Lengkong,"Kost ini berlokasi dekat dengan jalan raya dengan akses yang hanya bisa dilalui oleh motor/sepeda, berlokasi dekat dengan Rumah Makan Cikawao (98 m), Alfamart A Yani 419 (3.3 km), Church of Isa Almasih (271 m), Citibank Indonesia (574 m), Akademi Sekretari Dan Manajemen BSI Bandung (940 m), RS Umum Bungsu (898 m).","3 x 3 meter, Tidak termasuk listrik","Kasur, Lemari / Storage","K. Mandi Dalam, Kloset Jongkok, Ember mandi","WiFi, R. Tamu, Penjaga Kos, R. Jemur, R. Makan, R. Santai, Dapur, TV","Parkir Motor, Parkir Sepeda",,https://mamikos.com/room/kost-bandung-kost-campur-murah-kost-cikawao-lengkong-besar-bandung-1?redirection_source=landing%20area,-6.936280821633618,107.62564063705258
Kost Kelinci 11 AC Lengkong Bandung,Campur,Rp1.250.000,1250000,Kecamatan Lengkong,Lengkong,"Kost ini berlokasi dekat dengan jalan raya dengan akses masuk mobil, berlokasi dekat dengan Warteg Bahari (439 m), Alfamart A Yani 419 (3.2 km), Masjid Jami Nurul Falah (439 m), CIMB Niaga (Buah Batu) (697 m), Akademi Sekretari Dan Manajemen BSI Bandung (318 m), RS Umum Muhammadiyah (430 m).","3 x 3 meter, Tidak termasuk listrik","AC, Kasur, Meja, Lemari / Storage, Kursi","K. Mandi Dalam, Kloset Duduk","WiFi, R. Cuci, Kulkas, R. Tamu, Penjaga Kos, R. Jemur, Dispenser, Dapur, CCTV","Parkir Motor, Parkir Sepeda",,https://mamikos.com/room/kost-kota-bandung-kost-campur-eksklusif-kost-kelinci-11-ac-lengkong-bandung-2?redirection_source=landing%20area,-6.9326730213389025,107.6265832171742
Kost Otto Residence Tipe E Astanaanyar Bandung,Campur,Rp1.700.000,1700000,Astanaanyar,Astanaanyar,"Kost ini berlokasi dekat dengan jalan raya dengan akses yang hanya bisa dilalui oleh motor/sepeda, berlokasi dekat dengan Warteg Jaya Bahari (211 m), Circle K (534 m), Masjid Raya Bandung (446 m), Bank BJB - Cabang Utama Bandung (905 m), Institut Seni Budaya Indonesia Bandung (3.4 km), Bandung Electronic Center (2.0 km).","4 x 4 meter, Tidak termasuk listrik","Kasur, Meja, Meja Rias, Lemari / Storage, Wastafel, Kursi","K. Mandi Dalam, Kloset Duduk, Wastafel, Shower, Air panas","R. Jemur, Dapur",Parkir Motor,,https://mamikos.com/room/kost-kota-bandung-kost-campur-eksklusif-kost-otto-residence-tipe-e-astanaanyar-bandung?redirection_source=landing%20area,-6.939485373796547,107.60380170546931
Kost Nomad Coliving Asia Afrika Superior Lengkong Bandung,Campur,Rp2.299.998,2299998,Lengkong,Lengkong,"Kost ini berlokasi dekat dengan jalan raya dengan akses yang hanya bisa dilalui oleh motor/sepeda, berlokasi dekat dengan Warteg Bahari (527 m), Alfamart (3.1 km), Church In Bandung (501 m), Bank BJB - Cabang Utama Bandung (1.1 km), Universitas Islam Bandung (2.7 km), RS Umum Bungsu (1.0 km).","3 x 4 meter, Tidak termasuk listrik","AC, Kasur, Meja, Lemari / Storage, Jendela, Cermin, Bantal, Wastafel, Kursi","K. Mandi Dalam, Kloset Duduk, Wastafel, Shower, Air panas","WiFi, Kulkas, Penjaga Kos, R. Makan, Dapur, Pengurus Kos, CCTV, Rooftop, TV",,,https://mamikos.com/room/kost-kota-bandung-kost-campur-eksklusif-kost-nomad-coliving-asia-afrika-superior-lengkong-bandung?redirection_source=landing%20area,-6.933265902012521,107.6248124696283
Kost Maleo Sumur Bandung Bandung,Putri,Rp600.000,600000,Kecamatan Sumur Bandung,Sumur Bandung,"Kost ini berlokasi dekat dengan jalan raya dengan akses yang hanya bisa dilalui oleh motor/sepeda, berlokasi dekat dengan Rumah Makan Kapau Jaya (872 m), Circle K (3.2 km), Masjid Al Asy'ari Unisba (670 m), Bank Permata (465 m), Universitas Islam Bandung (706 m), RS Ibu dan Anak Limijati (814 m).","3 x 3 meter, Termasuk listrik","Kasur, Meja, Lemari / Storage, Jendela, Guling, Cermin, Bantal","Kloset Duduk, Kloset Jongkok, K. Mandi Luar, Ember mandi, Bak mandi","WiFi, R. Cuci, R. Jemur, Pengurus Kos, K. Mandi Luar","Parkir Motor, Parkir Sepeda",,https://mamikos.com/room/kost-kota-bandung-kost-putri-murah-kost-maleo-sumur-bandung-bandung?redirection_source=landing%20area,-6.916122151437113,107.61566476916468
Kost Macan 43 Tipe Luxury Lengkong Bandung,Putri,Rp2.400.000,2400000,Lengkong,Lengkong,"Kost ini berlokasi dekat dengan jalan raya dengan akses yang hanya bisa dilalui oleh motor/sepeda, berlokasi dekat dengan Warteg Bahari (231 m), Circle K (2.6 km), Church of Isa Almasih (660 m), Bank BCA KCP Buah Batu (1.3 km), Universitas Islam Bandung (3.3 km), RS Umum Bungsu (1.5 km).","3 x 4 meter, Termasuk listrik","AC, Kasur, Ventilasi, Jendela, Wastafel, Kursi","K. Mandi Dalam, Kloset Duduk, Ember mandi, Shower, Air panas","WiFi, R. Tamu, Penjaga Kos, R. Jemur, R. Makan, Dapur, Jemuran, Pengurus Kos, Jual Makanan, Kartu Akses","Parkir Mobil, Parkir Motor, Parkir Sepeda",,https://mamikos.com/room/kost-kota-bandung-kost-putri-eksklusif-kost-macan-43-tipe-luxury-lengkong-bandung?redirection_source=landing%20area,-6.932836873422863,107.62819982476901
Kost Sazara Cibeunying Kidul Bandung,Putri,Rp1.000.000,1000000,Cibeunying Kidul,Cibeunying Kidul,"Kost ini berlokasi dekat dengan jalan raya dengan akses yang hanya bisa dilalui oleh motor/sepeda, berlokasi dekat dengan Alfamart Bojong Koneng (944 m), Christian Church Pasundan Awiligar (2.1 km), Institut Teknologi Nasional Bandung (234 m), Sinar Abadi Balubur Town Square (3.0 km).","3 x 4 meter, Termasuk listrik","Kasur, Meja, Lemari / Storage, Jendela, Bantal","K. Mandi Dalam, Kloset Jongkok, K. Mandi Luar, Ember mandi","WiFi, R. Cuci, Kulkas, Penjaga Kos, R. Jemur, Mushola, Dapur, Jemuran, CCTV, Balcon","Parkir Mobil, Parkir Motor, Parkir Sepeda, Parkir Motor & Sepeda",,https://mamikos.com/room/kost-kota-bandung-kost-putri-murah-kost-sazara-cibeunying-kidul-bandung-2?redirection_source=landing%20area,-6.899908013326767,107.650349219161
Kost No 73 Tipe A Cibeunying Kaler Bandung,Putra,Rp1.000.000,1000000,Cibeunying Kaler,Cibeunying Kaler,"Kost ini berlokasi dekat dengan jalan raya dengan akses yang hanya bisa dilalui oleh motor/sepeda, berlokasi dekat dengan Rumah Makan Boemi Mitoha (786 m), Alfamart A Yani 419 (1.3 km), Masjid Pusdai (725 m), Institut Teknologi Nasional Bandung (612 m), Sinar Abadi Balubur Town Square (2.5 km).","3 x 3 meter, Tidak termasuk listrik","Kasur, Meja, Lemari / Storage, Kursi","Kloset Duduk, K. Mandi Luar, Ember mandi, Bak mandi","WiFi, Laundry, R. Jemur, R. Santai, Dapur","Parkir Mobil, Parkir Motor, Parkir Sepeda",,https://mamikos.com/room/kost-kota-bandung-kost-putra-eksklusif-kost-no-73-tipe-a-cibeunying-kaler-bandung?redirection_source=landing%20area,-6.888046311301399,107.62857380914156
Kost Kejaksaan Tipe Street View Sumur Bandung,Putri,Rp1.200.000,1200000,Sumur Bandung,Sumur Bandung,"Kost ini berlokasi dekat dengan jalan raya dengan akses yang hanya bisa dilalui oleh motor/sepeda, berlokasi dekat dengan Rumah Makan Soto Bali (897 m), Alfamart A Yani 419 (3.3 km), Masjid Raya Bandung (546 m), Bank BJB - Cabang Utama Bandung (172 m), Universitas Padjadjaran Kampus Dipatiukur (2.9 km), Bandung Electronic Center (1.2 km).","2.5 x 3.1 meter, Tidak termasuk listrik","AC, Kasur, Meja, Lemari / Storage, Kursi","Kloset Duduk, K. Mandi Luar, Wastafel, Shower, Air panas","WiFi, Dapur, Pengurus Kos, CCTV, K. Mandi Luar",Parkir Motor,,https://mamikos.com/room/kost-kota-bandung-kost-putri-eksklusif-kost-kejaksaan-tipe-street-view-sumur-bandung-?redirection_source=landing%20area,-6.915717780450056,107.61857491074582
Kost Apik Emji Kotabaru Tipe A Regol Bandung,Campur,Rp1.275.000,1275000,Kecamatan Regol,Regol,"Kost ini berlokasi dekat dengan jalan raya dengan akses masuk mobil, berlokasi dekat dengan Warteg Bahari (900 m), Circle K (1.6 km), Church of Isa Almasih (747 m), Bank Muamalat (2.8 km), Universitas Islam Bandung (3.4 km), RS Khusus Mata Cicendo (2.7 km).","3 x 4 meter, Termasuk listrik","Kasur, Lemari / Storage, Ventilasi, Jendela, Bantal","K. Mandi Dalam, Kloset Duduk, Ember mandi","WiFi, Penjaga Kos, R. Jemur, R. Makan, Dapur, CCTV","Parkir Motor, Parkir Sepeda",,https://mamikos.com/room/kost-kota-bandung-kost-campur-eksklusif-kost-apik-emji-kotabaru-tipe-a-regol-bandung-1?redirection_source=landing%20area,-6.940164181383903,107.61358480045857
Kost Yodya Cibeunying Kaler Bandung,Putri,Rp1.000.000,1000000,Kecamatan Cibeunying Kaler,Cibeunying Kaler,"Kost ini berlokasi dekat dengan jalan raya dengan akses yang hanya bisa dilalui oleh motor/sepeda, berlokasi dekat dengan Warteg Abadi (2.1 km), Alfamart (1.5 km), Church In Bandung (2.2 km), Bank BJB Weekend Banking (707 m), Institut Teknologi Nasional Bandung (1.1 km), RS Ibu dan Anak Al Islam (1.1 km).","3 x 3 meter, Tidak termasuk listrik","Kasur, Meja, Lemari / Storage, Jendela, Cermin, Bantal","Kloset Duduk, Kloset Jongkok, Wastafel, Ember mandi, Shower, Air panas","WiFi, R. Cuci, Kulkas, Mesin Cuci, Penjaga Kos, R. Jemur, Dispenser, Dapur, Jemuran, Pengurus Kos",Parkir Motor,,https://mamikos.com/room/kost-kota-bandung-kost-putri-eksklusif-kost-yodya-cibeunying-kaler-bandung-2?redirection_source=landing%20area,-6.886011533573012,107.62979149518566
Kost Apik Tamblong 2A Tipe B Asia Afrika Bandung,Campur,Rp1.425.000,1425000,Sumur Bandung,Sumur Bandung,"Kost ini berlokasi dekat dengan jalan raya dengan akses masuk mobil, berlokasi dekat dengan Warteg Bahari (1.1 km), Alfamart A Yani 419 (3.2 km), Masjid Raya Bandung (669 m), Citibank Indonesia (441 m), Universitas Islam Bandung (2.0 km), RS Umum Bungsu (352 m).","3 x 3 meter, Termasuk listrik","Kasur, Meja, Lemari / Storage, Jendela, Bantal, Kursi","K. Mandi Dalam, Kloset Duduk, Ember mandi","WiFi, Kulkas, R. Tamu, R. Jemur, R. Makan, Dapur, TV, K. Mandi Luar",Parkir Motor,,https://mamikos.com/room/kost-kota-bandung-kost-campur-eksklusif-kost-apik-tamblong-2a-tipe-b-asia-afrika-bandung?redirection_source=landing%20area,-6.916343037065703,107.61529031128862
Kost Pondok Hijau Tipe A Astanaanyar Bandung,Putri,Rp750.000,750000,Astanaanyar,Astanaanyar,"Kost ini berlokasi dekat dengan jalan raya dengan akses yang hanya bisa dilalui oleh motor/sepeda, berlokasi dekat dengan Warteg Jaya Bahari (1.4 km), Circle K (2.0 km), Gereja Kristen Kalam Kudus Pasundan (1.2 km), Sekolah Tinggi Ilmu Kesehatan Immanuel Bandung (666 m), RS Umum Immanuel Bandung (630 m), Bandung Electronic Center (3.2 km).","3 x 3 meter, Termasuk listrik","Kasur, Lemari / Storage, Jendela, Bantal","Kloset Jongkok, K. Mandi Luar, Ember mandi, Bak mandi","WiFi, R. Cuci, Kulkas, R. Tamu, Penjaga Kos, R. Jemur, Dapur, CCTV, K. Mandi Luar","Parkir Motor, Parkir Sepeda",,https://mamikos.com/room/kost-kota-bandung-kost-putri-murah-kost-pondok-hijau-tipe-a-astanaanyar-bandung?redirection_source=landing%20area,-6.937747761192464,107.60089403200259
Kost Ama House Tipe Standar Regol Bandung,Putri,Rp1.500.000,1500000,Regol,Regol,"Kost ini berlokasi dekat dengan jalan raya dengan akses yang hanya bisa dilalui oleh motor/sepeda, berlokasi dekat dengan Warteg Bahari (866 m), Alfamart (2.9 km), Church of Isa Almasih (569 m), Bank BJB - Cabang Utama Bandung (1.3 km), Universitas Islam Bandung (3.1 km), RS Umum Bungsu (1.5 km).","3 x 4 meter, Tidak termasuk listrik","Kasur, Meja, Lemari / Storage, Ventilasi, Kursi","K. Mandi Dalam, Kloset Duduk, Ember mandi, Shower","WiFi, R. Tamu, Penjaga Kos, R. Jemur, Dapur, Pengurus Kos, CCTV, Rooftop, Balcon","Parkir Mobil, Parkir Motor",,https://mamikos.com/room/kost-kota-bandung-kost-putri-eksklusif-kost-ama-house-tipe-standar-regol-bandung-2?redirection_source=landing%20area,-6.9376689569070145,107.61241083728972
Kost Singgahsini YL Cikawao Tipe C Lengkong Bandung,Putri,Rp1.825.000,1825000,Lengkong,Lengkong,"Kost ini berlokasi dekat dengan jalan raya dengan akses masuk mobil, berlokasi dekat dengan Warteg Bahari (339 m), Indomaret Surapati 55 (3.3 km), Church of Isa Almasih (166 m), Bank BJB - Cabang Utama Bandung (997 m), Universitas Islam Bandung (2.8 km), RS Umum Bungsu (1.1 km).","3 x 3 meter, Termasuk listrik","Kasur, Meja, Lemari / Storage, Jendela, Cermin, Bantal, Kursi","K. Mandi Dalam, Kloset Duduk, Shower, Air panas","WiFi, R. Cuci, Kulkas, Mesin Cuci, R. Tamu, Penjaga Kos, R. Jemur, Dispenser, Dapur, Jemuran",Parkir Motor & Sepeda,,https://mamikos.com/room/kost-kota-bandung-kost-putri-eksklusif-kost-singgahsini-yl-cikawao-tipe-c-lengkong-bandung-2?redirection_source=landing%20area,-6.933714628012285,107.62629217529124
Kost Bu Ena Tipe B Lengkong Bandung,Putri,Rp1.200.000,1200000,Kecamatan Lengkong,Lengkong,"Kost ini berlokasi dekat dengan jalan raya dengan akses yang hanya bisa dilalui oleh motor/sepeda, berlokasi dekat dengan Rumah Makan Cikawao (232 m), Alfamart A Yani 419 (3.1 km), Church of Isa Almasih (401 m), Citibank Indonesia (479 m), Universitas Islam Bandung (2.6 km), RS Umum Bungsu (867 m).","3 x 4 meter, Tidak termasuk listrik","Kasur, Meja, Lemari / Storage, Ventilasi, Jendela, Guling, Cermin, Bantal, Kipas Angin","K. Mandi Dalam, Kloset Jongkok, Ember mandi, Shower","WiFi, Kulkas, Penjaga Kos, Dispenser, Dapur, Jemuran, Jual Makanan, CCTV",Parkir Motor & Sepeda,,https://mamikos.com/room/kost-kota-bandung-kost-putri-eksklusif-kost-bu-ena-tipe-b-lengkong-bandung?redirection_source=landing%20area,-6.936167999257798,107.62633738674214
Kost Apik Sukarta Tipe D Tegallega Bandung,Putra,Rp1.375.000,1375000,Regol,Regol,"Kost ini berlokasi dekat dengan jalan raya dengan akses masuk mobil, berlokasi dekat dengan Warteg Bahari (857 m), Alfamart (2.5 km), Church of Isa Almasih (640 m), Bank BJB - Cabang Utama Bandung (1.5 km), Universitas Islam Bandung (3.3 km), RS Umum Bungsu (1.7 km).","4 x 5 meter, Termasuk listrik","Kasur, Lemari / Storage, Ventilasi, Jendela, Bantal","Kloset Duduk, K. Mandi Luar, Ember mandi, Shower, Bak mandi","WiFi, R. Cuci, Kulkas, Mesin Cuci, R. Tamu, Penjaga Kos, R. Jemur, R. Makan, R. Santai, Dispenser",Parkir Motor & Sepeda,,https://mamikos.com/room/kost-kota-bandung-kost-putra-eksklusif-kost-apik-sukarta-tipe-d-tegallega-bandung?redirection_source=landing%20area,-6.937592992619029,107.61403239058578
Kost Kadua Homestay Vip Plus Regol Bandung,Campur,Rp1.800.000,1800000,Kecamatan Regol,Regol,"Kost ini berlokasi dekat dengan jalan raya dengan akses yang hanya bisa dilalui oleh motor/sepeda, berlokasi dekat dengan Warteg Bahari (1.0 km), Circle K (2.6 km), Church of Isa Almasih (945 m), Bank BJB - Cabang Utama Bandung (1.8 km), Akademi Sekretari Dan Manajemen BSI Bandung (1.5 km), RS Mata Bandung Eye Center (1.7 km).","3.2 x 3.5 meter, Tidak termasuk listrik","AC, Kasur, Meja, Lemari / Storage, Ventilasi, Jendela, Cermin, Wastafel, Kursi","K. Mandi Dalam, Kloset Duduk, Wastafel, Shower, Air panas","WiFi, Kulkas, R. Tamu, Penjaga Kos, R. Jemur, R. Makan, R. Santai, Dapur, Jemuran, Jual Makanan","Parkir Mobil, Parkir Motor",,https://mamikos.com/room/kost-kota-bandung-kost-campur-eksklusif-kost-kadua-homestay-vip-plus-regol-bandung-2?redirection_source=landing%20area,-6.940269899232508,107.61223276237197
Kost Pondok Karapitan VIP Lengkong Bandung,Campur,Rp1.100.000,1100000,Kecamatan Lengkong,Lengkong,"Kost ini berlokasi dekat dengan jalan raya dengan akses yang hanya bisa dilalui oleh motor/sepeda, berlokasi dekat dengan Warteg Bahari (481 m), Alfamart (3.1 km), Church In Bandung (550 m), Bank BJB - Cabang Utama Bandung (1.0 km), Universitas Islam Bandung (2.7 km), RS Umum Bungsu (952 m).","2.5 x 5 meter, Tidak termasuk listrik","Kasur, Lemari / Storage, Bantal","K. Mandi Dalam, Kloset Jongkok","WiFi, Penjaga Kos, R. Jemur, Jemuran, CCTV","Parkir Motor, Parkir Sepeda",,https://mamikos.com/room/kost-kota-bandung-kost-campur-eksklusif-kost-pondok-karapitan-vip-lengkong-bandung?redirection_source=landing%20area,-6.934395297621358,107.62601393838177
Kost Daffa Cibeunying Kaler Bandung,Putra,Rp625.000,625000,Cibeunying Kaler,Cibeunying Kaler,"Kost ini berlokasi dekat dengan jalan raya dengan akses yang hanya bisa dilalui oleh motor/sepeda, berlokasi dekat dengan Warteg Cintaasih (2.2 km), Alfamart (1.0 km), Christian Church Pasundan Awiligar (2.2 km), Bank BJB Weekend Banking (1.2 km), Institut Teknologi Nasional Bandung (647 m), RS Ibu dan Anak Al Islam (1.4 km).","2 x 3 meter, Termasuk listrik","Kasur, Lemari / Storage, Jendela, Guling, Bantal","Kloset Jongkok, K. Mandi Luar, Ember mandi","WiFi, R. Tamu, Penjaga Kos, R. Jemur, Jemuran, Jual Makanan, Balcon, K. Mandi Luar","Parkir Motor, Parkir Sepeda",,https://mamikos.com/room/kost-kota-bandung-kost-putra-murah-kost-daffa-cibeunying-kaler-bandung-1?redirection_source=landing%20area,-6.886214604614231,107.62949562535813
Kost Seven Tamim Otista Andir Bandung,Campur,Rp1.700.000,1700000,Andir,Andir,"Kost ini berlokasi dekat dengan jalan raya dengan akses yang hanya bisa dilalui oleh motor/sepeda, berlokasi dekat dengan Warteg Jaya Bahari (591 m), Circle K (3.2 km), Masjid Raya Bandung (443 m), Bank Syariah Indonesia KC Bandung Suniaraja (361 m), Universitas Padjadjaran Kampus Dipatiukur (3.2 km), Bandung Electronic Center (1.3 km).","3 x 3.5 meter, Tidak termasuk listrik","AC, Kasur, Ventilasi, Jendela, Kursi, Kipas Angin, Cleaning service","K. Mandi Dalam, Kloset Duduk, Shower, Air panas","WiFi, R. Cuci, Laundry, Penjaga Kos, R. Jemur, R. Santai, Dapur, Jemuran, Pengurus Kos, CCTV","Parkir Motor, Parkir Sepeda",,https://mamikos.com/room/kost-kota-bandung-kost-campur-eksklusif-kost-seven-tamim-otista-andir-bandung?redirection_source=landing%20area,-6.90417929611415,107.57166093332663
Kost Seyakata Lengkong Bandung,Putri,Rp1.000.000,1000000,Kecamatan Lengkong,Lengkong,"Kost ini berlokasi dekat dengan jalan raya dengan akses yang hanya bisa dilalui oleh motor/sepeda, berlokasi dekat dengan Rumah Makan Ibu Haji Cijantung (464 m), Alfamart A Yani 419 (2.8 km), Church In Bandung (452 m), Citibank Indonesia (534 m), Akademi Sekretari Dan Manajemen BSI Bandung (603 m), RS Umum Muhammadiyah (980 m).","2.7 x 2.7 meter, Termasuk listrik","Kasur, TV, Lemari / Storage, Ventilasi, Jendela, Bantal","K. Mandi Dalam, Kloset Jongkok","WiFi, R. Jemur, R. Santai, Jemuran, Jual Makanan, CCTV","Parkir Motor, Parkir Sepeda",,https://mamikos.com/room/kost-kota-bandung-kost-putri-eksklusif-kost-seyakata-lengkong-bandung?redirection_source=landing%20area,-6.933194154737638,107.62636975889535
Kost 46 A Bandung Wetan Bandung,Putri,Rp800.000,800000,Kecamatan Bandung Wetan,Bandung Wetan,"Kost ini berlokasi dekat dengan jalan raya dengan akses yang hanya bisa dilalui oleh motor/sepeda, berlokasi dekat dengan Warteg Abadi (291 m), Alfamart (655 m), Masjid Al Asy'ari Unisba (325 m), Bank BJB - Kantor Cabang Tamansari (296 m), Universitas Islam Bandung (290 m), RS Umum Tk IV 03.07.03Sariningsih (711 m).","3 x 4 meter, Termasuk listrik","Ventilasi, Jendela","Kloset Duduk, K. Mandi Luar","WiFi, Penjaga Kos, Dapur, Pengurus Kos, Jual Makanan, Taman, K. Mandi Luar",Parkir Motor,,https://mamikos.com/room/kost-kota-bandung-kost-putri-murah-kost-46-a-bandung-wetan-bandung-2?redirection_source=landing%20area,-6.903919208079831,107.61828878842589
Kost Kristi 2 Bandung Wetan Bandung,Putri,Rp950.000,950000,Kecamatan Bandung Wetan,Bandung Wetan,"Kost ini berlokasi dekat dengan jalan raya dengan akses yang hanya bisa dilalui oleh motor/sepeda, berlokasi dekat dengan Warteg Abadi (573 m), Alfamart (1.0 km), Masjid Al Asy'ari Unisba (302 m), Bank BJB - Kantor Cabang Tamansari (347 m), Universitas Islam Bandung (335 m), RS Umum Tk IV 03.07.03Sariningsih (504 m).","3 x 3 meter, Tidak termasuk listrik","Kasur, Lemari / Storage",K. Mandi Luar,"WiFi, R. Tamu, Penjaga Kos, Dapur, K. Mandi Luar","Parkir Motor, Parkir Sepeda",,https://mamikos.com/room/kost-kota-bandung-kost-putri-murah-kost-kristi-2-bandung-wetan-bandung-2?redirection_source=landing%20area,-6.906071120759859,107.61699995606976
Kost 5B Ancol Tipe A Regol Bandung,Campur,Rp750.000,750000,Regol,Regol,"Kost ini berlokasi dekat dengan jalan raya dengan akses yang hanya bisa dilalui oleh motor/sepeda, berlokasi dekat dengan Rumah Makan Cikawao (650 m), Circle K (1.6 km), Masjid Jami Nurul Falah (483 m), CIMB Niaga (Buah Batu) (1.1 km), Universitas Islam Bandung (3.4 km), RS Ibu dan Anak Kota Bandung (1.6 km).","3 x 3 meter, Termasuk listrik","Kasur, Jendela","K. Mandi Dalam, Kloset Jongkok, Ember mandi","R. Tamu, Penjaga Kos, R. Jemur, Jemuran, CCTV, Balcon","Parkir Motor, Parkir Sepeda",,https://mamikos.com/room/kost-kota-bandung-kost-campur-murah-kost-5b-ancol-tipe-a-regol-bandung?redirection_source=landing%20area,-6.9408780581208775,107.61501481865668
Kost Bu Ena Tipe A1 Lengkong Bandung,Putri,Rp1.300.000,1300000,Kecamatan Lengkong,Lengkong,"Kost ini berlokasi dekat dengan jalan raya dengan akses yang hanya bisa dilalui oleh motor/sepeda, berlokasi dekat dengan Warteg Bahari (479 m), Alfamart A Yani 419 (3.1 km), Church of Isa Almasih (401 m), Bank BJB - Cabang Utama Bandung (880 m), Universitas Islam Bandung (2.6 km), RS Umum Bungsu (867 m).","3 x 3 meter, Tidak termasuk listrik","Kasur, Lemari / Storage, Ventilasi, Jendela, Guling, Cermin, Bantal, TV Kabel, Kipas Angin","K. Mandi Dalam, Kloset Duduk, Kloset Jongkok, Ember mandi, Shower, Air panas","WiFi, Kulkas, Penjaga Kos, Dispenser, Dapur, Jemuran, Jual Makanan, CCTV",Parkir Motor & Sepeda,,https://mamikos.com/room/kost-kota-bandung-kost-putri-eksklusif-kost-bu-ena-tipe-a1-lengkong-bandung?redirection_source=landing%20area,-6.934869571020632,107.6257033854813
Kost Kenari 18 Tipe 1 Sumur Bandung Bandung,Putra,Rp1.999.999,1999999,Kecamatan Sumur Bandung,Sumur Bandung,"Kost ini berlokasi dekat dengan jalan raya dengan akses yang hanya bisa dilalui oleh motor/sepeda, berlokasi dekat dengan Warteg Abadi (962 m), Alfamart (1.7 km), Masjid Al Asy'ari Unisba (917 m), Bank BJB - Kantor Cabang Tamansari (914 m), Universitas Islam Bandung (950 m), RS Umum Tk IV 03.07.03Sariningsih (513 m).","2.5 x 4.2 meter, Tidak termasuk listrik","AC, Kasur, Dispenser, Meja, Lemari / Storage, Meja makan, Jendela, Guling, Bantal, Wastafel","Kloset Duduk, K. Mandi Luar, Wastafel, Shower, Air panas","WiFi, Laundry, R. Tamu, Penjaga Kos, R. Jemur, R. Makan, R. Santai, Dapur, CCTV, Taman","Parkir Mobil, Parkir Motor, Parkir Sepeda, Parkir Motor & Sepeda",,https://mamikos.com/room/kost-kota-bandung-kost-putra-eksklusif-kost-kenari-18-tipe-1-sumur-bandung-bandung-2?redirection_source=landing%20area,-6.915443560839287,107.61524389194189
Kost Amavi Lengkong Besar Regol Bandung,Putra,Rp1.800.000,1800000,Regol,Regol,"Kost ini berlokasi dekat dengan jalan raya dengan akses yang hanya bisa dilalui oleh motor/sepeda, berlokasi dekat dengan Rumah Makan Cikawao (292 m), Circle K (393 m), Church of Isa Almasih (121 m), Citibank Indonesia (964 m), Institut Seni Budaya Indonesia Bandung (2.3 km), RSU Bhayangkara Tk II Sartika Asih (3.0 km).","4 x 2.5 meter, Tidak termasuk listrik","Kasur, Meja, TV, Lemari / Storage, Kursi, Cleaning service","K. Mandi Dalam, Kloset Duduk, Shower","WiFi, R. Santai, Dapur, Kartu Akses","Parkir Motor, Parkir Sepeda",,https://mamikos.com/room/kost-bandung-kost-putra-eksklusif-kost-amavi-lengkong-besar-bandung-1?redirection_source=landing%20area,-6.9410832306815005,107.61208810553413
Kost Yukiyama Sawah Kurung Regol Bandung,Putri,Rp1.800.000,1800000,Kecamatan Regol,Regol,"Kost ini berlokasi dekat dengan jalan raya dengan akses jalan raya, berlokasi dekat dengan Rumah Makan Cikawao (671 m), Circle K (1.5 km), Church of Isa Almasih (503 m), Citibank Indonesia (1.3 km), Universitas Islam Bandung (3.3 km), RS Ibu dan Anak Kota Bandung (1.3 km).","3 x 4 meter, Tidak termasuk listrik","AC, Kasur, Meja, TV, Lemari / Storage, Cermin, Bantal","K. Mandi Dalam, Kloset Duduk, Wastafel, Shower, Air panas","WiFi, Kulkas, R. Jemur, Dapur, CCTV",Parkir Motor,,https://mamikos.com/room/kost-kota-bandung-kost-putri-eksklusif-kost-yukiyama-sawah-kurung-regol-bandung-?redirection_source=landing%20area,-6.9398371721676435,107.61263085008372
Kost Srigadis 25 Tipe I Regol Bandung,Campur,Rp1.200.000,1200000,Regol,Regol,"Kost ini berlokasi dekat dengan jalan raya dengan akses yang hanya bisa dilalui oleh motor/sepeda, berlokasi dekat dengan Warteg Bahari (790 m), Circle K (2.7 km), Church of Isa Almasih (836 m), Bank BCA KCP Buah Batu (1.5 km), Akademi Sekretari Dan Manajemen BSI Bandung (1.2 km), RS Mata Bandung Eye Center (1.3 km).","5 x 4 meter, Termasuk listrik","Kasur, Meja, Lemari / Storage, Jendela, Guling, Cermin, Bantal","K. Mandi Dalam, Kloset Jongkok, Ember mandi","WiFi, R. Tamu, R. Jemur, R. Makan, R. Santai, Dispenser, Dapur, Jemuran",Parkir Motor & Sepeda,,https://mamikos.com/room/kost-kota-bandung-kost-campur-eksklusif-kost-srigadis-25-tipe-i-regol-bandung-2?redirection_source=landing%20area,-6.940713882775878,107.61184628149562
Kost Wastu Tipe M Bandung Wetan Bandung,Campur,Rp750.000,750000,Kecamatan Bandung Wetan,Bandung Wetan,"Kost ini berlokasi dekat dengan jalan raya dengan akses yang hanya bisa dilalui oleh motor/sepeda, berlokasi dekat dengan Warteg Abadi (508 m), Alfamart (814 m), Masjid Al Asy'ari Unisba (192 m), Bank BJB - Kantor Cabang Tamansari (254 m), Universitas Islam Bandung (211 m), RS Umum Tk IV 03.07.03Sariningsih (603 m).","3 x 3 meter, Tidak termasuk listrik","Jendela, Guling, Bantal, Kipas Angin","Kloset Duduk, Kloset Jongkok, K. Mandi Luar, Bak mandi",Dapur,,,https://mamikos.com/room/kost-kota-bandung-kost-campur-murah-kost-wastu-tipe-m-bandung-wetan-bandung-2?redirection_source=landing%20area,-6.904875628495277,107.61468757734728
Kost Muararajeun Lama 2 Tipe C Cibeunying Kaler Bandung,Campur,Rp850.000,850000,Cibeunying Kaler,Cibeunying Kaler,"Kost ini berlokasi dekat dengan jalan raya dengan akses yang hanya bisa dilalui oleh motor/sepeda, berlokasi dekat dengan Rumah Makan Boemi Mitoha (593 m), Alfamart A Yani 419 (1.3 km), Masjid Pusdai (561 m), Universitas Padjadjaran Kampus Dipatiukur (1.8 km), Sinar Abadi Balubur Town Square (2.3 km).","3 x 3 meter, Termasuk listrik","Kasur, Meja, Lemari / Storage, Ventilasi, Jendela, Bantal","Kloset Jongkok, K. Mandi Luar, Ember mandi","WiFi, R. Cuci, R. Jemur, Dapur, Jemuran, Pengurus Kos, Jual Makanan, CCTV, K. Mandi Luar","Parkir Motor, Parkir Sepeda, Parkir Motor & Sepeda",,https://mamikos.com/room/kost-kota-bandung-kost-campur-eksklusif-kost-muararajeun-lama-2-tipe-c-cibeunying-kaler-bandung?redirection_source=landing%20area,-6.886780892693814,107.6301374513124
Kost Lovina House Tipe A Astanaanyar Bandung,Putri,Rp900.000,900000,Kecamatan Astanaanyar,Astanaanyar,"Kost ini berlokasi dekat dengan jalan raya dengan akses yang hanya bisa dilalui oleh motor/sepeda, berlokasi dekat dengan Warteg Bahari (1.6 km), Alfamart (3.1 km), Church of Isa Almasih (1.1 km), Bank BJB - Cabang Utama Bandung (1.0 km), Universitas Islam Bandung (2.5 km), RS Umum Bungsu (1.4 km).","3 x 3 meter, Termasuk listrik","Kasur, Lemari / Storage, Ventilasi, Jendela, Cermin, Bantal","Kloset Duduk, Kloset Jongkok, Wastafel, Shower, Air panas","Kulkas, R. Tamu, Mushola, R. Santai, Dapur, Jemuran, Rice Cooker, Pengurus Kos, CCTV, Rooftop","Parkir Motor, Parkir Sepeda, Parkir Motor & Sepeda",,https://mamikos.com/room/kost-kota-bandung-kost-putri-murah-kost-lovina-house-astanaanyar-bandung-3?redirection_source=landing%20area,-6.940416798307492,107.60119489821565
Kost Gedung Putih 2 Lengkong Bandung,Campur,Rp2.000.000,2000000,Kecamatan Lengkong,Lengkong,"Kost ini berlokasi dekat dengan jalan raya dengan akses yang hanya bisa dilalui oleh motor/sepeda, berlokasi dekat dengan Warteg Bahari (517 m), Alfamart A Yani 419 (3.2 km), Masjid Al Waritsin (331 m), CIMB Niaga (Buah Batu) (213 m), Akademi Sekretari Dan Manajemen BSI Bandung (589 m), Bandung Electronic Center (3.5 km).","3 x 4 meter, Tidak termasuk listrik","AC, Kasur, Meja, Lemari / Storage, Ventilasi, Jendela, Cermin, Bantal, Wastafel, Kursi","K. Mandi Dalam, Kloset Duduk, Wastafel, Shower, Air panas","WiFi, R. Cuci, Kulkas, Laundry, Penjaga Kos, R. Jemur, R. Makan, R. Santai, Dispenser, Dapur","Parkir Mobil, Parkir Motor, Parkir Sepeda",,https://mamikos.com/room/kost-kota-bandung-kost-campur-eksklusif-kost-gedung-putih-2-lengkong-bandung-1?redirection_source=landing%20area,-6.935415047925144,107.62450528413568
Kost Asri Gatot Subroto Dan Laswi Batununggal Bandung,Putra,Rp750.000,750000,Batununggal,Batununggal,"Kost ini berlokasi dekat dengan jalan raya dengan akses yang hanya bisa dilalui oleh motor/sepeda, berlokasi dekat dengan Warteg Cintaasih (416 m), Alfamart A Yani 419 (1.8 km), Masjid Al Jihad (737 m), STMIK Amik Bandung (1.4 km), Bandung Electronic Center (2.8 km).","3 x 3 meter, Termasuk listrik","Kasur, Meja, Lemari / Storage, Ventilasi, Jendela, Guling, Bantal, Kursi","Kloset Duduk, K. Mandi Luar, Ember mandi, Shower","R. Jemur, R. Santai, Jemuran, K. Mandi Luar",Parkir Motor,,https://mamikos.com/room/kost-kota-bandung-kost-putra-murah-kost-asri-gatot-subroto-dan-laswi-batununggal-bandung?redirection_source=landing%20area,-6.926565425995517,107.64074980643677
Kost Bu Ella 2 Lengkong Bandung,Putri,Rp1.100.000,1100000,Lengkong,Lengkong,"Kost ini berlokasi dekat dengan jalan raya dengan akses yang hanya bisa dilalui oleh motor/sepeda, berlokasi dekat dengan Warteg Abadi (2.6 km), Alfamart A Yani 419 (3.1 km), Church of Isa Almasih (479 m), Citibank Indonesia (442 m), Universitas Islam Bandung (2.6 km), RS Umum Bungsu (863 m).","3 x 4 meter, Termasuk listrik","Kasur, Meja, Lemari / Storage, Kursi","K. Mandi Dalam, Kloset Jongkok, K. Mandi Luar, Ember mandi, Shower, Air panas","Kulkas, Mesin Cuci, Laundry, R. Tamu, R. Jemur, R. Makan, R. Santai, Dispenser, Dapur, TV","Parkir Motor, Parkir Sepeda",,https://mamikos.com/room/kost-kota-bandung-kost-putri-murah-kost-bu-ella-2-lengkong-bandung?redirection_source=landing%20area,-6.933974171174372,107.62696013651161
Kost Warta Batununggal Bandung,Putri,Rp900.000,900000,Batununggal,Batununggal,"Kost ini berlokasi dekat dengan jalan raya dengan akses yang hanya bisa dilalui oleh motor/sepeda, berlokasi dekat dengan Warteg Cintaasih (603 m), Alfamart A Yani 419 (1.8 km), Masjid Al Jihad (893 m), Sekolah Tinggi Ilmu Ekonomi Pasundan (842 m), Bandung Electronic Center (3.3 km).","3 x 3 meter, Termasuk listrik","Kasur, Meja, Lemari / Storage, Ventilasi, Jendela, Guling, Cermin, Bantal","Kloset Duduk, Kloset Jongkok, K. Mandi Luar, Ember mandi, Shower","Kulkas, R. Tamu, R. Jemur, R. Makan, Dispenser, Dapur, Jemuran, Pengurus Kos, CCTV, Taman","Parkir Motor, Parkir Sepeda",,https://mamikos.com/room/kost-bandung-kost-putri-murah-kost-warta-batununggal-bandung?redirection_source=landing%20area,-6.92628312417512,107.64058107634918
Kost Adikacih 6 Astana Anyar Bandung,Putri,Rp850.000,850000,Kecamatan Astanaanyar,Astanaanyar,"Kost ini berlokasi dekat dengan jalan raya dengan akses yang hanya bisa dilalui oleh motor/sepeda, berlokasi dekat dengan Warteg Bahari (1.6 km), Indomaret YPAC (3.3 km), Church of Isa Almasih (1.2 km), Bank BJB - Cabang Utama Bandung (1.3 km), Universitas Islam Bandung (2.8 km), RS Umum Bungsu (1.6 km).","3 x 3 meter, Tidak termasuk listrik","Kasur, Meja, Lemari / Storage, Kulkas, Ventilasi, Jendela, Wastafel, Kursi, Kipas Angin","Kloset Duduk, K. Mandi Luar, Shower, Air panas","WiFi, R. Cuci, Kulkas, Mesin Cuci, R. Jemur, Dapur, Jemuran, Pengurus Kos, CCTV, Kartu Akses",Parkir Motor & Sepeda,,https://mamikos.com/room/kost-kota-bandung-kost-putri-eksklusif-kost-adikacih-6-astana-anyar-bandung?redirection_source=landing%20area,-6.9394750854907326,107.60465305961736
Kost 17 Tipe A Lengkong Bandung,Putri,Rp600.000,600000,Kecamatan Lengkong,Lengkong,"Kost ini berlokasi dekat dengan jalan raya dengan akses yang hanya bisa dilalui oleh motor/sepeda, berlokasi dekat dengan Warteg Bahari (114 m), Alfamart (2.6 km), Church of Isa Almasih (342 m), Bank BJB - Cabang Utama Bandung (1.3 km), Universitas Islam Bandung (3.1 km), RS Mata Bandung Eye Center (1.3 km).","2.5 x 2.5 meter, Termasuk listrik","Kasur, Meja, Lemari / Storage, Ventilasi, Cermin","Kloset Jongkok, K. Mandi Luar, Ember mandi","WiFi, R. Jemur, Dapur, Jemuran, Pengurus Kos, Rooftop, K. Mandi Luar",,,https://mamikos.com/room/kost-kota-bandung-kost-putri-murah-kost-17-tipe-a-lengkong-bandung?redirection_source=landing%20area,-6.93328587027193,107.62708199346174
Kost Wastu Tipe C Bandung Wetan,Campur,Rp900.000,900000,Kecamatan Bandung Wetan,Bandung Wetan,"Kost ini berlokasi dekat dengan jalan raya dengan akses yang hanya bisa dilalui oleh motor/sepeda, berlokasi dekat dengan Rumah Makan Mirasa (282 m), Circle K (3.2 km), Masjid Al Asy'ari Unisba (150 m), Bank BJB - Kantor Cabang Tamansari (204 m), Universitas Islam Bandung (182 m), RS Ibu dan Anak Melinda (499 m).","4 x 4 meter, Tidak termasuk listrik","Kasur, Meja, Lemari / Storage, Ventilasi, Jendela, Guling, Cermin, Bantal, Kursi","Kloset Duduk, Kloset Jongkok, K. Mandi Luar, Ember mandi, Bak mandi","WiFi, Kulkas, Laundry, R. Tamu, Penjaga Kos, R. Jemur, R. Santai, Dapur, Taman, K. Mandi Luar","Parkir Mobil, Parkir Motor, Parkir Sepeda",,https://mamikos.com/room/kost-kota-bandung-kost-campur-murah-kost-wastu-tipe-c-bandung-wetan?redirection_source=landing%20area,-6.904509360091312,107.61480248027046
Kost Kebon Sirih 6 Tipe C Babakan Ciamis Sumur Bandung,Putri,Rp900.000,900000,Sumur Bandung,Sumur Bandung,"Kost ini berlokasi dekat dengan jalan raya dengan akses yang hanya bisa dilalui oleh motor/sepeda, berlokasi dekat dengan Rumah Makan Kapau Jaya (844 m), Circle K (3.2 km), Masjid Al Asy'ari Unisba (642 m), Bank Permata (447 m), Universitas Islam Bandung (678 m), RS Ibu dan Anak Limijati (799 m).","2.5 x 2.5 meter, Tidak termasuk listrik","Kasur, Lemari / Storage","Kloset Duduk, K. Mandi Luar, Wastafel, Air panas",,"Parkir Motor, Parkir Sepeda",,https://mamikos.com/room/kost-bandung-kost-putri-murah-kost-kebon-sirih-no-6-babakan-ciamis-sumur-bandung?redirection_source=landing%20area,-6.913108041147587,107.61799828422947
Kost Ibu Tina Tipe A Cibeunying Kidul Bandung,Putri,Rp900.000,900000,Kecamatan Cibeunying Kidul,Cibeunying Kidul,"Kost ini berlokasi dekat dengan jalan raya dengan akses yang hanya bisa dilalui oleh motor/sepeda, berlokasi dekat dengan Warteg Abadi (3.1 km), Alfamart A Yani 419 (282 m), Masjid Pusdai (1.6 km), Bank Mandiri Bandung Priority Banking Soerapatti (2.5 km), Institut Teknologi Nasional Bandung (1.2 km), RS Umum Santo Yusup (625 m).","3 x 4 meter, Tidak termasuk listrik","Kasur, Lemari / Storage, Ventilasi, Jendela, Guling, Dapur Pribadi, Bantal, Wastafel","K. Mandi Dalam, Kloset Jongkok, Wastafel, Ember mandi","WiFi, R. Cuci, R. Jemur, R. Santai, Dapur, Jemuran, Pengurus Kos, Rooftop, Balcon, Gazebo","Parkir Motor, Parkir Sepeda, Parkir Motor & Sepeda",,https://mamikos.com/room/kost-kota-bandung-kost-putri-murah-kost-ibu-tina-tipe-a-cibeunying-kidul-bandung?redirection_source=landing%20area,-6.898946067796587,107.64951660452074
Kost Srigadis 25 Tipe Executive Regol Bandung,Campur,Rp1.400.000,1400000,Kecamatan Regol,Regol,"Kost ini berlokasi dekat dengan jalan raya dengan akses yang hanya bisa dilalui oleh motor/sepeda, berlokasi dekat dengan Warteg Bahari (788 m), Circle K (788 m), Church of Isa Almasih (836 m), Institut Seni Budaya Indonesia Bandung (1.9 km), RSU Bhayangkara Tk II Sartika Asih (2.3 km), Bandung Electronic Center (3.1 km).","8 x 6 meter, Tidak termasuk listrik","Kasur, Meja, Ventilasi, Jendela, Guling, Dapur Pribadi, Cermin, Bantal","K. Mandi Dalam, Kloset Duduk, Ember mandi","WiFi, R. Jemur, Dapur, Jemuran, Rooftop, Kartu Akses",Parkir Motor & Sepeda,,https://mamikos.com/room/kost-kota-bandung-kost-campur-eksklusif-kost-srigadis-25-tipe-executive-regol-bandung?redirection_source=landing%20area,-6.94129209518525,107.61359285920538
Kost Jl Jati 24 Tipe B Lengkong Besar Bandung,Campur,Rp1.900.000,1900000,Lengkong,Lengkong,"Kost ini berlokasi dekat dengan jalan raya dengan akses yang hanya bisa dilalui oleh motor/sepeda, berlokasi dekat dengan Alfamart A Yani 419 (3.2 km).","3.5 x 4 meter, Tidak termasuk listrik","AC, Kasur, Dispenser, TV, Lemari / Storage, TV Kabel, Kursi","K. Mandi Dalam, Kloset Duduk, Shower, Air panas","WiFi, Kulkas, R. Tamu, Penjaga Kos, R. Jemur, R. Makan, R. Santai, Dispenser, Dapur, TV","Parkir Mobil, Parkir Motor, Parkir Sepeda",,https://mamikos.com/room/kost-bandung-kost-campur-eksklusif-kost-jl-jati-24-tipe-b-lengkong-besar-bandung?redirection_source=landing%20area,-6.936296655633672,107.6264117546012
Kost Modern Mezanin Tipe A Regol Bandung,Campur,Rp1.200.000,1200000,Kecamatan Regol,Regol,"Kost ini berlokasi dekat dengan jalan raya dengan akses yang hanya bisa dilalui oleh motor/sepeda, berlokasi dekat dengan Warteg Bahari (431 m), Circle K (2.7 km), Church of Isa Almasih (686 m), Bank BCA KCP Buah Batu (1.3 km), Universitas Islam Bandung (3.5 km), RS Mata Bandung Eye Center (1.0 km).","3 x 3 meter, Tidak termasuk listrik","AC, Kasur, Lemari / Storage, Ventilasi","K. Mandi Dalam, Kloset Duduk, Kloset Jongkok, Shower, Air panas","WiFi, Laundry, Penjaga Kos, R. Jemur, Dapur, Jemuran, Pengurus Kos, CCTV, Rooftop, Balcon","Parkir Motor, Parkir Sepeda, Parkir Motor & Sepeda",,https://mamikos.com/room/kost-kota-bandung-kost-campur-eksklusif-kost-modern-mezanin-tipe-a-regol-bandung?redirection_source=landing%20area,-6.939807651692469,107.61407074799916
Kost Srigadis 25 Rooms Regol Bandung,Campur,Rp1.100.000,1100000,Regol,Regol,"Kost ini berlokasi dekat dengan jalan raya dengan akses yang hanya bisa dilalui oleh motor/sepeda, berlokasi dekat dengan Warteg Bahari (790 m), Circle K (789 m), Church of Isa Almasih (834 m), Institut Seni Budaya Indonesia Bandung (1.9 km), RSU Bhayangkara Tk II Sartika Asih (2.3 km), Bandung Electronic Center (3.1 km).","4 x 4 meter, Termasuk listrik","Kasur, Meja, Lemari / Storage, Jendela, Guling, Cermin, Bantal","K. Mandi Dalam, Kloset Jongkok, Ember mandi","WiFi, R. Jemur, R. Makan, R. Santai, Dapur, Jemuran","Parkir Motor, Parkir Sepeda",,https://mamikos.com/room/kost-kota-bandung-kost-campur-eksklusif-kost-srigadis-25-rooms-regol-bandung?redirection_source=landing%20area,-6.940162759504014,107.61323452561565
Kost Griya Camar Tipe A Lengkong Bandung,Campur,Rp800.000,800000,Lengkong,Lengkong,"Kost ini berlokasi dekat dengan jalan raya dengan akses yang hanya bisa dilalui oleh motor/sepeda, berlokasi dekat dengan Warteg Bahari (1.3 km), Alfamart (2.6 km), Church In Bandung (354 m), Bank BJB - Cabang Utama Bandung (1.4 km), Universitas Islam Bandung (2.5 km), RS Umum Bungsu (1.0 km).","3 x 3 meter, Tidak termasuk listrik","Kasur, Meja, Lemari / Storage, Jendela, Cermin, Bantal, Kursi","Kloset Jongkok, K. Mandi Luar, Ember mandi, Shower","WiFi, R. Cuci, Penjaga Kos, R. Jemur, Dapur, Jemuran, CCTV",Parkir Motor & Sepeda,,https://mamikos.com/room/kost-kota-bandung-kost-campur-murah-kost-griya-camar-tipe-a-lengkong-bandung?redirection_source=landing%20area,-6.936102067410954,107.62601428959387
Kost Ibu Tina Tipe B Cibeunying Kidul Bandung,Putri,Rp750.000,750000,Kecamatan Cibeunying Kidul,Cibeunying Kidul,"Kost ini berlokasi dekat dengan jalan raya dengan akses yang hanya bisa dilalui oleh motor/sepeda, berlokasi dekat dengan Warteg Abadi (3.1 km), Alfamart A Yani 419 (282 m), Masjid Pusdai (1.6 km), Bank Mandiri Bandung Priority Banking Soerapatti (2.5 km), Institut Teknologi Nasional Bandung (1.2 km), RS Umum Santo Yusup (625 m).","3 x 3 meter, Tidak termasuk listrik","Kasur, Lemari / Storage, Ventilasi, Jendela, Guling, Bantal, Wastafel","Kloset Jongkok, K. Mandi Luar, Wastafel, Ember mandi","WiFi, R. Cuci, R. Jemur, R. Santai, Dapur, Jemuran, Pengurus Kos, Rooftop, Balcon, K. Mandi Luar","Parkir Motor, Parkir Sepeda, Parkir Motor & Sepeda",,https://mamikos.com/room/kost-kota-bandung-kost-putri-murah-kost-ibu-tina-tipe-b-cibeunying-kidul-bandung-2?redirection_source=landing%20area,-6.898447091266575,107.64955309021893
Kost 41 Lengkong Bandung,Putri,Rp700.000,700000,Kecamatan Lengkong,Lengkong,"Kost ini berlokasi dekat dengan jalan raya dengan akses yang hanya bisa dilalui oleh motor/sepeda, berlokasi dekat dengan Rumah Makan Cikawao (660 m), Alfamart A Yani 419 (3.3 km), Masjid Jami Nurul Falah (236 m), CIMB Niaga (Buah Batu) (904 m), Universitas Islam Bandung (3.3 km), RS Ibu dan Anak Kota Bandung (2.0 km).","3 x 3 meter, Termasuk listrik","Kasur, Meja, Lemari / Storage, Jendela, Cermin",Kloset Duduk,"WiFi, R. Cuci, Kulkas, Penjaga Kos, R. Jemur, R. Makan, Dispenser, Dapur, Jemuran, Pengurus Kos",Parkir Motor,,https://mamikos.com/room/kost-kota-bandung-kost-putri-murah-kost-41-lengkong-bandung-1?redirection_source=landing%20area,-6.936212646710199,107.62702141424207
Kost Adipati 10 Bandung Wetan Bandung,Putri,Rp2.000.000,2000000,Kecamatan Bandung Wetan,Bandung Wetan,"Kost ini berlokasi dekat dengan jalan raya dengan akses yang hanya bisa dilalui oleh motor/sepeda, berlokasi dekat dengan Warteg Abadi (547 m), Alfamart A Yani 419 (3.0 km), Masjid Al-Muttaqin (Gedung Sate) (451 m), Bank Mandiri Bandung Priority Banking Soerapatti (252 m), Universitas Padjadjaran Kampus Dipatiukur (779 m), RS Umum Santo Borromeus (663 m).","3 x 3 meter, Termasuk listrik","Kasur, Meja, Lemari / Storage, Ventilasi, Jendela, Cermin, Bantal, Kursi","K. Mandi Dalam, Kloset Duduk, Wastafel, Shower, Air panas","WiFi, Kulkas, Mesin Cuci, R. Jemur, R. Makan, Dispenser, Dapur, Jemuran, Rice Cooker, Pengurus Kos","Parkir Motor, Parkir Sepeda",,https://mamikos.com/room/kost-kota-bandung-kost-putri-eksklusif-kost-adipati-10-bandung-wetan-bandung-2?redirection_source=landing%20area,-6.906826232611454,107.61841322221565
Kost Jl Macan 9 Lengkong Bandung,Campur,Rp1.400.000,1400000,Kecamatan Lengkong,Lengkong,"Kost ini berlokasi dekat dengan jalan raya dengan akses yang hanya bisa dilalui oleh motor/sepeda, berlokasi dekat dengan Rumah Makan Cikawao (649 m), Alfamart A Yani 419 (3.1 km), Church of Isa Almasih (698 m), Citibank Indonesia (939 m), Universitas Islam Bandung (3.2 km), RS Ibu dan Anak Kota Bandung (2.0 km).","3 x 3 meter, Termasuk listrik","Kasur, Meja, Lemari / Storage, Ventilasi, Jendela, Guling, Cermin, Bantal, Kipas Angin, Cleaning service","Kloset Duduk, K. Mandi Luar, Shower","WiFi, R. Cuci, Kulkas, Mesin Cuci, Laundry, R. Tamu, Penjaga Kos, R. Jemur, R. Makan, R. Santai","Parkir Mobil, Parkir Motor, Parkir Sepeda",,https://mamikos.com/room/kost-kota-bandung-kost-campur-eksklusif-kost-jl-macan-9-lengkong-bandung?redirection_source=landing%20area,-6.932472177882665,107.62457380506812
Kost Otto Residence Tipe A Astanaanyar Bandung,Campur,Rp1.800.000,1800000,Astanaanyar,Astanaanyar,"Kost ini berlokasi dekat dengan jalan raya dengan akses yang hanya bisa dilalui oleh motor/sepeda, berlokasi dekat dengan Warteg Jaya Bahari (211 m), Circle K (534 m), Masjid Raya Bandung (446 m), Bank BJB - Cabang Utama Bandung (905 m), Institut Seni Budaya Indonesia Bandung (3.4 km), Bandung Electronic Center (2.0 km).","4 x 4 meter, Tidak termasuk listrik","AC, Kasur, Meja, Meja Rias, Lemari / Storage, Ventilasi, Jendela, Cermin, Bantal, Wastafel","K. Mandi Dalam, Kloset Duduk, Wastafel, Shower, Air panas","WiFi, R. Jemur, Dapur","Parkir Motor, Parkir Sepeda",,https://mamikos.com/room/kost-kota-bandung-kost-campur-eksklusif-kost-otto-residence-tipe-a-astanaanyar-bandung?redirection_source=landing%20area,-6.940559227541562,107.60223240401926
Kost Otto Residence Tipe D Astanaanyar Bandung,Campur,Rp1.800.000,1800000,Astanaanyar,Astanaanyar,"Kost ini berlokasi dekat dengan jalan raya dengan akses yang hanya bisa dilalui oleh motor/sepeda, berlokasi dekat dengan Warteg Jaya Bahari (211 m), Circle K (534 m), Masjid Raya Bandung (446 m), Bank BJB - Cabang Utama Bandung (905 m), Institut Seni Budaya Indonesia Bandung (3.4 km), Bandung Electronic Center (2.0 km).","4 x 4 meter, Tidak termasuk listrik","AC, Kasur, Meja, Meja Rias, Lemari / Storage, Ventilasi, Jendela, Cermin, Bantal, Wastafel","K. Mandi Dalam, Kloset Duduk, Wastafel, Shower, Air panas","WiFi, R. Jemur, Dapur, Jemuran","Parkir Motor, Parkir Sepeda",,https://mamikos.com/room/kost-kota-bandung-kost-campur-eksklusif-kost-otto-residence-tipe-d-astanaanyar-bandung?redirection_source=landing%20area,-6.940764396847142,107.60483844490655
Kost Sukamulus Cibeunying Kidul Bandung,Campur,Rp450.000,450000,Cibeunying Kidul,Cibeunying Kidul,"Kost ini berlokasi dekat dengan jalan raya dengan akses yang hanya bisa dilalui oleh motor/sepeda, berlokasi dekat dengan Warteg Abadi (3.1 km), Alfamart A Yani 419 (284 m), Masjid Pusdai (1.6 km), Bank Mandiri Bandung Priority Banking Soerapatti (2.6 km), Institut Teknologi Nasional Bandung (1.2 km), RS Umum Santo Yusup (583 m).","3 x 3 meter, Termasuk listrik","Kasur, Meja, Ventilasi, Jendela, Cermin, Bantal, Cleaning service","Kloset Jongkok, K. Mandi Luar, Ember mandi, Shower, Bak mandi","WiFi, R. Cuci, Penjaga Kos, R. Jemur, Dispenser, Dapur, Jemuran, Pengurus Kos, CCTV, Gazebo","Parkir Mobil, Parkir Motor, Parkir Sepeda",,https://mamikos.com/room/kost-kota-bandung-kost-campur-murah-kost-sukamulus-cibeunying-kidul-bandung?redirection_source=landing%20area,-6.898522617314617,107.64853871233518
Kost Bengawan 83 Tipe C1 Bandung Wetan Bandung,Campur,Rp1.250.000,1250000,Kecamatan Bandung Wetan,Bandung Wetan,"Kost ini berlokasi dekat dengan jalan raya dengan akses yang hanya bisa dilalui oleh motor/sepeda, berlokasi dekat dengan Rumah Makan Boemi Mitoha (746 m), Alfamart A Yani 419 (988 m), Masjid Al Jihad (748 m), Bank BJB Weekend Banking (554 m), Universitas Padjadjaran Kampus Dipatiukur (2.4 km), RS Ibu dan Anak Limijati (1.9 km).","3.2 x 3.2 meter, Termasuk listrik","Kasur, Meja, Lemari / Storage, Ventilasi, Jendela, Cermin, Bantal, Kursi, Kipas Angin, Cleaning service","Kloset Duduk, K. Mandi Luar, Shower, Air panas","WiFi, R. Cuci, Kulkas, Mesin Cuci, R. Tamu, Penjaga Kos, R. Jemur, R. Makan, R. Santai, Dispenser","Parkir Mobil, Parkir Motor, Parkir Sepeda",,https://mamikos.com/room/kost-kota-bandung-kost-campur-eksklusif-kost-bengawan-83-tipe-c1-bandung-wetan-bandung-2?redirection_source=landing%20area,-6.90648995456941,107.6155361842165
Kost Pondok Umi Asiyah Tipe A Lengkong Bandung,Putri,Rp850.000,850000,Kecamatan Lengkong,Lengkong,"Kost ini berlokasi dekat dengan jalan raya dengan akses yang hanya bisa dilalui oleh motor/sepeda, berlokasi dekat dengan Warteg Bahari (81 m), Alfamart A Yani 419 (3.4 km), Church of Isa Almasih (348 m), Bank BJB - Cabang Utama Bandung (1.3 km), Universitas Islam Bandung (3.0 km), RS Umum Bungsu (1.3 km).","3 x 2.5 meter, Termasuk listrik","Kasur, Meja, Lemari / Storage, Jendela, Guling, Cermin, Bantal, Kursi","Kloset Duduk, Kloset Jongkok, Ember mandi, Shower, Air panas","WiFi, Kulkas, R. Tamu, R. Jemur, Dapur, Jemuran, Pengurus Kos, CCTV, TV",Parkir Motor,,https://mamikos.com/room/kost-kota-bandung-kost-putri-murah-kost-pondok-umi-asiyah-tipe-a-lengkong-bandung-2?redirection_source=landing%20area,-6.935387607434553,107.62607023632006
Kost Mutiara 3 Lengkong Bandung,Campur,Rp1.200.000,1200000,Lengkong,Lengkong,"Kost ini berlokasi dekat dengan jalan raya dengan akses yang hanya bisa dilalui oleh motor/sepeda, berlokasi dekat dengan Warteg Bahari (514 m), Alfamart A Yani 419 (3.3 km), Masjid Al Waritsin (322 m), CIMB Niaga (Buah Batu) (205 m), Akademi Sekretari Dan Manajemen BSI Bandung (596 m), Bandung Electronic Center (3.5 km).","3 x 4 meter, Tidak termasuk listrik","Kasur, Meja, Lemari / Storage, Kipas Angin","K. Mandi Dalam, Kloset Duduk, Shower","WiFi, R. Jemur, Pengurus Kos, CCTV, Balcon",Parkir Motor,,https://mamikos.com/room/kost-bandung-kost-campur-eksklusif-kost-mutiara-3-lengkong-bandung?redirection_source=landing%20area,-6.9336236457014735,107.62699161019155
Kost Nangkasuni 47F Tipe A Bandung Wetan Bandung,Putri,Rp515.000,515000,Kecamatan Bandung Wetan,Bandung Wetan,"Kost ini berlokasi dekat dengan jalan raya dengan akses yang hanya bisa dilalui oleh motor/sepeda, berlokasi dekat dengan Rumah Makan Kapau Jaya (481 m), Circle K (3.0 km), Masjid Salman ITB (1.5 km), Bank Syariah Indonesia KC Bandung Suniaraja (1.1 km), Institut Teknologi Bandung (1.7 km), RS Ibu dan Anak Limijati (830 m).","3 x 3 meter, Tidak termasuk listrik","Kasur, TV, Lemari / Storage, Kulkas, Wastafel, Cleaning service","Kloset Jongkok, K. Mandi Luar, Bak mandi","R. Cuci, Kulkas, Laundry, R. Tamu, R. Jemur, R. Makan, Mushola, R. Santai, Dapur, Balcon","Parkir Motor, Parkir Sepeda",,https://mamikos.com/room/kost-kota-bandung-kost-putri-murah-kost-nangkasuni-47f-tipe-a-bandung-wetan-bandung?redirection_source=landing%20area,-6.904256142313193,107.61858557318789
Kost Griya Camar Tipe E Lengkong Bandung,Campur,Rp1.300.000,1300000,Lengkong,Lengkong,"Kost ini berlokasi dekat dengan jalan raya dengan akses yang hanya bisa dilalui oleh motor/sepeda, berlokasi dekat dengan Warteg Bahari (1.3 km), Alfamart (2.6 km), Church In Bandung (354 m), Bank BJB - Cabang Utama Bandung (1.4 km), Universitas Islam Bandung (2.5 km), RS Umum Bungsu (1.0 km).","3 x 4 meter, Tidak termasuk listrik","Kasur, Meja, Lemari / Storage, Jendela, Cermin, Bantal, Kursi","Kloset Jongkok, K. Mandi Luar, Ember mandi, Shower","WiFi, R. Cuci, Penjaga Kos, R. Jemur, Dapur, Jemuran, CCTV",Parkir Motor & Sepeda,,https://mamikos.com/room/kost-kota-bandung-kost-campur-eksklusif-kost-griya-camar-tipe-e-lengkong-bandung-2?redirection_source=landing%20area,-6.932993782707855,107.62551497727507
Kost Barokah 32 Tipe Ac Astanaanyar Bandung,Campur,Rp1.950.000,1950000,Kecamatan Astanaanyar,Astanaanyar,"Kost ini berlokasi dekat dengan jalan raya dengan akses yang hanya bisa dilalui oleh motor/sepeda, berlokasi dekat dengan Rumah Makan Cikawao (1.3 km), Circle K (1.4 km), Gereja Kristen Kalam Kudus Pasundan (796 m), Bank DBS Indonesia - Djuanda (2.8 km), Universitas Islam Bandung (3.0 km), RS Ibu dan Anak Kota Bandung (163 m).","3 x 7 meter, Tidak termasuk listrik","AC, Kasur, Lemari / Storage, Ventilasi, Jendela, Dapur Pribadi","K. Mandi Dalam, Kloset Duduk, Ember mandi","R. Cuci, Penjaga Kos, R. Jemur, Dapur, Jemuran, Pengurus Kos, K. Mandi Luar",Parkir Motor,,https://mamikos.com/room/kost-kota-bandung-kost-campur-eksklusif-kost-barokah-32-tipe-ac-astanaanyar-bandung-1?redirection_source=landing%20area,-6.938469324297078,107.60383049214438
Kost Haga House 1 Tipe A Regol Bandung,Campur,Rp1.000.000,1000000,Regol,Regol,"Kost ini berlokasi dekat dengan jalan raya dengan akses yang hanya bisa dilalui oleh motor/sepeda, berlokasi dekat dengan Warteg Bahari (1.1 km), Circle K (1.0 km), Church of Isa Almasih (730 m), Bank BJB - Cabang Utama Bandung (1.3 km), Universitas Islam Bandung (3.1 km), RS Umum Bungsu (1.6 km).","3 x 4 meter, Termasuk listrik","Kasur, Meja, Ventilasi, Jendela, Guling, Bantal, Wastafel","K. Mandi Dalam, Kloset Duduk, Kloset Jongkok, Wastafel, Ember mandi, Shower","WiFi, Kulkas, R. Tamu, R. Jemur, Mushola, R. Santai, Dapur, Jemuran, Pengurus Kos, CCTV",Parkir Motor,,https://mamikos.com/room/kost-kota-bandung-kost-campur-murah-kost-haga-house-1-tipe-a-regol-bandung-2?redirection_source=landing%20area,-6.939138638685813,107.61457158779643
Kost Maleer 14 Tipe A Batununggal Bandung,Putri,Rp1.500.000,1500000,Batununggal,Batununggal,"Kost ini berlokasi dekat dengan jalan raya dengan akses yang hanya bisa dilalui oleh motor/sepeda, berlokasi dekat dengan Rumah Makan Amanah (744 m), Alfamart A Yani 419 (1.7 km), Masjid Al Jihad (1.2 km), Sekolah Tinggi Ilmu Ekonomi Pasundan (784 m).","4 x 6 meter, Termasuk listrik","Kasur, Lemari / Storage","K. Mandi Dalam, Kloset Duduk, Ember mandi, Shower, Air panas, Bak mandi","WiFi, Kulkas, R. Tamu, Penjaga Kos, R. Jemur, Dispenser, Dapur, Balcon, Taman","Parkir Mobil, Parkir Motor, Parkir Sepeda",,https://mamikos.com/room/kost-kota-bandung-kost-putri-eksklusif-kost-maleer-14-tipe-a-batununggal-bandung?redirection_source=landing%20area,-6.928670623518462,107.64116738177756
Kost Haga House 2 Regol Bandung,Campur,Rp1.350.000,1350000,Kecamatan Regol,Regol,"Kost ini berlokasi dekat dengan jalan raya dengan akses yang hanya bisa dilalui oleh motor/sepeda, berlokasi dekat dengan Rumah Makan Cikawao (886 m), Circle K (1.0 km), Gereja Kristen Kalam Kudus Pasundan (552 m), Citibank Indonesia (1.5 km), Universitas Islam Bandung (3.1 km), RS Umum Muhammadiyah (1.8 km).","3 x 4 meter, Tidak termasuk listrik","Kasur, Meja, Lemari / Storage, Ventilasi, Jendela, Guling, Bantal, TV Kabel, Wastafel, Kipas Angin","K. Mandi Dalam, Kloset Duduk, Kloset Jongkok, Wastafel, Ember mandi, Shower","WiFi, Kulkas, R. Tamu, R. Jemur, Mushola, R. Santai, Dapur, Jemuran, CCTV, TV",Parkir Motor,,https://mamikos.com/room/kost-kota-bandung-kost-campur-eksklusif-kost-haga-house-2-regol-bandung-2?redirection_source=landing%20area,-6.93858168889092,107.61219994645667
Kost Shekinah Bandung Wetan Bandung,Putri,Rp1.510.000,1510000,Bandung Wetan,Bandung Wetan,"Kost ini berlokasi dekat dengan jalan raya dengan akses yang hanya bisa dilalui oleh motor/sepeda, berlokasi dekat dengan Warteg Abadi (382 m), Circle K (3.2 km), Masjid Al Asy'ari Unisba (336 m), Bank BJB - Kantor Cabang Tamansari (326 m), Universitas Islam Bandung (300 m), RS Umum Tk IV 03.07.03Sariningsih (775 m).","3 x 2.5 meter, Tidak termasuk listrik","Kasur, Meja, Lemari / Storage, Ventilasi, Jendela, Guling, Bantal, Kursi","K. Mandi Dalam, Kloset Duduk, Shower, Air panas","WiFi, Kulkas, Dispenser, Dapur, Jemuran, CCTV",,,https://mamikos.com/room/kost-kota-bandung-kost-putri-eksklusif-kost-shekinah-bandung-wetan-bandung-2?redirection_source=landing%20area,-6.90587644576826,107.61502608153297
Kost 67 Paledang Lengkong Bandung,Putri,Rp1.300.000,1300000,Lengkong,Lengkong,"Kost ini berlokasi dekat dengan jalan raya dengan akses yang hanya bisa dilalui oleh motor/sepeda, berlokasi dekat dengan Alfamart A Yani 419 (3.1 km), Church of Isa Almasih (504 m), Bandung Electronic Center (2.0 km).","3 x 4 meter, Termasuk listrik",Kipas Angin,"K. Mandi Dalam, Kloset Jongkok",WiFi,,,https://mamikos.com/room/kost-kota-bandung-kost-putri-eksklusif-kost-67-paledang-lengkong-bandung-1?redirection_source=landing%20area,-6.932542345088889,107.62793618116146
Kost Rania Modern Tipe A1 Regol Bandung,Putri,Rp950.000,950000,Regol,Regol,"Kost ini berlokasi dekat dengan jalan raya dengan akses yang hanya bisa dilalui oleh motor/sepeda, berlokasi dekat dengan Warteg Bahari (876 m), Alfamart (3.2 km), Church of Isa Almasih (449 m), Bank BJB - Cabang Utama Bandung (723 m), Universitas Islam Bandung (2.5 km), RS Umum Bungsu (984 m).","3 x 3 meter, Tidak termasuk listrik","Kasur, Meja, Lemari / Storage, Ventilasi, Jendela, Guling, Cermin, Bantal, Kursi, Kipas Angin","K. Mandi Dalam, Kloset Duduk, Shower","WiFi, R. Jemur, Dispenser, Dapur, Jemuran, Pengurus Kos, K. Mandi Luar","Parkir Motor, Parkir Sepeda",,https://mamikos.com/room/kost-kota-bandung-kost-putri-murah-kost-rania-modern-tipe-a1-regol-bandung-2?redirection_source=landing%20area,-6.937635932770655,107.61283594322671
Kost Lilia Cozy Room Standard Astanaanyar Bandung,Campur,Rp1.200.000,1200000,Kecamatan Astanaanyar,Astanaanyar,"Kost ini berlokasi dekat dengan jalan raya dengan akses yang hanya bisa dilalui oleh motor/sepeda, berlokasi dekat dengan Warteg Bahari (1.6 km), Alfamart (2.7 km), Church of Isa Almasih (1.2 km), Bank BJB - Cabang Utama Bandung (1.4 km), Universitas Islam Bandung (3.0 km), RS Umum Bungsu (1.8 km).","2.3 x 2.6 meter, Tidak termasuk listrik","Kasur, Meja, Lemari / Storage, Ventilasi, Jendela, Bantal, Kursi","Kloset Duduk, K. Mandi Luar, Wastafel, Ember mandi, Shower","WiFi, R. Cuci, Kulkas, Laundry, R. Tamu, Penjaga Kos, R. Jemur, Dapur, Jemuran, Pengurus Kos","Parkir Motor, Parkir Sepeda, Parkir Motor & Sepeda",,https://mamikos.com/room/kost-kota-bandung-kost-campur-eksklusif-kost-lilia-cozy-room-standard-astanaanyar-bandung-2?redirection_source=landing%20area,-6.938135866733108,107.6038727436689
Kost Tsm Gatsu Tipe B Batununggal Bandung,Campur,Rp1.100.000,1100000,Kecamatan Batununggal,Batununggal,"Kost ini berlokasi dekat dengan jalan raya dengan akses yang hanya bisa dilalui oleh motor/sepeda, berlokasi dekat dengan Warteg Bahari (1.6 km), Indomaret Surapati 55 (3.3 km), Gereja Isa Almasih (423 m), Bank BCA KCP Buah Batu (1.9 km), Institut Teknologi Nasional Bandung (3.1 km), RS Ibu dan Anak Al Islam (1.9 km).","3 x 4 meter, Termasuk listrik","Kasur, Lemari / Storage, Ventilasi, Jendela, Bantal","K. Mandi Dalam, Kloset Duduk, Shower","WiFi, R. Tamu, R. Jemur, R. Santai, Dispenser, Dapur, Jemuran, Pengurus Kos, Jual Makanan, CCTV","Parkir Motor, Parkir Sepeda, Parkir Motor & Sepeda",,https://mamikos.com/room/kost-kota-bandung-kost-campur-eksklusif-kost-tsm-gatsu-tipe-b-batununggal-bandung?redirection_source=landing%20area,-6.929622620833495,107.64164131757002
Kost Faiz Tipe B Sumur Bandung Bandung,Putra,Rp750.000,750000,Kecamatan Sumur Bandung,Sumur Bandung,"Kost ini berlokasi dekat dengan jalan raya dengan akses masuk mobil, berlokasi dekat dengan Rumah Makan Mirasa (616 m), Circle K (3.2 km), Masjid Al Asy'ari Unisba (570 m), Bank Permata (418 m), Universitas Islam Bandung (605 m), RS Khusus Mata Cicendo (303 m).","3 x 3 meter, Termasuk listrik","Kasur, Lemari / Storage","Kloset Duduk, Kloset Jongkok, K. Mandi Luar, Ember mandi, Shower, Air panas","WiFi, K. Mandi Luar","Parkir Motor, Parkir Sepeda",,https://mamikos.com/room/kost-kota-bandung-kost-putra-murah-kost-faiz-tipe-b-sumur-bandung-bandung-2?redirection_source=landing%20area,-6.9136347285567785,107.61613982356931
Kost Apik Sukarta Tipe C Tegallega Bandung,Putra,Rp1.325.000,1325000,Kecamatan Regol,Regol,"Kost ini berlokasi dekat dengan jalan raya dengan akses masuk mobil, berlokasi dekat dengan Rumah Makan Bungo Tanjung (3.2 km), Circle K (1.4 km), Church of Isa Almasih (640 m), Bank BRI KCP Simpang Buah Batu (2.8 km), Universitas Islam Bandung (3.3 km), RS Khusus Mata Cicendo (2.6 km).","3.4 x 2.8 meter, Termasuk listrik","Kasur, Lemari / Storage, Ventilasi, Jendela, Bantal","K. Mandi Dalam, Kloset Duduk, Ember mandi, Shower, Bak mandi","WiFi, R. Cuci, Kulkas, Mesin Cuci, R. Tamu, Penjaga Kos, R. Jemur, R. Makan, R. Santai, Dispenser",Parkir Motor & Sepeda,,https://mamikos.com/room/kost-kota-bandung-kost-putra-eksklusif-kost-apik-sukarta-tipe-c-tegallega-bandung-1?redirection_source=landing%20area,-6.938053943682142,107.61299277265367
Kost Singgahsini Arcadia Tipe A Batununggal Bandung,Campur,Rp1.575.000,1575000,Batununggal,Batununggal,"Kost ini berlokasi dekat dengan jalan raya dengan akses masuk mobil, berlokasi dekat dengan Warteg Cintaasih (540 m), Alfamart A Yani 419 (1.7 km), Masjid Al Jihad (838 m), Sekolah Tinggi Ilmu Ekonomi Pasundan (907 m), Bandung Electronic Center (3.2 km).","4 x 3.5 meter, Tidak termasuk listrik","Kasur, Meja, Lemari / Storage, Ventilasi, Jendela, Cermin, Bantal, Wastafel, Kursi","K. Mandi Dalam, Kloset Duduk, Shower, Air panas","WiFi, R. Cuci, Mesin Cuci, R. Tamu, Dapur",Parkir Motor & Sepeda,,https://mamikos.com/room/kost-kota-bandung-kost-campur-eksklusif-kost-singgahsini-arcadia-tipe-a-batununggal-bandung?redirection_source=landing%20area,-6.927038488590649,107.63931255903371
Kost Singgahsini YL Cikawao Tipe A Lengkong Bandung,Putri,Rp2.525.000,2525000,Lengkong,Lengkong,"Kost ini berlokasi dekat dengan jalan raya dengan akses masuk mobil, berlokasi dekat dengan Warteg Bahari (339 m), Indomaret Surapati 55 (3.3 km), Church of Isa Almasih (166 m), Bank BJB - Cabang Utama Bandung (997 m), Universitas Islam Bandung (2.8 km), RS Umum Bungsu (1.1 km).","4 x 4 meter, Termasuk listrik","AC, Kasur, Meja, Lemari / Storage, Jendela, Cermin, Bantal, Kursi","K. Mandi Dalam, Kloset Duduk, Shower, Air panas","WiFi, R. Cuci, Kulkas, Mesin Cuci, R. Tamu, Penjaga Kos, R. Jemur, Dispenser, Dapur, Jemuran",Parkir Motor & Sepeda,,https://mamikos.com/room/kost-kota-bandung-kost-putri-eksklusif-kost-singgahsini-yl-cikawao-tipe-a-lengkong-bandung-2?redirection_source=landing%20area,-6.934585597271398,107.62437087216301
Kost Tiga Tujuh Cibeunying Kaler Bandung,Putra,Rp1.900.000,1900000,Cibeunying Kaler,Cibeunying Kaler,"Kost ini berlokasi dekat dengan jalan raya dengan akses yang hanya bisa dilalui oleh motor/sepeda, berlokasi dekat dengan Warteg Abadi (1.9 km), Alfamart (1.1 km), Masjid Al Asy'ari Unisba (2.2 km), Bank BJB Weekend Banking (931 m), Institut Teknologi Nasional Bandung (1.0 km), RS Ibu dan Anak Al Islam (1.5 km).","3 x 4 meter, Tidak termasuk listrik","AC, Kasur, Meja, TV, Lemari / Storage, Guling, Bantal","K. Mandi Dalam, Kloset Duduk, Shower, Air panas","Kulkas, Laundry, Penjaga Kos, Dispenser, Dapur, Jemuran, CCTV, TV",Parkir Motor,,https://mamikos.com/room/kost-kota-bandung-kost-putra-eksklusif-kost-tiga-tujuh-cibeunying-kaler-bandung-2?redirection_source=landing%20area,-6.886185664558853,107.6280647005416
Kost Singgahsini YL Cikawao Tipe E Lengkong Bandung,Putri,Rp1.275.000,1275000,Lengkong,Lengkong,"Kost ini berlokasi dekat dengan jalan raya dengan akses masuk mobil, berlokasi dekat dengan Warteg Bahari (339 m), Indomaret Surapati 55 (3.3 km), Church of Isa Almasih (166 m), Bank BJB - Cabang Utama Bandung (997 m), Universitas Islam Bandung (2.8 km), RS Umum Bungsu (1.1 km).","3.2 x 2.5 meter, Termasuk listrik","Kasur, Meja, Lemari / Storage, Jendela, Cermin, Bantal","K. Mandi Dalam, Kloset Duduk, Shower, Air panas","WiFi, R. Cuci, Kulkas, Mesin Cuci, R. Tamu, Penjaga Kos, R. Jemur, Dispenser, Dapur, Jemuran",Parkir Motor & Sepeda,,https://mamikos.com/room/kost-kota-bandung-kost-putri-eksklusif-kost-singgahsini-yl-cikawao-tipe-e-lengkong-bandung-2?redirection_source=landing%20area,-6.9356007959905766,107.62581491317042
Kost Yasin Batununggal Bandung,Putri,Rp700.000,700000,Batununggal,Batununggal,"Kost ini berlokasi dekat dengan jalan raya dengan akses yang hanya bisa dilalui oleh motor/sepeda, berlokasi dekat dengan Warteg Bahari (1.9 km), Alfamart A Yani 419 (2.5 km), Gereja Katolik Hati Tak Bernoda Santa Perawan Maria (1.4 km), Bank BCA KCP Buah Batu (1.4 km), Sekolah Tinggi Ilmu Ekonomi Pasundan (106 m), RS Mata Bandung Eye Center (1.4 km).","3 x 3 meter, Termasuk listrik","Kasur, Meja, Lemari / Storage, Ventilasi, Jendela, Bantal, Kursi","Kloset Jongkok, K. Mandi Luar, Ember mandi","WiFi, R. Tamu, R. Jemur, Jemuran, Pengurus Kos, Taman, TV, K. Mandi Luar","Parkir Motor, Parkir Sepeda",,https://mamikos.com/room/kost-kota-bandung-kost-putri-murah-kost-yasin-batununggal-bandung-2?redirection_source=landing%20area,-6.9291138837093555,107.64206826569917
Kost Singgahsini YL Cikawao Tipe B Lengkong Bandung,Putri,Rp2.225.000,2225000,Lengkong,Lengkong,"Kost ini berlokasi dekat dengan jalan raya dengan akses masuk mobil, berlokasi dekat dengan Warteg Bahari (339 m), Indomaret Surapati 55 (3.3 km), Church of Isa Almasih (166 m), Bank BJB - Cabang Utama Bandung (997 m), Universitas Islam Bandung (2.8 km), RS Umum Bungsu (1.1 km).","3.6 x 2.4 meter, Termasuk listrik","AC, Kasur, Meja, Lemari / Storage, Jendela, Cermin, Bantal, Kursi","K. Mandi Dalam, Kloset Duduk, Shower, Air panas","WiFi, R. Cuci, Kulkas, Mesin Cuci, R. Tamu, Penjaga Kos, R. Jemur, Dispenser, Dapur, Jemuran",Parkir Motor & Sepeda,,https://mamikos.com/room/kost-kota-bandung-kost-putri-eksklusif-kost-singgahsini-yl-cikawao-tipe-b-lengkong-bandung-2?redirection_source=landing%20area,-6.9327319172621555,107.62735650665857
Kost Kadua Homestay Double Regol Bandung,Campur,Rp2.100.000,2100000,Kecamatan Regol,Regol,"Kost ini berlokasi dekat dengan jalan raya dengan akses yang hanya bisa dilalui oleh motor/sepeda, berlokasi dekat dengan Warteg Bahari (1.0 km), Circle K (2.6 km), Church of Isa Almasih (945 m), Bank BJB - Cabang Utama Bandung (1.8 km), Akademi Sekretari Dan Manajemen BSI Bandung (1.5 km), RS Mata Bandung Eye Center (1.7 km).","3 x 4 meter, Tidak termasuk listrik","AC, Kasur, Meja, Lemari / Storage, Kulkas, Ventilasi, Jendela, Cermin, Wastafel, Kursi","K. Mandi Dalam, Kloset Duduk, Wastafel, Shower, Air panas","WiFi, Kulkas, R. Tamu, Penjaga Kos, R. Jemur, R. Makan, R. Santai, Dapur, Jemuran, Jual Makanan",Parkir Motor,,https://mamikos.com/room/kost-kota-bandung-kost-campur-eksklusif-kost-kadua-homestay-double-regol-bandung-2?redirection_source=landing%20area,-6.941426895688618,107.6144046034891
Kost Johar 14 Bandung Wetan Bandung,Putri,Rp2.350.000,2350000,Bandung Wetan,Bandung Wetan,"Kost ini berlokasi dekat dengan jalan raya dengan akses yang hanya bisa dilalui oleh motor/sepeda, berlokasi dekat dengan Warteg Abadi (2.1 km), Alfamart (1.8 km), Church In Bandung (1.5 km), Bank BJB - Cabang Utama Bandung (2.2 km), Institut Teknologi Nasional Bandung (1.7 km), RS Ibu dan Anak Al Islam (1.2 km).","3 x 4 meter, Tidak termasuk listrik","AC, Kasur, Meja, Lemari / Storage, Ventilasi, Jendela, Cermin, Bantal, Wastafel","K. Mandi Dalam, Kloset Duduk, Wastafel, Shower, Air panas","WiFi, Penjaga Kos, R. Jemur, Dapur, CCTV","Parkir Motor, Parkir Motor & Sepeda",,https://mamikos.com/room/kost-kota-bandung-kost-putri-eksklusif-kost-johar-14-bandung-wetan-bandung-2?redirection_source=landing%20area,-6.905373970438739,107.61690402927961
Kost Apik Tamblong 2A Tipe A Asia Afrika Bandung,Campur,Rp1.525.000,1525000,Sumur Bandung,Sumur Bandung,"Kost ini berlokasi dekat dengan jalan raya dengan akses masuk mobil, berlokasi dekat dengan Warteg Bahari (1.1 km), Alfamart A Yani 419 (3.2 km), Masjid Raya Bandung (669 m), Citibank Indonesia (441 m), Universitas Islam Bandung (2.0 km), RS Umum Bungsu (352 m).","3 x 3 meter, Termasuk listrik","Kasur, Meja, Lemari / Storage, Jendela, Bantal, Kursi",,"WiFi, Kulkas, R. Tamu, R. Jemur, R. Makan, Dapur, TV, K. Mandi Luar",Parkir Motor,,https://mamikos.com/room/kost-kota-bandung-kost-campur-eksklusif-kost-apik-tamblong-2a-tipe-a-asia-afrika-bandung?redirection_source=landing%20area,-6.914161865561292,107.61897906542515
Kost Apik Sukarta Tipe A Tegallega Bandung,Putra,Rp975.000,975000,Kecamatan Regol,Regol,"Kost ini berlokasi dekat dengan jalan raya dengan akses masuk mobil, berlokasi dekat dengan Rumah Makan Bungo Tanjung (3.2 km), Circle K (1.4 km), Church of Isa Almasih (640 m), Bank BRI KCP Simpang Buah Batu (2.8 km), Universitas Islam Bandung (3.3 km), RS Khusus Mata Cicendo (2.6 km).","2.7 x 2.1 meter, Termasuk listrik","Kasur, Lemari / Storage, Ventilasi, Jendela, Bantal","Kloset Duduk, K. Mandi Luar, Ember mandi, Shower, Bak mandi","WiFi, R. Cuci, Kulkas, Mesin Cuci, R. Tamu, Penjaga Kos, R. Jemur, R. Makan, R. Santai, Dispenser",Parkir Motor & Sepeda,,https://mamikos.com/room/kost-kota-bandung-kost-putra-murah-kost-apik-sukarta-tipe-a-tegallega-bandung?redirection_source=landing%20area,-6.938413294088023,107.61464324028033
Kost Ibu Reni Tipe A Lengkong Bandung,Campur,Rp1.000.000,1000000,Kecamatan Lengkong,Lengkong,"Kost ini berlokasi dekat dengan jalan raya dengan akses yang hanya bisa dilalui oleh motor/sepeda, berlokasi dekat dengan Warteg Bahari (458 m), Alfamart (3.3 km), Church of Isa Almasih (151 m), Bank BJB - Cabang Utama Bandung (890 m), Universitas Islam Bandung (2.7 km), RS Umum Bungsu (985 m).","3 x 3 meter, Tidak termasuk listrik","Kasur, Lemari / Storage, Jendela, Cermin, Bantal","K. Mandi Dalam, Kloset Jongkok","WiFi, Penjaga Kos, Jemuran, Pengurus Kos, CCTV, Balcon",Parkir Motor,,https://mamikos.com/room/kost-kota-bandung-kost-campur-eksklusif-kost-ibu-reni-tipe-a-lengkong-bandung?redirection_source=landing%20area,-6.93238448624553,107.62779834825494
Kost Apik Tamblong 2A Tipe C Asia Afrika Bandung,Campur,Rp1.425.000,1425000,Sumur Bandung,Sumur Bandung,"Kost ini berlokasi dekat dengan jalan raya dengan akses masuk mobil, berlokasi dekat dengan Warteg Bahari (1.1 km), Alfamart A Yani 419 (3.2 km), Masjid Raya Bandung (669 m), Citibank Indonesia (441 m), Universitas Islam Bandung (2.0 km), RS Umum Bungsu (352 m).","3 x 2 meter, Termasuk listrik","Kasur, Meja, Lemari / Storage, Jendela, Bantal, Kursi","K. Mandi Dalam, Kloset Jongkok, Ember mandi","WiFi, Kulkas, R. Tamu, R. Jemur, R. Makan, Dapur, TV, K. Mandi Luar",Parkir Motor,,https://mamikos.com/room/kost-kota-bandung-kost-campur-eksklusif-kost-apik-tamblong-2a-tipe-c-asia-afrika-bandung?redirection_source=landing%20area,-6.916277104252486,107.61879318912057
Kost Apik Sukarta Tipe B Tegallega Bandung,Putra,Rp1.075.000,1075000,Kecamatan Regol,Regol,"Kost ini berlokasi dekat dengan jalan raya dengan akses masuk mobil, berlokasi dekat dengan Rumah Makan Bungo Tanjung (3.2 km), Circle K (1.4 km), Church of Isa Almasih (640 m), Bank BRI KCP Simpang Buah Batu (2.8 km), Universitas Islam Bandung (3.3 km), RS Khusus Mata Cicendo (2.6 km).","2.7 x 2.7 meter, Termasuk listrik","Kasur, Lemari / Storage, Ventilasi, Jendela, Bantal","Kloset Duduk, K. Mandi Luar, Ember mandi, Shower, Bak mandi","WiFi, R. Cuci, Kulkas, Mesin Cuci, R. Tamu, Penjaga Kos, R. Jemur, R. Makan, R. Santai, Dispenser",Parkir Motor & Sepeda,,https://mamikos.com/room/kost-kota-bandung-kost-putra-eksklusif-kost-apik-sukarta-tipe-b-tegallega-bandung?redirection_source=landing%20area,-6.937606002239333,107.61229333781665
Kost Singgahsini YL Cikawao Tipe D Lengkong Bandung,Putri,Rp1.525.000,1525000,Lengkong,Lengkong,"Kost ini berlokasi dekat dengan jalan raya dengan akses masuk mobil, berlokasi dekat dengan Warteg Bahari (339 m), Indomaret Surapati 55 (3.3 km), Church of Isa Almasih (166 m), Bank BJB - Cabang Utama Bandung (997 m), Universitas Islam Bandung (2.8 km), RS Umum Bungsu (1.1 km).","3.2 x 2.7 meter, Termasuk listrik","Kasur, Meja, Lemari / Storage, Jendela, Cermin, Bantal, Kursi","K. Mandi Dalam, Kloset Duduk, Shower, Air panas","WiFi, R. Cuci, Kulkas, Mesin Cuci, R. Tamu, Penjaga Kos, R. Jemur, Dispenser, Dapur, Jemuran",Parkir Motor & Sepeda,,https://mamikos.com/room/kost-kota-bandung-kost-putri-eksklusif-kost-singgahsini-yl-cikawao-tipe-d-lengkong-bandung-2?redirection_source=landing%20area,-6.932798068999145,107.6246098584194
Kost Apik Emji Kotabaru Tipe A Regol Bandung,Campur,Rp1.275.000,1275000,Kecamatan Regol,Regol,"Kost ini berlokasi dekat dengan jalan raya dengan akses masuk mobil, berlokasi dekat dengan Warteg Bahari (900 m), Circle K (1.6 km), Church of Isa Almasih (747 m), Bank Muamalat (2.8 km), Universitas Islam Bandung (3.4 km), RS Khusus Mata Cicendo (2.7 km).","3 x 4 meter, Termasuk listrik","Kasur, Lemari / Storage, Ventilasi, Jendela, Bantal","K. Mandi Dalam, Kloset Duduk, Ember mandi","WiFi, Penjaga Kos, R. Jemur, R. Makan, Dapur, CCTV","Parkir Motor, Parkir Sepeda",,https://mamikos.com/room/kost-kota-bandung-kost-campur-eksklusif-kost-apik-emji-kotabaru-tipe-a-regol-bandung-1?redirection_source=landing%20area,-6.937963686216319,107.61370224788955
Kost Yodya Cibeunying Kaler Bandung,Putri,Rp1.000.000,1000000,Kecamatan Cibeunying Kaler,Cibeunying Kaler,"Kost ini berlokasi dekat dengan jalan raya dengan akses yang hanya bisa dilalui oleh motor/sepeda, berlokasi dekat dengan Warteg Abadi (2.1 km), Alfamart (1.5 km), Church In Bandung (2.2 km), Bank BJB Weekend Banking (707 m), Institut Teknologi Nasional Bandung (1.1 km), RS Ibu dan Anak Al Islam (1.1 km).","3 x 3 meter, Tidak termasuk listrik","Kasur, Meja, Lemari / Storage, Jendela, Cermin, Bantal","Kloset Duduk, Kloset Jongkok, Wastafel, Ember mandi, Shower, Air panas","WiFi, R. Cuci, Kulkas, Mesin Cuci, Penjaga Kos, R. Jemur, Dispenser, Dapur, Jemuran, Pengurus Kos",Parkir Motor,,https://mamikos.com/room/kost-kota-bandung-kost-putri-eksklusif-kost-yodya-cibeunying-kaler-bandung-2?redirection_source=landing%20area,-6.885480351556915,107.62933912928392
Kost Apik Tamblong 2A Tipe B Asia Afrika Bandung,Campur,Rp1.425.000,1425000,Sumur Bandung,Sumur Bandung,"Kost ini berlokasi dekat dengan jalan raya dengan akses masuk mobil, berlokasi dekat dengan Warteg Bahari (1.1 km), Alfamart A Yani 419 (3.2 km), Masjid Raya Bandung (669 m), Citibank Indonesia (441 m), Universitas Islam Bandung (2.0 km), RS Umum Bungsu (352 m).","3 x 3 meter, Termasuk listrik","Kasur, Meja, Lemari / Storage, Jendela, Bantal, Kursi","K. Mandi Dalam, Kloset Duduk, Ember mandi","WiFi, Kulkas, R. Tamu, R. Jemur, R. Makan, Dapur, TV, K. Mandi Luar",Parkir Motor,,https://mamikos.com/room/kost-kota-bandung-kost-campur-eksklusif-kost-apik-tamblong-2a-tipe-b-asia-afrika-bandung?redirection_source=landing%20area,-6.913211336206594,107.6168992447452
Kost Pondok Hijau Tipe A Astanaanyar Bandung,Putri,Rp750.000,750000,Astanaanyar,Astanaanyar,"Kost ini berlokasi dekat dengan jalan raya dengan akses yang hanya bisa dilalui oleh motor/sepeda, berlokasi dekat dengan Warteg Jaya Bahari (1.4 km), Circle K (2.0 km), Gereja Kristen Kalam Kudus Pasundan (1.2 km), Sekolah Tinggi Ilmu Kesehatan Immanuel Bandung (666 m), RS Umum Immanuel Bandung (630 m), Bandung Electronic Center (3.2 km).","3 x 3 meter, Termasuk listrik","Kasur, Lemari / Storage, Jendela, Bantal","Kloset Jongkok, K. Mandi Luar, Ember mandi, Bak mandi","WiFi, R. Cuci, Kulkas, R. Tamu, Penjaga Kos, R. Jemur, Dapur, CCTV, K. Mandi Luar","Parkir Motor, Parkir Sepeda",,https://mamikos.com/room/kost-kota-bandung-kost-putri-murah-kost-pondok-hijau-tipe-a-astanaanyar-bandung?redirection_source=landing%20area,-6.936794682483497,107.6014064044369
Kost Ama House Tipe Standar Regol Bandung,Putri,Rp1.500.000,1500000,Regol,Regol,"Kost ini berlokasi dekat dengan jalan raya dengan akses yang hanya bisa dilalui oleh motor/sepeda, berlokasi dekat dengan Warteg Bahari (866 m), Alfamart (2.9 km), Church of Isa Almasih (569 m), Bank BJB - Cabang Utama Bandung (1.3 km), Universitas Islam Bandung (3.1 km), RS Umum Bungsu (1.5 km).","3 x 4 meter, Tidak termasuk listrik","Kasur, Meja, Lemari / Storage, Ventilasi, Kursi","K. Mandi Dalam, Kloset Duduk, Ember mandi, Shower","WiFi, R. Tamu, Penjaga Kos, R. Jemur, Dapur, Pengurus Kos, CCTV, Rooftop, Balcon","Parkir Mobil, Parkir Motor",,https://mamikos.com/room/kost-kota-bandung-kost-putri-eksklusif-kost-ama-house-tipe-standar-regol-bandung-2?redirection_source=landing%20area,-6.9403579463174765,107.61379806370324
Kost Barokah Standart Bandung Wetan Bandung,Putri,Rp900.000,900000,Kecamatan Bandung Wetan,Bandung Wetan,"Kost ini berlokasi dekat dengan jalan raya dengan akses yang hanya bisa dilalui oleh motor/sepeda, berlokasi dekat dengan Warteg Abadi (406 m), Circle K (3.2 km), Masjid Al Asy'ari Unisba (295 m), Bank BJB - Kantor Cabang Tamansari (298 m), Universitas Islam Bandung (261 m), RS Umum Tk IV 03.07.03Sariningsih (765 m).","3 x 4 meter, Termasuk listrik","Kasur, Meja, Lemari / Storage, Ventilasi, Jendela, Guling, Cermin, Bantal, Kursi","Kloset Jongkok, K. Mandi Luar, Wastafel, Ember mandi","WiFi, R. Cuci, R. Tamu, R. Jemur, R. Makan, R. Santai, Dapur, Jemuran, Pengurus Kos, Jual Makanan","Parkir Motor, Parkir Sepeda",,https://mamikos.com/room/kost-kota-bandung-kost-putri-murah-kost-barokah-standart-bandung-wetan-bandung-2?redirection_source=landing%20area,-6.905511557200291,107.61863802792404
Kost Otto Residence Tipe B Astanaanyar Bandung,Campur,Rp1.800.000,1800000,Astanaanyar,Astanaanyar,"Kost ini berlokasi dekat dengan jalan raya dengan akses yang hanya bisa dilalui oleh motor/sepeda, berlokasi dekat dengan Warteg Jaya Bahari (211 m), Circle K (534 m), Masjid Raya Bandung (446 m), Bank BJB - Cabang Utama Bandung (905 m), Institut Seni Budaya Indonesia Bandung (3.4 km), Bandung Electronic Center (2.0 km).","3 x 4 meter, Tidak termasuk listrik","AC, Kasur, Meja, Meja Rias, Lemari / Storage, Wastafel, Kursi","K. Mandi Dalam, Kloset Duduk, Wastafel, Shower, Air panas","WiFi, R. Jemur, Dapur, CCTV","Parkir Motor, Parkir Sepeda",,https://mamikos.com/room/kost-kota-bandung-kost-campur-eksklusif-kost-otto-residence-tipe-b-astanaanyar-bandung?redirection_source=landing%20area,-6.937872977423562,107.60286850404702
Kost Laswi Pavilion I Batununggal Bandung,Putri,Rp850.000,850000,Kecamatan Batununggal,Batununggal,"Kost ini berlokasi dekat dengan jalan raya dengan akses yang hanya bisa dilalui oleh motor/sepeda, berlokasi dekat dengan Warteg Bahari (1.6 km), Alfamart A Yani 419 (1.8 km), Masjid Al Jihad (783 m), Bank BCA KCP Buah Batu (1.9 km), Institut Teknologi Nasional Bandung (3.0 km), RS Umum Bungsu (1.8 km).","3 x 3 meter, Termasuk listrik","Kasur, Lemari / Storage, Jendela, Guling, Cermin, Bantal","Kloset Jongkok, K. Mandi Luar","WiFi, Penjaga Kos, Dapur, Balcon, K. Mandi Luar",Parkir Motor,,https://mamikos.com/room/kost-kota-bandung-kost-putri-murah-kost-laswi-pavilion-i-batununggal-bandung?redirection_source=landing%20area,-6.9276504185123535,107.63894258270274
Kost Bumi Putri Sukasenang Tipe B Cibeunying Kidul Bandung,Putri,Rp1.450.000,1450000,Cibeunying Kidul,Cibeunying Kidul,"Kost ini berlokasi dekat dengan jalan raya dengan akses yang hanya bisa dilalui oleh motor/sepeda, berlokasi dekat dengan Alfamart Bojong Koneng (1.1 km), Institut Teknologi Nasional Bandung (229 m), Sinar Abadi Balubur Town Square (2.8 km).","3 x 4 meter, Termasuk listrik","Kasur, Meja, Lemari / Storage, Kursi","K. Mandi Dalam, Kloset Duduk, Wastafel, Air panas","WiFi, Kulkas, Penjaga Kos, R. Jemur, R. Makan, Dapur","Parkir Mobil, Parkir Motor, Parkir Sepeda",,https://mamikos.com/room/kost-kota-bandung-kost-putri-eksklusif-kost-bumi-putri-sukasenang-tipe-b-cibeunying-kidul-bandung?redirection_source=landing%20area,-6.8968329428764426,107.65050932597075
Kost Bu Enita Cibeunying Kaler Bandung,Campur,Rp550.000,550000,Cibeunying Kaler,Cibeunying Kaler,"Kost ini berlokasi dekat dengan jalan raya dengan akses yang hanya bisa dilalui oleh motor/sepeda, berlokasi dekat dengan Rumah Makan Pondok (796 m), Alfamart Bojong Koneng (1.5 km), Masjid Pusdai (569 m), Universitas Padjadjaran Kampus Dipatiukur (1.6 km), Sinar Abadi Balubur Town Square (2.3 km).","3 x 5 meter, Termasuk listrik","Kasur, Lemari / Storage, Jendela, Cleaning service","Kloset Jongkok, K. Mandi Luar, Ember mandi, Bak mandi","R. Cuci, Penjaga Kos, Mushola, Dapur, Pengurus Kos, K. Mandi Luar","Parkir Motor, Parkir Sepeda",,https://mamikos.com/room/kost-kota-bandung-kost-campur-murah-kost-bu-enita-cibeunying-kaler-bandung?redirection_source=landing%20area,-6.887178661617715,107.62705276272747
Kost Terusan Cisokan Cibeunying Kaler Bandung,Putri,Rp1.350.000,1350000,Cibeunying Kaler,Cibeunying Kaler,"Kost ini berlokasi dekat dengan jalan raya dengan akses yang hanya bisa dilalui oleh motor/sepeda, berlokasi dekat dengan Rumah Makan Boemi Mitoha (804 m), Alfamart A Yani 419 (1.1 km), Masjid Pusdai (834 m), Institut Teknologi Nasional Bandung (652 m), Sinar Abadi Balubur Town Square (2.6 km).","3 x 4 meter, Tidak termasuk listrik","Kasur, Meja, Lemari / Storage, Kursi","K. Mandi Dalam, Kloset Duduk, Shower, Air panas","WiFi, Kulkas, Mesin Cuci, R. Jemur, R. Makan, R. Santai, Dapur, TV",Parkir Motor,,https://mamikos.com/room/kost-kota-bandung-kost-putri-eksklusif-kost-terusan-cisokan-cibeunying-kaler-bandung-2?redirection_source=landing%20area,-6.885634670148158,107.62747729234032
Kost Bengawan 83 Tipe B Bandung Wetan Bandung,Campur,Rp1.350.000,1350000,Bandung Wetan,Bandung Wetan,"Kost ini berlokasi dekat dengan jalan raya dengan akses yang hanya bisa dilalui oleh motor/sepeda, berlokasi dekat dengan Rumah Makan Boemi Mitoha (746 m), Alfamart A Yani 419 (988 m), Masjid Al Jihad (748 m), Bank BJB Weekend Banking (554 m), Universitas Padjadjaran Kampus Dipatiukur (2.4 km), RS Ibu dan Anak Limijati (1.9 km).","3.5 x 3.5 meter, Termasuk listrik","Kasur, Meja, Lemari / Storage, Ventilasi, Jendela, Cermin, Bantal, Kursi, Kipas Angin, Cleaning service","Kloset Duduk, K. Mandi Luar, Shower, Air panas","WiFi, R. Cuci, Kulkas, Mesin Cuci, R. Tamu, Penjaga Kos, R. Jemur, R. Makan, R. Santai, Dispenser","Parkir Mobil, Parkir Motor, Parkir Sepeda",,https://mamikos.com/room/kost-kota-bandung-kost-campur-eksklusif-kost-bengawan-83-tipe-b-bandung-wetan-bandung-2?redirection_source=landing%20area,-6.904529140658013,107.61506011748479
Kost Sitimunigar Reguler Astanaanyar Bandung,Campur,Rp1.300.000,1300000,Kecamatan Astanaanyar,Astanaanyar,"Kost ini berlokasi dekat dengan jalan raya dengan akses masuk mobil, berlokasi dekat dengan Warteg Bahari (1.5 km), Alfamart (2.8 km), Church of Isa Almasih (1.1 km), Bank BJB - Cabang Utama Bandung (1.3 km), Universitas Islam Bandung (2.9 km), RS Umum Bungsu (1.6 km).","3 x 3 meter, Tidak termasuk listrik","Kasur, Meja, Lemari / Storage, Jendela, Kursi","K. Mandi Dalam, Kloset Duduk, Ember mandi, Shower","WiFi, Laundry, Penjaga Kos, R. Makan, R. Santai, Dapur, Pengurus Kos, CCTV, Balcon, R. Keluarga","Parkir Motor, Parkir Motor & Sepeda",,https://mamikos.com/room/kost-kota-bandung-kost-campur-eksklusif-kost-sitimunigar-reguler-astanaanyar-bandung?redirection_source=landing%20area,-6.939589930168305,107.60210980707218
Kost Anton Tipe B Lengkong Bandung,Campur,Rp1.300.000,1300000,Lengkong,Lengkong,"Kost ini berlokasi dekat dengan jalan raya dengan akses yang hanya bisa dilalui oleh motor/sepeda, berlokasi dekat dengan Warteg Bahari (683 m), Alfamart (2.9 km), Church In Bandung (409 m), Bank BJB - Cabang Utama Bandung (876 m), Universitas Islam Bandung (2.5 km), RS Umum Bungsu (743 m).","3.6 x 2.4 meter, Tidak termasuk listrik","Kasur, Meja, TV, Lemari / Storage, Kulkas, Ventilasi, Meja makan, Jendela, Cermin, Bantal","K. Mandi Dalam, Kloset Duduk, Kloset Jongkok, K. Mandi Luar, Ember mandi, Shower","WiFi, Kulkas, Laundry, R. Tamu, Penjaga Kos, R. Jemur, R. Makan, R. Santai, Dispenser, Dapur","Parkir Motor, Parkir Sepeda",,https://mamikos.com/room/kost-kota-bandung-kost-campur-eksklusif-kost-anton-tipe-b-lengkong-bandung-2?redirection_source=landing%20area,-6.933275069030548,107.62567970854214
Kost Fans Guest House Regol Bandung,Campur,Rp1.750.000,1750000,Regol,Regol,"Kost ini berlokasi dekat dengan jalan raya dengan akses yang hanya bisa dilalui oleh motor/sepeda, berlokasi dekat dengan Gereja Kristen Kalam Kudus Pasundan (671 m), Institut Seni Budaya Indonesia Bandung (2.8 km), RSU Bhayangkara Tk II Sartika Asih (2.8 km), Bandung Electronic Center (2.7 km).","3 x 4 meter, Tidak termasuk listrik","Kasur, Dispenser, Meja, TV, Meja Rias, Lemari / Storage, Kulkas, Ventilasi, Meja makan, Jendela","K. Mandi Dalam, Kloset Duduk, Wastafel, Shower, Air panas","WiFi, R. Cuci, Laundry, R. Tamu, Penjaga Kos, R. Jemur, R. Makan, R. Santai, Dispenser, Jemuran","Parkir Motor, Parkir Sepeda",,https://mamikos.com/room/kost-kota-bandung-kost-campur-eksklusif-kost-fans-guest-house-regol-bandung--2?redirection_source=landing%20area,-6.94076525798284,107.61310797828256
Kost Otto Residence Tipe C Astanaanyar Bandung,Campur,Rp2.000.000,2000000,Astanaanyar,Astanaanyar,"Kost ini berlokasi dekat dengan jalan raya dengan akses yang hanya bisa dilalui oleh motor/sepeda, berlokasi dekat dengan Warteg Jaya Bahari (211 m), Circle K (534 m), Masjid Raya Bandung (446 m), Bank BJB - Cabang Utama Bandung (905 m), Institut Seni Budaya Indonesia Bandung (3.4 km), Bandung Electronic Center (2.0 km).","4 x 4 meter, Tidak termasuk listrik","AC, Kasur, Meja, Meja Rias, Lemari / Storage, Ventilasi, Jendela, Cermin, Bantal, Wastafel","K. Mandi Dalam, Kloset Duduk, Wastafel, Shower, Air panas","R. Jemur, Dapur, Jemuran, CCTV, K. Mandi Luar","Parkir Motor, Parkir Sepeda",,https://mamikos.com/room/kost-kota-bandung-kost-campur-eksklusif-kost-otto-residence-tipe-c-astanaanyar-bandung?redirection_source=landing%20area,-6.937279802865156,107.60210303903325
Kost Pondok Kebon Kembang 3 Tipe A Bandung Wetan Bandung,Campur,Rp1.450.000,1450000,Kecamatan Bandung Wetan,Bandung Wetan,"Kost ini berlokasi dekat dengan jalan raya dengan akses yang hanya bisa dilalui oleh motor/sepeda, berlokasi dekat dengan Warteg Abadi (451 m), Alfamart (597 m), Masjid Al Arief (371 m), Bank BJB - Kantor Cabang Tamansari (513 m), Universitas Islam Bandung (506 m), RS Umum Tk IV 03.07.03Sariningsih (900 m).","3 x 4 meter, Termasuk listrik","AC, Kasur, Dispenser, Meja, Lemari / Storage, Jendela, Cermin, Bantal, TV Kabel, Kursi","K. Mandi Dalam, Kloset Duduk, Ember mandi, Shower, Air panas","WiFi, R. Cuci, Kulkas, Mesin Cuci, R. Tamu, Penjaga Kos, R. Jemur, R. Santai, Dispenser, Dapur","Parkir Motor, Parkir Motor & Sepeda",,https://mamikos.com/room/kost-kota-bandung-kost-campur-eksklusif-kost-pondok-kebon-kembang-3-tipe-a-bandung-wetan-bandung?redirection_source=landing%20area,-6.9055607537123045,107.61794980382253
Kost Berkat Lengkong Bandung,Putri,Rp900.000,900000,Kecamatan Lengkong,Lengkong,"Kost ini berlokasi dekat dengan jalan raya dengan akses yang hanya bisa dilalui oleh motor/sepeda, berlokasi dekat dengan Warteg Bahari (540 m), Alfamart A Yani 419 (3.1 km), Church of Isa Almasih (430 m), Bank BJB - Cabang Utama Bandung (821 m), Universitas Islam Bandung (2.6 km), RS Umum Bungsu (805 m).","3.5 x 4 meter, Tidak termasuk listrik","Kasur, Meja, Meja Rias, Lemari / Storage, Wastafel, Kursi","K. Mandi Dalam, Kloset Duduk, Wastafel, Shower",R. Jemur,"Parkir Motor, Parkir Sepeda",,https://mamikos.com/room/kost-kota-bandung-kost-putri-murah-kost-berkat-lengkong-bandung?redirection_source=landing%20area,-6.9344208411577055,107.62516093395666
Kost Paledang Lengkong Bandung,Putri,Rp1.300.000,1300000,Kecamatan Lengkong,Lengkong,"Kost ini berlokasi dekat dengan jalan raya dengan akses yang hanya bisa dilalui oleh motor/sepeda, berlokasi dekat dengan Rumah Makan Cikawao (330 m), Alfamart A Yani 419 (3.1 km), Church of Isa Almasih (504 m), Citibank Indonesia (352 m), Akademi Sekretari Dan Manajemen BSI Bandung (931 m), RS Umum Bungsu (742 m).","3 x 4 meter, Tidak termasuk listrik","Kasur, Lemari / Storage, Ventilasi, Jendela, Guling, Cermin, Cleaning service","K. Mandi Dalam, Kloset Jongkok, Ember mandi","R. Tamu, Penjaga Kos, R. Jemur, R. Santai, Jemuran, Pengurus Kos, Jual Makanan, CCTV, Balcon","Parkir Motor, Parkir Sepeda",,https://mamikos.com/room/kost-kota-bandung-kost-putri-eksklusif-kost-paledang-lengkong-bandung?redirection_source=landing%20area,-6.932547637794282,107.62502178270705
Kost Geeta Tipe Vvip Double Regol Bandung,Campur,Rp1.900.000,1900000,Regol,Regol,"Kost ini berlokasi dekat dengan jalan raya dengan akses yang hanya bisa dilalui oleh motor/sepeda, berlokasi dekat dengan Warteg Bahari (976 m), Indomaret YPAC (3.2 km), Church of Isa Almasih (570 m), Bank BJB - Cabang Utama Bandung (997 m), Universitas Islam Bandung (2.8 km), RS Umum Bungsu (1.3 km).","3 x 4 meter, Tidak termasuk listrik","Kasur, Lemari / Storage, Ventilasi, Jendela, Guling, Bantal","Kloset Duduk, Shower","WiFi, R. Cuci, Penjaga Kos, R. Jemur, R. Santai, Dapur, Jemuran, Pengurus Kos, CCTV, Rooftop","Parkir Mobil, Parkir Motor",,https://mamikos.com/room/kost-kota-bandung-kost-campur-eksklusif-kost-geeta-tipe-vvip-double-regol-bandung?redirection_source=landing%20area,-6.9391421302626375,107.61177704571031
Kost Mama Upi Vvip Andir Bandung,Putri,Rp1.100.000,1100000,Kecamatan Andir,Andir,"Kost ini berlokasi dekat dengan jalan raya dengan akses yang hanya bisa dilalui oleh motor/sepeda, berlokasi dekat dengan Warteg Bahari (1.9 km), Alfamart (2.4 km), Church of Isa Almasih (1.5 km), Bank BJB - Cabang Utama Bandung (823 m), Universitas Islam Bandung (1.8 km), RS Umum Bungsu (1.2 km).","4 x 3 meter, Termasuk listrik","AC, Kasur, Meja Rias, Lemari / Storage, Ventilasi, Jendela, Guling, Cermin, Bantal","Kloset Duduk, K. Mandi Luar, Ember mandi, Bak mandi","WiFi, R. Cuci, Kulkas, Mesin Cuci, R. Tamu, Penjaga Kos, R. Jemur, R. Makan, R. Santai, Dapur","Parkir Motor, Parkir Sepeda, Parkir Motor & Sepeda",,https://mamikos.com/room/kost-kota-bandung-kost-putri-eksklusif-kost-mama-upi-vvip-andir-bandung-2?redirection_source=landing%20area,-6.908118942067252,107.56979692547117
Kost Tom Tom Tipe A Regol Bandung,Campur,Rp2.500.000,2500000,Kecamatan Regol,Regol,"Kost ini berlokasi dekat dengan jalan raya dengan akses yang hanya bisa dilalui oleh motor/sepeda, berlokasi dekat dengan Warteg Bahari (454 m), Circle K (2.5 km), Church of Isa Almasih (517 m), Bank BJB - Cabang Utama Bandung (1.5 km), Universitas Islam Bandung (3.3 km), RS Mata Bandung Eye Center (1.3 km).","3 x 7 meter, Tidak termasuk listrik","AC, Kasur, Meja, Lemari / Storage, Kulkas, Ventilasi, Meja makan, Jendela, Cermin, Bantal","K. Mandi Dalam, Kloset Duduk, K. Mandi Luar, Wastafel, Ember mandi, Shower, Air panas","WiFi, Kulkas, R. Tamu, Penjaga Kos, R. Jemur, R. Makan, R. Santai, Dapur, Jemuran, Pengurus Kos","Parkir Mobil, Parkir Motor, Parkir Sepeda, Parkir Motor & Sepeda",,https://mamikos.com/room/kost-kota-bandung-kost-campur-eksklusif-kost-tom-tom-tipe-a-regol-bandung?redirection_source=landing%20area,-6.940027076075243,107.61323973804633
Kost Bu Wati Batununggal Bandung,Putri,Rp1.100.000,1100000,Batununggal,Batununggal,"Kost ini berlokasi dekat dengan jalan raya dengan akses yang hanya bisa dilalui oleh motor/sepeda, berlokasi dekat dengan Warteg Cintaasih (619 m), Alfamart A Yani 419 (2.0 km), Church In Bandung (875 m), Akademi Sekretari Dan Manajemen BSI Bandung (943 m), Bandung Electronic Center (2.7 km).","3 x 3 meter, Tidak termasuk listrik","Kasur, Meja Rias, Lemari / Storage, Ventilasi, Jendela, Cermin, Bantal, Kipas Angin","K. Mandi Dalam, Kloset Jongkok, Shower","R. Cuci, Kulkas, R. Tamu, R. Jemur, R. Makan, R. Santai, Dapur, Jemuran, Pengurus Kos, Balcon","Parkir Motor, Parkir Sepeda",,https://mamikos.com/room/kost-kota-bandung-kost-putri-eksklusif-kost-bu-wati-batununggal-bandung?redirection_source=landing%20area,-6.926481778404986,107.63945732395068
Kost Rancagoong Paviliun 2 Batununggal Bandung,Putra,Rp2.500.000,2500000,Batununggal,Batununggal,"Kost ini berlokasi dekat dengan jalan raya dengan akses yang hanya bisa dilalui oleh motor/sepeda, berlokasi dekat dengan Warteg Bahari (2.0 km), Alfamart (2.8 km), Gereja Isa Almasih (688 m), Bank BCA KCP Buah Batu (1.6 km), Sekolah Tinggi Ilmu Ekonomi Pasundan (214 m), RS Mata Bandung Eye Center (1.6 km).","4 x 5 meter, Termasuk listrik","Ventilasi, Jendela, Dapur Pribadi","Kloset Duduk, Kloset Jongkok, Ember mandi","WiFi, Laundry, R. Tamu, R. Jemur, Dapur, Jemuran, Pengurus Kos, Jual Makanan, Balcon","Parkir Mobil, Parkir Motor, Parkir Sepeda",,https://mamikos.com/room/kost-kota-bandung-kost-putra-eksklusif-kost-rancagoong-paviliun-2-batununggal-bandung-2?redirection_source=landing%20area,-6.927103367840923,107.640745872014
Kost Nine 9 Regol Bandung,Campur,Rp1.400.000,1400000,Kecamatan Regol,Regol,"Kost ini berlokasi dekat dengan jalan raya dengan akses masuk mobil, berlokasi dekat dengan Warteg Bahari (1.0 km), Alfamart (3.0 km), Church of Isa Almasih (620 m), Bank BJB - Cabang Utama Bandung (532 m), Universitas Islam Bandung (2.3 km), RS Umum Bungsu (835 m).","3 x 4 meter, Tidak termasuk listrik","AC, Kasur, Meja, Lemari / Storage, Jendela, Kursi","K. Mandi Dalam, Kloset Duduk, K. Mandi Luar, Wastafel, Shower, Air panas","Kulkas, R. Tamu, Dapur, Jemuran, Pengurus Kos",Parkir Motor & Sepeda,,https://mamikos.com/room/kost-kota-bandung-kost-campur-eksklusif-kost-nine-9-regol-bandung-2?redirection_source=landing%20area,-6.939557811667654,107.61566663114264
Kost Exclusive Purawinata 11 Lengkong Bandung,Campur,Rp1.500.000,1500000,Lengkong,Lengkong,"Kost ini berlokasi dekat dengan jalan raya dengan akses yang hanya bisa dilalui oleh motor/sepeda, berlokasi dekat dengan Warteg Bahari (605 m), Alfamart (3.2 km), Church of Isa Almasih (269 m), Bank BJB - Cabang Utama Bandung (741 m), Universitas Islam Bandung (2.6 km), RS Umum Bungsu (858 m).","3 x 3 meter, Tidak termasuk listrik","Kasur, Meja, Lemari / Storage, Jendela, Guling, Bantal, Kursi","K. Mandi Dalam, Kloset Duduk, Kloset Jongkok, Air panas","WiFi, Kulkas, R. Tamu, Penjaga Kos, R. Jemur, R. Makan, R. Santai, Pengurus Kos, CCTV, Balcon","Parkir Motor, Parkir Motor & Sepeda",,https://mamikos.com/room/kost-kota-bandung-kost-campur-eksklusif-kost-exclusive-purawinata-11-lengkong-bandung?redirection_source=landing%20area,-6.932476105086175,107.62484750508604
Kost Surapati Coblong Bandung,Putri,Rp1.750.000,1750000,Coblong,Coblong,"Kost ini berlokasi dekat dengan jalan raya dengan akses yang hanya bisa dilalui oleh motor/sepeda, berlokasi dekat dengan Warteg Abadi (620 m), Alfamart A Yani 419 (3.0 km), Masjid Al-Muttaqin (Gedung Sate) (529 m), Bank Mandiri Bandung Priority Banking Soerapatti (262 m), Universitas Padjadjaran Kampus Dipatiukur (677 m), RS Umum Santo Borromeus (551 m).","3 x 4 meter, Tidak termasuk listrik","Kasur, Meja, Lemari / Storage, Ventilasi, Jendela, Cermin, Kursi","K. Mandi Dalam, Kloset Duduk, Wastafel, Shower, Air panas","WiFi, Kulkas, Mesin Cuci, R. Tamu, Dapur, Jemuran, Balcon, TV","Parkir Motor, Parkir Sepeda",,https://mamikos.com/room/kost-bandung-kost-putri-eksklusif-kost-surapati-coblong?redirection_source=landing%20area,-6.882578691770363,107.61476556362801
Kost Nomad Coliving Asia Afrika Superior Lengkong Bandung,Campur,Rp2.299.998,2299998,Lengkong,Lengkong,"Kost ini berlokasi dekat dengan jalan raya dengan akses yang hanya bisa dilalui oleh motor/sepeda, berlokasi dekat dengan Warteg Bahari (527 m), Alfamart (3.1 km), Church In Bandung (501 m), Bank BJB - Cabang Utama Bandung (1.1 km), Universitas Islam Bandung (2.7 km), RS Umum Bungsu (1.0 km).","3 x 4 meter, Tidak termasuk listrik","AC, Kasur, Meja, Lemari / Storage, Jendela, Cermin, Bantal, Wastafel, Kursi","K. Mandi Dalam, Kloset Duduk, Wastafel, Shower, Air panas","WiFi, Kulkas, Penjaga Kos, R. Makan, Dapur, Pengurus Kos, CCTV, Rooftop, TV",,,https://mamikos.com/room/kost-kota-bandung-kost-campur-eksklusif-kost-nomad-coliving-asia-afrika-superior-lengkong-bandung?redirection_source=landing%20area,-6.93426038528252,107.62635848832986
Kost Java Gamelan Lengkong Bandung,Putra,Rp1.550.000,1550000,Kecamatan Lengkong,Lengkong,"Kost ini berlokasi dekat dengan jalan raya dengan akses yang hanya bisa dilalui oleh motor/sepeda, berlokasi dekat dengan Warteg Bahari (420 m), Alfamart (2.5 km), Gereja Isa Almasih (1.4 km), Bank BCA KCP Buah Batu (699 m), Sekolah Tinggi Ilmu Ekonomi Pasundan (677 m), RS Mata Bandung Eye Center (738 m).","3 x 4 meter, Tidak termasuk listrik","AC, Kasur, Meja, TV, Lemari / Storage, Jendela, Cermin, Bantal, Kursi","K. Mandi Dalam, Kloset Duduk, Wastafel, Shower, Air panas","WiFi, R. Cuci, Kulkas, Mesin Cuci, R. Tamu, Penjaga Kos, R. Makan, Dispenser, Dapur, Jemuran","Parkir Mobil, Parkir Motor, Parkir Sepeda, Parkir Motor & Sepeda",,https://mamikos.com/room/kost-kota-bandung-kost-putra-eksklusif-kost-java-gamelan-lengkong-bandung?redirection_source=landing%20area,-6.935797184641954,107.62490176093795
Kost Macan Executive Lengkong Bandung,Putra,Rp2.000.000,2000000,Kecamatan Lengkong,Lengkong,"Kost ini berlokasi dekat dengan jalan raya dengan akses yang hanya bisa dilalui oleh motor/sepeda, berlokasi dekat dengan Warteg Bahari (311 m), Alfamart (3.3 km), Church of Isa Almasih (695 m), Bank BCA KCP Buah Batu (1.4 km), Universitas Islam Bandung (3.1 km), RS Umum Bungsu (1.4 km).","3 x 4 meter, Tidak termasuk listrik","AC, Kasur, Dispenser, Meja, Lemari / Storage, Ventilasi, Jendela, Cermin, Bantal","K. Mandi Dalam, Kloset Duduk, Shower, Air panas","WiFi, Kulkas, Dispenser, Dapur, Pengurus Kos, CCTV, Balcon","Parkir Motor, Parkir Sepeda, Parkir Motor & Sepeda",,https://mamikos.com/room/kost-kota-bandung-kost-putra-eksklusif-kost-macan-executive-lengkong-bandung?redirection_source=landing%20area,-6.93365140706271,107.62465074586473
Kost Lilia Cozy Room Smart Astanaanyar Bandung,Campur,Rp1.000.000,1000000,Kecamatan Astanaanyar,Astanaanyar,"Kost ini berlokasi dekat dengan jalan raya dengan akses yang hanya bisa dilalui oleh motor/sepeda, berlokasi dekat dengan Warteg Bahari (1.6 km), Alfamart (2.7 km), Church of Isa Almasih (1.2 km), Bank BJB - Cabang Utama Bandung (1.4 km), Universitas Islam Bandung (3.0 km), RS Umum Bungsu (1.8 km).","1.9 x 2.9 meter, Tidak termasuk listrik","Kasur, Meja, Lemari / Storage, Ventilasi, Jendela, Bantal, Kursi","Kloset Duduk, K. Mandi Luar, Wastafel, Ember mandi, Shower","WiFi, R. Cuci, Kulkas, Laundry, R. Tamu, Penjaga Kos, R. Jemur, Dapur, Jemuran, Pengurus Kos","Parkir Motor, Parkir Sepeda, Parkir Motor & Sepeda",,https://mamikos.com/room/kost-kota-bandung-kost-campur-eksklusif-kost-lilia-cozy-room-smart-astanaanyar-bandung?redirection_source=landing%20area,-6.939048430219807,107.60150231453963
Kost My Four Tipe A Bandung Wetan Bandung,Campur,Rp1.100.000,1100000,Bandung Wetan,Bandung Wetan,"Kost ini berlokasi dekat dengan jalan raya dengan akses yang hanya bisa dilalui oleh motor/sepeda, berlokasi dekat dengan Warteg Abadi (346 m), Alfamart A Yani 419 (3.0 km), Masjid Al-Muttaqin (Gedung Sate) (469 m), Bank Mandiri Bandung Priority Banking Soerapatti (452 m), Universitas Islam Bandung (650 m), RS Ibu dan Anak Limijati (476 m).","2.5 x 3 meter, Termasuk listrik","Kasur, Meja, Lemari / Storage, Kursi","Kloset Jongkok, K. Mandi Luar, Shower, Air panas, Bak mandi","WiFi, Mesin Cuci, R. Jemur, R. Makan, Dapur, Taman","Parkir Motor, Parkir Sepeda",,https://mamikos.com/room/kost-kota-bandung-kost-campur-eksklusif-kost-my-four-tipe-a-bandung-wetan-bandung?redirection_source=landing%20area,-6.904890209405578,107.6148915189176
Kost Gatsu Bapak Agus Tipe A Gatot Subroto Batununggal Bandung,Putri,Rp1.100.000,1100000,Batununggal,Batununggal,"Kost ini berlokasi dekat dengan jalan raya dengan akses yang hanya bisa dilalui oleh motor/sepeda, berlokasi dekat dengan Warteg Cintaasih (646 m), Alfamart A Yani 419 (2.0 km), Church In Bandung (739 m), Universitas Padjadjaran Kampus Dipatiukur (3.5 km), Bandung Electronic Center (2.6 km).","3 x 4 meter, Tidak termasuk listrik","Kasur, Meja, Meja Rias, Lemari / Storage, Cermin, Bantal, Kipas Angin","K. Mandi Dalam, Kloset Jongkok, Ember mandi, Shower","WiFi, Kulkas, R. Tamu, R. Jemur, R. Makan, Dapur","Parkir Motor, Parkir Sepeda",,https://mamikos.com/room/kost-kota-bandung-kost-putri-murah-kost-gatsu-bpk-agus-gatot-subroto-batununggal-bandung?redirection_source=landing%20area,-6.927252114048181,107.63998220283418
Kost Barokah 32 Tipe A Non AC Astanaanyar Bandung,Campur,Rp950.000,950000,Kecamatan Astanaanyar,Astanaanyar,"Kost ini berlokasi dekat dengan jalan raya dengan akses yang hanya bisa dilalui oleh motor/sepeda, berlokasi dekat dengan Warteg Jaya Bahari (671 m), Circle K (1.4 km), Gereja Kristen Kalam Kudus Pasundan (799 m), Institut Seni Budaya Indonesia Bandung (3.3 km), RS Umum Immanuel Bandung (918 m), Bandung Electronic Center (2.5 km).","3 x 4 meter, Tidak termasuk listrik","Kasur, Lemari / Storage, Ventilasi, Jendela","K. Mandi Dalam, Kloset Jongkok, Ember mandi","WiFi, R. Cuci, R. Jemur, Dapur, Jemuran, CCTV",Parkir Motor,,https://mamikos.com/room/kost-kota-bandung-kost-campur-murah-kost-barokah-32-tipe-a-non-ac-astanaanyar-bandung?redirection_source=landing%20area,-6.938133281068035,107.60423463981864
Kost Barokah Standart Bandung Wetan Bandung,Putri,Rp900.000,900000,Kecamatan Bandung Wetan,Bandung Wetan,"Kost ini berlokasi dekat dengan jalan raya dengan akses yang hanya bisa dilalui oleh motor/sepeda, berlokasi dekat dengan Warteg Abadi (406 m), Circle K (3.2 km), Masjid Al Asy'ari Unisba (295 m), Bank BJB - Kantor Cabang Tamansari (298 m), Universitas Islam Bandung (261 m), RS Umum Tk IV 03.07.03Sariningsih (765 m).","3 x 4 meter, Termasuk listrik","Kasur, Meja, Lemari / Storage, Ventilasi, Jendela, Guling, Cermin, Bantal, Kursi","Kloset Jongkok, K. Mandi Luar, Wastafel, Ember mandi","WiFi, R. Cuci, R. Tamu, R. Jemur, R. Makan, R. Santai, Dapur, Jemuran, Pengurus Kos, Jual Makanan","Parkir Motor, Parkir Sepeda",,https://mamikos.com/room/kost-kota-bandung-kost-putri-murah-kost-barokah-standart-bandung-wetan-bandung-2?redirection_source=landing%20area,-6.905229306974103,107.6147240398066
Kost Otto Residence Tipe B Astanaanyar Bandung,Campur,Rp1.800.000,1800000,Astanaanyar,Astanaanyar,"Kost ini berlokasi dekat dengan jalan raya dengan akses yang hanya bisa dilalui oleh motor/sepeda, berlokasi dekat dengan Warteg Jaya Bahari (211 m), Circle K (534 m), Masjid Raya Bandung (446 m), Bank BJB - Cabang Utama Bandung (905 m), Institut Seni Budaya Indonesia Bandung (3.4 km), Bandung Electronic Center (2.0 km).","3 x 4 meter, Tidak termasuk listrik","AC, Kasur, Meja, Meja Rias, Lemari / Storage, Wastafel, Kursi","K. Mandi Dalam, Kloset Duduk, Wastafel, Shower, Air panas","WiFi, R. Jemur, Dapur, CCTV","Parkir Motor, Parkir Sepeda",,https://mamikos.com/room/kost-kota-bandung-kost-campur-eksklusif-kost-otto-residence-tipe-b-astanaanyar-bandung?redirection_source=landing%20area,-6.939542014121819,107.6033312652627
Kost Laswi Pavilion I Batununggal Bandung,Putri,Rp850.000,850000,Kecamatan Batununggal,Batununggal,"Kost ini berlokasi dekat dengan jalan raya dengan akses yang hanya bisa dilalui oleh motor/sepeda, berlokasi dekat dengan Warteg Bahari (1.6 km), Alfamart A Yani 419 (1.8 km), Masjid Al Jihad (783 m), Bank BCA KCP Buah Batu (1.9 km), Institut Teknologi Nasional Bandung (3.0 km), RS Umum Bungsu (1.8 km).","3 x 3 meter, Termasuk listrik","Kasur, Lemari / Storage, Jendela, Guling, Cermin, Bantal","Kloset Jongkok, K. Mandi Luar","WiFi, Penjaga Kos, Dapur, Balcon, K. Mandi Luar",Parkir Motor,,https://mamikos.com/room/kost-kota-bandung-kost-putri-murah-kost-laswi-pavilion-i-batununggal-bandung?redirection_source=landing%20area,-6.929854827509264,107.64209714419503
Kost Bumi Putri Sukasenang Tipe B Cibeunying Kidul Bandung,Putri,Rp1.450.000,1450000,Cibeunying Kidul,Cibeunying Kidul,"Kost ini berlokasi dekat dengan jalan raya dengan akses yang hanya bisa dilalui oleh motor/sepeda, berlokasi dekat dengan Alfamart Bojong Koneng (1.1 km), Institut Teknologi Nasional Bandung (229 m), Sinar Abadi Balubur Town Square (2.8 km).","3 x 4 meter, Termasuk listrik","Kasur, Meja, Lemari / Storage, Kursi","K. Mandi Dalam, Kloset Duduk, Wastafel, Air panas","WiFi, Kulkas, Penjaga Kos, R. Jemur, R. Makan, Dapur","Parkir Mobil, Parkir Motor, Parkir Sepeda",,https://mamikos.com/room/kost-kota-bandung-kost-putri-eksklusif-kost-bumi-putri-sukasenang-tipe-b-cibeunying-kidul-bandung?redirection_source=landing%20area,-6.8974813649277555,107.64946784945793
Kost Bu Enita Cibeunying Kaler Bandung,Campur,Rp550.000,550000,Cibeunying Kaler,Cibeunying Kaler,"Kost ini berlokasi dekat dengan jalan raya dengan akses yang hanya bisa dilalui oleh motor/sepeda, berlokasi dekat dengan Rumah Makan Pondok (796 m), Alfamart Bojong Koneng (1.5 km), Masjid Pusdai (569 m), Universitas Padjadjaran Kampus Dipatiukur (1.6 km), Sinar Abadi Balubur Town Square (2.3 km).","3 x 5 meter, Termasuk listrik","Kasur, Lemari / Storage, Jendela, Cleaning service","Kloset Jongkok, K. Mandi Luar, Ember mandi, Bak mandi","R. Cuci, Penjaga Kos, Mushola, Dapur, Pengurus Kos, K. Mandi Luar","Parkir Motor, Parkir Sepeda",,https://mamikos.com/room/kost-kota-bandung-kost-campur-murah-kost-bu-enita-cibeunying-kaler-bandung?redirection_source=landing%20area,-6.884539067302194,107.629476088357
Kost Terusan Cisokan Cibeunying Kaler Bandung,Putri,Rp1.350.000,1350000,Cibeunying Kaler,Cibeunying Kaler,"Kost ini berlokasi dekat dengan jalan raya dengan akses yang hanya bisa dilalui oleh motor/sepeda, berlokasi dekat dengan Rumah Makan Boemi Mitoha (804 m), Alfamart A Yani 419 (1.1 km), Masjid Pusdai (834 m), Institut Teknologi Nasional Bandung (652 m), Sinar Abadi Balubur Town Square (2.6 km).","3 x 4 meter, Tidak termasuk listrik","Kasur, Meja, Lemari / Storage, Kursi","K. Mandi Dalam, Kloset Duduk, Shower, Air panas","WiFi, Kulkas, Mesin Cuci, R. Jemur, R. Makan, R. Santai, Dapur, TV",Parkir Motor,,https://mamikos.com/room/kost-kota-bandung-kost-putri-eksklusif-kost-terusan-cisokan-cibeunying-kaler-bandung-2?redirection_source=landing%20area,-6.887446389651085,107.63075162701878
Kost Bengawan 83 Tipe B Bandung Wetan Bandung,Campur,Rp1.350.000,1350000,Bandung Wetan,Bandung Wetan,"Kost ini berlokasi dekat dengan jalan raya dengan akses yang hanya bisa dilalui oleh motor/sepeda, berlokasi dekat dengan Rumah Makan Boemi Mitoha (746 m), Alfamart A Yani 419 (988 m), Masjid Al Jihad (748 m), Bank BJB Weekend Banking (554 m), Universitas Padjadjaran Kampus Dipatiukur (2.4 km), RS Ibu dan Anak Limijati (1.9 km).","3.5 x 3.5 meter, Termasuk listrik","Kasur, Meja, Lemari / Storage, Ventilasi, Jendela, Cermin, Bantal, Kursi, Kipas Angin, Cleaning service","Kloset Duduk, K. Mandi Luar, Shower, Air panas","WiFi, R. Cuci, Kulkas, Mesin Cuci, R. Tamu, Penjaga Kos, R. Jemur, R. Makan, R. Santai, Dispenser","Parkir Mobil, Parkir Motor, Parkir Sepeda",,https://mamikos.com/room/kost-kota-bandung-kost-campur-eksklusif-kost-bengawan-83-tipe-b-bandung-wetan-bandung-2?redirection_source=landing%20area,-6.904512353685789,107.61558206278255
Kost Sitimunigar Reguler Astanaanyar Bandung,Campur,Rp1.300.000,1300000,Kecamatan Astanaanyar,Astanaanyar,"Kost ini berlokasi dekat dengan jalan raya dengan akses masuk mobil, berlokasi dekat dengan Warteg Bahari (1.5 km), Alfamart (2.8 km), Church of Isa Almasih (1.1 km), Bank BJB - Cabang Utama Bandung (1.3 km), Universitas Islam Bandung (2.9 km), RS Umum Bungsu (1.6 km).","3 x 3 meter, Tidak termasuk listrik","Kasur, Meja, Lemari / Storage, Jendela, Kursi","K. Mandi Dalam, Kloset Duduk, Ember mandi, Shower","WiFi, Laundry, Penjaga Kos, R. Makan, R. Santai, Dapur, Pengurus Kos, CCTV, Balcon, R. Keluarga","Parkir Motor, Parkir Motor & Sepeda",,https://mamikos.com/room/kost-kota-bandung-kost-campur-eksklusif-kost-sitimunigar-reguler-astanaanyar-bandung?redirection_source=landing%20area,-6.939061406769373,107.60219262061852
Kost Anton Tipe B Lengkong Bandung,Campur,Rp1.300.000,1300000,Lengkong,Lengkong,"Kost ini berlokasi dekat dengan jalan raya dengan akses yang hanya bisa dilalui oleh motor/sepeda, berlokasi dekat dengan Warteg Bahari (683 m), Alfamart (2.9 km), Church In Bandung (409 m), Bank BJB - Cabang Utama Bandung (876 m), Universitas Islam Bandung (2.5 km), RS Umum Bungsu (743 m).","3.6 x 2.4 meter, Tidak termasuk listrik","Kasur, Meja, TV, Lemari / Storage, Kulkas, Ventilasi, Meja makan, Jendela, Cermin, Bantal","K. Mandi Dalam, Kloset Duduk, Kloset Jongkok, K. Mandi Luar, Ember mandi, Shower","WiFi, Kulkas, Laundry, R. Tamu, Penjaga Kos, R. Jemur, R. Makan, R. Santai, Dispenser, Dapur","Parkir Motor, Parkir Sepeda",,https://mamikos.com/room/kost-kota-bandung-kost-campur-eksklusif-kost-anton-tipe-b-lengkong-bandung-2?redirection_source=landing%20area,-6.93457521981815,107.6274514659252
Kost Fans Guest House Regol Bandung,Campur,Rp1.750.000,1750000,Regol,Regol,"Kost ini berlokasi dekat dengan jalan raya dengan akses yang hanya bisa dilalui oleh motor/sepeda, berlokasi dekat dengan Gereja Kristen Kalam Kudus Pasundan (671 m), Institut Seni Budaya Indonesia Bandung (2.8 km), RSU Bhayangkara Tk II Sartika Asih (2.8 km), Bandung Electronic Center (2.7 km).","3 x 4 meter, Tidak termasuk listrik","Kasur, Dispenser, Meja, TV, Meja Rias, Lemari / Storage, Kulkas, Ventilasi, Meja makan, Jendela","K. Mandi Dalam, Kloset Duduk, Wastafel, Shower, Air panas","WiFi, R. Cuci, Laundry, R. Tamu, Penjaga Kos, R. Jemur, R. Makan, R. Santai, Dispenser, Jemuran","Parkir Motor, Parkir Sepeda",,https://mamikos.com/room/kost-kota-bandung-kost-campur-eksklusif-kost-fans-guest-house-regol-bandung--2?redirection_source=landing%20area,-6.94072327250224,107.61489715730309
Kost Otto Residence Tipe C Astanaanyar Bandung,Campur,Rp2.000.000,2000000,Astanaanyar,Astanaanyar,"Kost ini berlokasi dekat dengan jalan raya dengan akses yang hanya bisa dilalui oleh motor/sepeda, berlokasi dekat dengan Warteg Jaya Bahari (211 m), Circle K (534 m), Masjid Raya Bandung (446 m), Bank BJB - Cabang Utama Bandung (905 m), Institut Seni Budaya Indonesia Bandung (3.4 km), Bandung Electronic Center (2.0 km).","4 x 4 meter, Tidak termasuk listrik","AC, Kasur, Meja, Meja Rias, Lemari / Storage, Ventilasi, Jendela, Cermin, Bantal, Wastafel","K. Mandi Dalam, Kloset Duduk, Wastafel, Shower, Air panas","R. Jemur, Dapur, Jemuran, CCTV, K. Mandi Luar","Parkir Motor, Parkir Sepeda",,https://mamikos.com/room/kost-kota-bandung-kost-campur-eksklusif-kost-otto-residence-tipe-c-astanaanyar-bandung?redirection_source=landing%20area,-6.940630813286161,107.60168044983578
Kost Gedung Putih 2 Lengkong Bandung,Campur,Rp2.000.000,2000000,Kecamatan Lengkong,Lengkong,"Kost ini berlokasi dekat dengan jalan raya dengan akses yang hanya bisa dilalui oleh motor/sepeda, berlokasi dekat dengan Warteg Bahari (517 m), Alfamart A Yani 419 (3.2 km), Masjid Al Waritsin (331 m), CIMB Niaga (Buah Batu) (213 m), Akademi Sekretari Dan Manajemen BSI Bandung (589 m), Bandung Electronic Center (3.5 km).","3 x 4 meter, Tidak termasuk listrik","AC, Kasur, Meja, Lemari / Storage, Ventilasi, Jendela, Cermin, Bantal, Wastafel, Kursi","K. Mandi Dalam, Kloset Duduk, Wastafel, Shower, Air panas","WiFi, R. Cuci, Kulkas, Laundry, Penjaga Kos, R. Jemur, R. Makan, R. Santai, Dispenser, Dapur","Parkir Mobil, Parkir Motor, Parkir Sepeda",,https://mamikos.com/room/kost-kota-bandung-kost-campur-eksklusif-kost-gedung-putih-2-lengkong-bandung-1?redirection_source=landing%20area,-6.934307874878773,107.62431534978599
Kost Asri Gatot Subroto Dan Laswi Batununggal Bandung,Putra,Rp750.000,750000,Batununggal,Batununggal,"Kost ini berlokasi dekat dengan jalan raya dengan akses yang hanya bisa dilalui oleh motor/sepeda, berlokasi dekat dengan .","3 x 3 meter, Termasuk listrik","Kasur, Meja, Lemari / Storage, Ventilasi, Jendela, Guling, Bantal, Kursi","Kloset Duduk, K. Mandi Luar, Ember mandi, Shower",,,,https://mamikos.com/room/kost-kota-bandung-kost-putra-murah-kost-asri-gatot-subroto-dan-laswi-batununggal-bandung?redirection_source=landing%20area,-6.929561106599122,107.64010041899505
Kost Bu Ella 2 Lengkong Bandung,Putri,Rp1.100.000,1100000,Lengkong,Lengkong,"Kost ini berlokasi dekat dengan jalan raya dengan akses yang hanya bisa dilalui oleh motor/sepeda, berlokasi dekat dengan Warteg Abadi (2.6 km), Alfamart A Yani 419 (3.1 km), Church of Isa Almasih (479 m), Citibank Indonesia (442 m), Universitas Islam Bandung (2.6 km), RS Umum Bungsu (863 m).","3 x 4 meter, Termasuk listrik","Kasur, Meja, Lemari / Storage, Kursi","K. Mandi Dalam, Kloset Jongkok, K. Mandi Luar, Ember mandi, Shower, Air panas","Kulkas, Mesin Cuci, Laundry, R. Tamu, R. Jemur, R. Makan, R. Santai, Dispenser, Dapur, TV","Parkir Motor, Parkir Sepeda",,https://mamikos.com/room/kost-kota-bandung-kost-putri-murah-kost-bu-ella-2-lengkong-bandung?redirection_source=landing%20area,-6.934517693648405,107.62473437936367
Kost Warta Batununggal Bandung,Putri,Rp900.000,900000,Batununggal,Batununggal,"Kost ini berlokasi dekat dengan jalan raya dengan akses yang hanya bisa dilalui oleh motor/sepeda, berlokasi dekat dengan Warteg Cintaasih (603 m), Alfamart A Yani 419 (1.8 km), Masjid Al Jihad (893 m), Sekolah Tinggi Ilmu Ekonomi Pasundan (842 m), Bandung Electronic Center (3.3 km).","3 x 3 meter, Termasuk listrik","Kasur, Meja, Lemari / Storage, Ventilasi, Jendela, Guling, Cermin, Bantal","Kloset Duduk, Kloset Jongkok, K. Mandi Luar, Ember mandi, Shower","Kulkas, R. Tamu, R. Jemur, R. Makan, Dispenser, Dapur, Jemuran, Pengurus Kos, CCTV, Taman","Parkir Motor, Parkir Sepeda",,https://mamikos.com/room/kost-bandung-kost-putri-murah-kost-warta-batununggal-bandung?redirection_source=landing%20area,-6.928463801485163,107.63995506251882
Kost Adikacih 6 Astana Anyar Bandung,Putri,Rp850.000,850000,Kecamatan Astanaanyar,Astanaanyar,"Kost ini berlokasi dekat dengan jalan raya dengan akses yang hanya bisa dilalui oleh motor/sepeda, berlokasi dekat dengan Warteg Bahari (1.6 km), Indomaret YPAC (3.3 km), Church of Isa Almasih (1.2 km), Bank BJB - Cabang Utama Bandung (1.3 km), Universitas Islam Bandung (2.8 km), RS Umum Bungsu (1.6 km).","3 x 3 meter, Tidak termasuk listrik","Kasur, Meja, Lemari / Storage, Kulkas, Ventilasi, Jendela, Wastafel, Kursi, Kipas Angin","Kloset Duduk, K. Mandi Luar, Shower, Air panas","WiFi, R. Cuci, Kulkas, Mesin Cuci, R. Jemur, Dapur, Jemuran, Pengurus Kos, CCTV, Kartu Akses",Parkir Motor & Sepeda,,https://mamikos.com/room/kost-kota-bandung-kost-putri-eksklusif-kost-adikacih-6-astana-anyar-bandung?redirection_source=landing%20area,-6.938772924191152,107.60454263091226
Kost 17 Tipe A Lengkong Bandung,Putri,Rp600.000,600000,Kecamatan Lengkong,Lengkong,"Kost ini berlokasi dekat dengan jalan raya dengan akses yang hanya bisa dilalui oleh motor/sepeda, berlokasi dekat dengan Warteg Bahari (114 m), Alfamart (2.6 km), Church of Isa Almasih (342 m), Bank BJB - Cabang Utama Bandung (1.3 km), Universitas Islam Bandung (3.1 km), RS Mata Bandung Eye Center (1.3 km).","2.5 x 2.5 meter, Termasuk listrik","Kasur, Meja, Lemari / Storage, Ventilasi, Cermin","Kloset Jongkok, K. Mandi Luar, Ember mandi","WiFi, R. Jemur, Dapur, Jemuran, Pengurus Kos, Rooftop, K. Mandi Luar",,,https://mamikos.com/room/kost-kota-bandung-kost-putri-murah-kost-17-tipe-a-lengkong-bandung?redirection_source=landing%20area,-6.936024827105048,107.62687644902476
Kost Wastu Tipe C Bandung Wetan,Campur,Rp900.000,900000,Kecamatan Bandung Wetan,Bandung Wetan,"Kost ini berlokasi dekat dengan jalan raya dengan akses yang hanya bisa dilalui oleh motor/sepeda, berlokasi dekat dengan Rumah Makan Mirasa (282 m), Circle K (3.2 km), Masjid Al Asy'ari Unisba (150 m), Bank BJB - Kantor Cabang Tamansari (204 m), Universitas Islam Bandung (182 m), RS Ibu dan Anak Melinda (499 m).","4 x 4 meter, Tidak termasuk listrik","Kasur, Meja, Lemari / Storage, Ventilasi, Jendela, Guling, Cermin, Bantal, Kursi","Kloset Duduk, Kloset Jongkok, K. Mandi Luar, Ember mandi, Bak mandi","WiFi, Kulkas, Laundry, R. Tamu, Penjaga Kos, R. Jemur, R. Santai, Dapur, Taman, K. Mandi Luar","Parkir Mobil, Parkir Motor, Parkir Sepeda",,https://mamikos.com/room/kost-kota-bandung-kost-campur-murah-kost-wastu-tipe-c-bandung-wetan?redirection_source=landing%20area,-6.905016347203089,107.6163781190362
Kost Kebon Sirih 6 Tipe C Babakan Ciamis Sumur Bandung,Putri,Rp900.000,900000,Sumur Bandung,Sumur Bandung,"Kost ini berlokasi dekat dengan jalan raya dengan akses yang hanya bisa dilalui oleh motor/sepeda, berlokasi dekat dengan Rumah Makan Kapau Jaya (844 m), Circle K (3.2 km), Masjid Al Asy'ari Unisba (642 m), Bank Permata (447 m), Universitas Islam Bandung (678 m), RS Ibu dan Anak Limijati (799 m).","2.5 x 2.5 meter, Tidak termasuk listrik","Kasur, Lemari / Storage","Kloset Duduk, K. Mandi Luar, Wastafel, Air panas",,"Parkir Motor, Parkir Sepeda",,https://mamikos.com/room/kost-bandung-kost-putri-murah-kost-kebon-sirih-no-6-babakan-ciamis-sumur-bandung?redirection_source=landing%20area,-6.915973019538038,107.61815976595474
Kost Ibu Tina Tipe A Cibeunying Kidul Bandung,Putri,Rp900.000,900000,Kecamatan Cibeunying Kidul,Cibeunying Kidul,"Kost ini berlokasi dekat dengan jalan raya dengan akses yang hanya bisa dilalui oleh motor/sepeda, berlokasi dekat dengan Warteg Abadi (3.1 km), Alfamart A Yani 419 (282 m), Masjid Pusdai (1.6 km), Bank Mandiri Bandung Priority Banking Soerapatti (2.5 km), Institut Teknologi Nasional Bandung (1.2 km), RS Umum Santo Yusup (625 m).","3 x 4 meter, Tidak termasuk listrik","Kasur, Lemari / Storage, Ventilasi, Jendela, Guling, Dapur Pribadi, Bantal, Wastafel","K. Mandi Dalam, Kloset Jongkok, Wastafel, Ember mandi","WiFi, R. Cuci, R. Jemur, R. Santai, Dapur, Jemuran, Pengurus Kos, Rooftop, Balcon, Gazebo","Parkir Motor, Parkir Sepeda, Parkir Motor & Sepeda",,https://mamikos.com/room/kost-kota-bandung-kost-putri-murah-kost-ibu-tina-tipe-a-cibeunying-kidul-bandung?redirection_source=landing%20area,-6.899687106467322,107.65018732142124
Kost Srigadis 25 Tipe Executive Regol Bandung,Campur,Rp1.400.000,1400000,Kecamatan Regol,Regol,"Kost ini berlokasi dekat dengan jalan raya dengan akses yang hanya bisa dilalui oleh motor/sepeda, berlokasi dekat dengan Warteg Bahari (788 m), Circle K (788 m), Church of Isa Almasih (836 m), Institut Seni Budaya Indonesia Bandung (1.9 km), RSU Bhayangkara Tk II Sartika Asih (2.3 km), Bandung Electronic Center (3.1 km).","8 x 6 meter, Tidak termasuk listrik","Kasur, Meja, Ventilasi, Jendela, Guling, Dapur Pribadi, Cermin, Bantal","K. Mandi Dalam, Kloset Duduk, Ember mandi","WiFi, R. Jemur, Dapur, Jemuran, Rooftop, Kartu Akses",Parkir Motor & Sepeda,,https://mamikos.com/room/kost-kota-bandung-kost-campur-eksklusif-kost-srigadis-25-tipe-executive-regol-bandung?redirection_source=landing%20area,-6.940724547485828,107.61281227396896
Kost Jl Jati 24 Tipe B Lengkong Besar Bandung,Campur,Rp1.900.000,1900000,Lengkong,Lengkong,"Kost ini berlokasi dekat dengan jalan raya dengan akses yang hanya bisa dilalui oleh motor/sepeda, berlokasi dekat dengan Alfamart A Yani 419 (3.2 km).","3.5 x 4 meter, Tidak termasuk listrik","AC, Kasur, Dispenser, TV, Lemari / Storage, TV Kabel, Kursi","K. Mandi Dalam, Kloset Duduk, Shower, Air panas","WiFi, Kulkas, R. Tamu, Penjaga Kos, R. Jemur, R. Makan, R. Santai, Dispenser, Dapur, TV","Parkir Mobil, Parkir Motor, Parkir Sepeda",,https://mamikos.com/room/kost-bandung-kost-campur-eksklusif-kost-jl-jati-24-tipe-b-lengkong-besar-bandung?redirection_source=landing%20area,-6.935977352571514,107.6276732611976
Kost Modern Mezanin Tipe A Regol Bandung,Campur,Rp1.200.000,1200000,Kecamatan Regol,Regol,"Kost ini berlokasi dekat dengan jalan raya dengan akses yang hanya bisa dilalui oleh motor/sepeda, berlokasi dekat dengan Warteg Bahari (431 m), Circle K (2.7 km), Church of Isa Almasih (686 m), Bank BCA KCP Buah Batu (1.3 km), Universitas Islam Bandung (3.5 km), RS Mata Bandung Eye Center (1.0 km).","3 x 3 meter, Tidak termasuk listrik","AC, Kasur, Lemari / Storage, Ventilasi","K. Mandi Dalam, Kloset Duduk, Kloset Jongkok, Shower, Air panas","WiFi, Laundry, Penjaga Kos, R. Jemur, Dapur, Jemuran, Pengurus Kos, CCTV, Rooftop, Balcon","Parkir Motor, Parkir Sepeda, Parkir Motor & Sepeda",,https://mamikos.com/room/kost-kota-bandung-kost-campur-eksklusif-kost-modern-mezanin-tipe-a-regol-bandung?redirection_source=landing%20area,-6.9393344522326155,107.61447764996906
Kost Srigadis 25 Rooms Regol Bandung,Campur,Rp1.100.000,1100000,Regol,Regol,"Kost ini berlokasi dekat dengan jalan raya dengan akses yang hanya bisa dilalui oleh motor/sepeda, berlokasi dekat dengan Warteg Bahari (790 m), Circle K (789 m), Church of Isa Almasih (834 m), Institut Seni Budaya Indonesia Bandung (1.9 km), RSU Bhayangkara Tk II Sartika Asih (2.3 km), Bandung Electronic Center (3.1 km).","4 x 4 meter, Termasuk listrik","Kasur, Meja, Lemari / Storage, Jendela, Guling, Cermin, Bantal","K. Mandi Dalam, Kloset Jongkok, Ember mandi","WiFi, R. Jemur, R. Makan, R. Santai, Dapur, Jemuran","Parkir Motor, Parkir Sepeda",,https://mamikos.com/room/kost-kota-bandung-kost-campur-eksklusif-kost-srigadis-25-rooms-regol-bandung?redirection_source=landing%20area,-6.939993406966163,107.61371237388606
Kost Griya Camar Tipe A Lengkong Bandung,Campur,Rp800.000,800000,Lengkong,Lengkong,"Kost ini berlokasi dekat dengan jalan raya dengan akses yang hanya bisa dilalui oleh motor/sepeda, berlokasi dekat dengan Warteg Bahari (1.3 km), Alfamart (2.6 km), Church In Bandung (354 m), Bank BJB - Cabang Utama Bandung (1.4 km), Universitas Islam Bandung (2.5 km), RS Umum Bungsu (1.0 km).","3 x 3 meter, Tidak termasuk listrik","Kasur, Meja, Lemari / Storage, Jendela, Cermin, Bantal, Kursi","Kloset Jongkok, K. Mandi Luar, Ember mandi, Shower","WiFi, R. Cuci, Penjaga Kos, R. Jemur, Dapur, Jemuran, CCTV",Parkir Motor & Sepeda,,https://mamikos.com/room/kost-kota-bandung-kost-campur-murah-kost-griya-camar-tipe-a-lengkong-bandung?redirection_source=landing%20area,-6.933621280725022,107.6276269191569
Kost Ibu Tina Tipe B Cibeunying Kidul Bandung,Putri,Rp750.000,750000,Kecamatan Cibeunying Kidul,Cibeunying Kidul,"Kost ini berlokasi dekat dengan jalan raya dengan akses yang hanya bisa dilalui oleh motor/sepeda, berlokasi dekat dengan Warteg Abadi (3.1 km), Alfamart A Yani 419 (282 m), Masjid Pusdai (1.6 km), Bank Mandiri Bandung Priority Banking Soerapatti (2.5 km), Institut Teknologi Nasional Bandung (1.2 km), RS Umum Santo Yusup (625 m).","3 x 3 meter, Tidak termasuk listrik","Kasur, Lemari / Storage, Ventilasi, Jendela, Guling, Bantal, Wastafel","Kloset Jongkok, K. Mandi Luar, Wastafel, Ember mandi","WiFi, R. Cuci, R. Jemur, R. Santai, Dapur, Jemuran, Pengurus Kos, Rooftop, Balcon, K. Mandi Luar","Parkir Motor, Parkir Sepeda, Parkir Motor & Sepeda",,https://mamikos.com/room/kost-kota-bandung-kost-putri-murah-kost-ibu-tina-tipe-b-cibeunying-kidul-bandung-2?redirection_source=landing%20area,-6.897458614405062,107.64853357871776
Kost 41 Lengkong Bandung,Putri,Rp700.000,700000,Kecamatan Lengkong,Lengkong,"Kost ini berlokasi dekat dengan jalan raya dengan akses yang hanya bisa dilalui oleh motor/sepeda, berlokasi dekat dengan Rumah Makan Cikawao (660 m), Alfamart A Yani 419 (3.3 km), Masjid Jami Nurul Falah (236 m), CIMB Niaga (Buah Batu) (904 m), Universitas Islam Bandung (3.3 km), RS Ibu dan Anak Kota Bandung (2.0 km).","3 x 3 meter, Termasuk listrik","Kasur, Meja, Lemari / Storage, Jendela, Cermin",Kloset Duduk,"WiFi, R. Cuci, Kulkas, Penjaga Kos, R. Jemur, R. Makan, Dispenser, Dapur, Jemuran, Pengurus Kos",Parkir Motor,,https://mamikos.com/room/kost-kota-bandung-kost-putri-murah-kost-41-lengkong-bandung-1?redirection_source=landing%20area,-6.9335238697465105,107.62473516586387
Kost Rahma Homes TSM Gatot Subroto Batununggal Bandung,Putri,Rp700.000,700000,Kecamatan Batununggal,Batununggal,"Kost ini berlokasi dekat dengan jalan raya dengan akses yang hanya bisa dilalui oleh motor/sepeda, berlokasi dekat dengan Warteg Bahari (2.0 km), Alfamart A Yani 419 (1.7 km), Church In Bandung (1.6 km), CIMB Niaga (Buah Batu) (1.8 km), Institut Teknologi Nasional Bandung (3.1 km), RS Umum Pindad (2.1 km).","3 x 3 meter, Termasuk listrik","Kasur, Lemari / Storage, Ventilasi, Jendela, Guling, Bantal","K. Mandi Dalam, Kloset Jongkok, K. Mandi Luar, Ember mandi","R. Cuci, R. Jemur, R. Santai, Dispenser, Jemuran, Pengurus Kos, Balcon, Taman, TV",Parkir Motor & Sepeda,,https://mamikos.com/room/kost-kota-bandung-kost-putri-murah-kost-rahma-homes-tsm-gatot-subroto-batununggal-bandung-1?redirection_source=landing%20area,-6.926582418438764,107.64107217318288
Kost Esatu Reguler Lengkong Bandung,Campur,Rp950.000,950000,Kecamatan Lengkong,Lengkong,"Kost ini berlokasi dekat dengan jalan raya dengan akses yang hanya bisa dilalui oleh motor/sepeda, berlokasi dekat dengan Warteg Bahari (510 m), Alfamart (3.1 km), Church In Bandung (522 m), Bank BJB - Cabang Utama Bandung (1.2 km), Universitas Islam Bandung (2.8 km), RS Umum Bungsu (1.0 km).","3 x 3 meter, Tidak termasuk listrik","Kasur, Ventilasi, Jendela","K. Mandi Dalam, Kloset Jongkok","WiFi, R. Tamu, R. Jemur, Dapur, Jemuran, Pengurus Kos, CCTV",Parkir Motor & Sepeda,,https://mamikos.com/room/kost-kota-bandung-kost-campur-murah-kost-esatu-reguler-lengkong-bandung-2?redirection_source=landing%20area,-6.9327139779628455,107.62713312026597
Kost Menimurah Tipe Standart Cibeunying Kaler Bandung,Putri,Rp500.000,500000,Cibeunying Kaler,Cibeunying Kaler,"Kost ini berlokasi dekat dengan jalan raya dengan akses yang hanya bisa dilalui oleh motor/sepeda, berlokasi dekat dengan Warteg Cintaasih (2.3 km), Alfamart Bojong Koneng (1.3 km), Christian Church Pasundan Awiligar (2.1 km), Bank BJB Weekend Banking (1.4 km), Institut Teknologi Nasional Bandung (408 m), RS Ibu dan Anak Al Islam (1.3 km).","2 x 3 meter, Termasuk listrik","Kasur, Meja, Lemari / Storage, Ventilasi, Jendela, Kursi","Kloset Jongkok, K. Mandi Luar, Ember mandi, Bak mandi","WiFi, R. Cuci, R. Tamu, R. Jemur, R. Makan, Dapur, Jemuran, Pengurus Kos, Balcon, R. Keluarga",Parkir Motor,,https://mamikos.com/room/kost-kota-bandung-kost-putri-murah-kost-menimurah-tipe-standart-cibeunying-kaler-bandung?redirection_source=landing%20area,-6.886890828436302,107.62951124651377
Kost Pak Edwin Standar Kesambi Cirebon,Campur,Rp1.100.000,1100000,Kesambi,Kesambi,"Kost ini berlokasi dekat dengan jalan raya dengan akses yang hanya bisa dilalui oleh motor/sepeda, berlokasi dekat dengan .","3 x 4 meter, Tidak termasuk listrik",Ventilasi,K. Mandi Luar,,,,https://mamikos.com/room/kost-kota-cirebon-kost-campur-eksklusif-kost-pak-edwin-standar-kesambi-cirebon?redirection_source=landing%20area,-8.654200224753886,115.17430292043903
Kost No 73 Tipe A Cibeunying Kaler Bandung,Putra,Rp1.000.000,1000000,Cibeunying Kaler,Cibeunying Kaler,"Kost ini berlokasi dekat dengan jalan raya dengan akses yang hanya bisa dilalui oleh motor/sepeda, berlokasi dekat dengan Rumah Makan Boemi Mitoha (786 m), Alfamart A Yani 419 (1.3 km), Masjid Pusdai (725 m), Institut Teknologi Nasional Bandung (612 m), Sinar Abadi Balubur Town Square (2.5 km).","3 x 3 meter, Tidak termasuk listrik","Kasur, Meja, Lemari / Storage, Kursi","Kloset Duduk, K. Mandi Luar, Ember mandi, Bak mandi","WiFi, Laundry, R. Jemur, R. Santai, Dapur","Parkir Mobil, Parkir Motor, Parkir Sepeda",,https://mamikos.com/room/kost-kota-bandung-kost-putra-eksklusif-kost-no-73-tipe-a-cibeunying-kaler-bandung?redirection_source=landing%20area,-6.884893925423662,107.62828257170871
Kost Pinta Pahlawan Cibeunying Kidul Bandung,Putri,Rp600.000,600000,Kecamatan Cibeunying Kidul,Cibeunying Kidul,"Kost ini berlokasi dekat dengan jalan raya dengan akses yang hanya bisa dilalui oleh motor/sepeda, berlokasi dekat dengan Warteg Cintaasih (2.4 km), Alfamart (1.1 km), Christian Church Pasundan Awiligar (2.0 km), Bank BJB Weekend Banking (1.6 km), Institut Teknologi Nasional Bandung (175 m), RS Ibu dan Anak Al Islam (1.3 km).","3 x 4 meter, Termasuk listrik","Kasur, Lemari / Storage, Ventilasi","Kloset Jongkok, K. Mandi Luar, Ember mandi, Bak mandi","WiFi, Jemuran, CCTV, Balcon, K. Mandi Luar",,,https://mamikos.com/room/kost-kota-bandung-kost-putri-murah-kost-pinta-pahlawan-cibeunying-kidul-bandung-2?redirection_source=landing%20area,-6.899194776616409,107.65078821644703
Kost Lestari Tipe A Bandung Wetan Bandung,Putri,Rp1.200.000,1200000,Bandung Wetan,Bandung Wetan,"Kost ini berlokasi dekat dengan jalan raya dengan akses yang hanya bisa dilalui oleh motor/sepeda, berlokasi dekat dengan Warteg Abadi (384 m), Alfamart (868 m), Masjid Al Asy'ari Unisba (87 m), Bank BJB - Kantor Cabang Tamansari (138 m), Universitas Islam Bandung (121 m), RS Umum Tk IV 03.07.03Sariningsih (485 m).","3 x 3 meter, Termasuk listrik","Kasur, Lemari / Storage, Ventilasi, Jendela, Cermin","K. Mandi Dalam, Kloset Jongkok, K. Mandi Luar, Ember mandi, Shower","WiFi, R. Cuci, Penjaga Kos, R. Jemur, Jemuran, Pengurus Kos, Jual Makanan, CCTV",,,https://mamikos.com/room/kost-kota-bandung-kost-putri-eksklusif-kost-lestari-tipe-a-bandung-wetan-bandung?redirection_source=landing%20area,-6.906536350535567,107.61762921033012
Kost Kejaksaan Tipe Street View Sumur Bandung,Putri,Rp1.200.000,1200000,Sumur Bandung,Sumur Bandung,"Kost ini berlokasi dekat dengan jalan raya dengan akses yang hanya bisa dilalui oleh motor/sepeda, berlokasi dekat dengan Rumah Makan Soto Bali (897 m), Alfamart A Yani 419 (3.3 km), Masjid Raya Bandung (546 m), Bank BJB - Cabang Utama Bandung (172 m), Universitas Padjadjaran Kampus Dipatiukur (2.9 km), Bandung Electronic Center (1.2 km).","2.5 x 3.1 meter, Tidak termasuk listrik","AC, Kasur, Meja, Lemari / Storage, Kursi","Kloset Duduk, K. Mandi Luar, Wastafel, Shower, Air panas","WiFi, Dapur, Pengurus Kos, CCTV, K. Mandi Luar",Parkir Motor,,https://mamikos.com/room/kost-kota-bandung-kost-putri-eksklusif-kost-kejaksaan-tipe-street-view-sumur-bandung-?redirection_source=landing%20area,-6.914181770222891,107.61625529372004
Kost P House Tipe Premium Andir Bandung,Campur,Rp1.250.000,1250000,Andir,Andir,"Kost ini berlokasi dekat dengan jalan raya dengan akses yang hanya bisa dilalui oleh motor/sepeda, berlokasi dekat dengan Warteg Abadi (1.6 km), Alfamart (2.0 km), Masjid Al Asy'ari Unisba (1.4 km), Bank BJB - Cabang Utama Bandung (835 m), Universitas Islam Bandung (1.4 km), RS Umum Bungsu (1.1 km).","3 x 4 meter, Termasuk listrik","Kasur, Lemari / Storage, Ventilasi, Jendela, Wastafel","K. Mandi Dalam, Kloset Duduk, Shower","WiFi, Laundry, Dapur, Jemuran, CCTV",Parkir Motor,,https://mamikos.com/room/kost-kota-bandung-kost-campur-eksklusif-kost-p-house-tipe-premium-andir-bandung-2?redirection_source=landing%20area,-6.905835362470684,107.57031177273142
Kost Exclusive Purawinata 11 Lengkong Bandung,Campur,Rp1.500.000,1500000,Lengkong,Lengkong,"Kost ini berlokasi dekat dengan jalan raya dengan akses yang hanya bisa dilalui oleh motor/sepeda, berlokasi dekat dengan Warteg Bahari (605 m), Alfamart (3.2 km), Church of Isa Almasih (269 m), Bank BJB - Cabang Utama Bandung (741 m), Universitas Islam Bandung (2.6 km), RS Umum Bungsu (858 m).","3 x 3 meter, Tidak termasuk listrik","Kasur, Meja, Lemari / Storage, Jendela, Guling, Bantal, Kursi","K. Mandi Dalam, Kloset Duduk, Kloset Jongkok, Air panas","WiFi, Kulkas, R. Tamu, Penjaga Kos, R. Jemur, R. Makan, R. Santai, Pengurus Kos, CCTV, Balcon","Parkir Motor, Parkir Motor & Sepeda",,https://mamikos.com/room/kost-kota-bandung-kost-campur-eksklusif-kost-exclusive-purawinata-11-lengkong-bandung?redirection_source=landing%20area,-6.935883821294006,107.62514435406592
Kost Surapati Coblong Bandung,Putri,Rp1.750.000,1750000,Coblong,Coblong,"Kost ini berlokasi dekat dengan jalan raya dengan akses yang hanya bisa dilalui oleh motor/sepeda, berlokasi dekat dengan .","3 x 4 meter, Tidak termasuk listrik","Kasur, Meja, Lemari / Storage, Ventilasi, Jendela, Cermin, Kursi","K. Mandi Dalam, Kloset Duduk, Wastafel, Shower, Air panas","WiFi, Kulkas, Mesin Cuci, R. Tamu, Dapur, Jemuran, Balcon, TV",,,https://mamikos.com/room/kost-bandung-kost-putri-eksklusif-kost-surapati-coblong?redirection_source=landing%20area,-6.881196647747265,107.61282124856311
Kost Nomad Coliving Asia Afrika Superior Lengkong Bandung,Campur,Rp2.299.998,2299998,Lengkong,Lengkong,"Kost ini berlokasi dekat dengan jalan raya dengan akses yang hanya bisa dilalui oleh motor/sepeda, berlokasi dekat dengan Warteg Bahari (527 m), Alfamart (3.1 km), Church In Bandung (501 m), Bank BJB - Cabang Utama Bandung (1.1 km), Universitas Islam Bandung (2.7 km), RS Umum Bungsu (1.0 km).","3 x 4 meter, Tidak termasuk listrik","AC, Kasur, Meja, Lemari / Storage, Jendela, Cermin, Bantal, Wastafel, Kursi","K. Mandi Dalam, Kloset Duduk, Wastafel, Shower, Air panas","WiFi, Kulkas, Penjaga Kos, R. Makan, Dapur, Pengurus Kos, CCTV, Rooftop, TV",,,https://mamikos.com/room/kost-kota-bandung-kost-campur-eksklusif-kost-nomad-coliving-asia-afrika-superior-lengkong-bandung?redirection_source=landing%20area,-6.934570552224708,107.62796023372535
Kost Java Gamelan Lengkong Bandung,Putra,Rp1.550.000,1550000,Kecamatan Lengkong,Lengkong,"Kost ini berlokasi dekat dengan jalan raya dengan akses yang hanya bisa dilalui oleh motor/sepeda, berlokasi dekat dengan Warteg Bahari (420 m), Alfamart (2.5 km), Gereja Isa Almasih (1.4 km), Bank BCA KCP Buah Batu (699 m), Sekolah Tinggi Ilmu Ekonomi Pasundan (677 m), RS Mata Bandung Eye Center (738 m).","3 x 4 meter, Tidak termasuk listrik","AC, Kasur, Meja, TV, Lemari / Storage, Jendela, Cermin, Bantal, Kursi","K. Mandi Dalam, Kloset Duduk, Wastafel, Shower, Air panas","WiFi, R. Cuci, Kulkas, Mesin Cuci, R. Tamu, Penjaga Kos, R. Makan, Dispenser, Dapur, Jemuran","Parkir Mobil, Parkir Motor, Parkir Sepeda, Parkir Motor & Sepeda",,https://mamikos.com/room/kost-kota-bandung-kost-putra-eksklusif-kost-java-gamelan-lengkong-bandung?redirection_source=landing%20area,-6.935744047376716,107.6272125361464
Kost Macan Executive Lengkong Bandung,Putra,Rp2.000.000,2000000,Kecamatan Lengkong,Lengkong,"Kost ini berlokasi dekat dengan jalan raya dengan akses yang hanya bisa dilalui oleh motor/sepeda, berlokasi dekat dengan Warteg Bahari (311 m), Alfamart (3.3 km), Church of Isa Almasih (695 m), Bank BCA KCP Buah Batu (1.4 km), Universitas Islam Bandung (3.1 km), RS Umum Bungsu (1.4 km).","3 x 4 meter, Tidak termasuk listrik","AC, Kasur, Dispenser, Meja, Lemari / Storage, Ventilasi, Jendela, Cermin, Bantal","K. Mandi Dalam, Kloset Duduk, Shower, Air panas","WiFi, Kulkas, Dispenser, Dapur, Pengurus Kos, CCTV, Balcon","Parkir Motor, Parkir Sepeda, Parkir Motor & Sepeda",,https://mamikos.com/room/kost-kota-bandung-kost-putra-eksklusif-kost-macan-executive-lengkong-bandung?redirection_source=landing%20area,-6.933672088850239,107.62764935276874
Kost Lilia Cozy Room Smart Astanaanyar Bandung,Campur,Rp1.000.000,1000000,Kecamatan Astanaanyar,Astanaanyar,"Kost ini berlokasi dekat dengan jalan raya dengan akses yang hanya bisa dilalui oleh motor/sepeda, berlokasi dekat dengan Warteg Bahari (1.6 km), Alfamart (2.7 km), Church of Isa Almasih (1.2 km), Bank BJB - Cabang Utama Bandung (1.4 km), Universitas Islam Bandung (3.0 km), RS Umum Bungsu (1.8 km).","1.9 x 2.9 meter, Tidak termasuk listrik","Kasur, Meja, Lemari / Storage, Ventilasi, Jendela, Bantal, Kursi","Kloset Duduk, K. Mandi Luar, Wastafel, Ember mandi, Shower","WiFi, R. Cuci, Kulkas, Laundry, R. Tamu, Penjaga Kos, R. Jemur, Dapur, Jemuran, Pengurus Kos","Parkir Motor, Parkir Sepeda, Parkir Motor & Sepeda",,https://mamikos.com/room/kost-kota-bandung-kost-campur-eksklusif-kost-lilia-cozy-room-smart-astanaanyar-bandung?redirection_source=landing%20area,-6.939208950193442,107.60425564637762
Kost My Four Tipe A Bandung Wetan Bandung,Campur,Rp1.100.000,1100000,Bandung Wetan,Bandung Wetan,"Kost ini berlokasi dekat dengan jalan raya dengan akses yang hanya bisa dilalui oleh motor/sepeda, berlokasi dekat dengan Warteg Abadi (346 m), Alfamart A Yani 419 (3.0 km), Masjid Al-Muttaqin (Gedung Sate) (469 m), Bank Mandiri Bandung Priority Banking Soerapatti (452 m), Universitas Islam Bandung (650 m), RS Ibu dan Anak Limijati (476 m).","2.5 x 3 meter, Termasuk listrik","Kasur, Meja, Lemari / Storage, Kursi","Kloset Jongkok, K. Mandi Luar, Shower, Air panas, Bak mandi","WiFi, Mesin Cuci, R. Jemur, R. Makan, Dapur, Taman","Parkir Motor, Parkir Sepeda",,https://mamikos.com/room/kost-kota-bandung-kost-campur-eksklusif-kost-my-four-tipe-a-bandung-wetan-bandung?redirection_source=landing%20area,-6.90393334510619,107.6172179073586
Kost Gatsu Bapak Agus Tipe A Gatot Subroto Batununggal Bandung,Putri,Rp1.100.000,1100000,Batununggal,Batununggal,"Kost ini berlokasi dekat dengan jalan raya dengan akses yang hanya bisa dilalui oleh motor/sepeda, berlokasi dekat dengan Warteg Cintaasih (646 m), Alfamart A Yani 419 (2.0 km), Church In Bandung (739 m), Universitas Padjadjaran Kampus Dipatiukur (3.5 km), Bandung Electronic Center (2.6 km).","3 x 4 meter, Tidak termasuk listrik","Kasur, Meja, Meja Rias, Lemari / Storage, Cermin, Bantal, Kipas Angin","K. Mandi Dalam, Kloset Jongkok, Ember mandi, Shower","WiFi, Kulkas, R. Tamu, R. Jemur, R. Makan, Dapur","Parkir Motor, Parkir Sepeda",,https://mamikos.com/room/kost-kota-bandung-kost-putri-murah-kost-gatsu-bpk-agus-gatot-subroto-batununggal-bandung?redirection_source=landing%20area,-6.9292461959043745,107.64012331932341
Kost Barokah 32 Tipe A Non AC Astanaanyar Bandung,Campur,Rp950.000,950000,Kecamatan Astanaanyar,Astanaanyar,"Kost ini berlokasi dekat dengan jalan raya dengan akses yang hanya bisa dilalui oleh motor/sepeda, berlokasi dekat dengan Warteg Jaya Bahari (671 m), Circle K (1.4 km), Gereja Kristen Kalam Kudus Pasundan (799 m), Institut Seni Budaya Indonesia Bandung (3.3 km), RS Umum Immanuel Bandung (918 m), Bandung Electronic Center (2.5 km).","3 x 4 meter, Tidak termasuk listrik","Kasur, Lemari / Storage, Ventilasi, Jendela","K. Mandi Dalam, Kloset Jongkok, Ember mandi","WiFi, R. Cuci, R. Jemur, Dapur, Jemuran, CCTV",Parkir Motor,,https://mamikos.com/room/kost-kota-bandung-kost-campur-murah-kost-barokah-32-tipe-a-non-ac-astanaanyar-bandung?redirection_source=landing%20area,-6.938789136500937,107.6044930735119
Kost Barokah Standart Bandung Wetan Bandung,Putri,Rp900.000,900000,Kecamatan Bandung Wetan,Bandung Wetan,"Kost ini berlokasi dekat dengan jalan raya dengan akses yang hanya bisa dilalui oleh motor/sepeda, berlokasi dekat dengan Warteg Abadi (406 m), Circle K (3.2 km), Masjid Al Asy'ari Unisba (295 m), Bank BJB - Kantor Cabang Tamansari (298 m), Universitas Islam Bandung (261 m), RS Umum Tk IV 03.07.03Sariningsih (765 m).","3 x 4 meter, Termasuk listrik","Kasur, Meja, Lemari / Storage, Ventilasi, Jendela, Guling, Cermin, Bantal, Kursi","Kloset Jongkok, K. Mandi Luar, Wastafel, Ember mandi","WiFi, R. Cuci, R. Tamu, R. Jemur, R. Makan, R. Santai, Dapur, Jemuran, Pengurus Kos, Jual Makanan","Parkir Motor, Parkir Sepeda",,https://mamikos.com/room/kost-kota-bandung-kost-putri-murah-kost-barokah-standart-bandung-wetan-bandung-2?redirection_source=landing%20area,-6.903574638704355,107.61697298390585
Kost Otto Residence Tipe B Astanaanyar Bandung,Campur,Rp1.800.000,1800000,Astanaanyar,Astanaanyar,"Kost ini berlokasi dekat dengan jalan raya dengan akses yang hanya bisa dilalui oleh motor/sepeda, berlokasi dekat dengan Warteg Jaya Bahari (211 m), Circle K (534 m), Masjid Raya Bandung (446 m), Bank BJB - Cabang Utama Bandung (905 m), Institut Seni Budaya Indonesia Bandung (3.4 km), Bandung Electronic Center (2.0 km).","3 x 4 meter, Tidak termasuk listrik","AC, Kasur, Meja, Meja Rias, Lemari / Storage, Wastafel, Kursi","K. Mandi Dalam, Kloset Duduk, Wastafel, Shower, Air panas","WiFi, R. Jemur, Dapur, CCTV","Parkir Motor, Parkir Sepeda",,https://mamikos.com/room/kost-kota-bandung-kost-campur-eksklusif-kost-otto-residence-tipe-b-astanaanyar-bandung?redirection_source=landing%20area,-6.937948519899949,107.60365396664766
Kost Laswi Pavilion I Batununggal Bandung,Putri,Rp850.000,850000,Kecamatan Batununggal,Batununggal,"Kost ini berlokasi dekat dengan jalan raya dengan akses yang hanya bisa dilalui oleh motor/sepeda, berlokasi dekat dengan Warteg Bahari (1.6 km), Alfamart A Yani 419 (1.8 km), Masjid Al Jihad (783 m), Bank BCA KCP Buah Batu (1.9 km), Institut Teknologi Nasional Bandung (3.0 km), RS Umum Bungsu (1.8 km).","3 x 3 meter, Termasuk listrik","Kasur, Lemari / Storage, Jendela, Guling, Cermin, Bantal","Kloset Jongkok, K. Mandi Luar","WiFi, Penjaga Kos, Dapur, Balcon, K. Mandi Luar",Parkir Motor,,https://mamikos.com/room/kost-kota-bandung-kost-putri-murah-kost-laswi-pavilion-i-batununggal-bandung?redirection_source=landing%20area,-6.929825985733697,107.63912081383427
Kost Bumi Putri Sukasenang Tipe B Cibeunying Kidul Bandung,Putri,Rp1.450.000,1450000,Cibeunying Kidul,Cibeunying Kidul,"Kost ini berlokasi dekat dengan jalan raya dengan akses yang hanya bisa dilalui oleh motor/sepeda, berlokasi dekat dengan Alfamart Bojong Koneng (1.1 km), Institut Teknologi Nasional Bandung (229 m), Sinar Abadi Balubur Town Square (2.8 km).","3 x 4 meter, Termasuk listrik","Kasur, Meja, Lemari / Storage, Kursi","K. Mandi Dalam, Kloset Duduk, Wastafel, Air panas","WiFi, Kulkas, Penjaga Kos, R. Jemur, R. Makan, Dapur","Parkir Mobil, Parkir Motor, Parkir Sepeda",,https://mamikos.com/room/kost-kota-bandung-kost-putri-eksklusif-kost-bumi-putri-sukasenang-tipe-b-cibeunying-kidul-bandung?redirection_source=landing%20area,-6.898366431541824,107.65153688582183
Kost Bu Enita Cibeunying Kaler Bandung,Campur,Rp550.000,550000,Cibeunying Kaler,Cibeunying Kaler,"Kost ini berlokasi dekat dengan jalan raya dengan akses yang hanya bisa dilalui oleh motor/sepeda, berlokasi dekat dengan Rumah Makan Pondok (796 m), Alfamart Bojong Koneng (1.5 km), Masjid Pusdai (569 m), Universitas Padjadjaran Kampus Dipatiukur (1.6 km), Sinar Abadi Balubur Town Square (2.3 km).","3 x 5 meter, Termasuk listrik","Kasur, Lemari / Storage, Jendela, Cleaning service","Kloset Jongkok, K. Mandi Luar, Ember mandi, Bak mandi","R. Cuci, Penjaga Kos, Mushola, Dapur, Pengurus Kos, K. Mandi Luar","Parkir Motor, Parkir Sepeda",,https://mamikos.com/room/kost-kota-bandung-kost-campur-murah-kost-bu-enita-cibeunying-kaler-bandung?redirection_source=landing%20area,-6.886474480214086,107.62898247178441
Kost Terusan Cisokan Cibeunying Kaler Bandung,Putri,Rp1.350.000,1350000,Cibeunying Kaler,Cibeunying Kaler,"Kost ini berlokasi dekat dengan jalan raya dengan akses yang hanya bisa dilalui oleh motor/sepeda, berlokasi dekat dengan Rumah Makan Boemi Mitoha (804 m), Alfamart A Yani 419 (1.1 km), Masjid Pusdai (834 m), Institut Teknologi Nasional Bandung (652 m), Sinar Abadi Balubur Town Square (2.6 km).","3 x 4 meter, Tidak termasuk listrik","Kasur, Meja, Lemari / Storage, Kursi","K. Mandi Dalam, Kloset Duduk, Shower, Air panas","WiFi, Kulkas, Mesin Cuci, R. Jemur, R. Makan, R. Santai, Dapur, TV",Parkir Motor,,https://mamikos.com/room/kost-kota-bandung-kost-putri-eksklusif-kost-terusan-cisokan-cibeunying-kaler-bandung-2?redirection_source=landing%20area,-6.885567431451076,107.63024882791848
Kost Maulana Yusuf Tipe B Bandung Wetan Bandung,Putra,Rp1.600.000,1600000,Bandung Wetan,Bandung Wetan,"Kost ini berlokasi dekat dengan jalan raya dengan akses yang hanya bisa dilalui oleh motor/sepeda, berlokasi dekat dengan Warteg Abadi (320 m), Alfamart (1.2 km), Masjid Al Asy'ari Unisba (636 m), Bank BJB - Kantor Cabang Tamansari (573 m), Universitas Islam Bandung (624 m), RS Umum Tk IV 03.07.03Sariningsih (569 m).","3 x 4 meter, Termasuk listrik","Kasur, Dispenser, Meja, Lemari / Storage, Ventilasi, Jendela, Cermin, Bantal, Kipas Angin, Cleaning service","Kloset Duduk, K. Mandi Luar, Wastafel, Shower, Air panas","WiFi, R. Cuci, Kulkas, Mesin Cuci, Laundry, R. Tamu, Penjaga Kos, R. Jemur, R. Makan, R. Santai","Parkir Mobil, Parkir Motor, Parkir Sepeda",,https://mamikos.com/room/kost-kota-bandung-kost-putra-eksklusif-kost-maulana-yusuf-tipe-b-bandung-wetan-bandung?redirection_source=landing%20area,-6.9043907236689055,107.61723350321242
Kost Faiz Tipe A Sumur Bandung Bandung,Putra,Rp650.000,650000,Kecamatan Sumur Bandung,Sumur Bandung,"Kost ini berlokasi dekat dengan jalan raya dengan akses jalan raya, berlokasi dekat dengan Rumah Makan Kapau Jaya (770 m), Circle K (3.2 km), Masjid Al Asy'ari Unisba (570 m), Bank Permata (418 m), Universitas Islam Bandung (605 m), RS Ibu dan Anak Limijati (774 m).","2.5 x 3 meter, Tidak termasuk listrik","Kasur, Lemari / Storage","Kloset Duduk, K. Mandi Luar, Shower, Air panas","WiFi, K. Mandi Luar",Parkir Motor,,https://mamikos.com/room/kost-kota-bandung-kost-putra-murah-kost-faiz-tipe-a-sumur-bandung-bandung-2?redirection_source=landing%20area,-6.9157098089475,107.61775149918643
Kost Bu Lia Cicendo Bandung,Campur,Rp850.000,850000,Cicendo,Cicendo,"Kost ini berlokasi dekat dengan jalan raya dengan akses yang hanya bisa dilalui oleh motor/sepeda, berlokasi dekat dengan Swike Waled Rumah Makan (680 m), Circle K (2.7 km), Masjid Jami Mathla'ul Khoeriyah (689 m), Bank BJB - Kantor Cabang Tamansari (804 m), Universitas Islam Bandung (766 m), RS Umum Hermina Pasteur (2.0 km).","3 x 4 meter, Tidak termasuk listrik","Kasur, Lemari / Storage, Ventilasi, Jendela, Guling, Bantal","K. Mandi Dalam, Kloset Jongkok, Ember mandi","Dapur, Jemuran",,,https://mamikos.com/room/kost-kota-bandung-kost-campur-murah-kost-bu-lia-cicendo-bandung-2?redirection_source=landing%20area,-6.901170147900419,107.58813034592215
Kost Kidang Lengkong Bandung,Putri,Rp800.000,800000,Lengkong,Lengkong,"Kost ini berlokasi dekat dengan jalan raya dengan akses yang hanya bisa dilalui oleh motor/sepeda, berlokasi dekat dengan Rumah Makan Ibu Haji Cijantung (315 m), Alfamart A Yani 419 (3.3 km), Masjid Jami Nurul Falah (393 m), CIMB Niaga (Buah Batu) (745 m), Akademi Sekretari Dan Manajemen BSI Bandung (346 m), Bandung Electronic Center (2.9 km).","4 x 4 meter, Termasuk listrik","Kasur, Meja, Lemari / Storage","Kloset Jongkok, K. Mandi Luar, Ember mandi, Bak mandi","WiFi, K. Mandi Luar","Parkir Motor, Parkir Sepeda",,https://mamikos.com/room/kost-kota-bandung-kost-putri-murah-kost-kidang-lengkong-bandung?redirection_source=landing%20area,-6.932471312366264,107.62730387699158
Kost Srigadis 25 Type L Regol Bandung,Campur,Rp1.200.000,1200000,Regol,Regol,"Kost ini berlokasi dekat dengan jalan raya dengan akses yang hanya bisa dilalui oleh motor/sepeda, berlokasi dekat dengan Warteg Bahari (774 m), Circle K (1.8 km), Church of Isa Almasih (825 m), Bank Muamalat (2.4 km), Akademi Sekretari Dan Manajemen BSI Bandung (1.2 km), RS Umum Santosa Hospital Bandung Central (2.6 km).","6 x 5 meter, Tidak termasuk listrik","Kasur, Meja, Lemari / Storage, Ventilasi, Guling, Cermin, Bantal","K. Mandi Dalam, Kloset Jongkok, Ember mandi","WiFi, R. Jemur, R. Santai, Dapur, Jemuran","Parkir Motor, Parkir Sepeda",,https://mamikos.com/room/kost-kota-bandung-kost-campur-eksklusif-kost-srigadis-25-type-l-regol-bandung?redirection_source=landing%20area,-6.941087896358351,107.61311852915274
Kost Banama Tipe C Regol Bandung,Campur,Rp1.900.001,1900001,Kecamatan Regol,Regol,"Kost ini berlokasi dekat dengan jalan raya dengan akses yang hanya bisa dilalui oleh motor/sepeda, berlokasi dekat dengan Warteg Bahari (892 m), Circle K (1.6 km), Church of Isa Almasih (745 m), Bank Muamalat (2.7 km), Universitas Islam Bandung (3.4 km), RS Khusus Mata Cicendo (2.8 km).","4 x 5 meter, Termasuk listrik","AC, Kasur, Lemari / Storage, Kulkas, Ventilasi, Jendela, Guling, Bantal, Wastafel","K. Mandi Dalam, Kloset Jongkok, Ember mandi","WiFi, R. Jemur, Dapur, Jemuran, Pengurus Kos, Balcon","Parkir Motor, Parkir Sepeda, Parkir Motor & Sepeda",,https://mamikos.com/room/kost-kota-bandung-kost-campur-eksklusif-kost-banama-tipe-c-regol-bandung?redirection_source=landing%20area,-6.941576037817662,107.61493510678342
Kost Kurnia Tipe A Cibeunying Kidul Bandung,Putri,Rp1.300.000,1300000,Cibeunying Kidul,Cibeunying Kidul,"Kost ini berlokasi dekat dengan jalan raya dengan akses yang hanya bisa dilalui oleh motor/sepeda, berlokasi dekat dengan Alfamart A Yani 419 (1.0 km), Christian Church Pasundan Awiligar (2.3 km), Universitas Padjadjaran Kampus Dipatiukur (2.4 km), Sinar Abadi Balubur Town Square (3.1 km).","3 x 4 meter, Termasuk listrik","Kasur, Meja, Lemari / Storage, Jendela, Guling, Bantal, Kursi","Kloset Duduk, Ember mandi, Shower","WiFi, Kulkas, Mesin Cuci, R. Santai, Dispenser, Dapur, Jemuran, CCTV, TV",Parkir Motor,,https://mamikos.com/room/kost-kota-bandung-kost-putri-eksklusif-kost-kurnia-tipe-a-cibeunying-kidul-bandung?redirection_source=landing%20area,-6.8967522692522705,107.64904937728464
Kost Srigadis 25 Tipe C Regol Bandung,Campur,Rp1.200.000,1200000,Regol,Regol,"Kost ini berlokasi dekat dengan jalan raya dengan akses yang hanya bisa dilalui oleh motor/sepeda, berlokasi dekat dengan Warteg Bahari (775 m), Circle K (774 m), Church of Isa Almasih (825 m), Institut Seni Budaya Indonesia Bandung (1.9 km), RSU Bhayangkara Tk II Sartika Asih (2.3 km), Bandung Electronic Center (3.1 km).","5 x 4 meter, Tidak termasuk listrik","Kasur, Meja, Lemari / Storage, Ventilasi, Jendela, Guling, Cermin, Bantal","K. Mandi Dalam, Kloset Jongkok, Ember mandi","WiFi, R. Jemur, R. Makan, R. Santai, Dapur, Jemuran","Parkir Motor, Parkir Sepeda",,https://mamikos.com/room/kost-kota-bandung-kost-campur-eksklusif-kost-srigadis-25-tipe-c-regol-bandung?redirection_source=landing%20area,-6.940010739505319,107.61549948806825
Kost Bersih Ibu Solo Cibeunying Kaler Bandung,Putri,Rp750.000,750000,Kecamatan Cibeunying Kaler,Cibeunying Kaler,"Kost ini berlokasi dekat dengan jalan raya dengan akses yang hanya bisa dilalui oleh motor/sepeda, berlokasi dekat dengan Rumah Makan Pondok (524 m), Alfamart A Yani 419 (1.5 km), Masjid Al Kautsar (1.9 km), Citibank Indonesia (2.6 km), Universitas Padjadjaran Kampus Dipatiukur (1.6 km), RS Ibu dan Anak Al Islam (1.4 km).","3 x 4 meter, Termasuk listrik","Kasur, Lemari / Storage, Guling, Bantal","Kloset Jongkok, K. Mandi Luar, Ember mandi, Bak mandi","WiFi, R. Cuci, R. Tamu, R. Jemur, R. Makan, R. Santai, Dapur, Jemuran, Balcon, R. Keluarga",,,https://mamikos.com/room/kost-kota-bandung-kost-putri-murah-kost-bersih-ibu-solo-cibeunying-kaler-bandung-1?redirection_source=landing%20area,-6.886416048445599,107.62764114322998
Kost Armas Bandung Wetan Bandung,Putra,Rp750.000,750000,Kecamatan Bandung Wetan,Bandung Wetan,"Kost ini berlokasi dekat dengan jalan raya dengan akses yang hanya bisa dilalui oleh motor/sepeda, berlokasi dekat dengan Warteg Abadi (399 m), Alfamart (545 m), Masjid Al Asy'ari Unisba (376 m), Bank BJB - Kantor Cabang Tamansari (363 m), Universitas Islam Bandung (340 m), RS Umum Tk IV 03.07.03Sariningsih (806 m).","2.5 x 3 meter, Termasuk listrik","Kasur, Meja, Lemari / Storage, Ventilasi, Jendela, Guling, Bantal, Cleaning service","Kloset Jongkok, K. Mandi Luar, Ember mandi","WiFi, R. Cuci, Penjaga Kos, R. Jemur, Jemuran, Pengurus Kos, Jual Makanan, Balcon, K. Mandi Luar",Parkir Motor & Sepeda,,https://mamikos.com/room/kost-kota-bandung-kost-putra-murah-kost-armas-bandung-wetan-bandung-2?redirection_source=landing%20area,-6.903322587840388,107.61820847980329
Kost Samz Cibeunying Kidul Bandung,Putri,Rp700.000,700000,Cibeunying Kidul,Cibeunying Kidul,"Kost ini berlokasi dekat dengan jalan raya dengan akses yang hanya bisa dilalui oleh motor/sepeda, berlokasi dekat dengan Alfamart A Yani 419 (198 m), Church In Bandung (2.5 km), Universitas Padjadjaran Kampus Dipatiukur (2.9 km), RS Ibu dan Anak Al Islam (76 m), Bandung Electronic Center (3.3 km).","2.5 x 2.5 meter, Termasuk listrik","Kasur, Dispenser, Meja, Lemari / Storage, Kursi, Kipas Angin","Kloset Jongkok, K. Mandi Luar, Wastafel, Ember mandi, Shower","WiFi, R. Tamu, R. Jemur, Dapur","Parkir Motor, Parkir Sepeda",,https://mamikos.com/room/kost-kota-bandung-kost-putri-eksklusif-kost-samz-cibeunying-kidul-bandung?redirection_source=landing%20area,-6.898539310127773,107.65019099287377
Kost Srigadis 25 Type H Regol Bandung,Campur,Rp1.200.000,1200000,Regol,Regol,"Kost ini berlokasi dekat dengan jalan raya dengan akses yang hanya bisa dilalui oleh motor/sepeda, berlokasi dekat dengan Warteg Bahari (789 m), Circle K (1.8 km), Church of Isa Almasih (834 m), CIMB Niaga (Buah Batu) (1.3 km), Institut Seni Budaya Indonesia Bandung (1.9 km), RS Umum Santosa Hospital Bandung Central (2.6 km).","5 x 4 meter, Tidak termasuk listrik","Kasur, Meja, Lemari / Storage, Ventilasi, Jendela, Guling, Cermin, Bantal","K. Mandi Dalam, Kloset Jongkok, Ember mandi","WiFi, R. Jemur, R. Makan, R. Santai, Dapur, Jemuran","Parkir Motor, Parkir Sepeda",,https://mamikos.com/room/kost-kota-bandung-kost-campur-eksklusif-kost-srigadis-25-type-h-regol-bandung?redirection_source=landing%20area,-6.938893547186305,107.61205530040505
Kost H Mesri Cicendo Bandung,Putri,Rp1.350.000,1350000,Cicendo,Cicendo,"Kost ini berlokasi dekat dengan jalan raya dengan akses yang hanya bisa dilalui oleh motor/sepeda, berlokasi dekat dengan Warteg Abadi (1.3 km), Circle K (2.5 km), Masjid Al Arief (1.6 km), Bank Syariah Indonesia KC Bandung Suniaraja (800 m), Universitas Islam Bandung (1.0 km), RS Umum Santosa Hospital Bandung Central (661 m).","3.5 x 2 meter, Tidak termasuk listrik","Kasur, Meja, Lemari / Storage, Ventilasi, Jendela, Bantal, Kursi","K. Mandi Dalam, Kloset Duduk, Wastafel, Shower","WiFi, R. Tamu, Dispenser, Dapur, Jemuran","Parkir Mobil, Parkir Motor, Parkir Sepeda",,https://mamikos.com/room/kost-kota-bandung-kost-putri-eksklusif-kost-h-mesri-cicendo-bandung-2?redirection_source=landing%20area,-6.903143541638051,107.5857503111351
Kost Asia Afrika 1 Standard Sumur Bandung,Campur,Rp875.000,875000,Kecamatan Sumur Bandung,Sumur Bandung,"Kost ini berlokasi dekat dengan jalan raya dengan akses jalan raya, berlokasi dekat dengan Warteg Bahari (1.1 km), Alfamart (2.6 km), Church In Bandung (637 m), Bank BJB - Cabang Utama Bandung (433 m), Universitas Islam Bandung (2.0 km), RS Umum Bungsu (292 m).","3 x 3 meter, Tidak termasuk listrik","Kasur, Lemari / Storage, Jendela, Bantal","K. Mandi Dalam, Kloset Jongkok, K. Mandi Luar, Ember mandi","WiFi, Kulkas, Penjaga Kos, Dispenser, Dapur, Jemuran, Pengurus Kos, CCTV","Parkir Motor, Parkir Sepeda",,https://mamikos.com/room/kost-kota-bandung-kost-campur-murah-kost-asia-afrika-1-standard-sumur-bandung-2?redirection_source=landing%20area,-6.915828894717642,107.61798935390941
Kost Paviliun Asmi Regol Bandung,Campur,Rp2.000.000,2000000,Regol,Regol,"Kost ini berlokasi dekat dengan jalan raya dengan akses yang hanya bisa dilalui oleh motor/sepeda, berlokasi dekat dengan Rumah Makan Cikawao (672 m), Circle K (915 m), Gereja Kristen Kalam Kudus Pasundan (219 m), Institut Seni Budaya Indonesia Bandung (2.8 km), RSU Bhayangkara Tk II Sartika Asih (3.1 km), Bandung Electronic Center (2.3 km).","4 x 5 meter, Tidak termasuk listrik","Kasur, Meja, Lemari / Storage, Ventilasi, Jendela, Sofa, Kursi","K. Mandi Dalam, Kloset Duduk, Bak mandi",R. Tamu,,,https://mamikos.com/room/kost-bandung-kost-campur-eksklusif-kost-paviliun-asmi-regol-bandung?redirection_source=landing%20area,-6.94142011453758,107.61422039638317
Kost Hilman Ardiansyah Bandung Wetan Bandung,Putri,Rp650.000,650000,Bandung Wetan,Bandung Wetan,"Kost ini berlokasi dekat dengan jalan raya dengan akses yang hanya bisa dilalui oleh motor/sepeda, berlokasi dekat dengan Rumah Makan Mirasa (239 m), Circle K (3.2 km), Masjid Al Asy'ari Unisba (138 m), Bank BJB - Kantor Cabang Tamansari (179 m), Universitas Islam Bandung (174 m), RS Umum Tk IV 03.07.03Sariningsih (455 m).","3 x 3 meter, Tidak termasuk listrik","Kasur, Meja, Lemari / Storage","Kloset Duduk, Kloset Jongkok, Ember mandi","WiFi, R. Jemur, Jemuran, K. Mandi Luar",,,https://mamikos.com/room/kost-kota-bandung-kost-putri-murah-kost-hilman-ardiansyah-bandung-wetan-bandung?redirection_source=landing%20area,-6.904402937200272,107.61553416783968
Kost Griya Camar Tipe C Lengkong Bandung,Campur,Rp900.000,900000,Lengkong,Lengkong,"Kost ini berlokasi dekat dengan jalan raya dengan akses yang hanya bisa dilalui oleh motor/sepeda, berlokasi dekat dengan Warteg Bahari (1.3 km), Alfamart (2.6 km), Church In Bandung (354 m), Bank BJB - Cabang Utama Bandung (1.4 km), Universitas Islam Bandung (2.5 km), RS Umum Bungsu (1.0 km).","3 x 3 meter, Tidak termasuk listrik","Kasur, Meja, Lemari / Storage, Jendela, Cermin, Bantal, Kursi","Kloset Jongkok, K. Mandi Luar, Ember mandi, Shower","WiFi, R. Cuci, Penjaga Kos, R. Jemur, Dapur, Jemuran, CCTV",Parkir Motor & Sepeda,,https://mamikos.com/room/kost-kota-bandung-kost-campur-murah-kost-griya-camar-tipe-c-lengkong-bandung?redirection_source=landing%20area,-6.933594404770381,107.62438246125967
Kost Srigadis 25 Tipe I Regol Bandung,Campur,Rp1.200.000,1200000,Regol,Regol,"Kost ini berlokasi dekat dengan jalan raya dengan akses yang hanya bisa dilalui oleh motor/sepeda, berlokasi dekat dengan Warteg Bahari (790 m), Circle K (2.7 km), Church of Isa Almasih (836 m), Bank BCA KCP Buah Batu (1.5 km), Akademi Sekretari Dan Manajemen BSI Bandung (1.2 km), RS Mata Bandung Eye Center (1.3 km).","5 x 4 meter, Termasuk listrik","Kasur, Meja, Lemari / Storage, Jendela, Guling, Cermin, Bantal","K. Mandi Dalam, Kloset Jongkok, Ember mandi","WiFi, R. Tamu, R. Jemur, R. Makan, R. Santai, Dispenser, Dapur, Jemuran",Parkir Motor & Sepeda,,https://mamikos.com/room/kost-kota-bandung-kost-campur-eksklusif-kost-srigadis-25-tipe-i-regol-bandung-2?redirection_source=landing%20area,-6.938933712055591,107.61332683346322
Kost Wastu Tipe M Bandung Wetan Bandung,Campur,Rp750.000,750000,Kecamatan Bandung Wetan,Bandung Wetan,"Kost ini berlokasi dekat dengan jalan raya dengan akses yang hanya bisa dilalui oleh motor/sepeda, berlokasi dekat dengan Warteg Abadi (508 m), Alfamart (814 m), Masjid Al Asy'ari Unisba (192 m), Bank BJB - Kantor Cabang Tamansari (254 m), Universitas Islam Bandung (211 m), RS Umum Tk IV 03.07.03Sariningsih (603 m).","3 x 3 meter, Tidak termasuk listrik","Jendela, Guling, Bantal, Kipas Angin","Kloset Duduk, Kloset Jongkok, K. Mandi Luar, Bak mandi",Dapur,,,https://mamikos.com/room/kost-kota-bandung-kost-campur-murah-kost-wastu-tipe-m-bandung-wetan-bandung-2?redirection_source=landing%20area,-6.906430624192004,107.6149873685999
Kost Muararajeun Lama 2 Tipe C Cibeunying Kaler Bandung,Campur,Rp850.000,850000,Cibeunying Kaler,Cibeunying Kaler,"Kost ini berlokasi dekat dengan jalan raya dengan akses yang hanya bisa dilalui oleh motor/sepeda, berlokasi dekat dengan Rumah Makan Boemi Mitoha (593 m), Alfamart A Yani 419 (1.3 km), Masjid Pusdai (561 m), Universitas Padjadjaran Kampus Dipatiukur (1.8 km), Sinar Abadi Balubur Town Square (2.3 km).","3 x 3 meter, Termasuk listrik","Kasur, Meja, Lemari / Storage, Ventilasi, Jendela, Bantal","Kloset Jongkok, K. Mandi Luar, Ember mandi","WiFi, R. Cuci, R. Jemur, Dapur, Jemuran, Pengurus Kos, Jual Makanan, CCTV, K. Mandi Luar","Parkir Motor, Parkir Sepeda, Parkir Motor & Sepeda",,https://mamikos.com/room/kost-kota-bandung-kost-campur-eksklusif-kost-muararajeun-lama-2-tipe-c-cibeunying-kaler-bandung?redirection_source=landing%20area,-6.886321404997327,107.62893407720146
Kost Ibu Tina Tipe A Cibeunying Kidul Bandung,Putri,Rp900.000,900000,Kecamatan Cibeunying Kidul,Cibeunying Kidul,"Kost ini berlokasi dekat dengan jalan raya dengan akses yang hanya bisa dilalui oleh motor/sepeda, berlokasi dekat dengan Warteg Abadi (3.1 km), Alfamart A Yani 419 (282 m), Masjid Pusdai (1.6 km), Bank Mandiri Bandung Priority Banking Soerapatti (2.5 km), Institut Teknologi Nasional Bandung (1.2 km), RS Umum Santo Yusup (625 m).","3 x 4 meter, Tidak termasuk listrik","Kasur, Lemari / Storage, Ventilasi, Jendela, Guling, Dapur Pribadi, Bantal, Wastafel","K. Mandi Dalam, Kloset Jongkok, Wastafel, Ember mandi","WiFi, R. Cuci, R. Jemur, R. Santai, Dapur, Jemuran, Pengurus Kos, Rooftop, Balcon, Gazebo","Parkir Motor, Parkir Sepeda, Parkir Motor & Sepeda",,https://mamikos.com/room/kost-kota-bandung-kost-putri-murah-kost-ibu-tina-tipe-a-cibeunying-kidul-bandung?redirection_source=landing%20area,-6.8993335178262685,107.64994663128185
Kost Srigadis 25 Tipe Executive Regol Bandung,Campur,Rp1.400.000,1400000,Kecamatan Regol,Regol,"Kost ini berlokasi dekat dengan jalan raya dengan akses yang hanya bisa dilalui oleh motor/sepeda, berlokasi dekat dengan Warteg Bahari (788 m), Circle K (788 m), Church of Isa Almasih (836 m), Institut Seni Budaya Indonesia Bandung (1.9 km), RSU Bhayangkara Tk II Sartika Asih (2.3 km), Bandung Electronic Center (3.1 km).","8 x 6 meter, Tidak termasuk listrik","Kasur, Meja, Ventilasi, Jendela, Guling, Dapur Pribadi, Cermin, Bantal","K. Mandi Dalam, Kloset Duduk, Ember mandi","WiFi, R. Jemur, Dapur, Jemuran, Rooftop, Kartu Akses",Parkir Motor & Sepeda,,https://mamikos.com/room/kost-kota-bandung-kost-campur-eksklusif-kost-srigadis-25-tipe-executive-regol-bandung?redirection_source=landing%20area,-6.939222108420186,107.61470727564556
Kost Jl Jati 24 Tipe B Lengkong Besar Bandung,Campur,Rp1.900.000,1900000,Lengkong,Lengkong,"Kost ini berlokasi dekat dengan jalan raya dengan akses yang hanya bisa dilalui oleh motor/sepeda, berlokasi dekat dengan Alfamart A Yani 419 (3.2 km).","3.5 x 4 meter, Tidak termasuk listrik","AC, Kasur, Dispenser, TV, Lemari / Storage, TV Kabel, Kursi","K. Mandi Dalam, Kloset Duduk, Shower, Air panas","WiFi, Kulkas, R. Tamu, Penjaga Kos, R. Jemur, R. Makan, R. Santai, Dispenser, Dapur, TV","Parkir Mobil, Parkir Motor, Parkir Sepeda",,https://mamikos.com/room/kost-bandung-kost-campur-eksklusif-kost-jl-jati-24-tipe-b-lengkong-besar-bandung?redirection_source=landing%20area,-6.934699537728514,107.62447850050066
Kost Modern Mezanin Tipe A Regol Bandung,Campur,Rp1.200.000,1200000,Kecamatan Regol,Regol,"Kost ini berlokasi dekat dengan jalan raya dengan akses yang hanya bisa dilalui oleh motor/sepeda, berlokasi dekat dengan Warteg Bahari (431 m), Circle K (2.7 km), Church of Isa Almasih (686 m), Bank BCA KCP Buah Batu (1.3 km), Universitas Islam Bandung (3.5 km), RS Mata Bandung Eye Center (1.0 km).","3 x 3 meter, Tidak termasuk listrik","AC, Kasur, Lemari / Storage, Ventilasi","K. Mandi Dalam, Kloset Duduk, Kloset Jongkok, Shower, Air panas","WiFi, Laundry, Penjaga Kos, R. Jemur, Dapur, Jemuran, Pengurus Kos, CCTV, Rooftop, Balcon","Parkir Motor, Parkir Sepeda, Parkir Motor & Sepeda",,https://mamikos.com/room/kost-kota-bandung-kost-campur-eksklusif-kost-modern-mezanin-tipe-a-regol-bandung?redirection_source=landing%20area,-6.938974737060703,107.61466685401896
Kost Srigadis 25 Rooms Regol Bandung,Campur,Rp1.100.000,1100000,Regol,Regol,"Kost ini berlokasi dekat dengan jalan raya dengan akses yang hanya bisa dilalui oleh motor/sepeda, berlokasi dekat dengan Warteg Bahari (790 m), Circle K (789 m), Church of Isa Almasih (834 m), Institut Seni Budaya Indonesia Bandung (1.9 km), RSU Bhayangkara Tk II Sartika Asih (2.3 km), Bandung Electronic Center (3.1 km).","4 x 4 meter, Termasuk listrik","Kasur, Meja, Lemari / Storage, Jendela, Guling, Cermin, Bantal","K. Mandi Dalam, Kloset Jongkok, Ember mandi","WiFi, R. Jemur, R. Makan, R. Santai, Dapur, Jemuran","Parkir Motor, Parkir Sepeda",,https://mamikos.com/room/kost-kota-bandung-kost-campur-eksklusif-kost-srigadis-25-rooms-regol-bandung?redirection_source=landing%20area,-6.939354562505149,107.61342671389312
Kost Griya Camar Tipe A Lengkong Bandung,Campur,Rp800.000,800000,Lengkong,Lengkong,"Kost ini berlokasi dekat dengan jalan raya dengan akses yang hanya bisa dilalui oleh motor/sepeda, berlokasi dekat dengan Warteg Bahari (1.3 km), Alfamart (2.6 km), Church In Bandung (354 m), Bank BJB - Cabang Utama Bandung (1.4 km), Universitas Islam Bandung (2.5 km), RS Umum Bungsu (1.0 km).","3 x 3 meter, Tidak termasuk listrik","Kasur, Meja, Lemari / Storage, Jendela, Cermin, Bantal, Kursi","Kloset Jongkok, K. Mandi Luar, Ember mandi, Shower","WiFi, R. Cuci, Penjaga Kos, R. Jemur, Dapur, Jemuran, CCTV",Parkir Motor & Sepeda,,https://mamikos.com/room/kost-kota-bandung-kost-campur-murah-kost-griya-camar-tipe-a-lengkong-bandung?redirection_source=landing%20area,-6.933745640724313,107.62599754810391
Kost Ibu Tina Tipe B Cibeunying Kidul Bandung,Putri,Rp750.000,750000,Kecamatan Cibeunying Kidul,Cibeunying Kidul,"Kost ini berlokasi dekat dengan jalan raya dengan akses yang hanya bisa dilalui oleh motor/sepeda, berlokasi dekat dengan Warteg Abadi (3.1 km), Alfamart A Yani 419 (282 m), Masjid Pusdai (1.6 km), Bank Mandiri Bandung Priority Banking Soerapatti (2.5 km), Institut Teknologi Nasional Bandung (1.2 km), RS Umum Santo Yusup (625 m).","3 x 3 meter, Tidak termasuk listrik","Kasur, Lemari / Storage, Ventilasi, Jendela, Guling, Bantal, Wastafel","Kloset Jongkok, K. Mandi Luar, Wastafel, Ember mandi","WiFi, R. Cuci, R. Jemur, R. Santai, Dapur, Jemuran, Pengurus Kos, Rooftop, Balcon, K. Mandi Luar","Parkir Motor, Parkir Sepeda, Parkir Motor & Sepeda",,https://mamikos.com/room/kost-kota-bandung-kost-putri-murah-kost-ibu-tina-tipe-b-cibeunying-kidul-bandung-2?redirection_source=landing%20area,-6.899041059205425,107.64901918976642
Kost 41 Lengkong Bandung,Putri,Rp700.000,700000,Kecamatan Lengkong,Lengkong,"Kost ini berlokasi dekat dengan jalan raya dengan akses yang hanya bisa dilalui oleh motor/sepeda, berlokasi dekat dengan Rumah Makan Cikawao (660 m), Alfamart A Yani 419 (3.3 km), Masjid Jami Nurul Falah (236 m), CIMB Niaga (Buah Batu) (904 m), Universitas Islam Bandung (3.3 km), RS Ibu dan Anak Kota Bandung (2.0 km).","3 x 3 meter, Termasuk listrik","Kasur, Meja, Lemari / Storage, Jendela, Cermin",Kloset Duduk,"WiFi, R. Cuci, Kulkas, Penjaga Kos, R. Jemur, R. Makan, Dispenser, Dapur, Jemuran, Pengurus Kos",Parkir Motor,,https://mamikos.com/room/kost-kota-bandung-kost-putri-murah-kost-41-lengkong-bandung-1?redirection_source=landing%20area,-6.933959085290094,107.62499698332657
Kost Rahma Homes TSM Gatot Subroto Batununggal Bandung,Putri,Rp700.000,700000,Kecamatan Batununggal,Batununggal,"Kost ini berlokasi dekat dengan jalan raya dengan akses yang hanya bisa dilalui oleh motor/sepeda, berlokasi dekat dengan Warteg Bahari (2.0 km), Alfamart A Yani 419 (1.7 km), Church In Bandung (1.6 km), CIMB Niaga (Buah Batu) (1.8 km), Institut Teknologi Nasional Bandung (3.1 km), RS Umum Pindad (2.1 km).","3 x 3 meter, Termasuk listrik","Kasur, Lemari / Storage, Ventilasi, Jendela, Guling, Bantal","K. Mandi Dalam, Kloset Jongkok, K. Mandi Luar, Ember mandi","R. Cuci, R. Jemur, R. Santai, Dispenser, Jemuran, Pengurus Kos, Balcon, Taman, TV",Parkir Motor & Sepeda,,https://mamikos.com/room/kost-kota-bandung-kost-putri-murah-kost-rahma-homes-tsm-gatot-subroto-batununggal-bandung-1?redirection_source=landing%20area,-6.927706675436425,107.64031492710633
Kost Esatu Reguler Lengkong Bandung,Campur,Rp950.000,950000,Kecamatan Lengkong,Lengkong,"Kost ini berlokasi dekat dengan jalan raya dengan akses yang hanya bisa dilalui oleh motor/sepeda, berlokasi dekat dengan Warteg Bahari (510 m), Alfamart (3.1 km), Church In Bandung (522 m), Bank BJB - Cabang Utama Bandung (1.2 km), Universitas Islam Bandung (2.8 km), RS Umum Bungsu (1.0 km).","3 x 3 meter, Tidak termasuk listrik","Kasur, Ventilasi, Jendela","K. Mandi Dalam, Kloset Jongkok","WiFi, R. Tamu, R. Jemur, Dapur, Jemuran, Pengurus Kos, CCTV",Parkir Motor & Sepeda,,https://mamikos.com/room/kost-kota-bandung-kost-campur-murah-kost-esatu-reguler-lengkong-bandung-2?redirection_source=landing%20area,-6.9353716175959415,107.62490251665233
Kost Menimurah Tipe Standart Cibeunying Kaler Bandung,Putri,Rp500.000,500000,Cibeunying Kaler,Cibeunying Kaler,"Kost ini berlokasi dekat dengan jalan raya dengan akses yang hanya bisa dilalui oleh motor/sepeda, berlokasi dekat dengan Warteg Cintaasih (2.3 km), Alfamart Bojong Koneng (1.3 km), Christian Church Pasundan Awiligar (2.1 km), Bank BJB Weekend Banking (1.4 km), Institut Teknologi Nasional Bandung (408 m), RS Ibu dan Anak Al Islam (1.3 km).","2 x 3 meter, Termasuk listrik","Kasur, Meja, Lemari / Storage, Ventilasi, Jendela, Kursi","Kloset Jongkok, K. Mandi Luar, Ember mandi, Bak mandi","WiFi, R. Cuci, R. Tamu, R. Jemur, R. Makan, Dapur, Jemuran, Pengurus Kos, Balcon, R. Keluarga",Parkir Motor,,https://mamikos.com/room/kost-kota-bandung-kost-putri-murah-kost-menimurah-tipe-standart-cibeunying-kaler-bandung?redirection_source=landing%20area,-6.887039778121194,107.62932150968429
Kost Pak Edwin Standar Kesambi Cirebon,Campur,Rp1.100.000,1100000,Kesambi,Kesambi,"Kost ini berlokasi dekat dengan jalan raya dengan akses yang hanya bisa dilalui oleh motor/sepeda, berlokasi dekat dengan Warteg Jaya Bahari (1.3 km), Alfamart (3.2 km), Church of Isa Almasih (1.4 km), Bank BJB - Cabang Utama Bandung (1.9 km), Akademi Sekretari Dan Manajemen BSI Bandung (2.2 km), RS Umum Bungsu (2.2 km).","3 x 4 meter, Tidak termasuk listrik",Ventilasi,K. Mandi Luar,"R. Tamu, Dapur, R. Keluarga",Parkir Motor & Sepeda,,https://mamikos.com/room/kost-kota-cirebon-kost-campur-eksklusif-kost-pak-edwin-standar-kesambi-cirebon?redirection_source=landing%20area,-8.651471528428807,115.17192091479619
Kost Hayati Tipe Paviliun Lengkong Bandung,Putri,Rp2.500.000,2500000,Kecamatan Lengkong,Lengkong,"Kost ini berlokasi dekat dengan jalan raya dengan akses masuk mobil, berlokasi dekat dengan Rumah Makan Ibu Haji Cijantung (277 m), Alfamart A Yani 419 (3.2 km), Masjid Jami Nurul Falah (420 m), CIMB Niaga (Buah Batu) (719 m), Akademi Sekretari Dan Manajemen BSI Bandung (283 m), RS Umum Muhammadiyah (429 m).","2.7 x 10 meter, Termasuk listrik","Kasur, Lemari / Storage, Meja makan, Dapur Pribadi","K. Mandi Dalam, Kloset Duduk, Ember mandi, Shower","WiFi, Penjaga Kos, Pengurus Kos, CCTV, Balcon","Parkir Motor, Parkir Sepeda",,https://mamikos.com/room/kost-kota-bandung-kost-putri-eksklusif-kost-hayati-tipe-paviliun-lengkong-bandung-2?redirection_source=landing%20area,-6.935825023567505,107.62594751794688
Kost Griya Camar Tipe B Lengkong Bandung,Campur,Rp850.000,850000,Lengkong,Lengkong,"Kost ini berlokasi dekat dengan jalan raya dengan akses yang hanya bisa dilalui oleh motor/sepeda, berlokasi dekat dengan Warteg Bahari (1.3 km), Alfamart (2.6 km), Church In Bandung (354 m), Bank BJB - Cabang Utama Bandung (1.4 km), Universitas Islam Bandung (2.5 km), RS Umum Bungsu (1.0 km).","3 x 3 meter, Tidak termasuk listrik","Kasur, Meja, Lemari / Storage, Jendela, Cermin, Bantal, Kursi","Kloset Jongkok, K. Mandi Luar, Ember mandi, Shower","WiFi, R. Cuci, Penjaga Kos, R. Jemur, Dapur, Jemuran, CCTV",Parkir Motor & Sepeda,,https://mamikos.com/room/kost-kota-bandung-kost-campur-murah-kost-griya-camar-tipe-b-lengkong-bandung-2?redirection_source=landing%20area,-6.936018475169323,107.62608160743646
Kost P House Tipe Deluxe Andir Bandung,Campur,Rp1.150.000,1150000,Kecamatan Andir,Andir,"Kost ini berlokasi dekat dengan jalan raya dengan akses yang hanya bisa dilalui oleh motor/sepeda, berlokasi dekat dengan Rumah Makan Legoh (1.5 km), Circle K (3.1 km), Gereja Kristen Kalam Kudus Pasundan (1.3 km), Bank Syariah Indonesia KC Bandung Suniaraja (72 m), Universitas Islam Bandung (1.4 km), RS Umum Kebonjati (875 m).","3 x 4 meter, Termasuk listrik","Kasur, Lemari / Storage, Ventilasi, Jendela, Wastafel","K. Mandi Dalam, Kloset Duduk, Wastafel, Ember mandi, Shower","WiFi, Laundry, Dapur, Jemuran, CCTV",Parkir Motor,,https://mamikos.com/room/kost-kota-bandung-kost-campur-eksklusif-kost-p-house-tipe-deluxe-andir-bandung-2?redirection_source=landing%20area,-6.906220869556745,107.5719492594802
Kost Srigadis 25 Tipe Paviliun Regol Bandung,Campur,Rp2.100.000,2100000,Regol,Regol,"Kost ini berlokasi dekat dengan jalan raya dengan akses yang hanya bisa dilalui oleh motor/sepeda, berlokasi dekat dengan Warteg Bahari (783 m), Circle K (782 m), Church of Isa Almasih (822 m), Institut Seni Budaya Indonesia Bandung (1.9 km), RSU Bhayangkara Tk II Sartika Asih (2.3 km), Bandung Electronic Center (3.1 km).","6 x 10 meter, Tidak termasuk listrik",Dapur Pribadi,"K. Mandi Dalam, Kloset Duduk, Ember mandi, Shower","R. Tamu, R. Jemur, R. Makan, R. Santai, Dapur, Jemuran, R. Keluarga","Parkir Motor, Parkir Sepeda",,https://mamikos.com/room/kost-kota-bandung-kost-campur-eksklusif-kost-srigadis-25-tipe-paviliun-regol-bandung?redirection_source=landing%20area,-6.9406897758754145,107.61509607512502
Kost Rasionas Coblong Bandung,Campur,Rp1.400.000,1400000,Kecamatan Coblong,Coblong,"Kost ini berlokasi dekat dengan jalan raya dengan akses yang hanya bisa dilalui oleh motor/sepeda, berlokasi dekat dengan Swike Waled Rumah Makan (343 m), Circle K (2.8 km), Masjid Al Arief (438 m), Bank BJB - Kantor Cabang Tamansari (765 m), Universitas Islam Bandung (713 m), RS Umum Pusat Dr. Hasan Sadikin (600 m).","3 x 3 meter, Tidak termasuk listrik","Kasur, Meja, Lemari / Storage, Ventilasi, Jendela, Cermin, Kursi","K. Mandi Dalam, Kloset Duduk, Kloset Jongkok, Shower, Air panas","WiFi, R. Cuci, Kulkas, Mesin Cuci, R. Tamu, Penjaga Kos, R. Jemur, R. Santai, Dapur, Jemuran","Parkir Mobil, Parkir Motor, Parkir Sepeda",,https://mamikos.com/room/kost-kost-campur-eksklusif-kost-rasionas-coblong-bandung-1?redirection_source=landing%20area,-6.880890598502355,107.61307260927497
Kost Mesri 40 Tipe A Cicendo Bandung,Campur,Rp2.000.000,2000000,Kecamatan Cicendo,Cicendo,"Kost ini berlokasi dekat dengan jalan raya dengan akses yang hanya bisa dilalui oleh motor/sepeda, berlokasi dekat dengan Warteg Abadi (1.3 km), Alfamart (1.3 km), Catholic Church of Our Lady of the Seven Sorrows (894 m), Bank BJB - Kantor Cabang Tamansari (1.1 km), Universitas Islam Bandung (1.0 km), RS Umum Melinda 2 (453 m).","3 x 4 meter, Tidak termasuk listrik","AC, Kasur, Meja, Lemari / Storage, Ventilasi, Jendela, TV Kabel","K. Mandi Dalam, Kloset Duduk, Shower, Air panas","WiFi, Kulkas, R. Makan, Dapur, CCTV","Parkir Mobil, Parkir Motor, Parkir Sepeda, Parkir Motor & Sepeda",,https://mamikos.com/room/kost-kota-bandung-kost-campur-eksklusif-kost-mesri-40-cicendo-bandung-2?redirection_source=landing%20area,-6.903342923845337,107.58773150829303
Kost Kancil 12 Tipe A Lengkong Bandung,Putri,Rp650.000,650000,Kecamatan Lengkong,Lengkong,"Kost ini berlokasi dekat dengan jalan raya dengan akses yang hanya bisa dilalui oleh motor/sepeda, berlokasi dekat dengan Rumah Makan Ibu Haji Cijantung (314 m), Alfamart A Yani 419 (3.2 km), Masjid Jami Nurul Falah (448 m), CIMB Niaga (Buah Batu) (689 m), Akademi Sekretari Dan Manajemen BSI Bandung (309 m), Bandung Electronic Center (3.0 km).","3 x 3 meter, Termasuk listrik","Lemari / Storage, Ventilasi, Jendela","Kloset Duduk, Kloset Jongkok, K. Mandi Luar, Ember mandi","R. Jemur, Dapur, Jemuran, Balcon, K. Mandi Luar","Parkir Motor, Parkir Sepeda",,https://mamikos.com/room/kost-kota-bandung-kost-putri-murah-kost-kancil-12-tipe-a-lengkong-bandung?redirection_source=landing%20area,-6.935519983859874,107.62641797991228
Kost Pondok Nadine Tipe A Bandung Wetan Bandung,Campur,Rp850.000,850000,Kecamatan Bandung Wetan,Bandung Wetan,"Kost ini berlokasi dekat dengan jalan raya dengan akses yang hanya bisa dilalui oleh motor/sepeda, berlokasi dekat dengan Warteg Abadi (521 m), Alfamart (606 m), Masjid Al Asy'ari Unisba (255 m), Bank BJB - Kantor Cabang Tamansari (303 m), Universitas Islam Bandung (242 m), RS Umum Tk IV 03.07.03Sariningsih (753 m).","3 x 4 meter, Tidak termasuk listrik","Kasur, Lemari / Storage","Kloset Jongkok, K. Mandi Luar","WiFi, R. Tamu, R. Jemur, Dapur, Jemuran, Balcon, K. Mandi Luar",Parkir Motor,,https://mamikos.com/room/kost-kota-bandung-kost-campur-murah-kost-pondok-nadine-tipe-a-bandung-wetan-bandung?redirection_source=landing%20area,-6.9061682129714255,107.61699929760849
