Nama Kost,Harga,Lokasi,Spesifikasi Kamar,Fasilitas Kamar,Fasilitas Kamar Mandi,Fasilitas Umum,Fasilitas Parkir,Fasilitas Lain,Link
Kost Apik Bintang Kumeli Tipe B Cibeunying Kaler Bandung,Rp1.025.000,Cibeunying Kaler,"4 x 4 meter, Tidak termasuk listrik","Kasur, Meja, Lemari / Storage, Ventilasi, Jendela, Cermin, Bantal, Kursi","Kloset Duduk, K. Mandi Luar, Shower","WiFi, Kulkas, R. Tamu, Penjaga Kos, R. Jemur, Dapur, Jemuran, Rooftop","Parkir Mobil, Parkir Motor & Sepeda",,https://mamikos.com/room/kost-kota-bandung-kost-putra-eksklusif-kost-apik-bintang-kumeli-tipe-b-cibeunying-kaler-bandung-2?redirection_source=landing%20area
Kost Apik Mekar II Padasuka Tipe A Cibeunying Kidul Bandung,Rp1.015.000,Cibeunying Kidul,"3 x 3 meter, Tidak termasuk listrik","Kasur, Meja, Lemari / Storage, Jendela, Bantal, Kursi","K. Mandi Dalam, Kloset Duduk, Ember mandi, Shower","WiFi, Kulkas, R. Tamu, Penjaga Kos, R. Jemur, Dapur, Jemuran",Parkir Motor & Sepeda,,https://mamikos.com/room/kost-kota-bandung-kost-campur-murah-kost-apik-mekar-ii-padasuka-tipe-a-cibeunying-kidul-bandung-2?redirection_source=landing%20area
Kost Imah Incu Antapani Bandung,Rp850.000,Antapani,"3 x 4 meter, Termasuk listrik","Kasur, Lemari / Storage, Ventilasi, Jendela, Guling, Bantal","K. Mandi Dalam, Kloset Jongkok, Ember mandi","WiFi, Jemuran, Pengurus Kos","Parkir Motor, Parkir Sepeda",,https://mamikos.com/room/kost-kota-bandung-kost-putri-murah-kost-imah-incu-antapani-bandung-2?redirection_source=landing%20area
Kost Singgahsini Rumah Kita Tipe A Cibeunying Kaler Bandung,Rp1.015.000,Cibeunying Kaler,"3 x 3 meter, Tidak termasuk listrik","Kasur, Ventilasi, Jendela, Bantal","K. Mandi Dalam, Kloset Duduk, Ember mandi, Shower","WiFi, Penjaga Kos, R. Jemur, Dapur, K. Mandi Luar","Parkir Motor, Parkir Sepeda",,https://mamikos.com/room/kost-kota-bandung-kost-putra-murah-kost-singgahsini-rumah-kita-tipe-a-cibeunying-kaler-bandung?redirection_source=landing%20area
Kost Apik Bintang Kumeli Tipe C Cibeunying Kaler Bandung,Rp975.000,Cibeunying Kaler,"3 x 3 meter, Tidak termasuk listrik","Kasur, Meja, Lemari / Storage, Cermin, Bantal, Kursi","Kloset Duduk, K. Mandi Luar, Shower","WiFi, Kulkas, R. Tamu, Penjaga Kos, R. Jemur, Dapur, Jemuran, Rooftop","Parkir Mobil, Parkir Motor & Sepeda",,https://mamikos.com/room/kost-kota-bandung-kost-putra-murah-kost-apik-bintang-kumeli-tipe-c-cibeunying-kaler-bandung-2?redirection_source=landing%20area
Kost Apik Antapani XIV 12 Tipe A Bandung,Rp850.000,Antapani,"3 x 3 meter, Termasuk listrik","Kasur, Meja, Lemari / Storage, Ventilasi, Jendela, Bantal, Kursi","Kloset Jongkok, K. Mandi Luar, Ember mandi, Bak mandi","WiFi, Kulkas, R. Tamu, Penjaga Kos, R. Jemur, R. Makan, Dispenser, Dapur, Jemuran, Rice Cooker",Parkir Motor & Sepeda,,https://mamikos.com/room/kost-kota-bandung-kost-putra-murah-kost-apik-antapani-xiv-12-tipe-a-bandung-2?redirection_source=landing%20area
Kost Apik Mekar II Padasuka Tipe B Cibeunying Kidul Bandung,Rp925.000,Cibeunying Kidul,"3 x 3 meter, Tidak termasuk listrik","Kasur, Meja, Lemari / Storage, Jendela, Bantal, Kursi","Kloset Duduk, Kloset Jongkok, K. Mandi Luar, Ember mandi, Shower","WiFi, Kulkas, R. Tamu, Penjaga Kos, R. Jemur, Dapur, Jemuran, K. Mandi Luar",Parkir Motor & Sepeda,,https://mamikos.com/room/kost-kota-bandung-kost-campur-murah-kost-apik-mekar-ii-padasuka-tipe-b-cibeunying-kidul-bandung-2?redirection_source=landing%20area
Kost Apik Bintang Kumeli Tipe D Cibeunying Kaler Bandung,Rp875.000,Bojongloa Kaler,"2.5 x 2.5 meter, Tidak termasuk listrik","Kasur, Meja, Lemari / Storage, Jendela, Bantal, Kursi","Kloset Duduk, Shower","WiFi, Kulkas, R. Tamu, Penjaga Kos, R. Jemur, Dapur, Jemuran, Rooftop","Parkir Mobil, Parkir Motor & Sepeda",,https://mamikos.com/room/kost-kota-bandung-kost-putra-murah-kost-apik-bintang-kumeli-tipe-d-cibeunying-kaler-bandung-2?redirection_source=landing%20area
Kost Bale Sunda Besar Cibeunying Kaler Bandung,Rp1.200.000,Cibeunying Kaler,"3 x 4 meter, Termasuk listrik","Kasur, Dispenser, Meja, Lemari / Storage, Kursi, Cleaning service","K. Mandi Dalam, Kloset Duduk, Wastafel, Ember mandi","WiFi, Penjaga Kos, R. Jemur, Mushola, Dispenser, Dapur, K. Mandi Luar","Parkir Mobil, Parkir Motor, Parkir Sepeda",,https://mamikos.com/room/kost-kota-bandung-kost-campur-eksklusif-kost-bale-sunda-besar-cibeunying-kaler-bandung-1?redirection_source=landing%20area
Kost Palapa Cibeunying Kidul Bandung,Rp1.100.000,Kecamatan Cibeunying Kidul,"3 x 4 meter, Termasuk listrik","Kasur, Lemari / Storage","K. Mandi Dalam, Kloset Jongkok, Ember mandi, Shower","R. Jemur, Jemuran, CCTV, Balcon, K. Mandi Luar",Parkir Motor,,https://mamikos.com/room/kost-kota-bandung-kost-putra-eksklusif-kost-palapa-cibeunying-kidul-bandung?redirection_source=landing%20area
Kost J22 Tipe A Cibeunying Kaler Bandung,Rp650.000,Kecamatan Cibeunying Kaler,"3 x 3 meter, Termasuk listrik","Kasur, Wastafel, Cleaning service","Kloset Jongkok, K. Mandi Luar, Wastafel, Bak mandi","R. Jemur, Rooftop, K. Mandi Luar","Parkir Motor, Parkir Sepeda, Parkir Motor & Sepeda",,https://mamikos.com/room/kost-kota-bandung-kost-putri-murah-kost-j22-tipe-a-cibeunying-kaler-bandung?redirection_source=landing%20area
Kost Little Spring Rooms Rosie 1 Antapani Bandung,Rp1.400.000,Antapani,"2 x 2 meter, Tidak termasuk listrik","AC, Kasur, Meja, Lemari / Storage, Jendela, Guling, Cermin, Bantal","K. Mandi Dalam, Kloset Duduk, Ember mandi, Shower, Air panas","Kulkas, R. Tamu, Penjaga Kos, R. Jemur, R. Makan, R. Santai, Dispenser, Dapur, Jemuran, Pengurus Kos","Parkir Mobil, Parkir Motor, Parkir Sepeda, Parkir Motor & Sepeda",,https://mamikos.com/room/kost-kota-bandung-kost-putri-eksklusif-kost-little-spring-rooms-rosie-1-antapani-bandung-2?redirection_source=landing%20area
Kost Little Spring Rooms Tipe A Antapani Bandung,Rp2.000.000,Kecamatan Antapani,"3 x 3 meter, Termasuk listrik","AC, Kasur, Meja, Jendela, Guling, Cermin, Bantal, Sofa, Kursi","K. Mandi Dalam, Kloset Duduk, Ember mandi, Shower, Air panas","WiFi, Kulkas, R. Tamu, Penjaga Kos, R. Jemur, R. Makan, R. Santai, Dispenser, Jemuran, CCTV","Parkir Mobil, Parkir Motor, Parkir Sepeda, Parkir Motor & Sepeda",,https://mamikos.com/room/kost-kota-bandung-kost-putri-eksklusif-kost-little-spring-rooms-tipe-a-antapani-bandung?redirection_source=landing%20area
Kost Cikampek Antapani Bandung,Rp900.000,Antapani,"3 x 3 meter, Termasuk listrik","Kasur, Meja, Lemari / Storage, Ventilasi, Kursi, Kipas Angin","Kloset Duduk, K. Mandi Luar, Shower","WiFi, Kulkas, R. Tamu, R. Jemur, R. Makan, Dapur, Jemuran, Pengurus Kos, Balcon, K. Mandi Luar","Parkir Motor, Parkir Sepeda",,https://mamikos.com/room/kost-kota-bandung-kost-putri-murah-kost-cikampek-antapani-bandung-2?redirection_source=landing%20area
Kost Hema Tipe 1 Cibeunying Kidul Bandung,Rp1.000.000,Cibeunying Kidul,"3 x 8 meter, Tidak termasuk listrik",Dapur Pribadi,"K. Mandi Dalam, Kloset Jongkok","Jemuran, CCTV",Parkir Motor,,https://mamikos.com/room/kost-kota-bandung-kost-campur-eksklusif-kost-hema-kost-cibeunying-kidul-bandung?redirection_source=landing%20area
Kost Apik Bintang Kumeli Tipe A Cibeunying Kaler Bandung,Rp1.375.000,Cibeunying Kaler,"4 x 4 meter, Tidak termasuk listrik","Kasur, Meja, Lemari / Storage, Ventilasi, Jendela, Cermin, Bantal, Kursi","K. Mandi Dalam, Kloset Duduk, Shower","WiFi, Kulkas, R. Tamu, Penjaga Kos, R. Jemur, Dapur, Jemuran, Rooftop","Parkir Mobil, Parkir Motor & Sepeda",,https://mamikos.com/room/kost-kota-bandung-kost-putra-eksklusif-kost-apik-bintang-kumeli-tipe-a-cibeunying-kaler-bandung-2?redirection_source=landing%20area
Kost Mardi Tipe A Antapani Bandung,Rp1.100.000,Antapani,"3 x 3 meter, Tidak termasuk listrik","Kasur, Lemari / Storage, Jendela, Bantal, Kipas Angin","K. Mandi Dalam, Kloset Duduk, Ember mandi","WiFi, R. Cuci, Mesin Cuci, Penjaga Kos, R. Jemur, Dapur, Jemuran, Pengurus Kos, CCTV",Parkir Motor,,https://mamikos.com/room/kost-kota-bandung-kost-putra-murah-kost-mardi-tipe-a-antapani-bandung?redirection_source=landing%20area
Kost Bu Enita Cibeunying Kaler Bandung,Rp550.000,Cibeunying Kaler,"3 x 5 meter, Termasuk listrik","Kasur, Lemari / Storage, Jendela, Cleaning service","Kloset Jongkok, K. Mandi Luar, Ember mandi, Bak mandi","R. Cuci, Penjaga Kos, Mushola, Dapur, Pengurus Kos, K. Mandi Luar","Parkir Motor, Parkir Sepeda",,https://mamikos.com/room/kost-kota-bandung-kost-campur-murah-kost-bu-enita-cibeunying-kaler-bandung?redirection_source=landing%20area
Kost Apik Antapani XIV 12 Tipe B Bandung,Rp800.000,Antapani,"2.5 x 1.8 meter, Termasuk listrik","Kasur, Meja, Lemari / Storage, Jendela, Bantal","Kloset Jongkok, K. Mandi Luar, Ember mandi, Bak mandi","WiFi, Kulkas, R. Tamu, Penjaga Kos, R. Jemur, R. Makan, Dispenser, Dapur, Jemuran, Rice Cooker",Parkir Motor & Sepeda,,https://mamikos.com/room/kost-kota-bandung-kost-putra-murah-kost-apik-antapani-xiv-12-tipe-b-bandung-2?redirection_source=landing%20area
Kost Pondok Caraka Cibeunying Kidul Bandung,Rp600.000,Kecamatan Cibeunying Kidul,"3 x 3 meter, Termasuk listrik","Kasur, Meja, Lemari / Storage, Jendela, Bantal","Kloset Jongkok, K. Mandi Luar, Shower","Kulkas, Laundry, R. Tamu, Penjaga Kos, R. Jemur, R. Santai, Dapur, Jemuran, Rooftop, K. Mandi Luar","Parkir Motor, Parkir Motor & Sepeda",,https://mamikos.com/room/kost-kota-bandung-kost-campur-murah-kost-pondok-caraka-cibeunying-kidul-bandung-2?redirection_source=landing%20area
Kost BP52 Cibeunying Kaler Bandung,Rp700.000,Kecamatan Cibeunying Kaler,"3 x 4 meter, Termasuk listrik","Kasur, Ventilasi, Jendela","K. Mandi Dalam, Kloset Duduk, K. Mandi Luar","WiFi, R. Jemur, Dapur, Jemuran, Pengurus Kos, CCTV, K. Mandi Luar",Parkir Motor,,https://mamikos.com/room/kost-kota-bandung-kost-putri-murah-kost-bp52-cibeunying-kaler-bandung?redirection_source=landing%20area
Kost Pak Edi Tipe A Cibeunying Kidul Bandung,Rp1.250.000,Kecamatan Cibeunying Kidul,"3 x 4 meter, Tidak termasuk listrik","Kasur, Lemari / Storage, Ventilasi, Jendela, Dapur Pribadi, Cermin, Wastafel","K. Mandi Dalam, Kloset Jongkok, Ember mandi","WiFi, Dapur, Jemuran, Jual Makanan, CCTV",Parkir Motor & Sepeda,,https://mamikos.com/room/kost-kota-bandung-kost-putri-eksklusif-kost-pak-edi-tipe-a-cibeunying-kidul-bandung?redirection_source=landing%20area
Kost Gang Bojong Mekar Cibeunying Kaler Bandung,Rp1.200.000,Kecamatan Cibeunying Kaler,"3 x 6 meter, Termasuk listrik",Wastafel,"K. Mandi Dalam, Kloset Jongkok","R. Cuci, R. Tamu, R. Jemur, R. Makan, R. Santai, Dapur, R. Keluarga",Parkir Motor,,https://mamikos.com/room/kost-kota-bandung-kost-campur-eksklusif-kost-gang-bojong-mekar-cibeunying-kaler-bandung?redirection_source=landing%20area
Kost LQA Kiaracondong Bandung,Rp700.000,Kiaracondong,"3 x 3 meter, Tidak termasuk listrik","Meja, Lemari / Storage, Kursi","Kloset Jongkok, K. Mandi Luar, Bak mandi",Jemuran,Parkir Motor,,https://mamikos.com/room/kost-bandung-kost-putri-murah-kost-lqa-kiaracondong-bandung-1?redirection_source=landing%20area
Kost Boarding House Tipe E Cibeunying Kidul Bandung,Rp1.600.000,Cibeunying Kidul,"4 x 10 meter, Tidak termasuk listrik","Jendela, Dapur Pribadi","K. Mandi Dalam, Kloset Jongkok","WiFi, Penjaga Kos, Pengurus Kos, CCTV","Parkir Mobil, Parkir Motor, Parkir Sepeda",,https://mamikos.com/room/kost-kota-bandung-kost-campur-eksklusif-kost-boarding-house-tipe-e-cibeunying-kidul-bandung-1?redirection_source=landing%20area
Kost Boemi Mangga 1 Tipe A Cimenyan Bandung,Rp1.550.000,Kecamatan Cimenyan,"3 x 3 meter, Tidak termasuk listrik","Ventilasi, Jendela, Dapur Pribadi, Cermin","K. Mandi Dalam, Kloset Jongkok, Shower","Mushola, Dapur, Balcon",Parkir Mobil,,https://mamikos.com/room/kost-kabupaten-bandung-kost-campur-eksklusif-kost-boemi-mangga-1-tipe-a-cimenyan-bandung?redirection_source=landing%20area
Kost Raden Executive Lengkong Bandung,Rp2.100.000,Lengkong,"7.1 x 4 meter, Tidak termasuk listrik","Kasur, Meja, Lemari / Storage, Ventilasi, Jendela, Guling, Cermin, Bantal, Kursi","K. Mandi Dalam, Kloset Duduk, K. Mandi Luar, Shower","R. Cuci, R. Jemur, Jemuran, Pengurus Kos, CCTV, Balcon",Parkir Motor,,https://mamikos.com/room/kost-kota-bandung-kost-putra-eksklusif-kost-raden-executive-lengkong-bandung-2?redirection_source=landing%20area
Kost Pak Slamet Tipe C Antapani Bandung,Rp650.000,Antapani,"3 x 4 meter, Termasuk listrik","Kasur, Lemari / Storage","K. Mandi Dalam, Kloset Jongkok, Ember mandi","R. Jemur, Dispenser, Dapur","Parkir Motor, Parkir Sepeda",,https://mamikos.com/room/kost-kota-bandung-kost-putri-eksklusif-kost-pak-slamet-tipe-c-antapani-bandung?redirection_source=landing%20area
Kost Winn Tipe B Cimenyan Bandung,Rp750.000,Cimenyan,"3 x 4 meter, Tidak termasuk listrik","Kasur, Lemari / Storage, Jendela, Dapur Pribadi, Bantal, Wastafel","K. Mandi Dalam, Kloset Jongkok, Wastafel, Ember mandi","WiFi, R. Jemur, Dapur, Jemuran, Pengurus Kos, Jual Makanan","Parkir Motor, Parkir Motor & Sepeda",,https://mamikos.com/room/kost-kabupaten-bandung-kost-campur-murah-kost-winn-tipe-b-cimenyan-bandung?redirection_source=landing%20area
Kost Sukma Antapani Bandung,Rp550.000,Antapani,"2 x 3 meter, Tidak termasuk listrik","Kasur, Lemari / Storage, Bantal","Kloset Jongkok, K. Mandi Luar","WiFi, R. Tamu, Penjaga Kos, R. Jemur, R. Santai, Jemuran, Pengurus Kos","Parkir Mobil, Parkir Motor",,https://mamikos.com/room/kost-bandung-kost-putri-murah-kost-sukma-antapani-bandung?redirection_source=landing%20area
Kost Puri Fbp Cibeunying Kidul Bandung,Rp800.000,Kecamatan Cibeunying Kidul,"3 x 3 meter, Termasuk listrik","Kasur, Meja, Lemari / Storage, Ventilasi, Jendela, Bantal, Sofa, Wastafel","Kloset Duduk, K. Mandi Luar","WiFi, R. Tamu, Penjaga Kos, R. Santai, Dapur, Pengurus Kos, CCTV, Balcon, Taman, TV","Parkir Mobil, Parkir Motor",,https://mamikos.com/room/kost-kota-bandung-kost-putra-murah-kost-puri-fbp-cibeunying-kidul-bandung?redirection_source=landing%20area
Kost Pondok Cisokan Baru 8 Cibeunying Kaler Bandung,Rp1.500.000,Cibeunying Kaler,"3 x 3 meter, Tidak termasuk listrik","Kasur, Meja, Lemari / Storage, Ventilasi, Jendela, Guling, Cermin, Bantal, Kursi","K. Mandi Dalam, Kloset Duduk, K. Mandi Luar, Shower, Air panas","WiFi, Kulkas, Mesin Cuci, R. Tamu, Penjaga Kos, R. Jemur, R. Santai, Dispenser, Dapur, Jemuran","Parkir Mobil, Parkir Motor, Parkir Sepeda",,https://mamikos.com/room/kost-bandung-kost-campur-eksklusif-kost-pondok-cisokan-baru-8-cibeunying-kaler-bandung?redirection_source=landing%20area
Kost Muararajeun Lama 2 Tipe D Cibeunying Kaler Bandung,Rp740.000,Cibeunying Kaler,"3 x 3 meter, Termasuk listrik","Kasur, Meja, Lemari / Storage, Ventilasi, Jendela, Bantal, Kursi","Kloset Jongkok, K. Mandi Luar, Ember mandi","WiFi, R. Cuci, Penjaga Kos, R. Jemur, Jemuran, Pengurus Kos, CCTV, Rooftop, K. Mandi Luar","Parkir Motor, Parkir Sepeda, Parkir Motor & Sepeda",,https://mamikos.com/room/kost-kota-bandung-kost-campur-eksklusif-kost-muararajeun-lama-2-tipe-d-cibeunying-kaler-bandung?redirection_source=landing%20area
Kost 99 Pusat Kota Standard Cimenyan Bandung,Rp1.500.000,Cimenyan,"3 x 4 meter, Tidak termasuk listrik","AC, Kasur, Meja, TV, Lemari / Storage, Ventilasi, Jendela, Cermin, Bantal","K. Mandi Dalam, Kloset Duduk, Shower, Air panas","WiFi, Kulkas, Laundry, R. Santai, Dapur, Pengurus Kos, CCTV, Kartu Akses, Taman, TV","Parkir Motor, Parkir Sepeda",,https://mamikos.com/room/kost-kabupaten-bandung-kost-campur-eksklusif-kost-99-pusat-kota-standard-cimenyan-bandung?redirection_source=landing%20area
Kost Pin Residence Tipe A Cibeunying Kaler Bandung,Rp1.500.000,Kecamatan Cibeunying Kaler,"3 x 3 meter, Tidak termasuk listrik","AC, Kasur, Meja, TV, Lemari / Storage, Ventilasi, Jendela, Bantal, TV Kabel, Kursi","K. Mandi Dalam, Kloset Duduk, Shower, Air panas","WiFi, Kulkas, Laundry, Penjaga Kos, CCTV, Kartu Akses","Parkir Motor, Parkir Motor & Sepeda",,https://mamikos.com/room/kost-kota-bandung-kost-campur-eksklusif-kost-pin-residence-tipe-a-cibeunying-kaler-bandung?redirection_source=landing%20area
Kost Elroi Bojong Koneng Atas Cikutra Tipe D Cimenyan Bandung,Rp1.250.000,Cimenyan,"3 x 4 meter, Tidak termasuk listrik","Kasur, Meja, Lemari / Storage, Ventilasi, Jendela, Guling, Cermin, Bantal, Kursi","K. Mandi Dalam, Kloset Duduk, Ember mandi, Shower, Air panas","WiFi, Kulkas, R. Tamu, Penjaga Kos, R. Jemur, R. Makan, R. Santai, Dispenser, Dapur, Jemuran","Parkir Motor, Parkir Motor & Sepeda",,https://mamikos.com/room/kost-kabupaten-bandung-kost-putra-eksklusif-kost-elroi-bojong-koneng-atas-cikutra-tipe-d-cimenyan-bandung?redirection_source=landing%20area
Kost Saung Bambu Muda Tipe A Cibeunying Kaler Bandung,Rp1.400.000,Cibeunying Kaler,"3.2 x 3.7 meter, Termasuk listrik","Kasur, Meja, Lemari / Storage, Ventilasi, Jendela, Guling, Cermin, Bantal, Kursi","Kloset Duduk, K. Mandi Luar, Wastafel, Ember mandi, Shower, Air panas","WiFi, Kulkas, Mesin Cuci, R. Jemur, R. Santai, Dispenser, Dapur, Jemuran, Rice Cooker, Taman",Parkir Motor & Sepeda,,https://mamikos.com/room/kost-kota-bandung-kost-putri-eksklusif-kost-saung-bambu-muda-tipe-a-cibeunying-kaler-bandung?redirection_source=landing%20area
Kost Batik Jogja 7 Sukaluyu Cibeunying Kaler Bandung,Rp1.100.000,Kecamatan Cibeunying Kaler,"3 x 3 meter, Tidak termasuk listrik","Kasur, Meja, Lemari / Storage, Jendela, Guling, Cermin, Bantal","K. Mandi Dalam, Kloset Duduk, Shower","WiFi, R. Jemur, Dispenser, Dapur, Jemuran, Pengurus Kos, Taman",Parkir Motor,,https://mamikos.com/room/kost-kota-bandung-kost-putra-eksklusif-kost-batik-jogja-7-sukaluyu-cibeunying-kaler-bandung?redirection_source=landing%20area
Kost Wawan Tipe A Cibeunying Kidul Bandung,Rp1.700.000,Cibeunying Kidul,"3 x 3 meter, Tidak termasuk listrik","Kasur, Meja, TV, Lemari / Storage, Kursi","K. Mandi Dalam, Kloset Duduk, Air panas","WiFi, Kulkas, Dapur",Parkir Motor,,https://mamikos.com/room/kost-kota-bandung-kost-putri-eksklusif-kost-wawan-tipe-a-cibeunying-kidul-bandung?redirection_source=landing%20area
Kost Muararajeun Lama 1 Tipe C Cibeunying Kaler Bandung,Rp750.000,Cibeunying Kaler,"3.5 x 2 meter, Termasuk listrik","Kasur, Meja, Lemari / Storage, Ventilasi, Jendela, Bantal","Kloset Jongkok, K. Mandi Luar, Ember mandi","WiFi, R. Cuci, Penjaga Kos, R. Jemur, Jemuran, Pengurus Kos, Jual Makanan, K. Mandi Luar","Parkir Motor, Parkir Sepeda, Parkir Motor & Sepeda",,https://mamikos.com/room/kost-kota-bandung-kost-campur-eksklusif-kost-muararajeun-lama-1-tipe-c-cibeunying-kaler-bandung-2?redirection_source=landing%20area
Kost Anthurium Cimenyan Bandung,Rp1.500.000,Kecamatan Cimenyan,"4 x 5 meter, Tidak termasuk listrik","Kasur, Meja, Ventilasi, Jendela, Guling, Cermin, Bantal, Sofa, Kursi","K. Mandi Dalam, Kloset Duduk, Shower, Air panas",,,,https://mamikos.com/room/kost-kabupaten-bandung-kost-putri-eksklusif-kost-anthurium-cimenyan-bandung?redirection_source=landing%20area
Kost Sindang Sari Tipe A Antapani Bandung,Rp750.000,Antapani,"3 x 4 meter, Termasuk listrik","Kasur, Meja, Lemari / Storage, Ventilasi, Jendela, Guling, Cermin, Bantal, Wastafel","Kloset Jongkok, K. Mandi Luar, Wastafel, Ember mandi, Bak mandi","WiFi, R. Cuci, Laundry, Laundry, R. Tamu, Penjaga Kos, R. Jemur, R. Makan, R. Santai, Dapur","Parkir Mobil, Parkir Motor, Parkir Sepeda",,https://mamikos.com/room/kost-kota-bandung-kost-campur-murah-kost-sindang-sari-tipe-a-antapani-bandung?redirection_source=landing%20area
Kost Sant In Residence Executive Cibeunying Kaler Bandung,Rp1.700.000,Kecamatan Cibeunying Kaler,"3 x 4 meter, Tidak termasuk listrik","AC, Kasur, Meja, TV, Lemari / Storage, Jendela, Bantal, Kursi","K. Mandi Dalam, Kloset Duduk, Shower, Air panas","WiFi, Kulkas, Laundry, R. Tamu, Penjaga Kos, Dispenser, Dapur, Pengurus Kos, CCTV, Kartu Akses","Parkir Motor, Parkir Motor & Sepeda",,https://mamikos.com/room/kost-kota-bandung-kost-campur-eksklusif-kost-sant-in-residence-executive-cibeunying-kaler-bandung?redirection_source=landing%20area
Kost Bidan Maria 1 Antapani Bandung,Rp1.000.000,Antapani,"3 x 4 meter, Tidak termasuk listrik","Kasur, Meja, Lemari / Storage, Ventilasi, Jendela, Bantal","K. Mandi Dalam, Kloset Jongkok, Ember mandi","WiFi, Kulkas, R. Tamu, Penjaga Kos, R. Jemur, Dapur, Jemuran, Pengurus Kos, CCTV, K. Mandi Luar","Parkir Motor, Parkir Sepeda",,https://mamikos.com/room/kost-kota-bandung-kost-putri-eksklusif-kost-bidan-maria-1-antapani-bandung?redirection_source=landing%20area
Kost Crysant House Tipe A Cibeunying Kaler Bandung,Rp1.600.000,Cibeunying Kaler,"3 x 3 meter, Tidak termasuk listrik","Kasur, Meja, Ventilasi, Jendela, Bantal, Wastafel, Kursi","K. Mandi Dalam, Kloset Duduk, Wastafel, Shower, Air panas","WiFi, Penjaga Kos, R. Jemur, R. Santai, Dapur, Jemuran, Pengurus Kos, CCTV, Joglo","Parkir Mobil, Parkir Motor, Parkir Sepeda",,https://mamikos.com/room/kost-kota-bandung-kost-campur-eksklusif-kost-crysant-house-tipe-a-cibeunying-kaler-bandung?redirection_source=landing%20area
Kost Pondok Sidoluhur 28 Tipe A Cibeunying Kaler Bandung,Rp1.500.000,Kecamatan Cibeunying Kaler,"3 x 4 meter, Tidak termasuk listrik","AC, Kasur, Meja, Lemari / Storage, Ventilasi, Jendela, Cermin, Bantal, TV Kabel, Cleaning service","K. Mandi Dalam, Kloset Duduk, Ember mandi, Shower, Air panas","WiFi, R. Cuci, Kulkas, Mesin Cuci, R. Tamu, R. Jemur, R. Makan, R. Santai, Dispenser, Dapur","Parkir Mobil, Parkir Motor, Parkir Sepeda, Parkir Motor & Sepeda",,https://mamikos.com/room/kost-kota-bandung-kost-campur-eksklusif-kost-pondok-sidoluhur-28-tipe-a-cibeunying-kaler-bandung?redirection_source=landing%20area
Kost Wardah Cibeunying Kaler Bandung,Rp1.400.000,Cibeunying Kaler,"4 x 4 meter, Tidak termasuk listrik","AC, Kasur, Meja, TV, Lemari / Storage, Ventilasi, Jendela, Guling, Dapur Pribadi, Cermin","K. Mandi Dalam, Kloset Duduk, Ember mandi, Shower, Air panas","WiFi, Penjaga Kos, R. Jemur, Mushola, R. Santai, Dispenser, Jemuran, Pengurus Kos, CCTV, Kartu Akses","Parkir Mobil, Parkir Motor, Parkir Sepeda",,https://mamikos.com/room/kost-bandung-kost-campur-eksklusif-kost-wardah-khusus-pasutri-cibeunying-kaler-bandung?redirection_source=landing%20area
Kost Patma Tipe C Cibeunying Kaler Bandung,Rp1.080.000,Kecamatan Cibeunying Kaler,"2.5 x 3 meter, Tidak termasuk listrik","Kasur, Meja, Lemari / Storage, Cermin, Bantal",K. Mandi Dalam,"Kulkas, R. Tamu, Dapur, Pengurus Kos",Parkir Motor & Sepeda,,https://mamikos.com/room/kost-kota-bandung-kost-putri-eksklusif-kost-patma-tipe-c-cibeunying-kaler-bandung-2?redirection_source=landing%20area
Kost Gemilang Berkah Tipe A Cimenyan Bandung,Rp750.000,Kecamatan Cimenyan,"3 x 3 meter, Termasuk listrik","Kasur, Lemari / Storage, Ventilasi, Jendela","Kloset Jongkok, Ember mandi, Bak mandi","WiFi, R. Cuci, R. Tamu, R. Santai, Dapur, Jemuran, R. Keluarga, K. Mandi Luar","Parkir Motor, Parkir Sepeda",,https://mamikos.com/room/kost-bandung-kost-putra-murah-kost-gemilang-berkah-tipe-a-cimenyan-bandung?redirection_source=landing%20area
Kost Pondok Salsabila Tipe 1 Cibeunying Kidul Bandung,Rp750.000,Cibeunying Kidul,"3 x 3 meter, Tidak termasuk listrik","Kasur, Bantal","K. Mandi Dalam, Kloset Jongkok, K. Mandi Luar, Shower","R. Jemur, Mushola, R. Santai, Jemuran, Pengurus Kos, K. Mandi Luar","Parkir Motor, Parkir Sepeda",,https://mamikos.com/room/kost-kota-bandung-kost-campur-murah-kost-pondok-salsabila-tipe-1-cibeunying-kidul-bandung?redirection_source=landing%20area
Kost Elroi Bojong Koneng Atas Cikutra Tipe B Cimenyan Bandung,Rp1.600.000,Cimenyan,"3 x 4 meter, Tidak termasuk listrik","AC, Kasur, Meja, Lemari / Storage, Ventilasi, Jendela, Guling, Cermin, Bantal, Kursi","K. Mandi Dalam, Kloset Duduk, Ember mandi, Shower, Air panas","WiFi, Kulkas, R. Tamu, Penjaga Kos, R. Jemur, R. Makan, R. Santai, Dispenser, Dapur, Jemuran","Parkir Motor, Parkir Motor & Sepeda",,https://mamikos.com/room/kost-kabupaten-bandung-kost-putra-eksklusif-kost-elroi-bojong-koneng-atas-cikutra-tipe-b-cimenyan-bandung?redirection_source=landing%20area
Kost Yosi Tipe A Cibeunying Kaler Bandung,Rp650.000,Cibeunying Kaler,"3 x 3 meter, Termasuk listrik","Kasur, Lemari / Storage, Jendela, Guling, Cermin, Bantal","Kloset Jongkok, K. Mandi Luar, Ember mandi, Bak mandi","WiFi, R. Jemur, K. Mandi Luar","Parkir Motor, Parkir Sepeda",,https://mamikos.com/room/kost-kota-bandung-kost-campur-murah-kost-yosi-tipe-a-cibeunying-kaler-bandung-2?redirection_source=landing%20area
Kost Merenah I Cibeunying Kidul Bandung,Rp1.000.000,Kecamatan Cibeunying Kidul,"3.5 x 4.5 meter, Tidak termasuk listrik","Kasur, Lemari / Storage","Kloset Jongkok, Ember mandi","WiFi, Kulkas, Dapur, Jemuran, CCTV",Parkir Motor & Sepeda,,https://mamikos.com/room/kost-kota-bandung-kost-campur-eksklusif-kost-merenah-i-cibeunying-kidul-bandung?redirection_source=landing%20area
Kost Bu Sur Tipe A Cibeunying Kidul Bandung,Rp600.000,Kecamatan Cibeunying Kidul,"2 x 2 meter, Termasuk listrik","Kasur, Meja, Lemari / Storage, Ventilasi, Jendela, Cermin, Bantal, Kursi","Kloset Duduk, Kloset Jongkok, K. Mandi Luar, Ember mandi, Shower, Bak mandi","WiFi, R. Jemur, R. Santai, Dispenser, Dapur, Jemuran, Pengurus Kos, Balcon, Taman, TV","Parkir Motor, Parkir Sepeda",,https://mamikos.com/room/kost-kota-bandung-kost-putri-murah-kost-bu-sur-tipe-a-cibeunying-kidul-bandung?redirection_source=landing%20area
Kost Bekarbon Cibeunying Kidul Bandung,Rp1.100.000,Cibeunying Kidul,"3 x 3 meter, Tidak termasuk listrik","Kasur, Lemari / Storage, Ventilasi, Jendela","K. Mandi Dalam, Kloset Jongkok, Shower","WiFi, R. Tamu, Penjaga Kos, R. Jemur, Dapur, Jemuran, Pengurus Kos, CCTV, Balcon, K. Mandi Luar","Parkir Motor, Parkir Sepeda",,https://mamikos.com/room/kost-kota-bandung-kost-putra-eksklusif-kost-bekarbon-cibeunying-kidul-bandung?redirection_source=landing%20area
Kost Cikutra Widyatama Cibeunying Kidul Bandung,Rp750.000,Kecamatan Cibeunying Kidul,"3 x 3 meter, Termasuk listrik","Kasur, Lemari / Storage, Jendela, Dapur Pribadi, Cermin, Bantal","K. Mandi Dalam, Kloset Jongkok, Ember mandi","WiFi, R. Cuci, R. Tamu, R. Jemur, R. Santai, Dapur, Jemuran, Jual Makanan, CCTV, Balcon","Parkir Motor, Parkir Sepeda, Parkir Motor & Sepeda",,https://mamikos.com/room/kost-kota-bandung-kost-putri-murah-kost-cikutra-widyatama-cibeunying-kidul-bandung-2?redirection_source=landing%20area
Kost Mamah Sigit 1 Cibeunying Kidul Bandung,Rp750.000,Kecamatan Cibeunying Kidul,"3 x 3 meter, Termasuk listrik","Kasur, Meja, Lemari / Storage, Jendela, Guling, Bantal","K. Mandi Dalam, Kloset Jongkok, Ember mandi, Shower","WiFi, Penjaga Kos, R. Jemur, Jemuran, Pengurus Kos","Parkir Motor, Parkir Sepeda",,https://mamikos.com/room/kost-kota-bandung-kost-campur-murah-kost-mamah-sigit-1-cibeunying-kidul-bandung?redirection_source=landing%20area
Kost Keys Co Living Deluxe Balcony Cibeunying Kidul Bandung,Rp2.500.000,Cibeunying Kidul,"3 x 4 meter, Tidak termasuk listrik","AC, Kasur, Meja, Lemari / Storage, microwave, Jendela, Guling, Cermin, Bantal, Kursi","K. Mandi Dalam, Kloset Duduk, Shower, Air panas","WiFi, R. Cuci, Kulkas, Mesin Cuci, Penjaga Kos, R. Jemur, R. Makan, Mushola, Dispenser, Dapur","Parkir Mobil, Parkir Motor",,https://mamikos.com/room/kost-kota-bandung-kost-campur-eksklusif-kost-keys-co-living-deluxe-balcony-cibeunying-kidul-bandung-2?redirection_source=landing%20area
Kost Urban Residence Tipe A Kiaracondong Bandung,Rp600.000,Kiaracondong,"3 x 3 meter, Termasuk listrik","Kasur, Lemari / Storage, Jendela, Dapur Pribadi, Bantal","K. Mandi Dalam, Kloset Jongkok, Ember mandi, Bak mandi","WiFi, Laundry, Penjaga Kos, Pengurus Kos, CCTV",Parkir Motor,,https://mamikos.com/room/kost-kota-bandung-kost-campur-murah-kost-urban-residence-tipe-a-kiaracondong-bandung?redirection_source=landing%20area
Kost Pondok Mahmudah Antapani Bandung,Rp800.000,Kecamatan Antapani,"2.5 x 3 meter, Termasuk listrik","Kasur, Lemari / Storage, Ventilasi, Jendela, Bantal","K. Mandi Dalam, Kloset Jongkok, Ember mandi","WiFi, Kulkas, R. Tamu, R. Jemur, R. Santai, Dapur, Jemuran, Pengurus Kos, Jual Makanan, CCTV","Parkir Motor, Parkir Sepeda",,https://mamikos.com/room/kost-kota-bandung-kost-campur-murah-kost-pondok-mahmudah-antapani-bandung?redirection_source=landing%20area
Kost Bjk 04 Tipe A Cibeunying Kaler Bandung,Rp600.000,Kecamatan Cibeunying Kaler,"3 x 3 meter, Termasuk listrik","Kasur, Meja, Lemari / Storage, Jendela, Cermin, Kursi","Kloset Jongkok, K. Mandi Luar, Ember mandi, Bak mandi","WiFi, Kulkas, R. Tamu, Dapur, CCTV, K. Mandi Luar",Parkir Motor & Sepeda,,https://mamikos.com/room/kost-kota-bandung-kost-putra-murah-kost-bjk-04-tipe-a-cibeunying-kaler-bandung-2?redirection_source=landing%20area
Kost Tutu Cibeunying Kidul Bandung,Rp1.000.000,Cibeunying Kidul,"3 x 4 meter, Tidak termasuk listrik","Kasur, Lemari / Storage, Ventilasi, Jendela","K. Mandi Dalam, Kloset Jongkok, Shower","WiFi, R. Santai, Dapur, TV",Parkir Motor,,https://mamikos.com/room/kost-kota-bandung-kost-putri-eksklusif-kost-tutu-cibeunying-kidul-bandung?redirection_source=landing%20area
Kost Keys Co Living Superior Balcony K 03 Cibeunying Kidul Bandung,Rp2.850.000,Cibeunying Kidul,"3 x 4 meter, Tidak termasuk listrik","AC, Kasur, Meja, Lemari / Storage, microwave, Jendela, Guling, Cermin, Bantal, Kursi","K. Mandi Dalam, Kloset Duduk, Shower, Air panas","WiFi, R. Cuci, Kulkas, Penjaga Kos, R. Jemur, R. Makan, Mushola, Dispenser, Dapur, Jemuran","Parkir Mobil, Parkir Motor",,https://mamikos.com/room/kost-kota-bandung-kost-campur-eksklusif-kost-keys-co-living-superior-balcony-k-03-cibeunying-kidul-bandung-2?redirection_source=landing%20area
Kost Itenas Widyatama Ekuitas 1 Tipe B Cibeunying Kidul Bandung,Rp850.000,Cibeunying Kidul,"3 x 4 meter, Termasuk listrik","Kasur, Lemari / Storage, Ventilasi, Jendela, Bantal","K. Mandi Dalam, Kloset Jongkok, Ember mandi","WiFi, Penjaga Kos, R. Jemur, Dapur, Jemuran, Pengurus Kos, CCTV","Parkir Motor, Parkir Sepeda",,https://mamikos.com/room/kost-kota-bandung-kost-putra-murah-kost-itenas-widyatama-ekuitas-1-tipe-b-cibeunying-kidul-bandung?redirection_source=landing%20area
Kost Anggrek Barokah Bandung Wetan Bandung,Rp1.700.000,Kecamatan Bandung Wetan,"3 x 4 meter, Termasuk listrik","Kasur, Dispenser, Meja, TV, Lemari / Storage, Ventilasi, Jendela, Guling, Cermin, Bantal","K. Mandi Dalam, Kloset Duduk, Shower, Air panas","WiFi, R. Cuci, Kulkas, Penjaga Kos, R. Jemur, Dispenser, Dapur, Jemuran, Pengurus Kos, CCTV","Parkir Mobil, Parkir Motor, Parkir Sepeda",,https://mamikos.com/room/kost-kota-bandung-kost-campur-eksklusif-kost-anggrek-barokah-bandung-wetan-bandung?redirection_source=landing%20area
Kost Wisma Amanah Cibeunying kidul Bandung,Rp1.900.000,Cibeunying Kidul,"3 x 5 meter, Termasuk listrik","AC, Kasur, Dispenser, Meja, TV, Meja Rias, Lemari / Storage, Kursi","K. Mandi Dalam, Kloset Duduk, Wastafel, Shower, Air panas","WiFi, Laundry, R. Tamu, Penjaga Kos, R. Makan, R. Santai, Dispenser, Dapur, R. Keluarga, Taman","Parkir Mobil, Parkir Motor, Parkir Sepeda",,https://mamikos.com/room/kost-bandung-kost-campur-eksklusif-kost-wisma-amanah-cibeunying-kidul-bandung-1?redirection_source=landing%20area
Kost Sidomukti 65 Tipe A Cibeunying Kaler Bandung,Rp950.000,Kecamatan Cibeunying Kaler,"3 x 4 meter, Tidak termasuk listrik",Kasur,"K. Mandi Dalam, Kloset Duduk, Kloset Jongkok, Shower, Air panas","WiFi, R. Makan, Dapur, Jemuran, Pengurus Kos, Rooftop, Balcon","Parkir Mobil, Parkir Motor, Parkir Sepeda, Parkir Motor & Sepeda",,https://mamikos.com/room/kost-kota-bandung-kost-campur-murah-kost-sidomukti-65-tipe-a-cibeunying-kaler-bandung-2?redirection_source=landing%20area
Kost Pondok Ina 2 Kiaracondong Bandung,Rp1.600.000,Kiaracondong,"3.9 x 3.3 meter, Tidak termasuk listrik","Kasur, TV, Lemari / Storage, Ventilasi, Jendela, Dapur Pribadi, Bantal, TV Kabel, Wastafel","K. Mandi Dalam, Kloset Duduk, Shower","WiFi, R. Cuci, Laundry, R. Tamu, Penjaga Kos, R. Jemur, R. Makan, Mushola, R. Santai, Jemuran","Parkir Mobil, Parkir Motor, Parkir Sepeda, Parkir Motor & Sepeda",,https://mamikos.com/room/kost-kota-bandung-kost-campur-eksklusif-kost-pondok-ina-2-kiaracondong-bandung-2?redirection_source=landing%20area
Kost Pak Resmana Cibeunying Kidul Bandung,Rp750.000,Kecamatan Cibeunying Kidul,"3.5 x 2 meter, Termasuk listrik","Kasur, Lemari / Storage","K. Mandi Dalam, Kloset Jongkok, Ember mandi","WiFi, Penjaga Kos, R. Jemur, Dispenser, Dapur, Jemuran, Pengurus Kos, Jual Makanan, Rooftop, Gazebo",,,https://mamikos.com/room/kost-kota-bandung-kost-putri-murah-kos-pak-resmana-cibeunying-kidul-bandung-2?redirection_source=landing%20area
Kost Elroi Bojong Koneng Atas Cikutra Tipe C Cimenyan Bandung,Rp1.500.000,Cimenyan,"4 x 4 meter, Tidak termasuk listrik","Kasur, Meja, Lemari / Storage, Ventilasi, Jendela, Guling, Cermin, Bantal, Kursi, Kipas Angin","K. Mandi Dalam, Kloset Duduk, Ember mandi, Shower, Air panas","WiFi, Kulkas, R. Tamu, Penjaga Kos, R. Jemur, R. Makan, R. Santai, Dispenser, Dapur, Jemuran","Parkir Motor, Parkir Motor & Sepeda",,https://mamikos.com/room/kost-kabupaten-bandung-kost-putra-eksklusif-kost-elroi-bojong-koneng-atas-cikutra-tipe-c-cimenyan-bandung-2?redirection_source=landing%20area
Kost A H Nasution Tipe A Mandalajati Bandung,Rp950.000,Mandalajati,"4 x 4 meter, Tidak termasuk listrik","AC, Kasur, Meja, Lemari / Storage, Ventilasi, Jendela, Kursi, Kipas Angin","K. Mandi Dalam, Kloset Duduk, Shower, Air panas",CCTV,"Parkir Motor, Parkir Sepeda",,https://mamikos.com/room/kost-kota-bandung-kost-campur-eksklusif-kost-a-h-nasution-tipe-a-mandalajati-bandung?redirection_source=landing%20area
Kost Widyatama Tipe Vip Cibeunying Kidul Bandung,Rp750.000,Cibeunying Kidul,"3 x 4 meter, Termasuk listrik","Kasur, Meja, Lemari / Storage, Ventilasi, Jendela, Bantal","Kloset Duduk, Kloset Jongkok, K. Mandi Luar, Ember mandi, Bak mandi","Kulkas, Penjaga Kos, R. Jemur, R. Makan, R. Santai, Dapur, Jemuran, Balcon, Taman, K. Mandi Luar","Parkir Motor, Parkir Sepeda, Parkir Motor & Sepeda",,https://mamikos.com/room/kost-kota-bandung-kost-putri-murah-kost-widyatama-tipe-vip-cibeunying-kidul-bandung?redirection_source=landing%20area
Kost Berry Budi Tipe A Cibeunying Kidul Bandung,Rp650.000,Kecamatan Cibeunying Kidul,"3 x 3 meter, Termasuk listrik","Kasur, Meja, Lemari / Storage","Kloset Duduk, Kloset Jongkok, K. Mandi Luar, Bak mandi","WiFi, Kulkas, R. Jemur, R. Santai, Dapur, CCTV, Kartu Akses, TV, K. Mandi Luar","Parkir Motor, Parkir Sepeda, Parkir Motor & Sepeda",,https://mamikos.com/room/kost-kota-bandung-kost-campur-murah-kost-berry-budi-tipe-a-cibeunying-kidul-bandung?redirection_source=landing%20area
Kost No 73 Tipe A Cibeunying Kaler Bandung,Rp1.000.000,Cibeunying Kaler,"3 x 3 meter, Tidak termasuk listrik","Kasur, Meja, Lemari / Storage, Kursi","Kloset Duduk, K. Mandi Luar, Ember mandi, Bak mandi","WiFi, Laundry, R. Jemur, R. Santai, Dapur","Parkir Mobil, Parkir Motor, Parkir Sepeda",,https://mamikos.com/room/kost-kota-bandung-kost-putra-eksklusif-kost-no-73-tipe-a-cibeunying-kaler-bandung?redirection_source=landing%20area
Kost Anyer Batununggal Bandung,Rp750.000,Kecamatan Batununggal,"3 x 3 meter, Termasuk listrik","Kasur, Guling, Bantal","Kloset Duduk, K. Mandi Luar, Bak mandi","WiFi, R. Jemur, Dispenser, Dapur, Jemuran, K. Mandi Luar","Parkir Mobil, Parkir Motor, Parkir Sepeda",,https://mamikos.com/room/kost-kota-bandung-kost-putri-murah-kost-anyer-batununggal-bandung?redirection_source=landing%20area
Kost Batik Ayu Cibeunying Kaler Bandung,Rp1.300.000,Cibeunying Kaler,"3 x 4 meter, Termasuk listrik","Kasur, Meja, Lemari / Storage, Ventilasi, Jendela, Cermin, Bantal, Kursi","K. Mandi Dalam, Kloset Duduk, Shower","WiFi, Kulkas, R. Tamu, R. Jemur, R. Santai, Dapur, Jemuran","Parkir Mobil, Parkir Motor, Parkir Sepeda",,https://mamikos.com/room/kost-bandung-kost-putra-eksklusif-kost-batik-ayu-cibeunying-kaler-bandung?redirection_source=landing%20area
Kost Karambia Cimenyan Bandung,Rp2.250.000,Cimenyan,"3 x 7 meter, Termasuk listrik","Kasur, Meja, Lemari / Storage, Ventilasi, Meja makan, Jendela, Guling, Cermin, Bantal, Wastafel","K. Mandi Dalam, Kloset Duduk, Wastafel, Ember mandi, Shower, Air panas","WiFi, R. Cuci, Kulkas, Mesin Cuci, R. Jemur, R. Santai, Dapur, Jemuran, Rice Cooker, Balcon","Parkir Motor, Parkir Sepeda",,https://mamikos.com/room/kost-kabupaten-bandung-kost-putri-eksklusif-kost-karambia-cimenyan-bandung-2?redirection_source=landing%20area
Kost Shelvi Home Tipe 1 Cibeunying Kidul Bandung,Rp1.350.000,Cibeunying Kidul,"3 x 5 meter, Termasuk listrik","Kasur, Lemari / Storage","K. Mandi Dalam, Kloset Duduk, Ember mandi, Shower","WiFi, R. Jemur, R. Makan, Dapur",Parkir Motor,,https://mamikos.com/room/kost-kota-bandung-kost-putri-eksklusif-kost-shelvi-home-tipe-1-cibeunying-kidul-bandung?redirection_source=landing%20area
Kost Bengawan 83 Tipe C1 Bandung Wetan Bandung,Rp1.250.000,Kecamatan Bandung Wetan,"3.2 x 3.2 meter, Termasuk listrik","Kasur, Meja, Lemari / Storage, Ventilasi, Jendela, Cermin, Bantal, Kursi, Kipas Angin, Cleaning service","Kloset Duduk, K. Mandi Luar, Shower, Air panas","WiFi, R. Cuci, Kulkas, Mesin Cuci, R. Tamu, Penjaga Kos, R. Jemur, R. Makan, R. Santai, Dispenser","Parkir Mobil, Parkir Motor, Parkir Sepeda",,https://mamikos.com/room/kost-kota-bandung-kost-campur-eksklusif-kost-bengawan-83-tipe-c1-bandung-wetan-bandung-2?redirection_source=landing%20area
Kost Rumah Surya Cibeunying Kaler Bandung,Rp550.000,Kecamatan Cibeunying Kaler,"3 x 4 meter, Tidak termasuk listrik","Kasur, Lemari / Storage","Kloset Duduk, Kloset Jongkok, Ember mandi, Bak mandi","WiFi, R. Cuci, R. Tamu",Parkir Motor & Sepeda,,https://mamikos.com/room/kost-kota-bandung-kost-putra-murah-kost-rumah-surya-cibeunying-kaler-bandung-2?redirection_source=landing%20area
Kost Patma Tipe C Cibeunying Kaler Bandung,Rp1.080.000,Kecamatan Cibeunying Kaler,"2.5 x 3 meter, Tidak termasuk listrik","Kasur, Meja, Lemari / Storage, Cermin, Bantal",K. Mandi Dalam,"Kulkas, R. Tamu, Dapur, Pengurus Kos",Parkir Motor & Sepeda,,https://mamikos.com/room/kost-kota-bandung-kost-putri-eksklusif-kost-patma-tipe-c-cibeunying-kaler-bandung-2?redirection_source=landing%20area
Kost Manteron Tipe A Cibeunying Kaler Bandung,Rp900.000,Kecamatan Cibeunying Kaler,"2 x 3 meter, Tidak termasuk listrik","Kasur, Meja, Lemari / Storage, Cermin, Bantal","Kloset Jongkok, K. Mandi Luar, Ember mandi","WiFi, Mushola, Dapur, Jemuran, Pengurus Kos, Jual Makanan, Balcon, K. Mandi Luar",Parkir Motor,,https://mamikos.com/room/kost-kota-bandung-kost-putra-eksklusif-kost-manteron-tipe-a-cibeunying-kaler-bandung?redirection_source=landing%20area
Kost Ase Maria Tipe A Antapani Bandung,Rp750.000,Antapani,"3 x 4 meter, Termasuk listrik","Kasur, Meja, Lemari / Storage, Jendela, Bantal","Kloset Duduk, Kloset Jongkok, K. Mandi Luar, Ember mandi, Bak mandi","WiFi, R. Makan, R. Santai, Dispenser, Dapur, Jemuran, K. Mandi Luar",Parkir Motor,,https://mamikos.com/room/kost-kota-bandung-kost-campur-murah-kost-ase-maria-tipe-a-antapani-bandung?redirection_source=landing%20area
Kost Pak Resmana Cibeunying Kidul Bandung,Rp750.000,Kecamatan Cibeunying Kidul,"3.5 x 2 meter, Termasuk listrik","Kasur, Lemari / Storage","K. Mandi Dalam, Kloset Jongkok, Ember mandi","WiFi, Penjaga Kos, R. Jemur, Dispenser, Dapur, Jemuran, Pengurus Kos, Jual Makanan, Rooftop, Gazebo",,,https://mamikos.com/room/kost-kota-bandung-kost-putri-murah-kos-pak-resmana-cibeunying-kidul-bandung-2?redirection_source=landing%20area
Kost Dela Tipe A Antapani Bandung,Rp1.750.000,Antapani,"4 x 5 meter, Tidak termasuk listrik","AC, Kasur, Meja, TV, Lemari / Storage, Jendela, Bantal, Kursi","K. Mandi Dalam, Kloset Duduk, Shower, Air panas","WiFi, Kulkas, Mesin Cuci, R. Tamu, Penjaga Kos, Mushola, Dispenser, Dapur, Jemuran, CCTV","Parkir Mobil, Parkir Motor",,https://mamikos.com/room/kost-kota-bandung-kost-campur-eksklusif-kost-dela-tipe-a-antapani-bandung?redirection_source=landing%20area
Kost Bumi Putri Sukasenang Tipe B Cibeunying Kidul Bandung,Rp1.450.000,Cibeunying Kidul,"3 x 4 meter, Termasuk listrik","Kasur, Meja, Lemari / Storage, Kursi","K. Mandi Dalam, Kloset Duduk, Wastafel, Air panas","WiFi, Kulkas, Penjaga Kos, R. Jemur, R. Makan, Dapur","Parkir Mobil, Parkir Motor, Parkir Sepeda",,https://mamikos.com/room/kost-kota-bandung-kost-putri-eksklusif-kost-bumi-putri-sukasenang-tipe-b-cibeunying-kidul-bandung?redirection_source=landing%20area
Kost Urban Residence Tipe A Kiaracondong Bandung,Rp600.000,Kiaracondong,"3 x 3 meter, Termasuk listrik","Kasur, Lemari / Storage, Jendela, Dapur Pribadi, Bantal","K. Mandi Dalam, Kloset Jongkok, Ember mandi, Bak mandi","WiFi, Laundry, Penjaga Kos, Pengurus Kos, CCTV",Parkir Motor,,https://mamikos.com/room/kost-kota-bandung-kost-campur-murah-kost-urban-residence-tipe-a-kiaracondong-bandung?redirection_source=landing%20area
Kost Widyatama Tipe Vip Cibeunying Kidul Bandung,Rp750.000,Cibeunying Kidul,"3 x 4 meter, Termasuk listrik","Kasur, Meja, Lemari / Storage, Ventilasi, Jendela, Bantal","Kloset Duduk, Kloset Jongkok, K. Mandi Luar, Ember mandi, Bak mandi","Kulkas, Penjaga Kos, R. Jemur, R. Makan, R. Santai, Dapur, Jemuran, Balcon, Taman, K. Mandi Luar","Parkir Motor, Parkir Sepeda, Parkir Motor & Sepeda",,https://mamikos.com/room/kost-kota-bandung-kost-putri-murah-kost-widyatama-tipe-vip-cibeunying-kidul-bandung?redirection_source=landing%20area
Kost Dmt Hemat Cibeunying Kidul Bandung,Rp399.000,Cibeunying Kidul,"3 x 4 meter, Tidak termasuk listrik","Kasur, Lemari / Storage, Meja makan, Wastafel, Kursi","Kloset Duduk, Ember mandi","WiFi, R. Tamu, Penjaga Kos, R. Jemur, R. Makan, R. Santai, Dapur, Balcon",Parkir Motor,,https://mamikos.com/room/kost-kota-bandung-kost-putri-murah-kost-dmt-hemat-cibeunying-kidul-bandung-2?redirection_source=landing%20area
Kost Ibu Restu A Tipe Standart Cibeunying Kidul Bandung,Rp800.000,Kecamatan Cibeunying Kidul,"3 x 4 meter, Termasuk listrik","Kasur, Ventilasi, Jendela, Cermin, Bantal","K. Mandi Dalam, Kloset Jongkok, Ember mandi","WiFi, Jemuran, Pengurus Kos, Jual Makanan, Balcon, Joglo","Parkir Motor, Parkir Sepeda",,https://mamikos.com/room/kost-kota-bandung-kost-putra-murah-kost-ibu-restu-a-tipe-standart-cibeunying-kidul-bandung?redirection_source=landing%20area
Kost Bjk 04 Tipe A Cibeunying Kaler Bandung,Rp600.000,Kecamatan Cibeunying Kaler,"3 x 3 meter, Termasuk listrik","Kasur, Meja, Lemari / Storage, Jendela, Cermin, Kursi","Kloset Jongkok, K. Mandi Luar, Ember mandi, Bak mandi","WiFi, Kulkas, R. Tamu, Dapur, CCTV, K. Mandi Luar",Parkir Motor & Sepeda,,https://mamikos.com/room/kost-kota-bandung-kost-putra-murah-kost-bjk-04-tipe-a-cibeunying-kaler-bandung-2?redirection_source=landing%20area
Kost Evelyn Home Tipe 3 Cibeunying Kidul Bandung,Rp500.000,Cibeunying Kidul,"3 x 3 meter, Termasuk listrik","Kasur, Lemari / Storage, Cermin","Kloset Jongkok, K. Mandi Luar, Ember mandi","WiFi, R. Jemur, Dapur, K. Mandi Luar",,,https://mamikos.com/room/kost-kota-bandung-kost-putri-murah-kost-evelyn-home-tipe-3-cibeunying-kidul-bandung?redirection_source=landing%20area
Kost Kirana Tipe A Cibeunying Kidul Bandung,Rp600.000,Kecamatan Cibeunying Kidul,"3 x 3 meter, Termasuk listrik","Kasur, Lemari / Storage, Ventilasi, Jendela, Guling, Bantal","Kloset Duduk, Kloset Jongkok, K. Mandi Luar, Ember mandi","WiFi, R. Cuci, R. Tamu, R. Jemur, R. Santai, Dapur, Jemuran, Pengurus Kos, CCTV, Balcon","Parkir Motor, Parkir Sepeda, Parkir Motor & Sepeda",,https://mamikos.com/room/kost-kota-bandung-kost-campur-murah-kost-kirana-tipe-a-cibeunying-kidul-bandung?redirection_source=landing%20area
Kost Mamah Sigit 1 Cibeunying Kidul Bandung,Rp750.000,Kecamatan Cibeunying Kidul,"3 x 3 meter, Termasuk listrik","Kasur, Meja, Lemari / Storage, Jendela, Guling, Bantal","K. Mandi Dalam, Kloset Jongkok, Ember mandi, Shower","WiFi, Penjaga Kos, R. Jemur, Jemuran, Pengurus Kos","Parkir Motor, Parkir Sepeda",,https://mamikos.com/room/kost-kota-bandung-kost-campur-murah-kost-mamah-sigit-1-cibeunying-kidul-bandung?redirection_source=landing%20area
Kost Cikutra Baru 1 Cibeunying Kaler Bandung,Rp1.000.000,Cibeunying Kaler,"2 x 4 meter, Termasuk listrik","Kasur, Meja, Lemari / Storage","Kloset Duduk, K. Mandi Luar, Shower, Bak mandi","WiFi, Kulkas, R. Tamu, R. Jemur, R. Santai, Dispenser, Dapur, R. Keluarga","Parkir Mobil, Parkir Motor",,https://mamikos.com/room/kost-kost-putri-eksklusif-kost-cikutra-baru-1-cibeunying-kaler-bandung?redirection_source=landing%20area
Kost Ibu Alit Kiaracondong Bandung,Rp715.000,Kiaracondong,"7 x 3 meter, Termasuk listrik","Kasur, Lemari / Storage, Jendela, Wastafel","K. Mandi Dalam, Kloset Jongkok, Wastafel, Ember mandi","Dapur, Jemuran",Parkir Motor,,https://mamikos.com/room/kost-bandung-kost-campur-murah-kost-ibu-alit-kiaracondong-bandung-1?redirection_source=landing%20area
Kost Merenah I Cibeunying Kidul Bandung,Rp1.000.000,Kecamatan Cibeunying Kidul,"3.5 x 4.5 meter, Tidak termasuk listrik","Kasur, Lemari / Storage","Kloset Jongkok, Ember mandi","WiFi, Kulkas, Dapur, Jemuran, CCTV",Parkir Motor & Sepeda,,https://mamikos.com/room/kost-kota-bandung-kost-campur-eksklusif-kost-merenah-i-cibeunying-kidul-bandung?redirection_source=landing%20area
Kost Pondok Mahmudah Antapani Bandung,Rp800.000,Kecamatan Antapani,"2.5 x 3 meter, Termasuk listrik","Kasur, Lemari / Storage, Ventilasi, Jendela, Bantal","K. Mandi Dalam, Kloset Jongkok, Ember mandi","WiFi, Kulkas, R. Tamu, R. Jemur, R. Santai, Dapur, Jemuran, Pengurus Kos, Jual Makanan, CCTV","Parkir Motor, Parkir Sepeda",,https://mamikos.com/room/kost-kota-bandung-kost-campur-murah-kost-pondok-mahmudah-antapani-bandung?redirection_source=landing%20area
Kost Rengganis Standar Cibeunying Kaler Bandung,Rp650.000,Cibeunying Kaler,"3 x 3 meter, Termasuk listrik",Kasur,"Kloset Jongkok, K. Mandi Luar, Wastafel, Ember mandi","WiFi, R. Jemur, R. Santai, Dapur, Jemuran, Pengurus Kos, CCTV, R. Keluarga, K. Mandi Luar","Parkir Motor, Parkir Motor & Sepeda",,https://mamikos.com/room/kost-kota-bandung-kost-putri-murah-kost-rengganis-standar-cibeunying-kaler-bandung-2?redirection_source=landing%20area
Kost Berry Budi Tipe A Cibeunying Kidul Bandung,Rp650.000,Kecamatan Cibeunying Kidul,"3 x 3 meter, Termasuk listrik","Kasur, Meja, Lemari / Storage","Kloset Duduk, Kloset Jongkok, K. Mandi Luar, Bak mandi","WiFi, Kulkas, R. Jemur, R. Santai, Dapur, CCTV, Kartu Akses, TV, K. Mandi Luar","Parkir Motor, Parkir Sepeda, Parkir Motor & Sepeda",,https://mamikos.com/room/kost-kota-bandung-kost-campur-murah-kost-berry-budi-tipe-a-cibeunying-kidul-bandung?redirection_source=landing%20area
Kost Kilsha Sma Yas Cibeunying Kidul Bandung,Rp900.000,Cibeunying Kidul,"3 x 4 meter, Termasuk listrik","Kasur, Meja, Lemari / Storage, Ventilasi, Jendela, Kursi","K. Mandi Dalam, Kloset Duduk, Kloset Jongkok, Ember mandi, Shower","WiFi, R. Cuci, Laundry, R. Tamu, R. Jemur, R. Makan, R. Santai, Dapur, Jual Makanan, Balcon","Parkir Motor, Parkir Sepeda",,https://mamikos.com/room/kost-bandung-kost-putra-murah-kost-kilsha-sma-yas-cibeunying-kidul-bandung?redirection_source=landing%20area
Kost Shelvi Home Tipe 1 Cibeunying Kidul Bandung,Rp1.350.000,Cibeunying Kidul,"3 x 5 meter, Termasuk listrik","Kasur, Lemari / Storage","K. Mandi Dalam, Kloset Duduk, Ember mandi, Shower","WiFi, R. Jemur, R. Makan, Dapur",Parkir Motor,,https://mamikos.com/room/kost-kota-bandung-kost-putri-eksklusif-kost-shelvi-home-tipe-1-cibeunying-kidul-bandung?redirection_source=landing%20area
Kost Itenas Widyatama Ekuitas 1 Tipe B Cibeunying Kidul Bandung,Rp850.000,Cibeunying Kidul,"3 x 4 meter, Termasuk listrik","Kasur, Lemari / Storage, Ventilasi, Jendela, Bantal","K. Mandi Dalam, Kloset Jongkok, Ember mandi","WiFi, Penjaga Kos, R. Jemur, Dapur, Jemuran, Pengurus Kos, CCTV","Parkir Motor, Parkir Sepeda",,https://mamikos.com/room/kost-kota-bandung-kost-putra-murah-kost-itenas-widyatama-ekuitas-1-tipe-b-cibeunying-kidul-bandung?redirection_source=landing%20area
Kost Elroi Bojong Koneng Atas Cikutra Tipe C Cimenyan Bandung,Rp1.500.000,Cimenyan,"4 x 4 meter, Tidak termasuk listrik","Kasur, Meja, Lemari / Storage, Ventilasi, Jendela, Guling, Cermin, Bantal, Kursi, Kipas Angin","K. Mandi Dalam, Kloset Duduk, Ember mandi, Shower, Air panas","WiFi, Kulkas, R. Tamu, Penjaga Kos, R. Jemur, R. Makan, R. Santai, Dispenser, Dapur, Jemuran","Parkir Motor, Parkir Motor & Sepeda",,https://mamikos.com/room/kost-kabupaten-bandung-kost-putra-eksklusif-kost-elroi-bojong-koneng-atas-cikutra-tipe-c-cimenyan-bandung-2?redirection_source=landing%20area
Kost Rkm Tipe B Cibeunying Kidul Bandung,Rp2.250.000,Cibeunying Kidul,"2.8 x 3 meter, Tidak termasuk listrik","AC, Kasur, Meja, TV, Lemari / Storage, Ventilasi, Jendela, Guling, Cermin, Bantal","K. Mandi Dalam, Kloset Duduk, Shower, Air panas","WiFi, R. Tamu, Penjaga Kos, R. Santai, Jemuran, Pengurus Kos, CCTV, Rooftop, Balcon, TV","Parkir Mobil, Parkir Motor, Parkir Motor & Sepeda",,https://mamikos.com/room/kost-kota-bandung-kost-campur-eksklusif-kost-rkm-tipe-b-cibeunying-kidul-bandung-2?redirection_source=landing%20area
Kost Sidomukti 65 Tipe A Cibeunying Kaler Bandung,Rp950.000,Kecamatan Cibeunying Kaler,"3 x 4 meter, Tidak termasuk listrik",Kasur,"K. Mandi Dalam, Kloset Duduk, Kloset Jongkok, Shower, Air panas","WiFi, R. Makan, Dapur, Jemuran, Pengurus Kos, Rooftop, Balcon","Parkir Mobil, Parkir Motor, Parkir Sepeda, Parkir Motor & Sepeda",,https://mamikos.com/room/kost-kota-bandung-kost-campur-murah-kost-sidomukti-65-tipe-a-cibeunying-kaler-bandung-2?redirection_source=landing%20area
Kost A H Nasution Tipe A Mandalajati Bandung,Rp950.000,Mandalajati,"4 x 4 meter, Tidak termasuk listrik","AC, Kasur, Meja, Lemari / Storage, Ventilasi, Jendela, Kursi, Kipas Angin","K. Mandi Dalam, Kloset Duduk, Shower, Air panas",CCTV,"Parkir Motor, Parkir Sepeda",,https://mamikos.com/room/kost-kota-bandung-kost-campur-eksklusif-kost-a-h-nasution-tipe-a-mandalajati-bandung?redirection_source=landing%20area
Kost Divara Luxury Kamar Utama Cibeunying Kaler Bandung,Rp1.600.000,Kecamatan Cibeunying Kaler,"3 x 3 meter, Tidak termasuk listrik","AC, Kasur, Meja, TV, Lemari / Storage, Ventilasi, Jendela, Bantal, Kursi","K. Mandi Dalam, Kloset Duduk, Shower, Air panas","WiFi, Kulkas, Laundry, Penjaga Kos, R. Jemur, R. Santai, Dapur, Jemuran, CCTV, Kartu Akses","Parkir Motor, Parkir Motor & Sepeda",,https://mamikos.com/room/kost-kota-bandung-kost-campur-eksklusif-kost-divara-luxury-kamar-utama-cibeunying-kaler-bandung-2?redirection_source=landing%20area
Kost Casseyo Tipe B Kiaracondong Bandung,Rp750.000,Kecamatan Kiaracondong,"4 x 5 meter, Tidak termasuk listrik","Ventilasi, Jendela, Dapur Pribadi, Wastafel","K. Mandi Dalam, Kloset Jongkok, Ember mandi","R. Jemur, Jemuran","Parkir Motor, Parkir Sepeda",,https://mamikos.com/room/kost-kota-bandung-kost-campur-murah-kost-casseyo-tipe-b-terusan-jl-jakarta-kecamatan-kiaracondong-bandung?redirection_source=landing%20area
Kost Bengawan 83 Tipe C1 Bandung Wetan Bandung,Rp1.250.000,Kecamatan Bandung Wetan,"3.2 x 3.2 meter, Termasuk listrik","Kasur, Meja, Lemari / Storage, Ventilasi, Jendela, Cermin, Bantal, Kursi, Kipas Angin, Cleaning service","Kloset Duduk, K. Mandi Luar, Shower, Air panas","WiFi, R. Cuci, Kulkas, Mesin Cuci, R. Tamu, Penjaga Kos, R. Jemur, R. Makan, R. Santai, Dispenser","Parkir Mobil, Parkir Motor, Parkir Sepeda",,https://mamikos.com/room/kost-kota-bandung-kost-campur-eksklusif-kost-bengawan-83-tipe-c1-bandung-wetan-bandung-2?redirection_source=landing%20area
Kost Shan House Cimenyan Bandung,Rp1.050.000,Cimenyan,"3 x 3 meter, Tidak termasuk listrik","Kasur, Meja, Lemari / Storage, Ventilasi, Jendela, Guling, Cermin, Bantal, Wastafel, Kursi","K. Mandi Dalam, Kloset Jongkok, Wastafel, Shower","WiFi, R. Tamu, Penjaga Kos, R. Jemur, Dapur, CCTV","Parkir Motor, Parkir Sepeda",,https://mamikos.com/room/kost-kost-campur-eksklusif-kost-shan-house-cimenyan-bandung-1?redirection_source=landing%20area
Kost Bidan Maria 2 Antapani Bandung,Rp850.000,Antapani,"3 x 4 meter, Tidak termasuk listrik","Lemari / Storage, Cleaning service",Ember mandi,"WiFi, R. Jemur, Dapur, Pengurus Kos, CCTV, K. Mandi Luar","Parkir Motor, Parkir Sepeda",,https://mamikos.com/room/kost-bandung-kost-campur-murah-kost-bidan-maria-antapani-bandung?redirection_source=landing%20area
Kost Karambia Cimenyan Bandung,Rp2.250.000,Cimenyan,"3 x 7 meter, Termasuk listrik","Kasur, Meja, Lemari / Storage, Ventilasi, Meja makan, Jendela, Guling, Cermin, Bantal, Wastafel","K. Mandi Dalam, Kloset Duduk, Wastafel, Ember mandi, Shower, Air panas","WiFi, R. Cuci, Kulkas, Mesin Cuci, R. Jemur, R. Santai, Dapur, Jemuran, Rice Cooker, Balcon","Parkir Motor, Parkir Sepeda",,https://mamikos.com/room/kost-kabupaten-bandung-kost-putri-eksklusif-kost-karambia-cimenyan-bandung-2?redirection_source=landing%20area
Kost Elroi Bojong Koneng Atas Cikutra Tipe A Cimenyan Bandung,Rp1.700.000,Cimenyan,"3 x 4 meter, Tidak termasuk listrik","AC, Kasur, Meja, Lemari / Storage, Ventilasi, Jendela, Guling, Cermin, Bantal, Kursi","K. Mandi Dalam, Kloset Duduk, Ember mandi, Shower, Air panas","WiFi, Kulkas, R. Tamu, Penjaga Kos, R. Jemur, R. Makan, R. Santai, Dispenser, Dapur, Jemuran","Parkir Motor, Parkir Motor & Sepeda",,https://mamikos.com/room/kost-kabupaten-bandung-kost-putra-eksklusif-kost-elroi-bojong-koneng-atas-cikutra-tipe-a-cimenyan-bandung?redirection_source=landing%20area
Kost Sumitra Tipe A Cibeunying Kaler Bandung,Rp1.200.000,Kecamatan Cibeunying Kaler,"3 x 2.5 meter, Tidak termasuk listrik","Kasur, Meja, Kursi","K. Mandi Dalam, Kloset Duduk, Shower","WiFi, R. Cuci, R. Jemur, R. Santai",Parkir Motor,,https://mamikos.com/room/kost-kota-bandung-kost-putri-eksklusif-kost-sumitra-tipe-a-cibeunying-kaler-bandung?redirection_source=landing%20area
Kost Bengawan 83 Tipe B Bandung Wetan Bandung,Rp1.350.000,Bandung Wetan,"3.5 x 3.5 meter, Termasuk listrik","Kasur, Meja, Lemari / Storage, Ventilasi, Jendela, Cermin, Bantal, Kursi, Kipas Angin, Cleaning service","Kloset Duduk, K. Mandi Luar, Shower, Air panas","WiFi, R. Cuci, Kulkas, Mesin Cuci, R. Tamu, Penjaga Kos, R. Jemur, R. Makan, R. Santai, Dispenser","Parkir Mobil, Parkir Motor, Parkir Sepeda",,https://mamikos.com/room/kost-kota-bandung-kost-campur-eksklusif-kost-bengawan-83-tipe-b-bandung-wetan-bandung-2?redirection_source=landing%20area
Kost Wisma Amanah Cibeunying kidul Bandung,Rp1.900.000,Cibeunying Kidul,"3 x 5 meter, Termasuk listrik","AC, Kasur, Dispenser, Meja, TV, Meja Rias, Lemari / Storage, Kursi","K. Mandi Dalam, Kloset Duduk, Wastafel, Shower, Air panas","WiFi, Laundry, R. Tamu, Penjaga Kos, R. Makan, R. Santai, Dispenser, Dapur, R. Keluarga, Taman","Parkir Mobil, Parkir Motor, Parkir Sepeda",,https://mamikos.com/room/kost-bandung-kost-campur-eksklusif-kost-wisma-amanah-cibeunying-kidul-bandung-1?redirection_source=landing%20area
Kost Muararajeun Lama 1 Tipe D Cibeunying Kaler Bandung,Rp725.000,Cibeunying Kaler,"3 x 4 meter, Termasuk listrik","Kasur, Meja, Lemari / Storage, Ventilasi, Jendela, Bantal, Wastafel","Kloset Jongkok, K. Mandi Luar, Ember mandi","WiFi, Penjaga Kos, R. Jemur, Jemuran, Jual Makanan, K. Mandi Luar","Parkir Motor, Parkir Sepeda, Parkir Motor & Sepeda",,https://mamikos.com/room/kost-kota-bandung-kost-campur-eksklusif-kost-muararajeun-lama-1-tipe-d-cibeunying-kaler-bandung-2?redirection_source=landing%20area
Kost Rezky Ahmad Yani Kiaracondong Bandung,Rp850.000,Kiaracondong,"3 x 4 meter, Termasuk listrik","Kasur, Lemari / Storage, Jendela","K. Mandi Dalam, Kloset Duduk, Kloset Jongkok, Ember mandi, Shower","WiFi, R. Cuci, R. Tamu, R. Jemur, Dapur, Jemuran, CCTV",Parkir Motor,,https://mamikos.com/room/kost-kota-bandung-kost-campur-murah-kost-rezky-ahmad-yani-kiaracondong-bandung-2?redirection_source=landing%20area
Kost Depok Tipe B Antapani Bandung,Rp1.300.000,Kecamatan Antapani,"4.5 x 4.5 meter, Termasuk listrik","Kasur, Meja, Lemari / Storage, Ventilasi, Jendela, Guling, Cermin, Bantal, Wastafel, Kursi","Kloset Jongkok, K. Mandi Luar, Wastafel, Ember mandi, Shower, Bak mandi","WiFi, R. Cuci, Penjaga Kos, R. Jemur, Dapur, Jemuran, Pengurus Kos, CCTV, Kartu Akses, Locker","Parkir Motor, Parkir Sepeda, Parkir Motor & Sepeda",,https://mamikos.com/room/kost-kota-bandung-kost-campur-eksklusif-kost-depok-tipe-b-antapani-bandung?redirection_source=landing%20area
Kost Pondok Salsabila Tipe 1 Cibeunying Kidul Bandung,Rp750.000,Cibeunying Kidul,"3 x 3 meter, Tidak termasuk listrik","Kasur, Bantal","K. Mandi Dalam, Kloset Jongkok, K. Mandi Luar, Shower","R. Jemur, Mushola, R. Santai, Jemuran, Pengurus Kos, K. Mandi Luar","Parkir Motor, Parkir Sepeda",,https://mamikos.com/room/kost-kota-bandung-kost-campur-murah-kost-pondok-salsabila-tipe-1-cibeunying-kidul-bandung?redirection_source=landing%20area
Kost Baru Cibeunying Kaler Bandung,Rp1.800.000,Kecamatan Cibeunying Kaler,"3 x 4.5 meter, Tidak termasuk listrik","AC, Kasur, Meja, Lemari / Storage, Ventilasi, Jendela, Cermin, Bantal, Kursi","K. Mandi Dalam, Kloset Duduk, Wastafel, Shower, Air panas","WiFi, Kulkas, Laundry, R. Jemur, Dapur, Jemuran, Pengurus Kos, Jual Makanan, CCTV, Rooftop",Parkir Motor & Sepeda,,https://mamikos.com/room/kost-kota-bandung-kost-campur-eksklusif-kost-baru-cibeunying-kaler-bandung-2?redirection_source=landing%20area
Kost Tutu Cibeunying Kidul Bandung,Rp1.000.000,Cibeunying Kidul,"3 x 4 meter, Tidak termasuk listrik","Kasur, Lemari / Storage, Ventilasi, Jendela","K. Mandi Dalam, Kloset Jongkok, Shower","WiFi, R. Santai, Dapur, TV",Parkir Motor,,https://mamikos.com/room/kost-kota-bandung-kost-putri-eksklusif-kost-tutu-cibeunying-kidul-bandung?redirection_source=landing%20area
Kost Keys Co Living Deluxe Balcony Cibeunying Kidul Bandung,Rp2.500.000,Cibeunying Kidul,"3 x 4 meter, Tidak termasuk listrik","AC, Kasur, Meja, Lemari / Storage, microwave, Jendela, Guling, Cermin, Bantal, Kursi","K. Mandi Dalam, Kloset Duduk, Shower, Air panas","WiFi, R. Cuci, Kulkas, Mesin Cuci, Penjaga Kos, R. Jemur, R. Makan, Mushola, Dispenser, Dapur","Parkir Mobil, Parkir Motor",,https://mamikos.com/room/kost-kota-bandung-kost-campur-eksklusif-kost-keys-co-living-deluxe-balcony-cibeunying-kidul-bandung-2?redirection_source=landing%20area
Kost Sindang Sari Tipe B Antapani Bandung,Rp700.000,Antapani,"3 x 4 meter, Termasuk listrik","Kasur, Meja, Lemari / Storage, Ventilasi, Guling, Cermin, Bantal, Wastafel","Kloset Jongkok, K. Mandi Luar, Wastafel, Ember mandi, Bak mandi","WiFi, Laundry, Penjaga Kos, R. Jemur, R. Santai, Dapur, Jemuran, Pengurus Kos, Jual Makanan, CCTV","Parkir Mobil, Parkir Motor, Parkir Sepeda",,https://mamikos.com/room/kost-kota-bandung-kost-putra-murah-kost-sindang-sari-tipe-b-antapani-bandung?redirection_source=landing%20area
Kost Harmoni Abadi Kiaracondong Bandung,Rp700.000,Kecamatan Kiaracondong,"3 x 4 meter, Tidak termasuk listrik","Kasur, Lemari / Storage, Jendela, Bantal","K. Mandi Dalam, Kloset Jongkok, Ember mandi",Taman,"Parkir Motor, Parkir Sepeda, Parkir Motor & Sepeda",,https://mamikos.com/room/kost-kota-bandung-kost-campur-murah-kost-harmoni-abadi-kiaracondong-bandung?redirection_source=landing%20area
Kost Pondok Ina 2 Kiaracondong Bandung,Rp1.600.000,Kiaracondong,"3.9 x 3.3 meter, Tidak termasuk listrik","Kasur, TV, Lemari / Storage, Ventilasi, Jendela, Dapur Pribadi, Bantal, TV Kabel, Wastafel","K. Mandi Dalam, Kloset Duduk, Shower","WiFi, R. Cuci, Laundry, R. Tamu, Penjaga Kos, R. Jemur, R. Makan, Mushola, R. Santai, Jemuran","Parkir Mobil, Parkir Motor, Parkir Sepeda, Parkir Motor & Sepeda",,https://mamikos.com/room/kost-kota-bandung-kost-campur-eksklusif-kost-pondok-ina-2-kiaracondong-bandung-2?redirection_source=landing%20area
Kost Batik Ayu Cibeunying Kaler Bandung,Rp1.300.000,Cibeunying Kaler,"3 x 4 meter, Termasuk listrik","Kasur, Meja, Lemari / Storage, Ventilasi, Jendela, Cermin, Bantal, Kursi","K. Mandi Dalam, Kloset Duduk, Shower","WiFi, Kulkas, R. Tamu, R. Jemur, R. Santai, Dapur, Jemuran","Parkir Mobil, Parkir Motor, Parkir Sepeda",,https://mamikos.com/room/kost-bandung-kost-putra-eksklusif-kost-batik-ayu-cibeunying-kaler-bandung?redirection_source=landing%20area
Kost Elroi Bojong Koneng Atas Cikutra Tipe B Cimenyan Bandung,Rp1.600.000,Cimenyan,"3 x 4 meter, Tidak termasuk listrik","AC, Kasur, Meja, Lemari / Storage, Ventilasi, Jendela, Guling, Cermin, Bantal, Kursi","K. Mandi Dalam, Kloset Duduk, Ember mandi, Shower, Air panas","WiFi, Kulkas, R. Tamu, Penjaga Kos, R. Jemur, R. Makan, R. Santai, Dispenser, Dapur, Jemuran","Parkir Motor, Parkir Motor & Sepeda",,https://mamikos.com/room/kost-kabupaten-bandung-kost-putra-eksklusif-kost-elroi-bojong-koneng-atas-cikutra-tipe-b-cimenyan-bandung?redirection_source=landing%20area
Kost Ibu Ria Bekatonik Cibeunying Kidul Bandung,Rp600.000,Cibeunying Kidul,"3 x 4 meter, Termasuk listrik","Kasur, Meja, Lemari / Storage, Kursi","Kloset Jongkok, K. Mandi Luar, Ember mandi, Air panas, Bak mandi","WiFi, R. Cuci, R. Tamu, Penjaga Kos, R. Jemur, R. Santai, Dapur, Balcon, R. Keluarga, K. Mandi Luar","Parkir Motor, Parkir Sepeda",,https://mamikos.com/room/kost-kota-bandung-kost-putri-murah-kost-ibu-ria-bekatonik-cibeunying-kidul-bandung?redirection_source=landing%20area
Kost Orange Tipe D Cikondang Coblong Bandung,Rp900.000,Coblong,"4 x 5 meter, Termasuk listrik","Kasur, Meja, Lemari / Storage, TV Kabel, Kursi","K. Mandi Dalam, Kloset Jongkok, Ember mandi","WiFi, Kulkas, R. Jemur, Dispenser, Dapur, CCTV, Balcon, TV",Parkir Motor,,https://mamikos.com/room/kost-kota-bandung-kost-campur-murah-kost-orange-tipe-d-cikondang-coblong-bandung?redirection_source=landing%20area
Kost Anyer Batununggal Bandung,Rp750.000,Kecamatan Batununggal,"3 x 3 meter, Termasuk listrik","Kasur, Guling, Bantal","Kloset Duduk, K. Mandi Luar, Bak mandi","WiFi, R. Jemur, Dispenser, Dapur, Jemuran, K. Mandi Luar","Parkir Mobil, Parkir Motor, Parkir Sepeda",,https://mamikos.com/room/kost-kota-bandung-kost-putri-murah-kost-anyer-batununggal-bandung?redirection_source=landing%20area
Kost Amanda Tipe A Antapani Bandung,Rp1.600.000,Kecamatan Antapani,"3 x 3 meter, Tidak termasuk listrik","AC, Kasur, Meja, Lemari / Storage, Ventilasi, Jendela, Guling, Bantal","K. Mandi Dalam, Kloset Duduk, Shower","WiFi, Kulkas, R. Tamu, Dispenser, Dapur, Jemuran, Pengurus Kos, CCTV",Parkir Motor,,https://mamikos.com/room/kost-kota-bandung-kost-putri-eksklusif-kost-amanda-tipe-a-antapani-bandung?redirection_source=landing%20area
Kost Griya Asri 2 Cibeunying Kaler Bandung,Rp1.700.000,Cibeunying Kaler,"3 x 4 meter, Tidak termasuk listrik","AC, Kasur, Meja, Lemari / Storage, Jendela, Guling, Cermin, Bantal, Kursi","K. Mandi Dalam, Kloset Duduk, K. Mandi Luar, Ember mandi, Shower","WiFi, R. Cuci, Kulkas, Mesin Cuci, Penjaga Kos, R. Jemur, R. Makan, Mushola, R. Santai, Dispenser",Parkir Motor & Sepeda,,https://mamikos.com/room/kost-kota-bandung-kost-campur-eksklusif-kost-griya-asri-2-cibeunying-kaler-bandung?redirection_source=landing%20area
Kost Muararajeun Lama 2 Tipe C Cibeunying Kaler Bandung,Rp850.000,Cibeunying Kaler,"3 x 3 meter, Termasuk listrik","Kasur, Meja, Lemari / Storage, Ventilasi, Jendela, Bantal","Kloset Jongkok, K. Mandi Luar, Ember mandi","WiFi, R. Cuci, R. Jemur, Dapur, Jemuran, Pengurus Kos, Jual Makanan, CCTV, K. Mandi Luar","Parkir Motor, Parkir Sepeda, Parkir Motor & Sepeda",,https://mamikos.com/room/kost-kota-bandung-kost-campur-eksklusif-kost-muararajeun-lama-2-tipe-c-cibeunying-kaler-bandung?redirection_source=landing%20area
Kost Nevy Tipe A Cibeunying Kidul Bandung,Rp550.000,Kecamatan Cibeunying Kidul,"3 x 4 meter, Termasuk listrik","Kasur, Lemari / Storage, Jendela, Bantal","Kloset Jongkok, K. Mandi Luar, Ember mandi, Bak mandi","WiFi, Penjaga Kos, Dispenser, Jemuran, Pengurus Kos, CCTV, K. Mandi Luar","Parkir Motor, Parkir Sepeda, Parkir Motor & Sepeda",,https://mamikos.com/room/kost-kota-bandung-kost-putra-murah-kost-nevy-tipe-a-cibeunying-kidul-bandung-2?redirection_source=landing%20area
Kost Tatnjung Tipe C Bandung Wetan Bandung,Rp1.700.000,Bandung Wetan,"4 x 4 meter, Termasuk listrik","AC, Kasur, Meja, Meja Rias, Lemari / Storage, Kursi","Kloset Duduk, K. Mandi Luar, Wastafel, Shower, Air panas","WiFi, Kulkas, R. Jemur, R. Makan, R. Santai, Dispenser, Dapur, TV","Parkir Mobil, Parkir Motor, Parkir Sepeda",,https://mamikos.com/room/kost-kota-bandung-kost-campur-eksklusif-kost-tatnjung-tipe-c-bandung-wetan-bandung?redirection_source=landing%20area
Kost Pondok Shinta Tipe B Cibeunying Kaler Bandung,Rp700.000,Kecamatan Cibeunying Kaler,"3 x 4 meter, Termasuk listrik","Kasur, Lemari / Storage","Kloset Jongkok, K. Mandi Luar, Ember mandi","WiFi, Penjaga Kos, Dapur, Jemuran, Pengurus Kos, CCTV, Balcon, K. Mandi Luar","Parkir Motor, Parkir Sepeda",,https://mamikos.com/room/kost-kota-bandung-kost-campur-murah-pondok-shinta-tipe-b-cibeunying-kaler-bandung-1?redirection_source=landing%20area
Kost Sulaksana Tipe A Kiaracondong Bandung,Rp700.000,Kecamatan Kiaracondong,"3 x 3 meter, Termasuk listrik","Kasur, Meja, Lemari / Storage, Jendela, Cermin, Bantal, Kursi","Kloset Jongkok, K. Mandi Luar, Ember mandi","WiFi, R. Cuci, R. Tamu, R. Jemur, Dapur, Jemuran, Pengurus Kos, CCTV, Taman, TV","Parkir Motor, Parkir Sepeda",,https://mamikos.com/room/kost-kota-bandung-kost-putra-murah-kost-sulaksana-tipe-a-kiaracondong-bandung-2?redirection_source=landing%20area
Kost Asrama Cibeunying Kaler Bandung,Rp250.000,Kecamatan Cibeunying Kaler,"3 x 4 meter, Termasuk listrik","Kasur, Bantal","K. Mandi Dalam, Kloset Jongkok, Wastafel","WiFi, Kulkas, R. Jemur, R. Santai, Dispenser, Dapur, Jemuran, CCTV",,,https://mamikos.com/room/kost-kota-bandung-kost-putri-murah-kost-asrama-cibeunying-kaler-bandung-1?redirection_source=landing%20area
Kost Samz Cibeunying Kidul Bandung,Rp700.000,Cibeunying Kidul,"2.5 x 2.5 meter, Termasuk listrik","Kasur, Dispenser, Meja, Lemari / Storage, Kursi, Kipas Angin","Kloset Jongkok, K. Mandi Luar, Wastafel, Ember mandi, Shower","WiFi, R. Tamu, R. Jemur, Dapur","Parkir Motor, Parkir Sepeda",,https://mamikos.com/room/kost-kota-bandung-kost-putri-eksklusif-kost-samz-cibeunying-kidul-bandung?redirection_source=landing%20area
Kost Atlas Kiaracondong Bandung,Rp850.000,Kiaracondong,"3 x 3 meter, Tidak termasuk listrik",,K. Mandi Dalam,WiFi,Parkir Mobil,,https://mamikos.com/room/kost-bandung-kost-campur-murah-kost-atlas-kiaracondong-bandung?redirection_source=landing%20area
Kost Strategis Batununggal Bandung,Rp750.000,Batununggal,"3 x 3 meter, Tidak termasuk listrik","Kasur, Meja, TV, Lemari / Storage, Ventilasi, Jendela, Guling, Bantal","Kloset Jongkok, K. Mandi Luar, Ember mandi","WiFi, R. Jemur, Pengurus Kos, TV, K. Mandi Luar","Parkir Motor, Parkir Sepeda",,https://mamikos.com/room/kost-bandung-kost-campur-eksklusif-kost-strategis-batununggal-bandung-1?redirection_source=landing%20area
Kost Antapani Cikajang Tipe Single Antapani Bandung,Rp1.650.000,Kecamatan Antapani,"3 x 3 meter, Tidak termasuk listrik","AC, Kasur, Meja, Lemari / Storage, Ventilasi, Jendela, Guling, Cermin, Bantal, Wastafel","K. Mandi Dalam, Kloset Duduk, Wastafel, Shower, Air panas","WiFi, Kulkas, R. Tamu, Penjaga Kos, R. Jemur, R. Makan, Dispenser, Dapur, Jemuran, Pengurus Kos",Parkir Motor & Sepeda,,https://mamikos.com/room/kost-kota-bandung-kost-campur-eksklusif-kost-antapani-cikajang-tipe-single-antapani-bandung?redirection_source=landing%20area
Kost Razzaaq Mandalajati Bandung,Rp750.000,Mandalajati,"3 x 3 meter, Termasuk listrik","Kasur, Lemari / Storage, Bantal","Kloset Jongkok, K. Mandi Luar, Ember mandi","WiFi, Penjaga Kos, R. Jemur, Jemuran, CCTV, Balcon, K. Mandi Luar","Parkir Motor, Parkir Sepeda",,https://mamikos.com/room/kost-kota-bandung-kost-campur-murah-kost-razzaaq-mandalajati-bandung-2?redirection_source=landing%20area
Kost Depok Tipe A Antapani Bandung,Rp700.000,Antapani,"3 x 4 meter, Termasuk listrik","Kasur, Meja, Lemari / Storage, Ventilasi, Jendela, Guling, Cermin, Bantal, Wastafel","Kloset Jongkok, K. Mandi Luar, Wastafel, Ember mandi, Shower, Bak mandi","WiFi, R. Cuci, Laundry, R. Tamu, Penjaga Kos, R. Jemur, R. Santai, Dapur, Jemuran, Pengurus Kos","Parkir Mobil, Parkir Motor, Parkir Sepeda",,https://mamikos.com/room/kost-kota-bandung-kost-putra-murah-kost-depok-tipe-a-antapani-bandung?redirection_source=landing%20area
Kost Executive Home Stay Syariah Tipe A Antapani Bandung,Rp1.000.000,Antapani,"3 x 4 meter, Termasuk listrik","AC, Kasur, Dispenser, Meja, TV, Meja Rias, Lemari / Storage, Kulkas, Ventilasi, microwave","K. Mandi Dalam, Kloset Duduk, Kloset Jongkok, K. Mandi Luar, Wastafel, Ember mandi, Shower, Air panas, Bak mandi","WiFi, R. Cuci, Kulkas, Mesin Cuci, Laundry, R. Tamu, Penjaga Kos, R. Jemur, R. Makan, Mushola","Parkir Mobil, Parkir Motor, Parkir Sepeda, Parkir Motor & Sepeda",,https://mamikos.com/room/kost-kota-bandung-kost-campur-eksklusif-kost-executive-home-stay-syariah-tipe-a-antapani-bandung-2?redirection_source=landing%20area
Kost Bu Sur Tipe C Cibeunying Kidul Bandung,Rp700.000,Cibeunying Kidul,"3 x 3 meter, Termasuk listrik","Kasur, Meja, Lemari / Storage, Jendela, Cermin, Bantal, Kursi","Kloset Duduk, Kloset Jongkok, K. Mandi Luar, Ember mandi, Shower, Bak mandi","WiFi, R. Jemur, R. Santai, Dispenser, Dapur, Jemuran, Pengurus Kos, Balcon, Taman, TV","Parkir Motor, Parkir Sepeda",,https://mamikos.com/room/kost-kota-bandung-kost-putri-murah-kost-bu-sur-tipe-c-cibeunying-kidul-bandung-2?redirection_source=landing%20area
Kost Cikutra Nyaman 2 Cibeunying Kaler Bandung,Rp700.000,Cibeunying Kaler,"3 x 3 meter, Tidak termasuk listrik","Meja, Lemari / Storage, Cleaning service","K. Mandi Dalam, Kloset Jongkok, Ember mandi","WiFi, Jemuran, CCTV",Parkir Motor,,https://mamikos.com/room/kost-kota-bandung-kost-campur-murah-kost-cikutra-nyaman-2-cibeunying-kaler-bandung?redirection_source=landing%20area
Kost Saung Bambu Muda Tipe B Cibeunying Kaler Bandung,Rp1.350.000,Cibeunying Kaler,"3.2 x 2.5 meter, Termasuk listrik","Kasur, Meja, Lemari / Storage, Ventilasi, Jendela, Guling, Cermin, Bantal, Kursi","Kloset Duduk, K. Mandi Luar, Wastafel, Ember mandi, Shower, Air panas","WiFi, Kulkas, Mesin Cuci, R. Jemur, R. Santai, Dapur, Jemuran, Rice Cooker, Taman, K. Mandi Luar",Parkir Motor & Sepeda,,https://mamikos.com/room/kost-kota-bandung-kost-putri-eksklusif-kost-saung-bambu-muda-tipe-b-cibeunying-kaler-bandung-2?redirection_source=landing%20area
Kost Rereng Barong Cibeunying Kaler Bandung,Rp900.000,Cibeunying Kaler,"3 x 3 meter, Tidak termasuk listrik","Kasur, Meja, Lemari / Storage, Kursi","Kloset Duduk, K. Mandi Luar, Shower","WiFi, Kulkas, R. Tamu, R. Jemur, R. Makan, Dispenser, Dapur, R. Keluarga, TV, K. Mandi Luar",Parkir Motor,,https://mamikos.com/room/kost-bandung-kost-putri-murah-kost-rereng-barong-cibeunying-kaler-bandung-1?redirection_source=landing%20area
Kost Alshab Tipe C Cimenyan Bandung,Rp775.000,Cimenyan,"3 x 4 meter, Tidak termasuk listrik","Kasur, Lemari / Storage, Ventilasi, Jendela, Bantal","K. Mandi Dalam, Kloset Jongkok, Ember mandi, Shower","WiFi, R. Jemur, Dapur, Jemuran, Pengurus Kos",Parkir Motor,,https://mamikos.com/room/kost-kabupaten-bandung-kost-campur-eksklusif-kost-alshab-tipe-c-cimenyan-bandung?redirection_source=landing%20area
Kost Galuh Kencana Cibeunying Kaler Bandung,Rp600.000,Kecamatan Cibeunying Kaler,"3 x 3 meter, Tidak termasuk listrik","Kasur, Meja, Lemari / Storage, Ventilasi, Jendela, Cermin","Kloset Jongkok, K. Mandi Luar, Ember mandi","WiFi, R. Cuci, R. Jemur, Dapur, Jemuran, CCTV","Parkir Motor, Parkir Sepeda, Parkir Motor & Sepeda",,https://mamikos.com/room/kost-kota-bandung-kost-putra-murah-kost-galuh-kencana-cibeunying-kaler-bandung-2?redirection_source=landing%20area
Kost Kumeli 30 Standart Cibeunying Kaler Bandung,Rp950.000,Kecamatan Cibeunying Kaler,"3 x 4 meter, Termasuk listrik","Kasur, Meja, Lemari / Storage, Jendela, Guling, Bantal, Kursi","Kloset Duduk, K. Mandi Luar, Shower","WiFi, Kulkas, Mesin Cuci, Laundry, R. Tamu, Penjaga Kos, R. Jemur, R. Makan, Dispenser, Dapur",Parkir Motor,,https://mamikos.com/room/kost-kota-bandung-kost-putri-murah-kost-kumeli-30-standart-cibeunying-kaler-bandung-1?redirection_source=landing%20area
Kost Reigna Stay Cibeunying Kaler Bandung,Rp2.000.000,Kecamatan Cibeunying Kaler,"3.5 x 4.5 meter, Tidak termasuk listrik","Kasur, Dispenser, Meja, Lemari / Storage, Ventilasi, Jendela, Dapur Pribadi, Bantal, Wastafel, Kursi","K. Mandi Dalam, Kloset Duduk, Shower","Dispenser, Dapur, Jemuran, Pengurus Kos, CCTV","Parkir Mobil, Parkir Motor, Parkir Sepeda",,https://mamikos.com/room/kost-kota-bandung-kost-campur-eksklusif-kost-reigna-stay-cibeunying-kaler-bandung-2?redirection_source=landing%20area
Kost Boarding House Naga Malim Tipe D Cibeunying Kidul Bandung,Rp750.000,Cibeunying Kidul,"3 x 3 meter, Tidak termasuk listrik",Jendela,Kloset Jongkok,"R. Santai, Dapur, Pengurus Kos, CCTV, K. Mandi Luar","Parkir Motor, Parkir Sepeda",,https://mamikos.com/room/kost-bandung-kost-campur-murah-kost-boarding-house-naga-malim-cibeunying-kidul-bandung-1?redirection_source=landing%20area
Kost Sunrise Tipe A Cibeunying Kidul Bandung,Rp575.000,Cibeunying Kidul,"2.5 x 3 meter, Termasuk listrik","Kasur, Lemari / Storage, Ventilasi, Jendela, Bantal","Kloset Jongkok, K. Mandi Luar, Ember mandi","WiFi, R. Jemur, Dispenser, Dapur, Jemuran, K. Mandi Luar","Parkir Motor, Parkir Sepeda",,https://mamikos.com/room/kost-kota-bandung-kost-putri-murah-kost-sunrise-tipe-a-cibeunying-kidul-bandung?redirection_source=landing%20area
Kost Murba Satu Tipe A Cibeunying Kaler Bandung,Rp700.000,Cibeunying Kaler,"3 x 3 meter, Tidak termasuk listrik","Kasur, Meja, Lemari / Storage, Ventilasi, Jendela","Kloset Jongkok, K. Mandi Luar, Bak mandi","R. Cuci, R. Jemur, Dapur, Pengurus Kos, K. Mandi Luar","Parkir Motor, Parkir Sepeda",,https://mamikos.com/room/kost-kota-bandung-kost-campur-murah-kost-murba-satu-tipe-a-cibeunying-kaler-bandung?redirection_source=landing%20area
Kost Sofy Tipe A Mandalajati Bandung,Rp650.000,Kecamatan Mandalajati,"3 x 4 meter, Tidak termasuk listrik","Ventilasi, Jendela, Dapur Pribadi","K. Mandi Dalam, Kloset Jongkok, Ember mandi","WiFi, R. Jemur, Dapur, CCTV",Parkir Motor,,https://mamikos.com/room/kost-kota-bandung-kost-putri-murah-kost-sofy-tipe-a-mandalajati-bandung?redirection_source=landing%20area
Kost Pondok Shinta Tipe A Cibeunying Kaler Bandung,Rp850.000,Kecamatan Cibeunying Kaler,"3 x 4 meter, Termasuk listrik","Kasur, Lemari / Storage","K. Mandi Dalam, Kloset Jongkok, Ember mandi","WiFi, Penjaga Kos, Dapur, Jemuran, Pengurus Kos, CCTV, Balcon, K. Mandi Luar","Parkir Motor, Parkir Sepeda",,https://mamikos.com/room/kost-kota-bandung-kost-campur-murah-kost-pondok-shinta-tipe-a-cibeunying-kaler-bandung?redirection_source=landing%20area
Kost Studio G4 Tipe A Cibeunying Kaler Bandung,Rp850.000,Kecamatan Cibeunying Kaler,"3 x 3 meter, Termasuk listrik","Kasur, Meja, Lemari / Storage, Ventilasi, Jendela, Guling, Bantal, Kursi","Kloset Jongkok, K. Mandi Luar, Wastafel, Ember mandi","WiFi, R. Tamu, R. Jemur, R. Makan, R. Santai, Dapur, Jemuran, Rice Cooker, K. Mandi Luar","Parkir Motor, Parkir Sepeda",,https://mamikos.com/room/kost-kota-bandung-kost-putra-eksklusif-kost-studio-g4-tipe-a-cibeunying-kaler-bandung-2?redirection_source=landing%20area
Kost Moluska By Ibu Susi Tipe A Cibeunying Kidul Bandung,Rp600.000,Cibeunying Kidul,"3 x 2 meter, Termasuk listrik","Kasur, Bantal","Kloset Jongkok, Shower","WiFi, R. Cuci, R. Tamu, R. Jemur, R. Makan, R. Santai, Dispenser, Dapur, Jemuran, Rice Cooker",,,https://mamikos.com/room/kost-kota-bandung-kost-putri-murah-kost-moluska-by-ibu-susi-tipe-a-cibeunying-kidul-bandung?redirection_source=landing%20area
Kost Awiligar 54 Tipe B Cibeunying Cimenyan Bandung,Rp750.000,Cimenyan,"3 x 3.5 meter, Termasuk listrik","Kasur, Meja, Lemari / Storage","Kloset Jongkok, K. Mandi Luar, Ember mandi, Bak mandi","WiFi, R. Cuci, R. Jemur, Dapur",Parkir Motor,,https://mamikos.com/room/kost-kabupaten-bandung-kost-putra-murah-kost-awiligar-54-tipe-b-cibeunying-cimenyan-bandung?redirection_source=landing%20area
Kost Nyaman Murah Cimenyan Bandung,Rp600.000,Kecamatan Cimenyan,"3 x 3 meter, Termasuk listrik",Kasur,"Kloset Jongkok, K. Mandi Luar, Ember mandi","WiFi, R. Jemur, Pengurus Kos, CCTV",Parkir Motor & Sepeda,,https://mamikos.com/room/kost-kabupaten-bandung-kost-campur-murah-kost-nyaman-murah-cimenyan-bandung?redirection_source=landing%20area
Kost Dmt Cicadas Batununggal Bandung,Rp500.000,Kecamatan Batununggal,"3 x 4 meter, Tidak termasuk listrik","Kasur, Lemari / Storage, Ventilasi, Jendela, Cermin, Bantal","Kloset Jongkok, Ember mandi, Bak mandi","WiFi, R. Cuci, Penjaga Kos, R. Jemur, Mushola, Dispenser, Dapur, Pengurus Kos, CCTV, Taman","Parkir Motor, Parkir Sepeda, Parkir Motor & Sepeda",,https://mamikos.com/room/kost-kota-bandung-kost-putri-murah-kost-dmt-cicadas-batununggal-bandung?redirection_source=landing%20area
Kost Komplek Puri Indah Jatinangor Sumedang,Rp900.000,Jatinangor,"3 x 3 meter, Tidak termasuk listrik","Kasur, Meja, Lemari / Storage, Jendela","K. Mandi Dalam, Kloset Duduk, Shower","R. Tamu, Dapur, Jemuran, Taman, K. Mandi Luar",Parkir Mobil,,https://mamikos.com/room/kost-kabupaten-sumedang-kost-campur-murah-kost-komplek-puri-indah-jatinangor-sumedang?redirection_source=landing%20area
Kost Mahameru Co Living Deluxe Cibeunying Kidul Bandung,Rp1.350.000,Kecamatan Cibeunying Kidul,"3 x 3 meter, Tidak termasuk listrik","Kasur, Meja, Lemari / Storage, Jendela, Guling, Bantal, Kursi, Kipas Angin","Kloset Duduk, Kloset Jongkok, K. Mandi Luar, Wastafel, Shower, Air panas","WiFi, R. Cuci, Kulkas, Penjaga Kos, R. Jemur, R. Santai, Dispenser, Dapur, Jemuran, Pengurus Kos","Parkir Mobil, Parkir Motor & Sepeda",,https://mamikos.com/room/kost-kota-bandung-kost-campur-eksklusif-kost-mahameru-co-living-deluxe-cibeunying-kidul-bandung?redirection_source=landing%20area
Kost Bapak Saimin Cibeunying Kidul Bandung,Rp800.000,Cibeunying Kidul,"3 x 4 meter, Termasuk listrik","Kasur, Meja, Lemari / Storage, Ventilasi, Jendela, Bantal, Kursi","K. Mandi Dalam, Kloset Jongkok, Ember mandi","WiFi, R. Cuci, R. Jemur, Jual Makanan, Balcon, K. Mandi Luar","Parkir Motor, Parkir Sepeda",,https://mamikos.com/room/kost-kota-bandung-kost-campur-murah-kost-bapak-saimin-cibeunying-kidul-bandung?redirection_source=landing%20area
Kost Muararajeun Lama 1 Tipe A Cibeunying Kaler Bandung,Rp885.000,Cibeunying Kaler,"3 x 4 meter, Termasuk listrik","Kasur, Meja, Lemari / Storage, Ventilasi, Jendela, Cermin, Bantal","K. Mandi Dalam, Kloset Duduk, Ember mandi","WiFi, R. Cuci, Penjaga Kos, R. Jemur, Jemuran, Pengurus Kos, CCTV","Parkir Motor, Parkir Sepeda, Parkir Motor & Sepeda",,https://mamikos.com/room/kost-kota-bandung-kost-campur-eksklusif-kost-muararajeun-lama-1-tipe-a-cibeunying-kaler-bandung?redirection_source=landing%20area
Kost Pak Slamet Tipe A Antapani Bandung,Rp450.000,Antapani,"3 x 2 meter, Termasuk listrik","Kasur, Lemari / Storage","Kloset Jongkok, K. Mandi Luar, Ember mandi","R. Jemur, Dispenser, Dapur","Parkir Motor, Parkir Sepeda",,https://mamikos.com/room/kost-kota-bandung-kost-putri-eksklusif-kost-pak-slamet-tipe-a-antapani-bandung?redirection_source=landing%20area
Kost Alshab Tipe A Cimenyan Bandung,Rp775.000,Cimenyan,"3 x 4 meter, Tidak termasuk listrik","Kasur, Lemari / Storage, Ventilasi, Jendela, Bantal","K. Mandi Dalam, Kloset Jongkok, Ember mandi, Shower","WiFi, R. Jemur, Dapur, Jemuran, Pengurus Kos",Parkir Motor,,https://mamikos.com/room/kost-kabupaten-bandung-kost-campur-eksklusif-kost-alshab-tipe-a-cimenyan-bandung?redirection_source=landing%20area
Kost Little Spring Rooms Tipe A Antapani Bandung,Rp2.000.000,Kecamatan Antapani,"3 x 3 meter, Termasuk listrik","AC, Kasur, Meja, Jendela, Guling, Cermin, Bantal, Sofa, Kursi","K. Mandi Dalam, Kloset Duduk, Ember mandi, Shower, Air panas","WiFi, Kulkas, R. Tamu, Penjaga Kos, R. Jemur, R. Makan, R. Santai, Dispenser, Jemuran, CCTV","Parkir Mobil, Parkir Motor, Parkir Sepeda, Parkir Motor & Sepeda",,https://mamikos.com/room/kost-kota-bandung-kost-putri-eksklusif-kost-little-spring-rooms-tipe-a-antapani-bandung?redirection_source=landing%20area
Kost 19C Tipe E Kiaracondong Bandung,Rp4.250.000,Kecamatan Kiaracondong,"5 x 4 meter, Termasuk listrik","AC, Kasur, Dispenser, Meja, TV, Lemari / Storage, Kulkas, Ventilasi, Meja makan, Jendela","K. Mandi Dalam, Kloset Duduk, Wastafel, Shower, Air panas","WiFi, Penjaga Kos, R. Jemur, Jemuran, Pengurus Kos, CCTV, Taman","Parkir Mobil, Parkir Motor, Parkir Sepeda, Parkir Motor & Sepeda",,https://mamikos.com/room/kost-kota-bandung-kost-campur-eksklusif-kost-19c-tipe-e-kiaracondong-bandung?redirection_source=landing%20area
Kost Executive Home Stay Syariah Executive Family Antapani Bandung,Rp760.000,Antapani,"3 x 4 meter, Termasuk listrik","AC, Kasur, Dispenser, Meja, TV, Meja Rias, Lemari / Storage, Kulkas, Ventilasi, microwave","K. Mandi Dalam, Kloset Duduk, Kloset Jongkok, K. Mandi Luar, Wastafel, Ember mandi, Shower, Air panas, Bak mandi","WiFi, R. Cuci, Kulkas, Mesin Cuci, Laundry, R. Tamu, Penjaga Kos, R. Jemur, R. Makan, Mushola","Parkir Mobil, Parkir Motor, Parkir Sepeda, Parkir Motor & Sepeda",,https://mamikos.com/room/kost-kota-bandung-kost-campur-eksklusif-kost-executive-home-stay-syariah-executive-family-antapani-bandung?redirection_source=landing%20area
Kost She House Cikutra Bandung,Rp650.000,Cibeunying Kaler,"3 x 3 meter, Termasuk listrik","Kasur, Meja, Lemari / Storage, Kursi","Kloset Jongkok, K. Mandi Luar, Bak mandi","WiFi, R. Jemur, Dapur, K. Mandi Luar","Parkir Motor, Parkir Sepeda",,https://mamikos.com/room/kost-bandung-kost-putra-murah-kost-she-house-cikutra-bandung?redirection_source=landing%20area
Kost Pondok Audit Double Deluxe Cimenyan Bandung,Rp1.350.000,Cimenyan,"4 x 4 meter, Termasuk listrik","Kasur, Meja, Jendela, Cermin, Bantal, Kursi","Kloset Duduk, K. Mandi Luar, Ember mandi, Shower, Air panas","WiFi, R. Cuci, Kulkas, Mesin Cuci, R. Tamu, Penjaga Kos, R. Jemur, R. Santai, Dispenser, Dapur","Parkir Motor, Parkir Sepeda, Parkir Motor & Sepeda",,https://mamikos.com/room/kost-kabupaten-bandung-kost-putri-eksklusif-kost-pondok-audit-double-deluxe-cimenyan-bandung?redirection_source=landing%20area
Kost Murba 2 Cibeunying Kaler Bandung,Rp1.000.000,Kecamatan Cibeunying Kaler,"3 x 3 meter, Termasuk listrik","Kasur, Meja, Lemari / Storage, Ventilasi, Jendela, Bantal","Kloset Jongkok, K. Mandi Luar, Ember mandi","WiFi, R. Cuci, Kulkas, R. Jemur, Dapur, Jemuran, Pengurus Kos, CCTV, Balcon, Taman","Parkir Motor, Parkir Sepeda, Parkir Motor & Sepeda",,https://mamikos.com/room/kost-kota-bandung-kost-campur-eksklusif-kost-murba-2-cibeunying-kaler-bandung?redirection_source=landing%20area
Kost Mahameru Co Living Suite Cibeunying Kidul Bandung,Rp2.500.000,Kecamatan Cibeunying Kidul,"3 x 4 meter, Tidak termasuk listrik","AC, Kasur, Dispenser, Meja, TV, Lemari / Storage, Jendela, Guling, Cermin, Bantal","Kloset Duduk, Kloset Jongkok, K. Mandi Luar, Wastafel, Shower, Air panas","WiFi, R. Cuci, Kulkas, Penjaga Kos, R. Jemur, R. Santai, Dispenser, Dapur, Jemuran, Pengurus Kos","Parkir Mobil, Parkir Motor & Sepeda",,https://mamikos.com/room/kost-kota-bandung-kost-campur-eksklusif-kost-mahameru-co-living-suite-cibeunying-kidul-bandung?redirection_source=landing%20area
Kost Rizal Cimenyan Bandung,Rp1.200.000,Kecamatan Cimenyan,"3 x 4 meter, Tidak termasuk listrik","Kasur, Lemari / Storage, Jendela, Dapur Pribadi","K. Mandi Dalam, Kloset Duduk, Wastafel, Ember mandi, Shower",Dapur,Parkir Motor,,https://mamikos.com/room/kost-kabupaten-bandung-kost-putri-eksklusif-kost-rizal-cimenyan-bandung?redirection_source=landing%20area
Kost Galuh Putriana Cibeunying Kidul Bandung,Rp750.000,Kecamatan Cibeunying Kidul,"3 x 4 meter, Tidak termasuk listrik","Kasur, Jendela",Ember mandi,"Penjaga Kos, Jemuran, Pengurus Kos, Jual Makanan, Balcon, Gazebo","Parkir Motor, Parkir Sepeda, Parkir Motor & Sepeda",,https://mamikos.com/room/kost-kota-bandung-kost-campur-murah-kost-galuh-putriana-cibeunying-kidul-bandung?redirection_source=landing%20area
Kost Awiligar 54 Tipe A Cibeunying Cimenyan Bandung,Rp600.000,Cimenyan,"3 x 3 meter, Termasuk listrik","Kasur, Meja, Lemari / Storage","Kloset Jongkok, K. Mandi Luar, Ember mandi, Bak mandi","WiFi, R. Jemur, Dapur, Jemuran",Parkir Motor,,https://mamikos.com/room/kost-bandung-kost-putra-murah-kost-awiligar-54-tipe-a-cibeunying-cimenyan-bandung?redirection_source=landing%20area
Kost Bu Gundari Tipe A Cibeunying Kidul Bandung,Rp500.000,Kecamatan Cibeunying Kidul,"3 x 4 meter, Tidak termasuk listrik","Kasur, Meja, Lemari / Storage, Ventilasi, Jendela","K. Mandi Dalam, Kloset Duduk, Kloset Jongkok, K. Mandi Luar, Ember mandi","WiFi, R. Jemur, Dapur, Jemuran, CCTV, Balcon, K. Mandi Luar","Parkir Motor, Parkir Sepeda, Parkir Motor & Sepeda",,https://mamikos.com/room/kost-kota-bandung-kost-campur-murah-kost-bu-gundari-tipe-a-cibeunying-kidul-bandung?redirection_source=landing%20area
Kost Palm Bridge Tipe A Cimenyan Bandung,Rp850.000,Cimenyan,"3 x 2.7 meter, Termasuk listrik","Kasur, Meja, Lemari / Storage","Kloset Duduk, K. Mandi Luar, Ember mandi","WiFi, Mesin Cuci, R. Tamu, R. Jemur, R. Santai, Balcon","Parkir Motor, Parkir Sepeda",,https://mamikos.com/room/kost-bandung-kost-putra-murah-kost-palm-bridge-tipe-a-cimenyan-bandung-2?redirection_source=landing%20area
Kost Mahasiswa Murah Widyatama Tipe Besar Cibeunying Kidul Bandung,Rp1.000.000,Kecamatan Cibeunying Kidul,"3 x 4 meter, Termasuk listrik","Kasur, Meja, Lemari / Storage, Ventilasi, Jendela, Cermin, Kursi","Kloset Duduk, Kloset Jongkok, K. Mandi Luar, Ember mandi, Bak mandi","WiFi, R. Cuci, R. Jemur, Mushola, Dispenser, Dapur, Jemuran, Pengurus Kos, Balcon, Gazebo","Parkir Motor, Parkir Sepeda, Parkir Motor & Sepeda",,https://mamikos.com/room/kost-kota-bandung-kost-putra-eksklusif-kost-mahasiswa-murah-widyatama-tipe-besar-cibeunying-kidul-bandung?redirection_source=landing%20area
Kost Little Spring Rooms Rosie 1 Antapani Bandung,Rp1.400.000,Antapani,"2 x 2 meter, Tidak termasuk listrik","AC, Kasur, Meja, Lemari / Storage, Jendela, Guling, Cermin, Bantal","K. Mandi Dalam, Kloset Duduk, Ember mandi, Shower, Air panas","Kulkas, R. Tamu, Penjaga Kos, R. Jemur, R. Makan, R. Santai, Dispenser, Dapur, Jemuran, Pengurus Kos","Parkir Mobil, Parkir Motor, Parkir Sepeda, Parkir Motor & Sepeda",,https://mamikos.com/room/kost-kota-bandung-kost-putri-eksklusif-kost-little-spring-rooms-rosie-1-antapani-bandung-2?redirection_source=landing%20area
Kost Omah Harianja Cibeunying Kidul Bandung,Rp600.000,Cibeunying Kidul,"3 x 3 meter, Termasuk listrik","Kasur, Meja, Ventilasi, Kursi",K. Mandi Luar,"WiFi, Kulkas, R. Jemur, R. Santai, Dapur, Jemuran, Balcon, TV, K. Mandi Luar",Parkir Motor,,https://mamikos.com/room/kost-kota-bandung-kost-putri-murah-kost-omah-harianja-cibeunying-kidul-bandung?redirection_source=landing%20area
Kost Nin Ae Tipe D Mandalajati Bandung,Rp1.500.000,Mandalajati,"3 x 5 meter, Termasuk listrik","AC, Kasur, Lemari / Storage, Jendela, Cermin, Bantal","Kloset Jongkok, K. Mandi Luar, Wastafel, Shower, Air panas","WiFi, Kulkas, CCTV","Parkir Mobil, Parkir Motor, Parkir Sepeda, Parkir Motor & Sepeda",,https://mamikos.com/room/kost-kota-bandung-kost-campur-eksklusif-kost-nin-ae-tipe-d-mandalajati-bandung-2?redirection_source=landing%20area
Kost Keys Co Living Superior Balcony K 08 Cibeunying Kidul Bandung,Rp2.850.000,Cibeunying Kidul,"3 x 4 meter, Tidak termasuk listrik","AC, Kasur, Meja, Lemari / Storage, microwave, Jendela, Guling, Cermin, Bantal, Kursi","K. Mandi Dalam, Kloset Duduk, Shower, Air panas","WiFi, R. Cuci, Kulkas, Penjaga Kos, R. Jemur, R. Makan, Mushola, Dispenser, Dapur, Jemuran","Parkir Mobil, Parkir Motor",,https://mamikos.com/room/kost-kota-bandung-kost-campur-eksklusif-kost-keys-co-living-superior-balcony-k-08-cibeunying-kidul-bandung-2?redirection_source=landing%20area
Kost Icha Cikutra Tipe B Cibeunying Kidul Bandung,Rp750.000,Kecamatan Cibeunying Kidul,"3 x 3 meter, Termasuk listrik","Kasur, Meja, Lemari / Storage, Ventilasi, Jendela, Guling, Cermin, Bantal","Kloset Jongkok, K. Mandi Luar, Ember mandi, Bak mandi","WiFi, R. Cuci, R. Tamu, Penjaga Kos, R. Jemur, Dispenser, Dapur, Jemuran, Pengurus Kos, CCTV",Parkir Motor,,https://mamikos.com/room/kost-kota-bandung-kost-putri-murah-kost-icha-cikutra-tipe-b-cibeunying-kidul-bandung-2?redirection_source=landing%20area
Kost Wida Antapani Bandung,Rp950.000,Antapani,"3 x 5 meter, Termasuk listrik","Kasur, Lemari / Storage, Ventilasi, Jendela, Bantal, Wastafel","K. Mandi Dalam, Kloset Duduk, Ember mandi","WiFi, R. Jemur, Dapur, Jemuran",Parkir Motor,,https://mamikos.com/room/kost-kota-bandung-kost-campur-eksklusif-kost-wida-antapani-bandung?redirection_source=landing%20area
Kost Studio G4 Tipe B Cibeunying Kaler Bandung,Rp960.000,Kecamatan Cibeunying Kaler,"3 x 2 meter, Termasuk listrik","Kasur, Meja, Lemari / Storage, Ventilasi, Jendela, Guling, Cermin, Bantal, Kursi","Kloset Jongkok, K. Mandi Luar, Wastafel, Ember mandi","WiFi, R. Jemur, R. Makan, R. Santai, Dapur, Jemuran, Rice Cooker, Balcon, K. Mandi Luar","Parkir Motor, Parkir Sepeda",,https://mamikos.com/room/kost-kota-bandung-kost-putra-eksklusif-kost-studio-g4-tipe-b-cibeunying-kaler-bandung?redirection_source=landing%20area
Kost Jl Sekemerak Cimenyan Bandung,Rp850.000,Cimenyan,"3 x 4 meter, Tidak termasuk listrik","Ventilasi, Jendela, Dapur Pribadi",Kloset Jongkok,"Dapur, Jemuran, Balcon",Parkir Motor,,https://mamikos.com/room/kost-kabupaten-bandung-kost-campur-murah-kost-jl-sekemerak-cimenyan-bandung-1?redirection_source=landing%20area
Kost Cikutra Nyaman Cibeunying Kaler Bandung,Rp650.000,Kecamatan Cibeunying Kaler,"3 x 3 meter, Tidak termasuk listrik","Kasur, Meja, Lemari / Storage, Dapur Pribadi","K. Mandi Dalam, Ember mandi","WiFi, Jemuran, Pengurus Kos","Parkir Motor, Parkir Sepeda",,https://mamikos.com/room/kost-kota-bandung-kost-campur-murah-kost-cikutra-nyaman-cibeunying-kaler-bandung?redirection_source=landing%20area
Kost Bu Eti 2 Antapani Bandung,Rp850.000,Kecamatan Antapani,"3 x 4 meter, Termasuk listrik","Kasur, Meja, Lemari / Storage, Ventilasi, Jendela, Guling, Cermin, Bantal","Kloset Duduk, Kloset Jongkok, K. Mandi Luar, Ember mandi, Shower, Bak mandi","WiFi, R. Cuci, Kulkas, Mesin Cuci, R. Tamu, R. Jemur, Mushola, R. Santai, Dapur, Jemuran",Parkir Motor,,https://mamikos.com/room/kost-kota-bandung-kost-putri-murah-kost-bu-eti-2-antapani-bandung?redirection_source=landing%20area
Kost Orange Tipe E Cikondang Coblong Bandung,Rp1.100.000,Coblong,"4 x 5.5 meter, Termasuk listrik","Kasur, Meja, Lemari / Storage, Kursi","K. Mandi Dalam, Kloset Jongkok, Ember mandi, Shower","WiFi, Kulkas, R. Jemur, Dispenser, Dapur, Balcon, TV",Parkir Motor,,https://mamikos.com/room/kost-kota-bandung-kost-campur-murah-kost-orange-tipe-e-cikondang-coblong-bandung?redirection_source=landing%20area
Kost Orange Marhaban Cibeunying Kidul Bandung,Rp750.000,Kecamatan Cibeunying Kidul,"4 x 5 meter, Tidak termasuk listrik","Kasur, Meja, Lemari / Storage, Jendela, Guling, Bantal","K. Mandi Dalam, Kloset Jongkok, K. Mandi Luar, Ember mandi","WiFi, Dapur, Jemuran, CCTV, Rooftop, Balcon","Parkir Motor, Parkir Sepeda, Parkir Motor & Sepeda",,https://mamikos.com/room/kost-kota-bandung-kost-campur-murah-kost-orange-marhaban-cibeunying-kidul-bandung-2?redirection_source=landing%20area
Kost Hdci Tipe A Coblong Bandung,Rp3.000.000,Coblong,"3 x 4 meter, Tidak termasuk listrik","AC, Kasur, TV, Meja Rias, Lemari / Storage, Jendela, Guling, Cermin, Bantal","K. Mandi Dalam, Kloset Duduk, Ember mandi, Shower","WiFi, Kulkas, Mesin Cuci, Penjaga Kos, Dispenser, Dapur, Rice Cooker, Pengurus Kos, Jual Makanan, TV",Parkir Motor,,https://mamikos.com/room/kost-kota-bandung-kost-putra-eksklusif-kost-hdci-tipe-a-coblong-bandung?redirection_source=landing%20area
Kost Boarding House Naga Malim With Kitchen Outside Tipe B Cibeunying Kidul Bandung,Rp900.000,Cibeunying Kidul,"3 x 3 meter, Tidak termasuk listrik",Jendela,Kloset Jongkok,"R. Tamu, R. Santai, Dapur, Pengurus Kos, CCTV, Balcon, K. Mandi Luar","Parkir Motor, Parkir Sepeda",,https://mamikos.com/room/kost-bandung-kost-campur-murah-kost-boarding-house-naga-malim-with-kitchen-outside-tipe-b-cibeunying-kidul-bandung?redirection_source=landing%20area
Kost Keys Co Living Standard Deluxe Cibeunying Kidul Bandung,Rp2.250.000,Cibeunying Kidul,"3 x 2.7 meter, Tidak termasuk listrik","AC, Kasur, Meja, Lemari / Storage, Jendela, Guling, Cermin, Bantal, Kursi","K. Mandi Dalam, Kloset Duduk, Shower, Air panas","WiFi, R. Cuci, Kulkas, Mesin Cuci, Penjaga Kos, R. Jemur, R. Makan, Mushola, Dispenser, Dapur","Parkir Mobil, Parkir Motor",,https://mamikos.com/room/kost-kota-bandung-kost-campur-eksklusif-kost-keys-co-living-standard-deluxe-cibeunying-kidul-bandung-2?redirection_source=landing%20area
Kost Kurnia Tipe A Cibeunying Kidul Bandung,Rp1.300.000,Cibeunying Kidul,"3 x 4 meter, Termasuk listrik","Kasur, Meja, Lemari / Storage, Jendela, Guling, Bantal, Kursi","Kloset Duduk, Ember mandi, Shower","WiFi, Kulkas, Mesin Cuci, R. Santai, Dispenser, Dapur, Jemuran, CCTV, TV",Parkir Motor,,https://mamikos.com/room/kost-kota-bandung-kost-putri-eksklusif-kost-kurnia-tipe-a-cibeunying-kidul-bandung?redirection_source=landing%20area
Kost Palm Bridge Tipe E Cimenyan Bandung,Rp850.000,Cimenyan,"3 x 3 meter, Termasuk listrik","Kasur, Meja, Lemari / Storage, Jendela","Kloset Duduk, K. Mandi Luar","WiFi, R. Cuci, R. Jemur, Dapur, Jemuran, Pengurus Kos, Balcon, R. Keluarga, K. Mandi Luar",Parkir Motor,,https://mamikos.com/room/kost-kabupaten-bandung-kost-putra-eksklusif-kost-palm-bridge-tipe-e-cimenyan-bandung-1?redirection_source=landing%20area
Kost Titik Awal Cikaso Tipe A Cibeunying Kidul Bandung,Rp2.100.000,Cibeunying Kidul,"4 x 5 meter, Tidak termasuk listrik","AC, Kasur, Meja, Lemari / Storage, Ventilasi, Jendela, Guling, Cermin, Bantal, Wastafel","K. Mandi Dalam, Kloset Duduk, Ember mandi, Shower, Air panas","WiFi, R. Cuci, Kulkas, Mesin Cuci, R. Tamu, Penjaga Kos, R. Jemur, Dispenser, Dapur, Jemuran","Parkir Mobil, Parkir Motor, Parkir Sepeda",,https://mamikos.com/room/kost-kota-bandung-kost-putri-eksklusif-kost-titik-awal-cikaso-tipe-a-cibeunying-kidul-bandung?redirection_source=landing%20area
Kost Nin Ae Tipe A Mandalajati Bandung,Rp1.800.000,Kecamatan Mandalajati,"6 x 4 meter, Termasuk listrik","AC, Kasur, Lemari / Storage, Bantal, Kursi","K. Mandi Dalam, Kloset Duduk, K. Mandi Luar, Wastafel, Shower, Air panas","WiFi, Kulkas, Penjaga Kos, Dapur, Jemuran, Pengurus Kos, Jual Makanan, CCTV, Kartu Akses, K. Mandi Luar","Parkir Mobil, Parkir Motor, Parkir Sepeda, Parkir Motor & Sepeda",,https://mamikos.com/room/kost-kota-bandung-kost-campur-eksklusif-kost-nin-ae-tipe-a-mandalajati-bandung?redirection_source=landing%20area
Kost Keys Co Living Deluxe K9 Cibeunying Kidul Bandung,Rp2.400.000,Cibeunying Kidul,"3 x 3 meter, Tidak termasuk listrik","AC, Kasur, Dispenser, Meja, Lemari / Storage, Kulkas, Jendela, Guling, Cermin, Bantal","K. Mandi Dalam, Kloset Duduk, Shower, Air panas","WiFi, R. Cuci, Kulkas, Mesin Cuci, Penjaga Kos, R. Jemur, R. Makan, Mushola, Dispenser, Dapur","Parkir Mobil, Parkir Motor",,https://mamikos.com/room/kost-kota-bandung-kost-campur-eksklusif-kost-keys-co-living-deluxe-k9-cibeunying-kidul-bandung?redirection_source=landing%20area
Kost Muararajeun Lama 2 Tipe A Cibeunying Kaler Bandung,Rp1.000.000,Cibeunying Kaler,"3.5 x 2.5 meter, Termasuk listrik","Kasur, Meja, Lemari / Storage, Ventilasi, Jendela, Dapur Pribadi, Bantal, Wastafel","K. Mandi Dalam, Kloset Jongkok, Ember mandi","WiFi, R. Cuci, Penjaga Kos, R. Jemur, Jemuran, Jual Makanan","Parkir Motor, Parkir Sepeda",,https://mamikos.com/room/kost-kota-bandung-kost-campur-eksklusif-kost-muararajeun-lama-2-tipe-a-cibeunying-kaler-bandung?redirection_source=landing%20area
Kost Pondok Ina 1 Tipe A Kiaracondong Bandung,Rp900.000,Kiaracondong,"3 x 2.5 meter, Tidak termasuk listrik","Ventilasi, Jendela, Dapur Pribadi, Wastafel","K. Mandi Dalam, Kloset Jongkok","WiFi, R. Tamu, Penjaga Kos, Dapur, Jemuran, Pengurus Kos, CCTV, Rooftop, Balcon","Parkir Motor, Parkir Sepeda, Parkir Motor & Sepeda",,https://mamikos.com/room/kost-kota-bandung-kost-campur-murah-kost-pondok-ina-1-tipe-a-kiaracondong-bandung?redirection_source=landing%20area
Kost Guyub Tipe A Cibeunying Kaler Bandung,Rp600.000,Cibeunying Kaler,"3 x 3 meter, Termasuk listrik","Kasur, Lemari / Storage, Guling, Cermin","Kloset Jongkok, K. Mandi Luar, Ember mandi","WiFi, R. Jemur, Jemuran, Pengurus Kos, CCTV, Balcon, K. Mandi Luar",Parkir Motor & Sepeda,,https://mamikos.com/room/kost-kota-bandung-kost-campur-murah-kost-guyub-tipe-a-cibeunying-kaler-bandung?redirection_source=landing%20area
Kost Baitul Jamil Guesthause Cimenyan Bandung,Rp1.600.000,Kecamatan Cimenyan,"5 x 3.5 meter, Tidak termasuk listrik","AC, Kasur, Lemari / Storage, Jendela, Cermin, Bantal, Kursi","K. Mandi Dalam, Kloset Duduk, Wastafel, Shower","R. Cuci, Kulkas, R. Tamu, R. Jemur, R. Makan, Mushola, R. Santai, Dispenser, Dapur, Jemuran","Parkir Mobil, Parkir Motor, Parkir Sepeda",,https://mamikos.com/room/kost-kabupaten-bandung-kost-putri-eksklusif-kost-baitul-jamil-guesthause-cimenyan-bandung?redirection_source=landing%20area
Kost Pabu Ohim Executive Antapani Bandung,Rp800.000,Kecamatan Antapani,"3 x 4 meter, Termasuk listrik","Meja, Jendela","K. Mandi Dalam, Kloset Jongkok, K. Mandi Luar, Ember mandi","WiFi, R. Cuci, Kulkas, Mesin Cuci, R. Jemur, Jemuran, Rooftop, Balcon, Gazebo","Parkir Mobil, Parkir Motor, Parkir Sepeda, Parkir Motor & Sepeda",,https://mamikos.com/room/kost-kota-bandung-kost-putri-murah-kost-pabu-ohim-executive-antapani-bandung-2?redirection_source=landing%20area
Kost Cemerlang Cibeunying Kidul Bandung,Rp525.000,Kecamatan Cibeunying Kidul,"3 x 3 meter, Termasuk listrik","Kasur, Meja, Lemari / Storage, Jendela, Wastafel, Kursi","Kloset Jongkok, K. Mandi Luar, Ember mandi","WiFi, Penjaga Kos, R. Jemur, Jemuran, K. Mandi Luar","Parkir Motor, Parkir Sepeda",,https://mamikos.com/room/kost-kota-bandung-kost-campur-murah-kost-cemerlang-cibeunying-kidul-bandung?redirection_source=landing%20area
Kost Mami Lilis Tipe Large Kiaracondong Bandung,Rp900.000,Kecamatan Kiaracondong,"4.5 x 4.5 meter, Tidak termasuk listrik","Kasur, Meja, Lemari / Storage, Jendela, Dapur Pribadi","K. Mandi Dalam, Kloset Jongkok, Ember mandi","R. Jemur, Dapur, Jemuran, CCTV",Parkir Motor & Sepeda,,https://mamikos.com/room/kost-kota-bandung-kost-campur-murah-kost-mami-lilis-tipe-large-kiaracondong-bandung-2?redirection_source=landing%20area
Kost Orange Tipe B Cikondang Coblong Bandung,Rp750.000,Coblong,"4 x 3,5 meter, Termasuk listrik","Kasur, Meja, Lemari / Storage, Kursi","Kloset Jongkok, Ember mandi, Shower","WiFi, Kulkas, R. Jemur, Dispenser, Dapur, Balcon, TV, K. Mandi Luar",Parkir Motor,,https://mamikos.com/room/kost-kota-bandung-kost-campur-murah-kost-orange-tipe-b-cikondang-coblong-bandung?redirection_source=landing%20area
Kost Egy Tipe B Kiaracondong Bandung,Rp750.000,Kiaracondong,"3 x 4 meter, Tidak termasuk listrik",Ventilasi,"K. Mandi Dalam, Kloset Jongkok, Ember mandi","WiFi, R. Cuci, R. Jemur, R. Santai","Parkir Motor, Parkir Sepeda",,https://mamikos.com/room/kost-bandung-kost-campur-murah-kost-egy-tipe-b-kiaracondong-bandung-1?redirection_source=landing%20area
Kost Amanda Tipe B Antapani Bandung,Rp1.200.000,Kecamatan Antapani,"3 x 3 meter, Tidak termasuk listrik","AC, Kasur, Meja, Lemari / Storage, Ventilasi, Jendela, Guling, Bantal","Kloset Duduk, K. Mandi Luar, Shower","WiFi, Kulkas, R. Tamu, Dispenser, Dapur, Jemuran, Pengurus Kos, CCTV",Parkir Motor,,https://mamikos.com/room/kost-kota-bandung-kost-putri-eksklusif-kost-amanda-tipe-b-antapani-bandung?redirection_source=landing%20area
Kost Pondok Sarashe Antapani Bandung,Rp1.200.000,Antapani,"4.5 x 3.5 meter, Termasuk listrik","Kasur, Lemari / Storage, Ventilasi, Jendela, Cermin","K. Mandi Dalam, Kloset Jongkok, Ember mandi","WiFi, Kulkas, R. Tamu, Penjaga Kos, R. Jemur, Dapur, Jemuran, Pengurus Kos, CCTV, R. Keluarga","Parkir Mobil, Parkir Motor, Parkir Sepeda",,https://mamikos.com/room/kost-bandung-kost-campur-eksklusif-kost-pondok-sarashe-antapani-bandung-2?redirection_source=landing%20area
Kost Hdci Tipe B Coblong Bandung,Rp1.000.000,Kecamatan Coblong,"3 x 4 meter, Tidak termasuk listrik","Kasur, Lemari / Storage, Jendela","K. Mandi Dalam, Kloset Jongkok, Ember mandi","WiFi, Penjaga Kos, Jemuran, Pengurus Kos, Jual Makanan, Kartu Akses, Balcon",Parkir Motor,,https://mamikos.com/room/kost-kota-bandung-kost-putra-eksklusif-kost-hdci-tipe-b-coblong-bandung?redirection_source=landing%20area
Kost Nur Muhaji Tipe F Batununggal Bandung,Rp1.200.000,Batununggal,"3 x 4 meter, Tidak termasuk listrik","Kasur, Lemari / Storage, Ventilasi, Jendela, Guling, Bantal","K. Mandi Dalam, Kloset Duduk, Ember mandi","WiFi, Laundry, Penjaga Kos, Jemuran, Pengurus Kos, CCTV","Parkir Motor, Parkir Motor & Sepeda",,https://mamikos.com/room/kost-kota-bandung-kost-campur-eksklusif-kost-nur-muhaji-tipe-f-batununggal-bandung?redirection_source=landing%20area
Kost Megumi Cikutra 4 Cibeunying Kidul Bandung,Rp1.100.000,Kecamatan Cibeunying Kidul,"3 x 4 meter, Tidak termasuk listrik","Kasur, Meja, Lemari / Storage, Jendela, Guling, Bantal, Kursi","K. Mandi Dalam, Kloset Duduk, Ember mandi, Shower, Air panas","WiFi, Kulkas, R. Tamu, Penjaga Kos, R. Jemur, R. Makan, R. Santai, Dispenser, Dapur, Jemuran","Parkir Mobil, Parkir Motor, Parkir Sepeda, Parkir Motor & Sepeda",,https://mamikos.com/room/kost-kota-bandung-kost-putri-eksklusif-kost-megumi-cikutra-4-cibeunying-kidul-bandung?redirection_source=landing%20area
Kost Bapak Andry Tipe Vvip Executive Cibeunying Kidul Bandung,Rp2.100.000,Cibeunying Kidul,"10 x 2.5 meter, Tidak termasuk listrik","AC, Kasur, Dispenser, TV, Lemari / Storage, Ventilasi, Jendela, Dapur Pribadi, Bantal, Wastafel","K. Mandi Dalam, Kloset Jongkok, Wastafel, Shower, Air panas","WiFi, R. Cuci, Kulkas, Mesin Cuci, R. Jemur, Dapur, Jemuran, Pengurus Kos, CCTV, TV",Parkir Motor,,https://mamikos.com/room/kost-kota-bandung-kost-campur-eksklusif-kost-bapak-andry-tipe-vvip-executive-cibeunying-kidul-bandung?redirection_source=landing%20area
Kost Sofy Tipe 1 Mandalajati Bandung,Rp600.000,Kecamatan Mandalajati,"3 x 4 meter, Tidak termasuk listrik","Kasur, Lemari / Storage, Jendela, Bantal","K. Mandi Dalam, Kloset Duduk, Kloset Jongkok, Ember mandi","R. Jemur, Dapur, Jemuran, Pengurus Kos, CCTV",Parkir Motor & Sepeda,,https://mamikos.com/room/kost-kota-bandung-kost-putri-murah-kost-sofy-tipe-1-mandalajati-bandung?redirection_source=landing%20area
Kost Ibu Tina Tipe A Cibeunying Kidul Bandung,Rp900.000,Kecamatan Cibeunying Kidul,"3 x 4 meter, Tidak termasuk listrik","Kasur, Lemari / Storage, Ventilasi, Jendela, Guling, Dapur Pribadi, Bantal, Wastafel","K. Mandi Dalam, Kloset Jongkok, Wastafel, Ember mandi","WiFi, R. Cuci, R. Jemur, R. Santai, Dapur, Jemuran, Pengurus Kos, Rooftop, Balcon, Gazebo","Parkir Motor, Parkir Sepeda, Parkir Motor & Sepeda",,https://mamikos.com/room/kost-kota-bandung-kost-putri-murah-kost-ibu-tina-tipe-a-cibeunying-kidul-bandung?redirection_source=landing%20area
Kost Pondok Salsabila Antapani Bandung,Rp650.000,Antapani,"3 x 4 meter, Termasuk listrik","Kasur, Lemari / Storage","K. Mandi Dalam, Kloset Duduk, Ember mandi","R. Cuci, Laundry, R. Jemur, Dapur","Parkir Motor, Parkir Sepeda",,https://mamikos.com/room/kost-kota-bandung-kost-putri-eksklusif-kost-pondok-salsabila-antapani-bandung-2?redirection_source=landing%20area
Kost 84 Antapani Bandung,Rp850.000,Antapani,"6 x 3 meter, Tidak termasuk listrik","Ventilasi, Jendela, Dapur Pribadi","K. Mandi Dalam, Kloset Jongkok, Ember mandi","WiFi, R. Jemur, Dapur, Jemuran, Balcon, Gazebo","Parkir Motor, Parkir Sepeda",,https://mamikos.com/room/kost-kota-bandung-kost-putri-murah-kost-84-antapani-bandung-2?redirection_source=landing%20area
Kost Nin Ae Tipe C Mandalajati Bandung,Rp1.400.000,Kecamatan Mandalajati,"3 x 4 meter, Termasuk listrik","AC, Kasur, Meja, Lemari / Storage, Jendela, Cermin, Bantal, Kursi","Kloset Duduk, K. Mandi Luar, Wastafel, Shower, Air panas","WiFi, Kulkas, Penjaga Kos, Dapur, Jemuran, Pengurus Kos, Jual Makanan, CCTV, Kartu Akses, K. Mandi Luar","Parkir Mobil, Parkir Motor, Parkir Sepeda, Parkir Motor & Sepeda",,https://mamikos.com/room/kost-kota-bandung-kost-campur-eksklusif-kost-nin-ae-tipe-c-mandalajati-bandung-2?redirection_source=landing%20area
Kost Cikutra Babakan Sukapada Bandung,Rp475.000,Cibeunying Kidul,"2.3 x 3 meter, Termasuk listrik","Kasur, Meja, Lemari / Storage, Kursi","K. Mandi Dalam, Kloset Jongkok, Ember mandi","R. Jemur, Dapur","Parkir Motor, Parkir Sepeda",,https://mamikos.com/room/kost-kota-bandung-kost-putra-murah-kost-cikutra-babakan-sukapada-bandung?redirection_source=landing%20area
Kost Rumah Al Lyra Cibeunying Kidul Bandung,Rp1.100.000,Cibeunying Kidul,"4 x 3 meter, Termasuk listrik","Kasur, Meja, Lemari / Storage, Ventilasi, Kursi","K. Mandi Dalam, Kloset Jongkok, K. Mandi Luar, Ember mandi","WiFi, R. Tamu, R. Jemur, Dapur, CCTV, Balcon, R. Keluarga, TV, K. Mandi Luar",Parkir Motor,,https://mamikos.com/room/kost-kota-bandung-kost-putri-murah-kost-rumah-al-lyra-cibeunying-kidul-bandung-1?redirection_source=landing%20area
Kost Bu Sur Tipe B Cibeunying Kidul Bandung,Rp650.000,Cibeunying Kidul,"2.5 x 2 meter, Termasuk listrik","Kasur, Meja, Lemari / Storage, Ventilasi, Jendela, Cermin, Bantal, Kursi","Kloset Duduk, Kloset Jongkok, K. Mandi Luar, Ember mandi, Shower, Bak mandi","WiFi, R. Jemur, R. Santai, Dispenser, Dapur, Jemuran, Pengurus Kos, Balcon, Taman, TV","Parkir Motor, Parkir Sepeda",,https://mamikos.com/room/kost-kota-bandung-kost-putri-murah-kost-bu-sur-tipe-b-cibeunying-kidul-bandung?redirection_source=landing%20area
Kost Sandra Cimenyan Bandung,Rp1.000.000,Cimenyan,"4 x 6 meter, Termasuk listrik","Kasur, Lemari / Storage, Ventilasi, Jendela, Guling, Dapur Pribadi, Cermin, Bantal","K. Mandi Dalam, Kloset Jongkok, Wastafel, Ember mandi, Shower","WiFi, R. Jemur, Dapur, Jemuran, Pengurus Kos, Balcon","Parkir Motor, Parkir Sepeda",,https://mamikos.com/room/kost-kabupaten-bandung-kost-campur-murah-kost-sandra-cimenyan-bandung-1?redirection_source=landing%20area
Kost Keys Co Living Suites Cibeunying Kidul Bandung,Rp4.500.000,Cibeunying Kidul,"5 x 5 meter, Tidak termasuk listrik","AC, Kasur, Lemari / Storage, Meja makan, Jendela, Guling, Dapur Pribadi, Cermin, Bantal, Kursi","K. Mandi Dalam, Kloset Duduk, Shower, Air panas","WiFi, R. Cuci, Kulkas, Penjaga Kos, R. Jemur, R. Makan, Mushola, Dispenser, Dapur, Jemuran","Parkir Mobil, Parkir Motor",,https://mamikos.com/room/kost-kota-bandung-kost-campur-eksklusif-kost-keys-co-living-suites-cibeunying-kidul-bandung?redirection_source=landing%20area
Kost Roemah Way Cibeunying Kaler Bandung,Rp1.500.000,Kecamatan Cibeunying Kaler,"3 x 3 meter, Tidak termasuk listrik","Kasur, Lemari / Storage, Ventilasi, Jendela, Guling, Bantal","K. Mandi Dalam, Kloset Duduk, Ember mandi, Shower","WiFi, R. Santai, Dapur, Jemuran, Pengurus Kos, CCTV, Rooftop, Gazebo","Parkir Mobil, Parkir Motor",,https://mamikos.com/room/kost-kota-bandung-kost-putri-eksklusif-kost-roemah-way-cibeunying-kaler-bandung?redirection_source=landing%20area
Kost Kantin Tipe A Antapani Bandung,Rp600.000,Kecamatan Antapani,"3 x 3 meter, Termasuk listrik","Kasur, Meja, Lemari / Storage, Bantal, Kursi","Kloset Jongkok, K. Mandi Luar","Laundry, Jemuran, Jual Makanan, Taman, K. Mandi Luar",Parkir Motor,,https://mamikos.com/room/kost-kota-bandung-kost-campur-murah-kost-kantin-tipe-a-antapani-bandung?redirection_source=landing%20area
Kost Terusan Cisokan Cibeunying Kaler Bandung,Rp1.500.000,Cibeunying Kaler,"3 x 4 meter, Tidak termasuk listrik","Kasur, Meja, Lemari / Storage, Kursi","K. Mandi Dalam, Kloset Duduk, Shower, Air panas","WiFi, Kulkas, Mesin Cuci, R. Jemur, R. Makan, R. Santai, Dapur, TV",Parkir Motor,,https://mamikos.com/room/kost-kota-bandung-kost-putri-eksklusif-kost-terusan-cisokan-cibeunying-kaler-bandung-2?redirection_source=landing%20area
Kost Ceria 4 Cibeunying Kidul Bandung,Rp600.000,Cibeunying Kidul,"3 x 3 meter, Termasuk listrik","Kasur, Meja, Lemari / Storage, Kulkas, Ventilasi, Jendela, Bantal, Sofa, Wastafel","Kloset Jongkok, K. Mandi Luar, Wastafel, Bak mandi","WiFi, R. Cuci, Kulkas, R. Tamu, R. Jemur, R. Santai, Dapur, Jemuran, Pengurus Kos, Balcon","Parkir Motor, Parkir Sepeda",,https://mamikos.com/room/kost-bandung-kost-putri-murah-kost-ceria-4-cibeunying-kidul-bandung?redirection_source=landing%20area
Kost Huni Hijau Cibeunying Kidul Bandung,Rp1.250.000,Kecamatan Cibeunying Kidul,"3 x 3 meter, Termasuk listrik","Kasur, Meja, Lemari / Storage, Jendela, Cermin, Bantal, Kursi","Kloset Duduk, K. Mandi Luar, Wastafel, Shower","WiFi, Kulkas, R. Jemur, Dispenser, Dapur, Jemuran, Pengurus Kos, CCTV, Balcon","Parkir Motor, Parkir Sepeda",,https://mamikos.com/room/kost-kota-bandung-kost-putri-eksklusif-kost-huni-hijau-cibeunying-kidul-bandung?redirection_source=landing%20area
Kost Amanah Cikutra Tipe C Cibeunying Kaler Bandung,Rp700.000,Kecamatan Cibeunying Kaler,"2.5 x 3 meter, Tidak termasuk listrik","Kasur, Meja, Lemari / Storage, Bantal","Kloset Jongkok, K. Mandi Luar, Ember mandi, Bak mandi","WiFi, R. Tamu, Penjaga Kos, R. Jemur, R. Makan, R. Santai, Dapur, Jemuran, Pengurus Kos, Rooftop","Parkir Motor, Parkir Sepeda, Parkir Motor & Sepeda",,https://mamikos.com/room/kost-kota-bandung-kost-putri-murah-kost-amanah-cikutra-tipe-c-cibeunying-kaler-bandung?redirection_source=landing%20area
Kost Patma Tipe D Cibeunying Kaler Bandung,Rp835.000,Kecamatan Cibeunying Kaler,"2.7 x 3.5 meter, Termasuk listrik","Kasur, Meja, Lemari / Storage, Bantal","Kloset Duduk, Kloset Jongkok, K. Mandi Luar, Ember mandi","Kulkas, Dapur, Jemuran, Pengurus Kos",Parkir Motor & Sepeda,,https://mamikos.com/room/kost-kota-bandung-kost-putri-eksklusif-kost-patma-tipe-d-cibeunying-kaler-bandung?redirection_source=landing%20area
Kost Rengganis Type A Cibeunying Kaler Bandung,Rp750.000,Cibeunying Kaler,"3 x 3 meter, Termasuk listrik","Kasur, Lemari / Storage, Jendela, Bantal","K. Mandi Dalam, Kloset Jongkok, Wastafel, Ember mandi","WiFi, R. Jemur, R. Santai, Dapur, Jemuran, Pengurus Kos, CCTV, R. Keluarga, K. Mandi Luar","Parkir Motor, Parkir Motor & Sepeda",,https://mamikos.com/room/kost-kota-bandung-kost-putri-murah-kost-rengganis-type-a-cibeunying-kaler-bandung-2?redirection_source=landing%20area
Kost Cikaso 86E Cibeunying Kidul Bandung,Rp1.350.000,Cibeunying Kidul,"3 x 3 meter, Tidak termasuk listrik","AC, Kasur, Meja, Lemari / Storage, Ventilasi","K. Mandi Dalam, Kloset Duduk, Shower, Air panas","R. Cuci, Penjaga Kos, R. Makan, R. Santai, Dapur, TV","Parkir Mobil, Parkir Motor",,https://mamikos.com/room/kost-kota-bandung-kost-putra-eksklusif-kost-cikaso-86e-cibeunying-kidul-bandung-?redirection_source=landing%20area
Kost Humaira Cibeunying Kaler Bandung,Rp1.200.000,Kecamatan Cibeunying Kaler,"2 x 3.5 meter, Tidak termasuk listrik","Kasur, Meja, Lemari / Storage, Ventilasi, Jendela, Cermin, Kursi","K. Mandi Dalam, Kloset Duduk, Wastafel, Shower","WiFi, R. Tamu, Penjaga Kos, R. Jemur, R. Makan, R. Santai, Dapur, Pengurus Kos, Jual Makanan, CCTV","Parkir Motor, Parkir Sepeda, Parkir Motor & Sepeda",,https://mamikos.com/room/kost-kota-bandung-kost-putri-eksklusif-humaira-kost-putri-cibeunying-kaler-bandung?redirection_source=landing%20area
Kost Palm Bridge Tipe B Cimenyan Bandung,Rp875.000,Cimenyan,"3 x 3.5 meter, Termasuk listrik","Kasur, Meja, Lemari / Storage","Kloset Duduk, K. Mandi Luar, Ember mandi","WiFi, Mesin Cuci, R. Tamu, R. Jemur, R. Santai, Balcon","Parkir Motor, Parkir Sepeda",,https://mamikos.com/room/kost-bandung-kost-putra-eksklusif-kost-palm-bridge-cimenyan-bandung-1?redirection_source=landing%20area
Kost Cahaya Nodibel Mandalajati Bandung,Rp1.300.000,Kecamatan Mandalajati,"9 x 3 meter, Tidak termasuk listrik",Jendela,"K. Mandi Dalam, Kloset Duduk","Jemuran, Pengurus Kos, Balcon",Parkir Motor,,https://mamikos.com/room/kost-kota-bandung-kost-campur-eksklusif-kost-cahaya-nodibel-mandalajati-bandung-2?redirection_source=landing%20area
Kost DGreen Cibeunying Kaler Bandung,Rp1.100.000,Cibeunying Kaler,"3 x 4 meter, Tidak termasuk listrik","Kasur, Lemari / Storage","K. Mandi Dalam, Ember mandi, Bak mandi","WiFi, Dapur, Pengurus Kos",Parkir Motor,,https://mamikos.com/room/kost-kota-bandung-kost-putri-eksklusif-kost-dgreen-cibeunying-kaler-bandung?redirection_source=landing%20area
Kost Sukapada Cibeunying Kidul Bandung,Rp750.000,Cibeunying Kidul,"3 x 3 meter, Termasuk listrik","Kasur, Meja, Lemari / Storage, Ventilasi, Jendela, Cermin","Kloset Jongkok, K. Mandi Luar, Shower","R. Cuci, Kulkas, Penjaga Kos, R. Jemur, Dapur, Jemuran, Pengurus Kos, Balcon, Taman, K. Mandi Luar","Parkir Motor, Parkir Sepeda",,https://mamikos.com/room/kost-kota-bandung-kost-putri-murah-kost-sukapada-cibeunying-kidul-bandung?redirection_source=landing%20area
Kost Vgh II Vvip Antapani Bandung,Rp1.090.000,Antapani,"3 x 4 meter, Tidak termasuk listrik","Kasur, Meja, Lemari / Storage, Guling, Bantal","K. Mandi Dalam, Kloset Duduk, Shower","WiFi, Kulkas, Penjaga Kos, Dapur, Jemuran, CCTV, Kartu Akses","Parkir Mobil, Parkir Motor",,https://mamikos.com/room/kost-kota-bandung-kost-campur-eksklusif-kost-vgh-ii-vvip-antapani-bandung-2?redirection_source=landing%20area
Kost Sukamulus Cibeunying Kidul Bandung,Rp450.000,Cibeunying Kidul,"3 x 3 meter, Termasuk listrik","Kasur, Meja, Ventilasi, Jendela, Cermin, Bantal, Cleaning service","Kloset Jongkok, K. Mandi Luar, Ember mandi, Shower, Bak mandi","WiFi, R. Cuci, Penjaga Kos, R. Jemur, Dispenser, Dapur, Jemuran, Pengurus Kos, CCTV, Gazebo","Parkir Mobil, Parkir Motor, Parkir Sepeda",,https://mamikos.com/room/kost-kota-bandung-kost-campur-murah-kost-sukamulus-cibeunying-kidul-bandung?redirection_source=landing%20area
Kost Puri Artha Sony n Sist 2 Cibeunying Kidul Bandung,Rp650.000,Cibeunying Kidul,"3 x 4 meter, Tidak termasuk listrik","Kasur, Meja, Lemari / Storage, Wastafel, Kursi, Cleaning service","K. Mandi Dalam, Kloset Duduk, K. Mandi Luar, Ember mandi, Shower","WiFi, R. Cuci, Kulkas, R. Tamu, Penjaga Kos, R. Jemur, R. Makan, R. Santai, Dispenser, Dapur","Parkir Mobil, Parkir Motor, Parkir Sepeda",,https://mamikos.com/room/kost-bandung-kost-putri-murah-kost-puri-artha-sony-n-sist-2-cibeunying-kidul-bandung?redirection_source=landing%20area
Kost Evelyn Home Tipe 2 Cibeunying Kidul Bandung,Rp750.000,Cibeunying Kidul,"3 x 4 meter, Termasuk listrik","Kasur, Lemari / Storage, Cermin","K. Mandi Dalam, Kloset Jongkok, Ember mandi","WiFi, R. Jemur, Dapur",,,https://mamikos.com/room/kost-kota-bandung-kost-putri-murah-kost-evelyn-home-tipe-2-cibeunying-kidul-bandung?redirection_source=landing%20area
Kost Evelyn Home 1 Cibeunying Kidul Bandung,Rp800.000,Cibeunying Kidul,"3 x 4 meter, Termasuk listrik","Kasur, Lemari / Storage, Cermin","K. Mandi Dalam, Kloset Jongkok, Ember mandi","WiFi, R. Jemur, Dapur",,,https://mamikos.com/room/kost-bandung-kost-putri-eksklusif-kost-evelyn-home-1-cibeunying-kidul-bandung-1?redirection_source=landing%20area
Kost Yosi Tipe A Cibeunying Kaler Bandung,Rp650.000,Cibeunying Kaler,"3 x 3 meter, Termasuk listrik","Kasur, Lemari / Storage, Jendela, Guling, Cermin, Bantal","Kloset Jongkok, K. Mandi Luar, Ember mandi, Bak mandi","WiFi, R. Jemur, K. Mandi Luar","Parkir Motor, Parkir Sepeda",,https://mamikos.com/room/kost-kota-bandung-kost-campur-murah-kost-yosi-tipe-a-cibeunying-kaler-bandung-2?redirection_source=landing%20area
Kost Anggrek Barokah Bandung Wetan Bandung,Rp1.700.000,Kecamatan Bandung Wetan,"3 x 4 meter, Termasuk listrik","Kasur, Dispenser, Meja, TV, Lemari / Storage, Ventilasi, Jendela, Guling, Cermin, Bantal","K. Mandi Dalam, Kloset Duduk, Shower, Air panas","WiFi, R. Cuci, Kulkas, Penjaga Kos, R. Jemur, Dispenser, Dapur, Jemuran, Pengurus Kos, CCTV","Parkir Mobil, Parkir Motor, Parkir Sepeda",,https://mamikos.com/room/kost-kota-bandung-kost-campur-eksklusif-kost-anggrek-barokah-bandung-wetan-bandung?redirection_source=landing%20area
Kost Cikajang Raya Tipe A Antapani Bandung,Rp750.000,Kecamatan Antapani,"3 x 4 meter, Termasuk listrik","Kasur, Meja, Lemari / Storage, Bantal, Kursi","Kloset Jongkok, K. Mandi Luar, Ember mandi","WiFi, Penjaga Kos, Pengurus Kos, CCTV, Balcon, K. Mandi Luar","Parkir Motor, Parkir Sepeda, Parkir Motor & Sepeda",,https://mamikos.com/room/kost-kota-bandung-kost-putri-murah-kost-cikajang-raya-tipe-a-antapani-bandung-2?redirection_source=landing%20area
Kost Crysant House Tipe B Cibeunying Kaler Bandung,Rp1.350.000,Cibeunying Kaler,"3 x 4 meter, Tidak termasuk listrik","Kasur, Meja, Lemari / Storage, Ventilasi, Jendela, Kursi","K. Mandi Dalam, Kloset Duduk, Wastafel, Shower, Air panas","WiFi, Penjaga Kos, R. Jemur, R. Santai, Dapur, Jemuran, Pengurus Kos, CCTV, Joglo","Parkir Mobil, Parkir Motor, Parkir Sepeda",,https://mamikos.com/room/kost-kota-bandung-kost-campur-eksklusif-kost-crysant-house-tipe-b-cibeunying-kaler-bandung?redirection_source=landing%20area
Kost Patma Tipe C Cibeunying Kaler Bandung,Rp1.080.000,Kecamatan Cibeunying Kaler,"2.5 x 3 meter, Tidak termasuk listrik","Kasur, Meja, Lemari / Storage, Cermin, Bantal",K. Mandi Dalam,"Kulkas, R. Tamu, Dapur, Pengurus Kos",Parkir Motor & Sepeda,,https://mamikos.com/room/kost-kota-bandung-kost-putri-eksklusif-kost-patma-tipe-c-cibeunying-kaler-bandung-2?redirection_source=landing%20area
Kost Manteron Tipe A Cibeunying Kaler Bandung,Rp900.000,Kecamatan Cibeunying Kaler,"2 x 3 meter, Tidak termasuk listrik","Kasur, Meja, Lemari / Storage, Cermin, Bantal","Kloset Jongkok, K. Mandi Luar, Ember mandi","WiFi, Mushola, Dapur, Jemuran, Pengurus Kos, Jual Makanan, Balcon, K. Mandi Luar",Parkir Motor,,https://mamikos.com/room/kost-kota-bandung-kost-putra-eksklusif-kost-manteron-tipe-a-cibeunying-kaler-bandung?redirection_source=landing%20area
Kost Ase Maria Tipe A Antapani Bandung,Rp750.000,Antapani,"3 x 4 meter, Termasuk listrik","Kasur, Meja, Lemari / Storage, Jendela, Bantal","Kloset Duduk, Kloset Jongkok, K. Mandi Luar, Ember mandi, Bak mandi","WiFi, R. Makan, R. Santai, Dispenser, Dapur, Jemuran, K. Mandi Luar",Parkir Motor,,https://mamikos.com/room/kost-kota-bandung-kost-campur-murah-kost-ase-maria-tipe-a-antapani-bandung?redirection_source=landing%20area
Kost Pak Resmana Cibeunying Kidul Bandung,Rp750.000,Kecamatan Cibeunying Kidul,"3.5 x 2 meter, Termasuk listrik","Kasur, Lemari / Storage","K. Mandi Dalam, Kloset Jongkok, Ember mandi","WiFi, Penjaga Kos, R. Jemur, Dispenser, Dapur, Jemuran, Pengurus Kos, Jual Makanan, Rooftop, Gazebo",,,https://mamikos.com/room/kost-kota-bandung-kost-putri-murah-kos-pak-resmana-cibeunying-kidul-bandung-2?redirection_source=landing%20area
Kost Dela Tipe A Antapani Bandung,Rp1.750.000,Antapani,"4 x 5 meter, Tidak termasuk listrik","AC, Kasur, Meja, TV, Lemari / Storage, Jendela, Bantal, Kursi","K. Mandi Dalam, Kloset Duduk, Shower, Air panas","WiFi, Kulkas, Mesin Cuci, R. Tamu, Penjaga Kos, Mushola, Dispenser, Dapur, Jemuran, CCTV","Parkir Mobil, Parkir Motor",,https://mamikos.com/room/kost-kota-bandung-kost-campur-eksklusif-kost-dela-tipe-a-antapani-bandung?redirection_source=landing%20area
Kost Bumi Putri Sukasenang Tipe B Cibeunying Kidul Bandung,Rp1.450.000,Cibeunying Kidul,"3 x 4 meter, Termasuk listrik","Kasur, Meja, Lemari / Storage, Kursi","K. Mandi Dalam, Kloset Duduk, Wastafel, Air panas","WiFi, Kulkas, Penjaga Kos, R. Jemur, R. Makan, Dapur","Parkir Mobil, Parkir Motor, Parkir Sepeda",,https://mamikos.com/room/kost-kota-bandung-kost-putri-eksklusif-kost-bumi-putri-sukasenang-tipe-b-cibeunying-kidul-bandung?redirection_source=landing%20area
Kost Urban Residence Tipe A Kiaracondong Bandung,Rp600.000,Kiaracondong,"3 x 3 meter, Termasuk listrik","Kasur, Lemari / Storage, Jendela, Dapur Pribadi, Bantal","K. Mandi Dalam, Kloset Jongkok, Ember mandi, Bak mandi","WiFi, Laundry, Penjaga Kos, Pengurus Kos, CCTV",Parkir Motor,,https://mamikos.com/room/kost-kota-bandung-kost-campur-murah-kost-urban-residence-tipe-a-kiaracondong-bandung?redirection_source=landing%20area
Kost Widyatama Tipe Vip Cibeunying Kidul Bandung,Rp750.000,Cibeunying Kidul,"3 x 4 meter, Termasuk listrik","Kasur, Meja, Lemari / Storage, Ventilasi, Jendela, Bantal","Kloset Duduk, Kloset Jongkok, K. Mandi Luar, Ember mandi, Bak mandi","Kulkas, Penjaga Kos, R. Jemur, R. Makan, R. Santai, Dapur, Jemuran, Balcon, Taman, K. Mandi Luar","Parkir Motor, Parkir Sepeda, Parkir Motor & Sepeda",,https://mamikos.com/room/kost-kota-bandung-kost-putri-murah-kost-widyatama-tipe-vip-cibeunying-kidul-bandung?redirection_source=landing%20area
Kost Pondok Caraka Cibeunying Kidul Bandung,Rp600.000,Kecamatan Cibeunying Kidul,"3 x 3 meter, Termasuk listrik","Kasur, Meja, Lemari / Storage, Jendela, Bantal","Kloset Jongkok, K. Mandi Luar, Shower","Kulkas, Laundry, R. Tamu, Penjaga Kos, R. Jemur, R. Santai, Dapur, Jemuran, Rooftop, K. Mandi Luar","Parkir Motor, Parkir Motor & Sepeda",,https://mamikos.com/room/kost-kota-bandung-kost-campur-murah-kost-pondok-caraka-cibeunying-kidul-bandung-2?redirection_source=landing%20area
Kost BP52 Cibeunying Kaler Bandung,Rp700.000,Kecamatan Cibeunying Kaler,"3 x 4 meter, Termasuk listrik","Kasur, Ventilasi, Jendela","K. Mandi Dalam, Kloset Duduk, K. Mandi Luar","WiFi, R. Jemur, Dapur, Jemuran, Pengurus Kos, CCTV, K. Mandi Luar",Parkir Motor,,https://mamikos.com/room/kost-kota-bandung-kost-putri-murah-kost-bp52-cibeunying-kaler-bandung?redirection_source=landing%20area
Kost Pak Slamet Tipe C Antapani Bandung,Rp650.000,Antapani,"3 x 4 meter, Termasuk listrik","Kasur, Lemari / Storage","K. Mandi Dalam, Kloset Jongkok, Ember mandi","R. Jemur, Dispenser, Dapur","Parkir Motor, Parkir Sepeda",,https://mamikos.com/room/kost-kota-bandung-kost-putri-eksklusif-kost-pak-slamet-tipe-c-antapani-bandung?redirection_source=landing%20area
Kost Raden Executive Lengkong Bandung,Rp2.100.000,Lengkong,"7.1 x 4 meter, Tidak termasuk listrik","Kasur, Meja, Lemari / Storage, Ventilasi, Jendela, Guling, Cermin, Bantal, Kursi","K. Mandi Dalam, Kloset Duduk, K. Mandi Luar, Shower","R. Cuci, R. Jemur, Jemuran, Pengurus Kos, CCTV, Balcon",Parkir Motor,,https://mamikos.com/room/kost-kota-bandung-kost-putra-eksklusif-kost-raden-executive-lengkong-bandung-2?redirection_source=landing%20area
Kost Puri Fbp Cibeunying Kidul Bandung,Rp800.000,Kecamatan Cibeunying Kidul,"3 x 3 meter, Termasuk listrik","Kasur, Meja, Lemari / Storage, Ventilasi, Jendela, Bantal, Sofa, Wastafel","Kloset Duduk, K. Mandi Luar","WiFi, R. Tamu, Penjaga Kos, R. Santai, Dapur, Pengurus Kos, CCTV, Balcon, Taman, TV","Parkir Mobil, Parkir Motor",,https://mamikos.com/room/kost-kota-bandung-kost-putra-murah-kost-puri-fbp-cibeunying-kidul-bandung?redirection_source=landing%20area
Kost Pin Residence Tipe A Cibeunying Kaler Bandung,Rp1.500.000,Kecamatan Cibeunying Kaler,"3 x 3 meter, Tidak termasuk listrik","AC, Kasur, Meja, TV, Lemari / Storage, Ventilasi, Jendela, Bantal, TV Kabel, Kursi","K. Mandi Dalam, Kloset Duduk, Shower, Air panas","WiFi, Kulkas, Laundry, Penjaga Kos, CCTV, Kartu Akses","Parkir Motor, Parkir Motor & Sepeda",,https://mamikos.com/room/kost-kota-bandung-kost-campur-eksklusif-kost-pin-residence-tipe-a-cibeunying-kaler-bandung?redirection_source=landing%20area
Kost Muararajeun Lama 2 Tipe D Cibeunying Kaler Bandung,Rp740.000,Cibeunying Kaler,"3 x 3 meter, Termasuk listrik","Kasur, Meja, Lemari / Storage, Ventilasi, Jendela, Bantal, Kursi","Kloset Jongkok, K. Mandi Luar, Ember mandi","WiFi, R. Cuci, Penjaga Kos, R. Jemur, Jemuran, Pengurus Kos, CCTV, Rooftop, K. Mandi Luar","Parkir Motor, Parkir Sepeda, Parkir Motor & Sepeda",,https://mamikos.com/room/kost-kota-bandung-kost-campur-eksklusif-kost-muararajeun-lama-2-tipe-d-cibeunying-kaler-bandung?redirection_source=landing%20area
Kost Batik Jogja 7 Sukaluyu Cibeunying Kaler Bandung,Rp1.100.000,Kecamatan Cibeunying Kaler,"3 x 3 meter, Tidak termasuk listrik","Kasur, Meja, Lemari / Storage, Jendela, Guling, Cermin, Bantal","K. Mandi Dalam, Kloset Duduk, Shower","WiFi, R. Jemur, Dispenser, Dapur, Jemuran, Pengurus Kos, Taman",Parkir Motor,,https://mamikos.com/room/kost-kota-bandung-kost-putra-eksklusif-kost-batik-jogja-7-sukaluyu-cibeunying-kaler-bandung?redirection_source=landing%20area
Kost Sindang Sari Tipe A Antapani Bandung,Rp750.000,Antapani,"3 x 4 meter, Termasuk listrik","Kasur, Meja, Lemari / Storage, Ventilasi, Jendela, Guling, Cermin, Bantal, Wastafel","Kloset Jongkok, K. Mandi Luar, Wastafel, Ember mandi, Bak mandi","WiFi, R. Cuci, Laundry, Laundry, R. Tamu, Penjaga Kos, R. Jemur, R. Makan, R. Santai, Dapur","Parkir Mobil, Parkir Motor, Parkir Sepeda",,https://mamikos.com/room/kost-kota-bandung-kost-campur-murah-kost-sindang-sari-tipe-a-antapani-bandung?redirection_source=landing%20area
Kost Elroi Bojong Koneng Atas Cikutra Tipe D Cimenyan Bandung,Rp1.250.000,Cimenyan,"3 x 4 meter, Tidak termasuk listrik","Kasur, Meja, Lemari / Storage, Ventilasi, Jendela, Guling, Cermin, Bantal, Kursi","K. Mandi Dalam, Kloset Duduk, Ember mandi, Shower, Air panas","WiFi, Kulkas, R. Tamu, Penjaga Kos, R. Jemur, R. Makan, R. Santai, Dispenser, Dapur, Jemuran","Parkir Motor, Parkir Motor & Sepeda",,https://mamikos.com/room/kost-kabupaten-bandung-kost-putra-eksklusif-kost-elroi-bojong-koneng-atas-cikutra-tipe-d-cimenyan-bandung?redirection_source=landing%20area
Kost Pondok Sidoluhur 28 Tipe A Cibeunying Kaler Bandung,Rp1.500.000,Kecamatan Cibeunying Kaler,"3 x 4 meter, Tidak termasuk listrik","AC, Kasur, Meja, Lemari / Storage, Ventilasi, Jendela, Cermin, Bantal, TV Kabel, Cleaning service","K. Mandi Dalam, Kloset Duduk, Ember mandi, Shower, Air panas","WiFi, R. Cuci, Kulkas, Mesin Cuci, R. Tamu, R. Jemur, R. Makan, R. Santai, Dispenser, Dapur","Parkir Mobil, Parkir Motor, Parkir Sepeda, Parkir Motor & Sepeda",,https://mamikos.com/room/kost-kota-bandung-kost-campur-eksklusif-kost-pondok-sidoluhur-28-tipe-a-cibeunying-kaler-bandung?redirection_source=landing%20area
Kost Saung Bambu Muda Tipe A Cibeunying Kaler Bandung,Rp1.400.000,Cibeunying Kaler,"3.2 x 3.7 meter, Termasuk listrik","Kasur, Meja, Lemari / Storage, Ventilasi, Jendela, Guling, Cermin, Bantal, Kursi","Kloset Duduk, K. Mandi Luar, Wastafel, Ember mandi, Shower, Air panas","WiFi, Kulkas, Mesin Cuci, R. Jemur, R. Santai, Dispenser, Dapur, Jemuran, Rice Cooker, Taman",Parkir Motor & Sepeda,,https://mamikos.com/room/kost-kota-bandung-kost-putri-eksklusif-kost-saung-bambu-muda-tipe-a-cibeunying-kaler-bandung?redirection_source=landing%20area
Kost Pondok Cisokan Baru 8 Cibeunying Kaler Bandung,Rp1.500.000,Cibeunying Kaler,"3 x 3 meter, Tidak termasuk listrik","Kasur, Meja, Lemari / Storage, Ventilasi, Jendela, Guling, Cermin, Bantal, Kursi","K. Mandi Dalam, Kloset Duduk, K. Mandi Luar, Shower, Air panas","WiFi, Kulkas, Mesin Cuci, R. Tamu, Penjaga Kos, R. Jemur, R. Santai, Dispenser, Dapur, Jemuran","Parkir Mobil, Parkir Motor, Parkir Sepeda",,https://mamikos.com/room/kost-bandung-kost-campur-eksklusif-kost-pondok-cisokan-baru-8-cibeunying-kaler-bandung?redirection_source=landing%20area
Kost Bidan Maria 1 Antapani Bandung,Rp1.000.000,Antapani,"3 x 4 meter, Tidak termasuk listrik","Kasur, Meja, Lemari / Storage, Ventilasi, Jendela, Bantal","K. Mandi Dalam, Kloset Jongkok, Ember mandi","WiFi, Kulkas, R. Tamu, Penjaga Kos, R. Jemur, Dapur, Jemuran, Pengurus Kos, CCTV, K. Mandi Luar","Parkir Motor, Parkir Sepeda",,https://mamikos.com/room/kost-kota-bandung-kost-putri-eksklusif-kost-bidan-maria-1-antapani-bandung?redirection_source=landing%20area
Kost Wawan Tipe A Cibeunying Kidul Bandung,Rp1.700.000,Cibeunying Kidul,"3 x 3 meter, Tidak termasuk listrik","Kasur, Meja, TV, Lemari / Storage, Kursi","K. Mandi Dalam, Kloset Duduk, Air panas","WiFi, Kulkas, Dapur",Parkir Motor,,https://mamikos.com/room/kost-kota-bandung-kost-putri-eksklusif-kost-wawan-tipe-a-cibeunying-kidul-bandung?redirection_source=landing%20area
Kost Wardah Cibeunying Kaler Bandung,Rp1.400.000,Cibeunying Kaler,"4 x 4 meter, Tidak termasuk listrik","AC, Kasur, Meja, TV, Lemari / Storage, Ventilasi, Jendela, Guling, Dapur Pribadi, Cermin","K. Mandi Dalam, Kloset Duduk, Ember mandi, Shower, Air panas","WiFi, Penjaga Kos, R. Jemur, Mushola, R. Santai, Dispenser, Jemuran, Pengurus Kos, CCTV, Kartu Akses","Parkir Mobil, Parkir Motor, Parkir Sepeda",,https://mamikos.com/room/kost-bandung-kost-campur-eksklusif-kost-wardah-khusus-pasutri-cibeunying-kaler-bandung?redirection_source=landing%20area
Kost Anthurium Cimenyan Bandung,Rp1.500.000,Kecamatan Cimenyan,"4 x 5 meter, Tidak termasuk listrik","Kasur, Meja, Ventilasi, Jendela, Guling, Cermin, Bantal, Sofa, Kursi","K. Mandi Dalam, Kloset Duduk, Shower, Air panas","WiFi, R. Cuci, Kulkas, R. Tamu, Penjaga Kos, R. Jemur, R. Makan, Mushola, R. Santai, Dispenser","Parkir Mobil, Parkir Motor, Parkir Sepeda",,https://mamikos.com/room/kost-kabupaten-bandung-kost-putri-eksklusif-kost-anthurium-cimenyan-bandung?redirection_source=landing%20area
Kost 99 Pusat Kota Standard Cimenyan Bandung,Rp1.500.000,Cimenyan,"3 x 4 meter, Tidak termasuk listrik","AC, Kasur, Meja, TV, Lemari / Storage, Ventilasi, Jendela, Cermin, Bantal","K. Mandi Dalam, Kloset Duduk, Shower, Air panas","WiFi, Kulkas, Laundry, R. Santai, Dapur, Pengurus Kos, CCTV, Kartu Akses, Taman, TV","Parkir Motor, Parkir Sepeda",,https://mamikos.com/room/kost-kabupaten-bandung-kost-campur-eksklusif-kost-99-pusat-kota-standard-cimenyan-bandung?redirection_source=landing%20area
Kost Sant In Residence Executive Cibeunying Kaler Bandung,Rp1.700.000,Kecamatan Cibeunying Kaler,"3 x 4 meter, Tidak termasuk listrik","AC, Kasur, Meja, TV, Lemari / Storage, Jendela, Bantal, Kursi","K. Mandi Dalam, Kloset Duduk, Shower, Air panas","WiFi, Kulkas, Laundry, R. Tamu, Penjaga Kos, Dispenser, Dapur, Pengurus Kos, CCTV, Kartu Akses","Parkir Motor, Parkir Motor & Sepeda",,https://mamikos.com/room/kost-kota-bandung-kost-campur-eksklusif-kost-sant-in-residence-executive-cibeunying-kaler-bandung?redirection_source=landing%20area
Kost Crysant House Tipe A Cibeunying Kaler Bandung,Rp1.600.000,Cibeunying Kaler,"3 x 3 meter, Tidak termasuk listrik","Kasur, Meja, Ventilasi, Jendela, Bantal, Wastafel, Kursi","K. Mandi Dalam, Kloset Duduk, Wastafel, Shower, Air panas","WiFi, Penjaga Kos, R. Jemur, R. Santai, Dapur, Jemuran, Pengurus Kos, CCTV, Joglo","Parkir Mobil, Parkir Motor, Parkir Sepeda",,https://mamikos.com/room/kost-kota-bandung-kost-campur-eksklusif-kost-crysant-house-tipe-a-cibeunying-kaler-bandung?redirection_source=landing%20area
Kost Patma Tipe C Cibeunying Kaler Bandung,Rp1.080.000,Kecamatan Cibeunying Kaler,"2.5 x 3 meter, Tidak termasuk listrik","Kasur, Meja, Lemari / Storage, Cermin, Bantal",K. Mandi Dalam,"Kulkas, R. Tamu, Dapur, Pengurus Kos",Parkir Motor & Sepeda,,https://mamikos.com/room/kost-kota-bandung-kost-putri-eksklusif-kost-patma-tipe-c-cibeunying-kaler-bandung-2?redirection_source=landing%20area
Kost Manteron Tipe A Cibeunying Kaler Bandung,Rp900.000,Kecamatan Cibeunying Kaler,"2 x 3 meter, Tidak termasuk listrik","Kasur, Meja, Lemari / Storage, Cermin, Bantal","Kloset Jongkok, K. Mandi Luar, Ember mandi","WiFi, Mushola, Dapur, Jemuran, Pengurus Kos, Jual Makanan, Balcon, K. Mandi Luar",Parkir Motor,,https://mamikos.com/room/kost-kota-bandung-kost-putra-eksklusif-kost-manteron-tipe-a-cibeunying-kaler-bandung?redirection_source=landing%20area
Kost Ase Maria Tipe A Antapani Bandung,Rp750.000,Antapani,"3 x 4 meter, Termasuk listrik","Kasur, Meja, Lemari / Storage, Jendela, Bantal","Kloset Duduk, Kloset Jongkok, K. Mandi Luar, Ember mandi, Bak mandi","WiFi, R. Makan, R. Santai, Dispenser, Dapur, Jemuran, K. Mandi Luar",Parkir Motor,,https://mamikos.com/room/kost-kota-bandung-kost-campur-murah-kost-ase-maria-tipe-a-antapani-bandung?redirection_source=landing%20area
Kost Pak Resmana Cibeunying Kidul Bandung,Rp750.000,Kecamatan Cibeunying Kidul,"3.5 x 2 meter, Termasuk listrik","Kasur, Lemari / Storage","K. Mandi Dalam, Kloset Jongkok, Ember mandi","WiFi, Penjaga Kos, R. Jemur, Dispenser, Dapur, Jemuran, Pengurus Kos, Jual Makanan, Rooftop, Gazebo",,,https://mamikos.com/room/kost-kota-bandung-kost-putri-murah-kos-pak-resmana-cibeunying-kidul-bandung-2?redirection_source=landing%20area
Kost Dela Tipe A Antapani Bandung,Rp1.750.000,Antapani,"4 x 5 meter, Tidak termasuk listrik","AC, Kasur, Meja, TV, Lemari / Storage, Jendela, Bantal, Kursi","K. Mandi Dalam, Kloset Duduk, Shower, Air panas","WiFi, Kulkas, Mesin Cuci, R. Tamu, Penjaga Kos, Mushola, Dispenser, Dapur, Jemuran, CCTV","Parkir Mobil, Parkir Motor",,https://mamikos.com/room/kost-kota-bandung-kost-campur-eksklusif-kost-dela-tipe-a-antapani-bandung?redirection_source=landing%20area
Kost Bumi Putri Sukasenang Tipe B Cibeunying Kidul Bandung,Rp1.450.000,Cibeunying Kidul,"3 x 4 meter, Termasuk listrik","Kasur, Meja, Lemari / Storage, Kursi","K. Mandi Dalam, Kloset Duduk, Wastafel, Air panas","WiFi, Kulkas, Penjaga Kos, R. Jemur, R. Makan, Dapur","Parkir Mobil, Parkir Motor, Parkir Sepeda",,https://mamikos.com/room/kost-kota-bandung-kost-putri-eksklusif-kost-bumi-putri-sukasenang-tipe-b-cibeunying-kidul-bandung?redirection_source=landing%20area
Kost Urban Residence Tipe A Kiaracondong Bandung,Rp600.000,Kiaracondong,"3 x 3 meter, Termasuk listrik","Kasur, Lemari / Storage, Jendela, Dapur Pribadi, Bantal","K. Mandi Dalam, Kloset Jongkok, Ember mandi, Bak mandi","WiFi, Laundry, Penjaga Kos, Pengurus Kos, CCTV",Parkir Motor,,https://mamikos.com/room/kost-kota-bandung-kost-campur-murah-kost-urban-residence-tipe-a-kiaracondong-bandung?redirection_source=landing%20area
Kost Widyatama Tipe Vip Cibeunying Kidul Bandung,Rp750.000,Cibeunying Kidul,"3 x 4 meter, Termasuk listrik","Kasur, Meja, Lemari / Storage, Ventilasi, Jendela, Bantal","Kloset Duduk, Kloset Jongkok, K. Mandi Luar, Ember mandi, Bak mandi","Kulkas, Penjaga Kos, R. Jemur, R. Makan, R. Santai, Dapur, Jemuran, Balcon, Taman, K. Mandi Luar","Parkir Motor, Parkir Sepeda, Parkir Motor & Sepeda",,https://mamikos.com/room/kost-kota-bandung-kost-putri-murah-kost-widyatama-tipe-vip-cibeunying-kidul-bandung?redirection_source=landing%20area
Kost Dmt Hemat Cibeunying Kidul Bandung,Rp399.000,Cibeunying Kidul,"3 x 4 meter, Tidak termasuk listrik","Kasur, Lemari / Storage, Meja makan, Wastafel, Kursi","Kloset Duduk, Ember mandi","WiFi, R. Tamu, Penjaga Kos, R. Jemur, R. Makan, R. Santai, Dapur, Balcon",Parkir Motor,,https://mamikos.com/room/kost-kota-bandung-kost-putri-murah-kost-dmt-hemat-cibeunying-kidul-bandung-2?redirection_source=landing%20area
Kost Ibu Restu A Tipe Standart Cibeunying Kidul Bandung,Rp800.000,Kecamatan Cibeunying Kidul,"3 x 4 meter, Termasuk listrik","Kasur, Ventilasi, Jendela, Cermin, Bantal","K. Mandi Dalam, Kloset Jongkok, Ember mandi","WiFi, Jemuran, Pengurus Kos, Jual Makanan, Balcon, Joglo","Parkir Motor, Parkir Sepeda",,https://mamikos.com/room/kost-kota-bandung-kost-putra-murah-kost-ibu-restu-a-tipe-standart-cibeunying-kidul-bandung?redirection_source=landing%20area
Kost Bjk 04 Tipe A Cibeunying Kaler Bandung,Rp600.000,Kecamatan Cibeunying Kaler,"3 x 3 meter, Termasuk listrik","Kasur, Meja, Lemari / Storage, Jendela, Cermin, Kursi","Kloset Jongkok, K. Mandi Luar, Ember mandi, Bak mandi","WiFi, Kulkas, R. Tamu, Dapur, CCTV, K. Mandi Luar",Parkir Motor & Sepeda,,https://mamikos.com/room/kost-kota-bandung-kost-putra-murah-kost-bjk-04-tipe-a-cibeunying-kaler-bandung-2?redirection_source=landing%20area
Kost Evelyn Home Tipe 3 Cibeunying Kidul Bandung,Rp500.000,Cibeunying Kidul,"3 x 3 meter, Termasuk listrik","Kasur, Lemari / Storage, Cermin","Kloset Jongkok, K. Mandi Luar, Ember mandi","WiFi, R. Jemur, Dapur, K. Mandi Luar",,,https://mamikos.com/room/kost-kota-bandung-kost-putri-murah-kost-evelyn-home-tipe-3-cibeunying-kidul-bandung?redirection_source=landing%20area
Kost Kirana Tipe A Cibeunying Kidul Bandung,Rp600.000,Kecamatan Cibeunying Kidul,"3 x 3 meter, Termasuk listrik","Kasur, Lemari / Storage, Ventilasi, Jendela, Guling, Bantal","Kloset Duduk, Kloset Jongkok, K. Mandi Luar, Ember mandi","WiFi, R. Cuci, R. Tamu, R. Jemur, R. Santai, Dapur, Jemuran, Pengurus Kos, CCTV, Balcon","Parkir Motor, Parkir Sepeda, Parkir Motor & Sepeda",,https://mamikos.com/room/kost-kota-bandung-kost-campur-murah-kost-kirana-tipe-a-cibeunying-kidul-bandung?redirection_source=landing%20area
Kost Mamah Sigit 1 Cibeunying Kidul Bandung,Rp750.000,Kecamatan Cibeunying Kidul,"3 x 3 meter, Termasuk listrik","Kasur, Meja, Lemari / Storage, Jendela, Guling, Bantal","K. Mandi Dalam, Kloset Jongkok, Ember mandi, Shower","WiFi, Penjaga Kos, R. Jemur, Jemuran, Pengurus Kos","Parkir Motor, Parkir Sepeda",,https://mamikos.com/room/kost-kota-bandung-kost-campur-murah-kost-mamah-sigit-1-cibeunying-kidul-bandung?redirection_source=landing%20area
Kost Cikutra Baru 1 Cibeunying Kaler Bandung,Rp1.000.000,Cibeunying Kaler,"2 x 4 meter, Termasuk listrik","Kasur, Meja, Lemari / Storage","Kloset Duduk, K. Mandi Luar, Shower, Bak mandi","WiFi, Kulkas, R. Tamu, R. Jemur, R. Santai, Dispenser, Dapur, R. Keluarga","Parkir Mobil, Parkir Motor",,https://mamikos.com/room/kost-kost-putri-eksklusif-kost-cikutra-baru-1-cibeunying-kaler-bandung?redirection_source=landing%20area
Kost Ibu Alit Kiaracondong Bandung,Rp715.000,Kiaracondong,"7 x 3 meter, Termasuk listrik","Kasur, Lemari / Storage, Jendela, Wastafel","K. Mandi Dalam, Kloset Jongkok, Wastafel, Ember mandi","Dapur, Jemuran",Parkir Motor,,https://mamikos.com/room/kost-bandung-kost-campur-murah-kost-ibu-alit-kiaracondong-bandung-1?redirection_source=landing%20area
Kost Merenah I Cibeunying Kidul Bandung,Rp1.000.000,Kecamatan Cibeunying Kidul,"3.5 x 4.5 meter, Tidak termasuk listrik","Kasur, Lemari / Storage","Kloset Jongkok, Ember mandi","WiFi, Kulkas, Dapur, Jemuran, CCTV",Parkir Motor & Sepeda,,https://mamikos.com/room/kost-kota-bandung-kost-campur-eksklusif-kost-merenah-i-cibeunying-kidul-bandung?redirection_source=landing%20area
Kost Pondok Mahmudah Antapani Bandung,Rp800.000,Kecamatan Antapani,"2.5 x 3 meter, Termasuk listrik","Kasur, Lemari / Storage, Ventilasi, Jendela, Bantal","K. Mandi Dalam, Kloset Jongkok, Ember mandi","WiFi, Kulkas, R. Tamu, R. Jemur, R. Santai, Dapur, Jemuran, Pengurus Kos, Jual Makanan, CCTV","Parkir Motor, Parkir Sepeda",,https://mamikos.com/room/kost-kota-bandung-kost-campur-murah-kost-pondok-mahmudah-antapani-bandung?redirection_source=landing%20area
Kost Rengganis Standar Cibeunying Kaler Bandung,Rp650.000,Cibeunying Kaler,"3 x 3 meter, Termasuk listrik",Kasur,"Kloset Jongkok, K. Mandi Luar, Wastafel, Ember mandi","WiFi, R. Jemur, R. Santai, Dapur, Jemuran, Pengurus Kos, CCTV, R. Keluarga, K. Mandi Luar","Parkir Motor, Parkir Motor & Sepeda",,https://mamikos.com/room/kost-kota-bandung-kost-putri-murah-kost-rengganis-standar-cibeunying-kaler-bandung-2?redirection_source=landing%20area
Kost Berry Budi Tipe A Cibeunying Kidul Bandung,Rp650.000,Kecamatan Cibeunying Kidul,"3 x 3 meter, Termasuk listrik","Kasur, Meja, Lemari / Storage","Kloset Duduk, Kloset Jongkok, K. Mandi Luar, Bak mandi","WiFi, Kulkas, R. Jemur, R. Santai, Dapur, CCTV, Kartu Akses, TV, K. Mandi Luar","Parkir Motor, Parkir Sepeda, Parkir Motor & Sepeda",,https://mamikos.com/room/kost-kota-bandung-kost-campur-murah-kost-berry-budi-tipe-a-cibeunying-kidul-bandung?redirection_source=landing%20area
Kost Merenah I Cibeunying Kidul Bandung,Rp1.000.000,Kecamatan Cibeunying Kidul,"3.5 x 4.5 meter, Tidak termasuk listrik","Kasur, Lemari / Storage","Kloset Jongkok, Ember mandi","WiFi, Kulkas, Dapur, Jemuran, CCTV",Parkir Motor & Sepeda,,https://mamikos.com/room/kost-kota-bandung-kost-campur-eksklusif-kost-merenah-i-cibeunying-kidul-bandung?redirection_source=landing%20area
Kost Pondok Mahmudah Antapani Bandung,Rp800.000,Kecamatan Antapani,"2.5 x 3 meter, Termasuk listrik","Kasur, Lemari / Storage, Ventilasi, Jendela, Bantal","K. Mandi Dalam, Kloset Jongkok, Ember mandi","WiFi, Kulkas, R. Tamu, R. Jemur, R. Santai, Dapur, Jemuran, Pengurus Kos, Jual Makanan, CCTV","Parkir Motor, Parkir Sepeda",,https://mamikos.com/room/kost-kota-bandung-kost-campur-murah-kost-pondok-mahmudah-antapani-bandung?redirection_source=landing%20area
Kost Rengganis Standar Cibeunying Kaler Bandung,Rp650.000,Cibeunying Kaler,"3 x 3 meter, Termasuk listrik",Kasur,"Kloset Jongkok, K. Mandi Luar, Wastafel, Ember mandi","WiFi, R. Jemur, R. Santai, Dapur, Jemuran, Pengurus Kos, CCTV, R. Keluarga, K. Mandi Luar","Parkir Motor, Parkir Motor & Sepeda",,https://mamikos.com/room/kost-kota-bandung-kost-putri-murah-kost-rengganis-standar-cibeunying-kaler-bandung-2?redirection_source=landing%20area
Kost Berry Budi Tipe A Cibeunying Kidul Bandung,Rp650.000,Kecamatan Cibeunying Kidul,"3 x 3 meter, Termasuk listrik","Kasur, Meja, Lemari / Storage","Kloset Duduk, Kloset Jongkok, K. Mandi Luar, Bak mandi","WiFi, Kulkas, R. Jemur, R. Santai, Dapur, CCTV, Kartu Akses, TV, K. Mandi Luar","Parkir Motor, Parkir Sepeda, Parkir Motor & Sepeda",,https://mamikos.com/room/kost-kota-bandung-kost-campur-murah-kost-berry-budi-tipe-a-cibeunying-kidul-bandung?redirection_source=landing%20area
Kost Kilsha Sma Yas Cibeunying Kidul Bandung,Rp900.000,Cibeunying Kidul,"3 x 4 meter, Termasuk listrik","Kasur, Meja, Lemari / Storage, Ventilasi, Jendela, Kursi","K. Mandi Dalam, Kloset Duduk, Kloset Jongkok, Ember mandi, Shower","WiFi, R. Cuci, Laundry, R. Tamu, R. Jemur, R. Makan, R. Santai, Dapur, Jual Makanan, Balcon","Parkir Motor, Parkir Sepeda",,https://mamikos.com/room/kost-bandung-kost-putra-murah-kost-kilsha-sma-yas-cibeunying-kidul-bandung?redirection_source=landing%20area
Kost Shelvi Home Tipe 1 Cibeunying Kidul Bandung,Rp1.350.000,Cibeunying Kidul,"3 x 5 meter, Termasuk listrik","Kasur, Lemari / Storage","K. Mandi Dalam, Kloset Duduk, Ember mandi, Shower","WiFi, R. Jemur, R. Makan, Dapur",Parkir Motor,,https://mamikos.com/room/kost-kota-bandung-kost-putri-eksklusif-kost-shelvi-home-tipe-1-cibeunying-kidul-bandung?redirection_source=landing%20area
Kost Itenas Widyatama Ekuitas 1 Tipe B Cibeunying Kidul Bandung,Rp850.000,Cibeunying Kidul,"3 x 4 meter, Termasuk listrik","Kasur, Lemari / Storage, Ventilasi, Jendela, Bantal","K. Mandi Dalam, Kloset Jongkok, Ember mandi","WiFi, Penjaga Kos, R. Jemur, Dapur, Jemuran, Pengurus Kos, CCTV","Parkir Motor, Parkir Sepeda",,https://mamikos.com/room/kost-kota-bandung-kost-putra-murah-kost-itenas-widyatama-ekuitas-1-tipe-b-cibeunying-kidul-bandung?redirection_source=landing%20area
Kost Elroi Bojong Koneng Atas Cikutra Tipe C Cimenyan Bandung,Rp1.500.000,Cimenyan,"4 x 4 meter, Tidak termasuk listrik","Kasur, Meja, Lemari / Storage, Ventilasi, Jendela, Guling, Cermin, Bantal, Kursi, Kipas Angin","K. Mandi Dalam, Kloset Duduk, Ember mandi, Shower, Air panas","WiFi, Kulkas, R. Tamu, Penjaga Kos, R. Jemur, R. Makan, R. Santai, Dispenser, Dapur, Jemuran","Parkir Motor, Parkir Motor & Sepeda",,https://mamikos.com/room/kost-kabupaten-bandung-kost-putra-eksklusif-kost-elroi-bojong-koneng-atas-cikutra-tipe-c-cimenyan-bandung-2?redirection_source=landing%20area
Kost Rkm Tipe B Cibeunying Kidul Bandung,Rp2.250.000,Cibeunying Kidul,"2.8 x 3 meter, Tidak termasuk listrik","AC, Kasur, Meja, TV, Lemari / Storage, Ventilasi, Jendela, Guling, Cermin, Bantal","K. Mandi Dalam, Kloset Duduk, Shower, Air panas","WiFi, R. Tamu, Penjaga Kos, R. Santai, Jemuran, Pengurus Kos, CCTV, Rooftop, Balcon, TV","Parkir Mobil, Parkir Motor, Parkir Motor & Sepeda",,https://mamikos.com/room/kost-kota-bandung-kost-campur-eksklusif-kost-rkm-tipe-b-cibeunying-kidul-bandung-2?redirection_source=landing%20area
Kost Sidomukti 65 Tipe A Cibeunying Kaler Bandung,Rp950.000,Kecamatan Cibeunying Kaler,"3 x 4 meter, Tidak termasuk listrik",Kasur,"K. Mandi Dalam, Kloset Duduk, Kloset Jongkok, Shower, Air panas","WiFi, R. Makan, Dapur, Jemuran, Pengurus Kos, Rooftop, Balcon","Parkir Mobil, Parkir Motor, Parkir Sepeda, Parkir Motor & Sepeda",,https://mamikos.com/room/kost-kota-bandung-kost-campur-murah-kost-sidomukti-65-tipe-a-cibeunying-kaler-bandung-2?redirection_source=landing%20area
Kost A H Nasution Tipe A Mandalajati Bandung,Rp950.000,Mandalajati,"4 x 4 meter, Tidak termasuk listrik","AC, Kasur, Meja, Lemari / Storage, Ventilasi, Jendela, Kursi, Kipas Angin","K. Mandi Dalam, Kloset Duduk, Shower, Air panas",CCTV,"Parkir Motor, Parkir Sepeda",,https://mamikos.com/room/kost-kota-bandung-kost-campur-eksklusif-kost-a-h-nasution-tipe-a-mandalajati-bandung?redirection_source=landing%20area
Kost Divara Luxury Kamar Utama Cibeunying Kaler Bandung,Rp1.600.000,Kecamatan Cibeunying Kaler,"3 x 3 meter, Tidak termasuk listrik","AC, Kasur, Meja, TV, Lemari / Storage, Ventilasi, Jendela, Bantal, Kursi","K. Mandi Dalam, Kloset Duduk, Shower, Air panas","WiFi, Kulkas, Laundry, Penjaga Kos, R. Jemur, R. Santai, Dapur, Jemuran, CCTV, Kartu Akses","Parkir Motor, Parkir Motor & Sepeda",,https://mamikos.com/room/kost-kota-bandung-kost-campur-eksklusif-kost-divara-luxury-kamar-utama-cibeunying-kaler-bandung-2?redirection_source=landing%20area
Kost Casseyo Tipe B Kiaracondong Bandung,Rp750.000,Kecamatan Kiaracondong,"4 x 5 meter, Tidak termasuk listrik","Ventilasi, Jendela, Dapur Pribadi, Wastafel","K. Mandi Dalam, Kloset Jongkok, Ember mandi","R. Jemur, Jemuran","Parkir Motor, Parkir Sepeda",,https://mamikos.com/room/kost-kota-bandung-kost-campur-murah-kost-casseyo-tipe-b-terusan-jl-jakarta-kecamatan-kiaracondong-bandung?redirection_source=landing%20area
Kost Bengawan 83 Tipe C1 Bandung Wetan Bandung,Rp1.250.000,Kecamatan Bandung Wetan,"3.2 x 3.2 meter, Termasuk listrik","Kasur, Meja, Lemari / Storage, Ventilasi, Jendela, Cermin, Bantal, Kursi, Kipas Angin, Cleaning service","Kloset Duduk, K. Mandi Luar, Shower, Air panas","WiFi, R. Cuci, Kulkas, Mesin Cuci, R. Tamu, Penjaga Kos, R. Jemur, R. Makan, R. Santai, Dispenser","Parkir Mobil, Parkir Motor, Parkir Sepeda",,https://mamikos.com/room/kost-kota-bandung-kost-campur-eksklusif-kost-bengawan-83-tipe-c1-bandung-wetan-bandung-2?redirection_source=landing%20area
Kost Shan House Cimenyan Bandung,Rp1.050.000,Cimenyan,"3 x 3 meter, Tidak termasuk listrik","Kasur, Meja, Lemari / Storage, Ventilasi, Jendela, Guling, Cermin, Bantal, Wastafel, Kursi","K. Mandi Dalam, Kloset Jongkok, Wastafel, Shower","WiFi, R. Tamu, Penjaga Kos, R. Jemur, Dapur, CCTV","Parkir Motor, Parkir Sepeda",,https://mamikos.com/room/kost-kost-campur-eksklusif-kost-shan-house-cimenyan-bandung-1?redirection_source=landing%20area
Kost Bidan Maria 2 Antapani Bandung,Rp850.000,Antapani,"3 x 4 meter, Tidak termasuk listrik","Lemari / Storage, Cleaning service",Ember mandi,"WiFi, R. Jemur, Dapur, Pengurus Kos, CCTV, K. Mandi Luar","Parkir Motor, Parkir Sepeda",,https://mamikos.com/room/kost-bandung-kost-campur-murah-kost-bidan-maria-antapani-bandung?redirection_source=landing%20area
Kost Karambia Cimenyan Bandung,Rp2.250.000,Cimenyan,"3 x 7 meter, Termasuk listrik","Kasur, Meja, Lemari / Storage, Ventilasi, Meja makan, Jendela, Guling, Cermin, Bantal, Wastafel","K. Mandi Dalam, Kloset Duduk, Wastafel, Ember mandi, Shower, Air panas","WiFi, R. Cuci, Kulkas, Mesin Cuci, R. Jemur, R. Santai, Dapur, Jemuran, Rice Cooker, Balcon","Parkir Motor, Parkir Sepeda",,https://mamikos.com/room/kost-kabupaten-bandung-kost-putri-eksklusif-kost-karambia-cimenyan-bandung-2?redirection_source=landing%20area
Kost Elroi Bojong Koneng Atas Cikutra Tipe A Cimenyan Bandung,Rp1.700.000,Cimenyan,"3 x 4 meter, Tidak termasuk listrik","AC, Kasur, Meja, Lemari / Storage, Ventilasi, Jendela, Guling, Cermin, Bantal, Kursi","K. Mandi Dalam, Kloset Duduk, Ember mandi, Shower, Air panas","WiFi, Kulkas, R. Tamu, Penjaga Kos, R. Jemur, R. Makan, R. Santai, Dispenser, Dapur, Jemuran","Parkir Motor, Parkir Motor & Sepeda",,https://mamikos.com/room/kost-kabupaten-bandung-kost-putra-eksklusif-kost-elroi-bojong-koneng-atas-cikutra-tipe-a-cimenyan-bandung?redirection_source=landing%20area
Kost Sumitra Tipe A Cibeunying Kaler Bandung,Rp1.200.000,Kecamatan Cibeunying Kaler,"3 x 2.5 meter, Tidak termasuk listrik","Kasur, Meja, Kursi","K. Mandi Dalam, Kloset Duduk, Shower","WiFi, R. Cuci, R. Jemur, R. Santai",Parkir Motor,,https://mamikos.com/room/kost-kota-bandung-kost-putri-eksklusif-kost-sumitra-tipe-a-cibeunying-kaler-bandung?redirection_source=landing%20area
Kost Bengawan 83 Tipe B Bandung Wetan Bandung,Rp1.350.000,Bandung Wetan,"3.5 x 3.5 meter, Termasuk listrik","Kasur, Meja, Lemari / Storage, Ventilasi, Jendela, Cermin, Bantal, Kursi, Kipas Angin, Cleaning service","Kloset Duduk, K. Mandi Luar, Shower, Air panas","WiFi, R. Cuci, Kulkas, Mesin Cuci, R. Tamu, Penjaga Kos, R. Jemur, R. Makan, R. Santai, Dispenser","Parkir Mobil, Parkir Motor, Parkir Sepeda",,https://mamikos.com/room/kost-kota-bandung-kost-campur-eksklusif-kost-bengawan-83-tipe-b-bandung-wetan-bandung-2?redirection_source=landing%20area
Kost Palm Bridge Tipe A Cimenyan Bandung,Rp850.000,Cimenyan,"3 x 2.7 meter, Termasuk listrik","Kasur, Meja, Lemari / Storage","Kloset Duduk, K. Mandi Luar, Ember mandi","WiFi, Mesin Cuci, R. Tamu, R. Jemur, R. Santai, Balcon","Parkir Motor, Parkir Sepeda",,https://mamikos.com/room/kost-bandung-kost-putra-murah-kost-palm-bridge-tipe-a-cimenyan-bandung-2?redirection_source=landing%20area
Kost Mahasiswa Murah Widyatama Tipe Besar Cibeunying Kidul Bandung,Rp1.000.000,Kecamatan Cibeunying Kidul,"3 x 4 meter, Termasuk listrik","Kasur, Meja, Lemari / Storage, Ventilasi, Jendela, Cermin, Kursi","Kloset Duduk, Kloset Jongkok, K. Mandi Luar, Ember mandi, Bak mandi","WiFi, R. Cuci, R. Jemur, Mushola, Dispenser, Dapur, Jemuran, Pengurus Kos, Balcon, Gazebo","Parkir Motor, Parkir Sepeda, Parkir Motor & Sepeda",,https://mamikos.com/room/kost-kota-bandung-kost-putra-eksklusif-kost-mahasiswa-murah-widyatama-tipe-besar-cibeunying-kidul-bandung?redirection_source=landing%20area
Kost Little Spring Rooms Rosie 1 Antapani Bandung,Rp1.400.000,Antapani,"2 x 2 meter, Tidak termasuk listrik","AC, Kasur, Meja, Lemari / Storage, Jendela, Guling, Cermin, Bantal","K. Mandi Dalam, Kloset Duduk, Ember mandi, Shower, Air panas","Kulkas, R. Tamu, Penjaga Kos, R. Jemur, R. Makan, R. Santai, Dispenser, Dapur, Jemuran, Pengurus Kos","Parkir Mobil, Parkir Motor, Parkir Sepeda, Parkir Motor & Sepeda",,https://mamikos.com/room/kost-kota-bandung-kost-putri-eksklusif-kost-little-spring-rooms-rosie-1-antapani-bandung-2?redirection_source=landing%20area
Kost Omah Harianja Cibeunying Kidul Bandung,Rp600.000,Cibeunying Kidul,"3 x 3 meter, Termasuk listrik","Kasur, Meja, Ventilasi, Kursi",K. Mandi Luar,"WiFi, Kulkas, R. Jemur, R. Santai, Dapur, Jemuran, Balcon, TV, K. Mandi Luar",Parkir Motor,,https://mamikos.com/room/kost-kota-bandung-kost-putri-murah-kost-omah-harianja-cibeunying-kidul-bandung?redirection_source=landing%20area
Kost Nin Ae Tipe D Mandalajati Bandung,Rp1.500.000,Mandalajati,"3 x 5 meter, Termasuk listrik","AC, Kasur, Lemari / Storage, Jendela, Cermin, Bantal","Kloset Jongkok, K. Mandi Luar, Wastafel, Shower, Air panas","WiFi, Kulkas, CCTV","Parkir Mobil, Parkir Motor, Parkir Sepeda, Parkir Motor & Sepeda",,https://mamikos.com/room/kost-kota-bandung-kost-campur-eksklusif-kost-nin-ae-tipe-d-mandalajati-bandung-2?redirection_source=landing%20area
Kost Keys Co Living Superior Balcony K 08 Cibeunying Kidul Bandung,Rp2.850.000,Cibeunying Kidul,"3 x 4 meter, Tidak termasuk listrik","AC, Kasur, Meja, Lemari / Storage, microwave, Jendela, Guling, Cermin, Bantal, Kursi","K. Mandi Dalam, Kloset Duduk, Shower, Air panas","WiFi, R. Cuci, Kulkas, Penjaga Kos, R. Jemur, R. Makan, Mushola, Dispenser, Dapur, Jemuran","Parkir Mobil, Parkir Motor",,https://mamikos.com/room/kost-kota-bandung-kost-campur-eksklusif-kost-keys-co-living-superior-balcony-k-08-cibeunying-kidul-bandung-2?redirection_source=landing%20area
Kost Icha Cikutra Tipe B Cibeunying Kidul Bandung,Rp750.000,Kecamatan Cibeunying Kidul,"3 x 3 meter, Termasuk listrik","Kasur, Meja, Lemari / Storage, Ventilasi, Jendela, Guling, Cermin, Bantal","Kloset Jongkok, K. Mandi Luar, Ember mandi, Bak mandi","WiFi, R. Cuci, R. Tamu, Penjaga Kos, R. Jemur, Dispenser, Dapur, Jemuran, Pengurus Kos, CCTV",Parkir Motor,,https://mamikos.com/room/kost-kota-bandung-kost-putri-murah-kost-icha-cikutra-tipe-b-cibeunying-kidul-bandung-2?redirection_source=landing%20area
Kost Wida Antapani Bandung,Rp950.000,Antapani,"3 x 5 meter, Termasuk listrik","Kasur, Lemari / Storage, Ventilasi, Jendela, Bantal, Wastafel","K. Mandi Dalam, Kloset Duduk, Ember mandi","WiFi, R. Jemur, Dapur, Jemuran",Parkir Motor,,https://mamikos.com/room/kost-kota-bandung-kost-campur-eksklusif-kost-wida-antapani-bandung?redirection_source=landing%20area
Kost Studio G4 Tipe B Cibeunying Kaler Bandung,Rp960.000,Kecamatan Cibeunying Kaler,"3 x 2 meter, Termasuk listrik","Kasur, Meja, Lemari / Storage, Ventilasi, Jendela, Guling, Cermin, Bantal, Kursi","Kloset Jongkok, K. Mandi Luar, Wastafel, Ember mandi","WiFi, R. Jemur, R. Makan, R. Santai, Dapur, Jemuran, Rice Cooker, Balcon, K. Mandi Luar","Parkir Motor, Parkir Sepeda",,https://mamikos.com/room/kost-kota-bandung-kost-putra-eksklusif-kost-studio-g4-tipe-b-cibeunying-kaler-bandung?redirection_source=landing%20area
Kost Jl Sekemerak Cimenyan Bandung,Rp850.000,Cimenyan,"3 x 4 meter, Tidak termasuk listrik","Ventilasi, Jendela, Dapur Pribadi",Kloset Jongkok,"Dapur, Jemuran, Balcon",Parkir Motor,,https://mamikos.com/room/kost-kabupaten-bandung-kost-campur-murah-kost-jl-sekemerak-cimenyan-bandung-1?redirection_source=landing%20area
Kost Cikutra Nyaman Cibeunying Kaler Bandung,Rp650.000,Kecamatan Cibeunying Kaler,"3 x 3 meter, Tidak termasuk listrik","Kasur, Meja, Lemari / Storage, Dapur Pribadi","K. Mandi Dalam, Ember mandi","WiFi, Jemuran, Pengurus Kos","Parkir Motor, Parkir Sepeda",,https://mamikos.com/room/kost-kota-bandung-kost-campur-murah-kost-cikutra-nyaman-cibeunying-kaler-bandung?redirection_source=landing%20area
Kost Bu Eti 2 Antapani Bandung,Rp850.000,Kecamatan Antapani,"3 x 4 meter, Termasuk listrik","Kasur, Meja, Lemari / Storage, Ventilasi, Jendela, Guling, Cermin, Bantal","Kloset Duduk, Kloset Jongkok, K. Mandi Luar, Ember mandi, Shower, Bak mandi","WiFi, R. Cuci, Kulkas, Mesin Cuci, R. Tamu, R. Jemur, Mushola, R. Santai, Dapur, Jemuran",Parkir Motor,,https://mamikos.com/room/kost-kota-bandung-kost-putri-murah-kost-bu-eti-2-antapani-bandung?redirection_source=landing%20area
Kost Orange Tipe E Cikondang Coblong Bandung,Rp1.100.000,Coblong,"4 x 5.5 meter, Termasuk listrik","Kasur, Meja, Lemari / Storage, Kursi","K. Mandi Dalam, Kloset Jongkok, Ember mandi, Shower","WiFi, Kulkas, R. Jemur, Dispenser, Dapur, Balcon, TV",Parkir Motor,,https://mamikos.com/room/kost-kota-bandung-kost-campur-murah-kost-orange-tipe-e-cikondang-coblong-bandung?redirection_source=landing%20area
403 Forbidden,0,-,,,,,,,https://mamikos.com/room/kost-kota-bandung-kost-campur-murah-kost-orange-marhaban-cibeunying-kidul-bandung-2?redirection_source=landing%20area
Kost Hdci Tipe A Coblong Bandung,Rp3.000.000,Coblong,"3 x 4 meter, Tidak termasuk listrik","AC, Kasur, TV, Meja Rias, Lemari / Storage, Jendela, Guling, Cermin, Bantal","K. Mandi Dalam, Kloset Duduk, Ember mandi, Shower","WiFi, Kulkas, Mesin Cuci, Penjaga Kos, Dispenser, Dapur, Rice Cooker, Pengurus Kos, Jual Makanan, TV",Parkir Motor,,https://mamikos.com/room/kost-kota-bandung-kost-putra-eksklusif-kost-hdci-tipe-a-coblong-bandung?redirection_source=landing%20area
Kost Boarding House Naga Malim With Kitchen Outside Tipe B Cibeunying Kidul Bandung,Rp900.000,Cibeunying Kidul,"3 x 3 meter, Tidak termasuk listrik",Jendela,Kloset Jongkok,"R. Tamu, R. Santai, Dapur, Pengurus Kos, CCTV, Balcon, K. Mandi Luar","Parkir Motor, Parkir Sepeda",,https://mamikos.com/room/kost-bandung-kost-campur-murah-kost-boarding-house-naga-malim-with-kitchen-outside-tipe-b-cibeunying-kidul-bandung?redirection_source=landing%20area
Kost Keys Co Living Standard Deluxe Cibeunying Kidul Bandung,Rp2.250.000,Cibeunying Kidul,"3 x 2.7 meter, Tidak termasuk listrik","AC, Kasur, Meja, Lemari / Storage, Jendela, Guling, Cermin, Bantal, Kursi","K. Mandi Dalam, Kloset Duduk, Shower, Air panas","WiFi, R. Cuci, Kulkas, Mesin Cuci, Penjaga Kos, R. Jemur, R. Makan, Mushola, Dispenser, Dapur","Parkir Mobil, Parkir Motor",,https://mamikos.com/room/kost-kota-bandung-kost-campur-eksklusif-kost-keys-co-living-standard-deluxe-cibeunying-kidul-bandung-2?redirection_source=landing%20area
Kost Kurnia Tipe A Cibeunying Kidul Bandung,Rp1.300.000,Cibeunying Kidul,"3 x 4 meter, Termasuk listrik","Kasur, Meja, Lemari / Storage, Jendela, Guling, Bantal, Kursi","Kloset Duduk, Ember mandi, Shower","WiFi, Kulkas, Mesin Cuci, R. Santai, Dispenser, Dapur, Jemuran, CCTV, TV",Parkir Motor,,https://mamikos.com/room/kost-kota-bandung-kost-putri-eksklusif-kost-kurnia-tipe-a-cibeunying-kidul-bandung?redirection_source=landing%20area
Kost Palm Bridge Tipe E Cimenyan Bandung,Rp850.000,Cimenyan,"3 x 3 meter, Termasuk listrik","Kasur, Meja, Lemari / Storage, Jendela","Kloset Duduk, K. Mandi Luar","WiFi, R. Cuci, R. Jemur, Dapur, Jemuran, Pengurus Kos, Balcon, R. Keluarga, K. Mandi Luar",Parkir Motor,,https://mamikos.com/room/kost-kabupaten-bandung-kost-putra-eksklusif-kost-palm-bridge-tipe-e-cimenyan-bandung-1?redirection_source=landing%20area
Kost Titik Awal Cikaso Tipe A Cibeunying Kidul Bandung,Rp2.100.000,Cibeunying Kidul,"4 x 5 meter, Tidak termasuk listrik","AC, Kasur, Meja, Lemari / Storage, Ventilasi, Jendela, Guling, Cermin, Bantal, Wastafel","K. Mandi Dalam, Kloset Duduk, Ember mandi, Shower, Air panas","WiFi, R. Cuci, Kulkas, Mesin Cuci, R. Tamu, Penjaga Kos, R. Jemur, Dispenser, Dapur, Jemuran","Parkir Mobil, Parkir Motor, Parkir Sepeda",,https://mamikos.com/room/kost-kota-bandung-kost-putri-eksklusif-kost-titik-awal-cikaso-tipe-a-cibeunying-kidul-bandung?redirection_source=landing%20area
Kost Dela Tipe A Antapani Bandung,Rp1.750.000,Antapani,"4 x 5 meter, Tidak termasuk listrik","AC, Kasur, Meja, TV, Lemari / Storage, Jendela, Bantal, Kursi","K. Mandi Dalam, Kloset Duduk, Shower, Air panas","WiFi, Kulkas, Mesin Cuci, R. Tamu, Penjaga Kos, Mushola, Dispenser, Dapur, Jemuran, CCTV","Parkir Mobil, Parkir Motor",,https://mamikos.com/room/kost-kota-bandung-kost-campur-eksklusif-kost-dela-tipe-a-antapani-bandung?redirection_source=landing%20area
Kost Bumi Putri Sukasenang Tipe B Cibeunying Kidul Bandung,Rp1.450.000,Cibeunying Kidul,"3 x 4 meter, Termasuk listrik","Kasur, Meja, Lemari / Storage, Kursi","K. Mandi Dalam, Kloset Duduk, Wastafel, Air panas","WiFi, Kulkas, Penjaga Kos, R. Jemur, R. Makan, Dapur","Parkir Mobil, Parkir Motor, Parkir Sepeda",,https://mamikos.com/room/kost-kota-bandung-kost-putri-eksklusif-kost-bumi-putri-sukasenang-tipe-b-cibeunying-kidul-bandung?redirection_source=landing%20area
Kost Urban Residence Tipe A Kiaracondong Bandung,Rp600.000,Kiaracondong,"3 x 3 meter, Termasuk listrik","Kasur, Lemari / Storage, Jendela, Dapur Pribadi, Bantal","K. Mandi Dalam, Kloset Jongkok, Ember mandi, Bak mandi","WiFi, Laundry, Penjaga Kos, Pengurus Kos, CCTV",Parkir Motor,,https://mamikos.com/room/kost-kota-bandung-kost-campur-murah-kost-urban-residence-tipe-a-kiaracondong-bandung?redirection_source=landing%20area
Kost Widyatama Tipe Vip Cibeunying Kidul Bandung,Rp750.000,Cibeunying Kidul,"3 x 4 meter, Termasuk listrik","Kasur, Meja, Lemari / Storage, Ventilasi, Jendela, Bantal","Kloset Duduk, Kloset Jongkok, K. Mandi Luar, Ember mandi, Bak mandi","Kulkas, Penjaga Kos, R. Jemur, R. Makan, R. Santai, Dapur, Jemuran, Balcon, Taman, K. Mandi Luar","Parkir Motor, Parkir Sepeda, Parkir Motor & Sepeda",,https://mamikos.com/room/kost-kota-bandung-kost-putri-murah-kost-widyatama-tipe-vip-cibeunying-kidul-bandung?redirection_source=landing%20area
Kost Dmt Hemat Cibeunying Kidul Bandung,Rp399.000,Cibeunying Kidul,"3 x 4 meter, Tidak termasuk listrik","Kasur, Lemari / Storage, Meja makan, Wastafel, Kursi","Kloset Duduk, Ember mandi","WiFi, R. Tamu, Penjaga Kos, R. Jemur, R. Makan, R. Santai, Dapur, Balcon",Parkir Motor,,https://mamikos.com/room/kost-kota-bandung-kost-putri-murah-kost-dmt-hemat-cibeunying-kidul-bandung-2?redirection_source=landing%20area
Kost Ibu Restu A Tipe Standart Cibeunying Kidul Bandung,Rp800.000,Kecamatan Cibeunying Kidul,"3 x 4 meter, Termasuk listrik","Kasur, Ventilasi, Jendela, Cermin, Bantal","K. Mandi Dalam, Kloset Jongkok, Ember mandi","WiFi, Jemuran, Pengurus Kos, Jual Makanan, Balcon, Joglo","Parkir Motor, Parkir Sepeda",,https://mamikos.com/room/kost-kota-bandung-kost-putra-murah-kost-ibu-restu-a-tipe-standart-cibeunying-kidul-bandung?redirection_source=landing%20area
Kost Bjk 04 Tipe A Cibeunying Kaler Bandung,Rp600.000,Kecamatan Cibeunying Kaler,"3 x 3 meter, Termasuk listrik","Kasur, Meja, Lemari / Storage, Jendela, Cermin, Kursi","Kloset Jongkok, K. Mandi Luar, Ember mandi, Bak mandi","WiFi, Kulkas, R. Tamu, Dapur, CCTV, K. Mandi Luar",Parkir Motor & Sepeda,,https://mamikos.com/room/kost-kota-bandung-kost-putra-murah-kost-bjk-04-tipe-a-cibeunying-kaler-bandung-2?redirection_source=landing%20area
Kost Evelyn Home Tipe 3 Cibeunying Kidul Bandung,Rp500.000,Cibeunying Kidul,"3 x 3 meter, Termasuk listrik","Kasur, Lemari / Storage, Cermin","Kloset Jongkok, K. Mandi Luar, Ember mandi","WiFi, R. Jemur, Dapur, K. Mandi Luar",,,https://mamikos.com/room/kost-kota-bandung-kost-putri-murah-kost-evelyn-home-tipe-3-cibeunying-kidul-bandung?redirection_source=landing%20area
Kost Kirana Tipe A Cibeunying Kidul Bandung,Rp600.000,Kecamatan Cibeunying Kidul,"3 x 3 meter, Termasuk listrik","Kasur, Lemari / Storage, Ventilasi, Jendela, Guling, Bantal","Kloset Duduk, Kloset Jongkok, K. Mandi Luar, Ember mandi","WiFi, R. Cuci, R. Tamu, R. Jemur, R. Santai, Dapur, Jemuran, Pengurus Kos, CCTV, Balcon","Parkir Motor, Parkir Sepeda, Parkir Motor & Sepeda",,https://mamikos.com/room/kost-kota-bandung-kost-campur-murah-kost-kirana-tipe-a-cibeunying-kidul-bandung?redirection_source=landing%20area
Kost Mamah Sigit 1 Cibeunying Kidul Bandung,Rp750.000,Kecamatan Cibeunying Kidul,"3 x 3 meter, Termasuk listrik","Kasur, Meja, Lemari / Storage, Jendela, Guling, Bantal","K. Mandi Dalam, Kloset Jongkok, Ember mandi, Shower","WiFi, Penjaga Kos, R. Jemur, Jemuran, Pengurus Kos","Parkir Motor, Parkir Sepeda",,https://mamikos.com/room/kost-kota-bandung-kost-campur-murah-kost-mamah-sigit-1-cibeunying-kidul-bandung?redirection_source=landing%20area
Kost Cikutra Baru 1 Cibeunying Kaler Bandung,Rp1.000.000,Cibeunying Kaler,"2 x 4 meter, Termasuk listrik","Kasur, Meja, Lemari / Storage","Kloset Duduk, K. Mandi Luar, Shower, Bak mandi","WiFi, Kulkas, R. Tamu, R. Jemur, R. Santai, Dispenser, Dapur, R. Keluarga","Parkir Mobil, Parkir Motor",,https://mamikos.com/room/kost-kost-putri-eksklusif-kost-cikutra-baru-1-cibeunying-kaler-bandung?redirection_source=landing%20area
Kost Ibu Alit Kiaracondong Bandung,Rp715.000,Kiaracondong,"7 x 3 meter, Termasuk listrik","Kasur, Lemari / Storage, Jendela, Wastafel","K. Mandi Dalam, Kloset Jongkok, Wastafel, Ember mandi","Dapur, Jemuran",Parkir Motor,,https://mamikos.com/room/kost-bandung-kost-campur-murah-kost-ibu-alit-kiaracondong-bandung-1?redirection_source=landing%20area
Kost Merenah I Cibeunying Kidul Bandung,Rp1.000.000,Kecamatan Cibeunying Kidul,"3.5 x 4.5 meter, Tidak termasuk listrik","Kasur, Lemari / Storage","Kloset Jongkok, Ember mandi","WiFi, Kulkas, Dapur, Jemuran, CCTV",Parkir Motor & Sepeda,,https://mamikos.com/room/kost-kota-bandung-kost-campur-eksklusif-kost-merenah-i-cibeunying-kidul-bandung?redirection_source=landing%20area
Kost Pondok Mahmudah Antapani Bandung,Rp800.000,Kecamatan Antapani,"2.5 x 3 meter, Termasuk listrik","Kasur, Lemari / Storage, Ventilasi, Jendela, Bantal","K. Mandi Dalam, Kloset Jongkok, Ember mandi","WiFi, Kulkas, R. Tamu, R. Jemur, R. Santai, Dapur, Jemuran, Pengurus Kos, Jual Makanan, CCTV","Parkir Motor, Parkir Sepeda",,https://mamikos.com/room/kost-kota-bandung-kost-campur-murah-kost-pondok-mahmudah-antapani-bandung?redirection_source=landing%20area
Kost Rengganis Standar Cibeunying Kaler Bandung,Rp650.000,Cibeunying Kaler,"3 x 3 meter, Termasuk listrik",Kasur,"Kloset Jongkok, K. Mandi Luar, Wastafel, Ember mandi","WiFi, R. Jemur, R. Santai, Dapur, Jemuran, Pengurus Kos, CCTV, R. Keluarga, K. Mandi Luar","Parkir Motor, Parkir Motor & Sepeda",,https://mamikos.com/room/kost-kota-bandung-kost-putri-murah-kost-rengganis-standar-cibeunying-kaler-bandung-2?redirection_source=landing%20area
Kost Berry Budi Tipe A Cibeunying Kidul Bandung,Rp650.000,Kecamatan Cibeunying Kidul,"3 x 3 meter, Termasuk listrik","Kasur, Meja, Lemari / Storage","Kloset Duduk, Kloset Jongkok, K. Mandi Luar, Bak mandi","WiFi, Kulkas, R. Jemur, R. Santai, Dapur, CCTV, Kartu Akses, TV, K. Mandi Luar","Parkir Motor, Parkir Sepeda, Parkir Motor & Sepeda",,https://mamikos.com/room/kost-kota-bandung-kost-campur-murah-kost-berry-budi-tipe-a-cibeunying-kidul-bandung?redirection_source=landing%20area
Kost Kilsha Sma Yas Cibeunying Kidul Bandung,Rp900.000,Cibeunying Kidul,"3 x 4 meter, Termasuk listrik","Kasur, Meja, Lemari / Storage, Ventilasi, Jendela, Kursi","K. Mandi Dalam, Kloset Duduk, Kloset Jongkok, Ember mandi, Shower","WiFi, R. Cuci, Laundry, R. Tamu, R. Jemur, R. Makan, R. Santai, Dapur, Jual Makanan, Balcon","Parkir Motor, Parkir Sepeda",,https://mamikos.com/room/kost-bandung-kost-putra-murah-kost-kilsha-sma-yas-cibeunying-kidul-bandung?redirection_source=landing%20area
Kost Shelvi Home Tipe 1 Cibeunying Kidul Bandung,Rp1.350.000,Cibeunying Kidul,"3 x 5 meter, Termasuk listrik","Kasur, Lemari / Storage","K. Mandi Dalam, Kloset Duduk, Ember mandi, Shower","WiFi, R. Jemur, R. Makan, Dapur",Parkir Motor,,https://mamikos.com/room/kost-kota-bandung-kost-putri-eksklusif-kost-shelvi-home-tipe-1-cibeunying-kidul-bandung?redirection_source=landing%20area
Kost Itenas Widyatama Ekuitas 1 Tipe B Cibeunying Kidul Bandung,Rp850.000,Cibeunying Kidul,"3 x 4 meter, Termasuk listrik","Kasur, Lemari / Storage, Ventilasi, Jendela, Bantal","K. Mandi Dalam, Kloset Jongkok, Ember mandi","WiFi, Penjaga Kos, R. Jemur, Dapur, Jemuran, Pengurus Kos, CCTV","Parkir Motor, Parkir Sepeda",,https://mamikos.com/room/kost-kota-bandung-kost-putra-murah-kost-itenas-widyatama-ekuitas-1-tipe-b-cibeunying-kidul-bandung?redirection_source=landing%20area
Kost Elroi Bojong Koneng Atas Cikutra Tipe C Cimenyan Bandung,Rp1.500.000,Cimenyan,"4 x 4 meter, Tidak termasuk listrik","Kasur, Meja, Lemari / Storage, Ventilasi, Jendela, Guling, Cermin, Bantal, Kursi, Kipas Angin","K. Mandi Dalam, Kloset Duduk, Ember mandi, Shower, Air panas","WiFi, Kulkas, R. Tamu, Penjaga Kos, R. Jemur, R. Makan, R. Santai, Dispenser, Dapur, Jemuran","Parkir Motor, Parkir Motor & Sepeda",,https://mamikos.com/room/kost-kabupaten-bandung-kost-putra-eksklusif-kost-elroi-bojong-koneng-atas-cikutra-tipe-c-cimenyan-bandung-2?redirection_source=landing%20area
Kost Imah Incu Antapani Bandung,Rp850.000,Antapani,"3 x 4 meter, Termasuk listrik","Kasur, Lemari / Storage, Ventilasi, Jendela, Guling, Bantal","K. Mandi Dalam, Kloset Jongkok, Ember mandi","WiFi, Jemuran, Pengurus Kos","Parkir Motor, Parkir Sepeda",,https://mamikos.com/room/kost-kota-bandung-kost-putri-murah-kost-imah-incu-antapani-bandung-2?redirection_source=landing%20area
Kost Apik Mekar II Padasuka Tipe A Cibeunying Kidul Bandung,Rp1.015.000,Cibeunying Kidul,"3 x 3 meter, Tidak termasuk listrik","Kasur, Meja, Lemari / Storage, Jendela, Bantal, Kursi","K. Mandi Dalam, Kloset Duduk, Ember mandi, Shower","WiFi, Kulkas, R. Tamu, Penjaga Kos, R. Jemur, Dapur, Jemuran",Parkir Motor & Sepeda,,https://mamikos.com/room/kost-kota-bandung-kost-campur-murah-kost-apik-mekar-ii-padasuka-tipe-a-cibeunying-kidul-bandung-2?redirection_source=landing%20area
Kost Singgahsini Rumah Kita Tipe A Cibeunying Kaler Bandung,Rp1.015.000,Cibeunying Kaler,"3 x 3 meter, Tidak termasuk listrik","Kasur, Ventilasi, Jendela, Bantal","K. Mandi Dalam, Kloset Duduk, Ember mandi, Shower","WiFi, Penjaga Kos, R. Jemur, Dapur, K. Mandi Luar","Parkir Motor, Parkir Sepeda",,https://mamikos.com/room/kost-kota-bandung-kost-putra-murah-kost-singgahsini-rumah-kita-tipe-a-cibeunying-kaler-bandung?redirection_source=landing%20area
Kost Apik Bintang Kumeli Tipe C Cibeunying Kaler Bandung,Rp975.000,Cibeunying Kaler,"3 x 3 meter, Tidak termasuk listrik","Kasur, Meja, Lemari / Storage, Cermin, Bantal, Kursi","Kloset Duduk, K. Mandi Luar, Shower","WiFi, Kulkas, R. Tamu, Penjaga Kos, R. Jemur, Dapur, Jemuran, Rooftop","Parkir Mobil, Parkir Motor & Sepeda",,https://mamikos.com/room/kost-kota-bandung-kost-putra-murah-kost-apik-bintang-kumeli-tipe-c-cibeunying-kaler-bandung-2?redirection_source=landing%20area
Kost Apik Bintang Kumeli Tipe B Cibeunying Kaler Bandung,Rp1.025.000,Cibeunying Kaler,"4 x 4 meter, Tidak termasuk listrik","Kasur, Meja, Lemari / Storage, Ventilasi, Jendela, Cermin, Bantal, Kursi","Kloset Duduk, K. Mandi Luar, Shower","WiFi, Kulkas, R. Tamu, Penjaga Kos, R. Jemur, Dapur, Jemuran, Rooftop","Parkir Mobil, Parkir Motor & Sepeda",,https://mamikos.com/room/kost-kota-bandung-kost-putra-eksklusif-kost-apik-bintang-kumeli-tipe-b-cibeunying-kaler-bandung-2?redirection_source=landing%20area
Kost Cikampek Antapani Bandung,Rp900.000,Antapani,"3 x 3 meter, Termasuk listrik","Kasur, Meja, Lemari / Storage, Ventilasi, Kursi, Kipas Angin","Kloset Duduk, K. Mandi Luar, Shower","WiFi, Kulkas, R. Tamu, R. Jemur, R. Makan, Dapur, Jemuran, Pengurus Kos, Balcon, K. Mandi Luar","Parkir Motor, Parkir Sepeda",,https://mamikos.com/room/kost-kota-bandung-kost-putri-murah-kost-cikampek-antapani-bandung-2?redirection_source=landing%20area
Kost Palapa Cibeunying Kidul Bandung,Rp1.100.000,Kecamatan Cibeunying Kidul,"3 x 4 meter, Termasuk listrik","Kasur, Lemari / Storage","K. Mandi Dalam, Kloset Jongkok, Ember mandi, Shower","R. Jemur, Jemuran, CCTV, Balcon, K. Mandi Luar",Parkir Motor,,https://mamikos.com/room/kost-kota-bandung-kost-putra-eksklusif-kost-palapa-cibeunying-kidul-bandung?redirection_source=landing%20area
Kost Apik Antapani XIV 12 Tipe B Bandung,Rp800.000,Antapani,"2.5 x 1.8 meter, Termasuk listrik","Kasur, Meja, Lemari / Storage, Jendela, Bantal","Kloset Jongkok, K. Mandi Luar, Ember mandi, Bak mandi","WiFi, Kulkas, R. Tamu, Penjaga Kos, R. Jemur, R. Makan, Dispenser, Dapur, Jemuran, Rice Cooker",Parkir Motor & Sepeda,,https://mamikos.com/room/kost-kota-bandung-kost-putra-murah-kost-apik-antapani-xiv-12-tipe-b-bandung-2?redirection_source=landing%20area
Kost J22 Tipe A Cibeunying Kaler Bandung,Rp650.000,Kecamatan Cibeunying Kaler,"3 x 3 meter, Termasuk listrik","Kasur, Wastafel, Cleaning service","Kloset Jongkok, K. Mandi Luar, Wastafel, Bak mandi","R. Jemur, Rooftop, K. Mandi Luar","Parkir Motor, Parkir Sepeda, Parkir Motor & Sepeda",,https://mamikos.com/room/kost-kota-bandung-kost-putri-murah-kost-j22-tipe-a-cibeunying-kaler-bandung?redirection_source=landing%20area
Kost Apik Bintang Kumeli Tipe D Cibeunying Kaler Bandung,Rp875.000,Bojongloa Kaler,"2.5 x 2.5 meter, Tidak termasuk listrik","Kasur, Meja, Lemari / Storage, Jendela, Bantal, Kursi","Kloset Duduk, Shower","WiFi, Kulkas, R. Tamu, Penjaga Kos, R. Jemur, Dapur, Jemuran, Rooftop","Parkir Mobil, Parkir Motor & Sepeda",,https://mamikos.com/room/kost-kota-bandung-kost-putra-murah-kost-apik-bintang-kumeli-tipe-d-cibeunying-kaler-bandung-2?redirection_source=landing%20area
Kost Mardi Tipe A Antapani Bandung,Rp1.100.000,Antapani,"3 x 3 meter, Tidak termasuk listrik","Kasur, Lemari / Storage, Jendela, Bantal, Kipas Angin","K. Mandi Dalam, Kloset Duduk, Ember mandi","WiFi, R. Cuci, Mesin Cuci, Penjaga Kos, R. Jemur, Dapur, Jemuran, Pengurus Kos, CCTV",Parkir Motor,,https://mamikos.com/room/kost-kota-bandung-kost-putra-murah-kost-mardi-tipe-a-antapani-bandung?redirection_source=landing%20area
Kost Apik Antapani XIV 12 Tipe A Bandung,Rp850.000,Antapani,"3 x 3 meter, Termasuk listrik","Kasur, Meja, Lemari / Storage, Ventilasi, Jendela, Bantal, Kursi","Kloset Jongkok, K. Mandi Luar, Ember mandi, Bak mandi","WiFi, Kulkas, R. Tamu, Penjaga Kos, R. Jemur, R. Makan, Dispenser, Dapur, Jemuran, Rice Cooker",Parkir Motor & Sepeda,,https://mamikos.com/room/kost-kota-bandung-kost-putra-murah-kost-apik-antapani-xiv-12-tipe-a-bandung-2?redirection_source=landing%20area
Kost Hema Tipe 1 Cibeunying Kidul Bandung,Rp1.000.000,Cibeunying Kidul,"3 x 8 meter, Tidak termasuk listrik",Dapur Pribadi,"K. Mandi Dalam, Kloset Jongkok","Jemuran, CCTV",Parkir Motor,,https://mamikos.com/room/kost-kota-bandung-kost-campur-eksklusif-kost-hema-kost-cibeunying-kidul-bandung?redirection_source=landing%20area
Kost Bu Enita Cibeunying Kaler Bandung,Rp550.000,Cibeunying Kaler,"3 x 5 meter, Termasuk listrik","Kasur, Lemari / Storage, Jendela, Cleaning service","Kloset Jongkok, K. Mandi Luar, Ember mandi, Bak mandi","R. Cuci, Penjaga Kos, Mushola, Dapur, Pengurus Kos, K. Mandi Luar","Parkir Motor, Parkir Sepeda",,https://mamikos.com/room/kost-kota-bandung-kost-campur-murah-kost-bu-enita-cibeunying-kaler-bandung?redirection_source=landing%20area
Kost Apik Mekar II Padasuka Tipe B Cibeunying Kidul Bandung,Rp925.000,Cibeunying Kidul,"3 x 3 meter, Tidak termasuk listrik","Kasur, Meja, Lemari / Storage, Jendela, Bantal, Kursi","Kloset Duduk, Kloset Jongkok, K. Mandi Luar, Ember mandi, Shower","WiFi, Kulkas, R. Tamu, Penjaga Kos, R. Jemur, Dapur, Jemuran, K. Mandi Luar",Parkir Motor & Sepeda,,https://mamikos.com/room/kost-kota-bandung-kost-campur-murah-kost-apik-mekar-ii-padasuka-tipe-b-cibeunying-kidul-bandung-2?redirection_source=landing%20area
Kost Bale Sunda Besar Cibeunying Kaler Bandung,Rp1.200.000,Cibeunying Kaler,"3 x 4 meter, Termasuk listrik","Kasur, Dispenser, Meja, Lemari / Storage, Kursi, Cleaning service","K. Mandi Dalam, Kloset Duduk, Wastafel, Ember mandi","WiFi, Penjaga Kos, R. Jemur, Mushola, Dispenser, Dapur, K. Mandi Luar","Parkir Mobil, Parkir Motor, Parkir Sepeda",,https://mamikos.com/room/kost-kota-bandung-kost-campur-eksklusif-kost-bale-sunda-besar-cibeunying-kaler-bandung-1?redirection_source=landing%20area
Kost Apik Bintang Kumeli Tipe A Cibeunying Kaler Bandung,Rp1.375.000,Cibeunying Kaler,"4 x 4 meter, Tidak termasuk listrik","Kasur, Meja, Lemari / Storage, Ventilasi, Jendela, Cermin, Bantal, Kursi","K. Mandi Dalam, Kloset Duduk, Shower","WiFi, Kulkas, R. Tamu, Penjaga Kos, R. Jemur, Dapur, Jemuran, Rooftop","Parkir Mobil, Parkir Motor & Sepeda",,https://mamikos.com/room/kost-kota-bandung-kost-putra-eksklusif-kost-apik-bintang-kumeli-tipe-a-cibeunying-kaler-bandung-2?redirection_source=landing%20area
Kost Pak Edi Tipe A Cibeunying Kidul Bandung,Rp1.250.000,Kecamatan Cibeunying Kidul,"3 x 4 meter, Tidak termasuk listrik","Kasur, Lemari / Storage, Ventilasi, Jendela, Dapur Pribadi, Cermin, Wastafel","K. Mandi Dalam, Kloset Jongkok, Ember mandi","WiFi, Dapur, Jemuran, Jual Makanan, CCTV",Parkir Motor & Sepeda,,https://mamikos.com/room/kost-kota-bandung-kost-putri-eksklusif-kost-pak-edi-tipe-a-cibeunying-kidul-bandung?redirection_source=landing%20area
Kost Gang Bojong Mekar Cibeunying Kaler Bandung,Rp1.200.000,Kecamatan Cibeunying Kaler,"3 x 6 meter, Termasuk listrik",Wastafel,"K. Mandi Dalam, Kloset Jongkok","R. Cuci, R. Tamu, R. Jemur, R. Makan, R. Santai, Dapur, R. Keluarga",Parkir Motor,,https://mamikos.com/room/kost-kota-bandung-kost-campur-eksklusif-kost-gang-bojong-mekar-cibeunying-kaler-bandung?redirection_source=landing%20area
Kost Boarding House Tipe E Cibeunying Kidul Bandung,Rp1.600.000,Cibeunying Kidul,"4 x 10 meter, Tidak termasuk listrik","Jendela, Dapur Pribadi","K. Mandi Dalam, Kloset Jongkok","WiFi, Penjaga Kos, Pengurus Kos, CCTV","Parkir Mobil, Parkir Motor, Parkir Sepeda",,https://mamikos.com/room/kost-kota-bandung-kost-campur-eksklusif-kost-boarding-house-tipe-e-cibeunying-kidul-bandung-1?redirection_source=landing%20area
Kost Bu Enita Cibeunying Kaler Bandung,Rp550.000,Cibeunying Kaler,"3 x 5 meter, Termasuk listrik","Kasur, Lemari / Storage, Jendela, Cleaning service","Kloset Jongkok, K. Mandi Luar, Ember mandi, Bak mandi","R. Cuci, Penjaga Kos, Mushola, Dapur, Pengurus Kos, K. Mandi Luar","Parkir Motor, Parkir Sepeda",,https://mamikos.com/room/kost-kota-bandung-kost-campur-murah-kost-bu-enita-cibeunying-kaler-bandung?redirection_source=landing%20area
Kost Apik Bintang Kumeli Tipe D Cibeunying Kaler Bandung,Rp875.000,Bojongloa Kaler,"2.5 x 2.5 meter, Tidak termasuk listrik","Kasur, Meja, Lemari / Storage, Jendela, Bantal, Kursi","Kloset Duduk, Shower","WiFi, Kulkas, R. Tamu, Penjaga Kos, R. Jemur, Dapur, Jemuran, Rooftop","Parkir Mobil, Parkir Motor & Sepeda",,https://mamikos.com/room/kost-kota-bandung-kost-putra-murah-kost-apik-bintang-kumeli-tipe-d-cibeunying-kaler-bandung-2?redirection_source=landing%20area
Kost Apik Bintang Kumeli Tipe A Cibeunying Kaler Bandung,Rp1.375.000,Cibeunying Kaler,"4 x 4 meter, Tidak termasuk listrik","Kasur, Meja, Lemari / Storage, Ventilasi, Jendela, Cermin, Bantal, Kursi","K. Mandi Dalam, Kloset Duduk, Shower","WiFi, Kulkas, R. Tamu, Penjaga Kos, R. Jemur, Dapur, Jemuran, Rooftop","Parkir Mobil, Parkir Motor & Sepeda",,https://mamikos.com/room/kost-kota-bandung-kost-putra-eksklusif-kost-apik-bintang-kumeli-tipe-a-cibeunying-kaler-bandung-2?redirection_source=landing%20area
Kost Apik Antapani XIV 12 Tipe B Bandung,Rp800.000,Antapani,"2.5 x 1.8 meter, Termasuk listrik","Kasur, Meja, Lemari / Storage, Jendela, Bantal","Kloset Jongkok, K. Mandi Luar, Ember mandi, Bak mandi","WiFi, Kulkas, R. Tamu, Penjaga Kos, R. Jemur, R. Makan, Dispenser, Dapur, Jemuran, Rice Cooker",Parkir Motor & Sepeda,,https://mamikos.com/room/kost-kota-bandung-kost-putra-murah-kost-apik-antapani-xiv-12-tipe-b-bandung-2?redirection_source=landing%20area
Kost Apik Antapani XIV 12 Tipe A Bandung,Rp850.000,Antapani,"3 x 3 meter, Termasuk listrik","Kasur, Meja, Lemari / Storage, Ventilasi, Jendela, Bantal, Kursi","Kloset Jongkok, K. Mandi Luar, Ember mandi, Bak mandi","WiFi, Kulkas, R. Tamu, Penjaga Kos, R. Jemur, R. Makan, Dispenser, Dapur, Jemuran, Rice Cooker",Parkir Motor & Sepeda,,https://mamikos.com/room/kost-kota-bandung-kost-putra-murah-kost-apik-antapani-xiv-12-tipe-a-bandung-2?redirection_source=landing%20area
Kost Hema Tipe 1 Cibeunying Kidul Bandung,Rp1.000.000,Cibeunying Kidul,"3 x 8 meter, Tidak termasuk listrik",Dapur Pribadi,"K. Mandi Dalam, Kloset Jongkok","Jemuran, CCTV",Parkir Motor,,https://mamikos.com/room/kost-kota-bandung-kost-campur-eksklusif-kost-hema-kost-cibeunying-kidul-bandung?redirection_source=landing%20area
Kost Gang Bojong Mekar Cibeunying Kaler Bandung,Rp1.200.000,Kecamatan Cibeunying Kaler,"3 x 6 meter, Termasuk listrik",Wastafel,"K. Mandi Dalam, Kloset Jongkok","R. Cuci, R. Tamu, R. Jemur, R. Makan, R. Santai, Dapur, R. Keluarga",Parkir Motor,,https://mamikos.com/room/kost-kota-bandung-kost-campur-eksklusif-kost-gang-bojong-mekar-cibeunying-kaler-bandung?redirection_source=landing%20area
Kost Boarding House Tipe E Cibeunying Kidul Bandung,Rp1.600.000,Cibeunying Kidul,"4 x 10 meter, Tidak termasuk listrik","Jendela, Dapur Pribadi","K. Mandi Dalam, Kloset Jongkok","WiFi, Penjaga Kos, Pengurus Kos, CCTV","Parkir Mobil, Parkir Motor, Parkir Sepeda",,https://mamikos.com/room/kost-kota-bandung-kost-campur-eksklusif-kost-boarding-house-tipe-e-cibeunying-kidul-bandung-1?redirection_source=landing%20area
403 Forbidden,0,-,,,,,,,https://mamikos.com/room/kost-kota-bandung-kost-putri-eksklusif-kost-pak-edi-tipe-a-cibeunying-kidul-bandung?redirection_source=landing%20area
Kost Winn Tipe B Cimenyan Bandung,Rp750.000,Cimenyan,"3 x 4 meter, Tidak termasuk listrik","Kasur, Lemari / Storage, Jendela, Dapur Pribadi, Bantal, Wastafel","K. Mandi Dalam, Kloset Jongkok, Wastafel, Ember mandi","WiFi, R. Jemur, Dapur, Jemuran, Pengurus Kos, Jual Makanan","Parkir Motor, Parkir Motor & Sepeda",,https://mamikos.com/room/kost-kabupaten-bandung-kost-campur-murah-kost-winn-tipe-b-cimenyan-bandung?redirection_source=landing%20area
Kost Boemi Mangga 1 Tipe A Cimenyan Bandung,Rp1.550.000,Kecamatan Cimenyan,"3 x 3 meter, Tidak termasuk listrik","Ventilasi, Jendela, Dapur Pribadi, Cermin","K. Mandi Dalam, Kloset Jongkok, Shower","Mushola, Dapur, Balcon",Parkir Mobil,,https://mamikos.com/room/kost-kabupaten-bandung-kost-campur-eksklusif-kost-boemi-mangga-1-tipe-a-cimenyan-bandung?redirection_source=landing%20area
Kost LQA Kiaracondong Bandung,Rp700.000,Kiaracondong,"3 x 3 meter, Tidak termasuk listrik","Meja, Lemari / Storage, Kursi","Kloset Jongkok, K. Mandi Luar, Bak mandi",Jemuran,Parkir Motor,,https://mamikos.com/room/kost-bandung-kost-putri-murah-kost-lqa-kiaracondong-bandung-1?redirection_source=landing%20area
Kost Raden Executive Lengkong Bandung,Rp2.100.000,Lengkong,"7.1 x 4 meter, Tidak termasuk listrik","Kasur, Meja, Lemari / Storage, Ventilasi, Jendela, Guling, Cermin, Bantal, Kursi","K. Mandi Dalam, Kloset Duduk, K. Mandi Luar, Shower","R. Cuci, R. Jemur, Jemuran, Pengurus Kos, CCTV, Balcon",Parkir Motor,,https://mamikos.com/room/kost-kota-bandung-kost-putra-eksklusif-kost-raden-executive-lengkong-bandung-2?redirection_source=landing%20area
Kost Pak Slamet Tipe C Antapani Bandung,Rp650.000,Antapani,"3 x 4 meter, Termasuk listrik","Kasur, Lemari / Storage","K. Mandi Dalam, Kloset Jongkok, Ember mandi","R. Jemur, Dispenser, Dapur","Parkir Motor, Parkir Sepeda",,https://mamikos.com/room/kost-kota-bandung-kost-putri-eksklusif-kost-pak-slamet-tipe-c-antapani-bandung?redirection_source=landing%20area
Kost Sukma Antapani Bandung,Rp550.000,Antapani,"2 x 3 meter, Tidak termasuk listrik","Kasur, Lemari / Storage, Bantal","Kloset Jongkok, K. Mandi Luar","WiFi, R. Tamu, Penjaga Kos, R. Jemur, R. Santai, Jemuran, Pengurus Kos","Parkir Mobil, Parkir Motor",,https://mamikos.com/room/kost-bandung-kost-putri-murah-kost-sukma-antapani-bandung?redirection_source=landing%20area
Kost Pondok Caraka Cibeunying Kidul Bandung,Rp600.000,Kecamatan Cibeunying Kidul,"3 x 3 meter, Termasuk listrik","Kasur, Meja, Lemari / Storage, Jendela, Bantal","Kloset Jongkok, K. Mandi Luar, Shower","Kulkas, Laundry, R. Tamu, Penjaga Kos, R. Jemur, R. Santai, Dapur, Jemuran, Rooftop, K. Mandi Luar","Parkir Motor, Parkir Motor & Sepeda",,https://mamikos.com/room/kost-kota-bandung-kost-campur-murah-kost-pondok-caraka-cibeunying-kidul-bandung-2?redirection_source=landing%20area
Kost BP52 Cibeunying Kaler Bandung,Rp700.000,Kecamatan Cibeunying Kaler,"3 x 4 meter, Termasuk listrik","Kasur, Ventilasi, Jendela","K. Mandi Dalam, Kloset Duduk, K. Mandi Luar","WiFi, R. Jemur, Dapur, Jemuran, Pengurus Kos, CCTV, K. Mandi Luar",Parkir Motor,,https://mamikos.com/room/kost-kota-bandung-kost-putri-murah-kost-bp52-cibeunying-kaler-bandung?redirection_source=landing%20area
Kost Muararajeun Lama 1 Tipe C Cibeunying Kaler Bandung,Rp750.000,Cibeunying Kaler,"3.5 x 2 meter, Termasuk listrik","Kasur, Meja, Lemari / Storage, Ventilasi, Jendela, Bantal","Kloset Jongkok, K. Mandi Luar, Ember mandi","WiFi, R. Cuci, Penjaga Kos, R. Jemur, Jemuran, Pengurus Kos, Jual Makanan, K. Mandi Luar","Parkir Motor, Parkir Sepeda, Parkir Motor & Sepeda",,https://mamikos.com/room/kost-kota-bandung-kost-campur-eksklusif-kost-muararajeun-lama-1-tipe-c-cibeunying-kaler-bandung-2?redirection_source=landing%20area
Kost Sant In Residence Executive Cibeunying Kaler Bandung,Rp1.700.000,Kecamatan Cibeunying Kaler,"3 x 4 meter, Tidak termasuk listrik","AC, Kasur, Meja, TV, Lemari / Storage, Jendela, Bantal, Kursi","K. Mandi Dalam, Kloset Duduk, Shower, Air panas","WiFi, Kulkas, Laundry, R. Tamu, Penjaga Kos, Dispenser, Dapur, Pengurus Kos, CCTV, Kartu Akses","Parkir Motor, Parkir Motor & Sepeda",,https://mamikos.com/room/kost-kota-bandung-kost-campur-eksklusif-kost-sant-in-residence-executive-cibeunying-kaler-bandung?redirection_source=landing%20area
Kost Crysant House Tipe A Cibeunying Kaler Bandung,Rp1.600.000,Cibeunying Kaler,"3 x 3 meter, Tidak termasuk listrik","Kasur, Meja, Ventilasi, Jendela, Bantal, Wastafel, Kursi","K. Mandi Dalam, Kloset Duduk, Wastafel, Shower, Air panas","WiFi, Penjaga Kos, R. Jemur, R. Santai, Dapur, Jemuran, Pengurus Kos, CCTV, Joglo","Parkir Mobil, Parkir Motor, Parkir Sepeda",,https://mamikos.com/room/kost-kota-bandung-kost-campur-eksklusif-kost-crysant-house-tipe-a-cibeunying-kaler-bandung?redirection_source=landing%20area
Kost Mahameru Co Living Deluxe Cibeunying Kidul Bandung,Rp1.350.000,Kecamatan Cibeunying Kidul,"3 x 3 meter, Tidak termasuk listrik","Kasur, Meja, Lemari / Storage, Jendela, Guling, Bantal, Kursi, Kipas Angin","Kloset Duduk, Kloset Jongkok, K. Mandi Luar, Wastafel, Shower, Air panas","WiFi, R. Cuci, Kulkas, Penjaga Kos, R. Jemur, R. Santai, Dispenser, Dapur, Jemuran, Pengurus Kos","Parkir Mobil, Parkir Motor & Sepeda",,https://mamikos.com/room/kost-kota-bandung-kost-campur-eksklusif-kost-mahameru-co-living-deluxe-cibeunying-kidul-bandung?redirection_source=landing%20area
Kost Ceria 4 Cibeunying Kidul Bandung,Rp600.000,Cibeunying Kidul,"3 x 3 meter, Termasuk listrik","Kasur, Meja, Lemari / Storage, Kulkas, Ventilasi, Jendela, Bantal, Sofa, Wastafel","Kloset Jongkok, K. Mandi Luar, Wastafel, Bak mandi","WiFi, R. Cuci, Kulkas, R. Tamu, R. Jemur, R. Santai, Dapur, Jemuran, Pengurus Kos, Balcon","Parkir Motor, Parkir Sepeda",,https://mamikos.com/room/kost-bandung-kost-putri-murah-kost-ceria-4-cibeunying-kidul-bandung?redirection_source=landing%20area
Kost Muararajeun Lama 2 Tipe A Cibeunying Kaler Bandung,Rp1.000.000,Cibeunying Kaler,"3.5 x 2.5 meter, Termasuk listrik","Kasur, Meja, Lemari / Storage, Ventilasi, Jendela, Dapur Pribadi, Bantal, Wastafel","K. Mandi Dalam, Kloset Jongkok, Ember mandi","WiFi, R. Cuci, Penjaga Kos, R. Jemur, Jemuran, Jual Makanan","Parkir Motor, Parkir Sepeda",,https://mamikos.com/room/kost-kota-bandung-kost-campur-eksklusif-kost-muararajeun-lama-2-tipe-a-cibeunying-kaler-bandung?redirection_source=landing%20area
Kost Bapak Andry Tipe Vvip Executive Cibeunying Kidul Bandung,Rp2.100.000,Cibeunying Kidul,"10 x 2.5 meter, Tidak termasuk listrik","AC, Kasur, Dispenser, TV, Lemari / Storage, Ventilasi, Jendela, Dapur Pribadi, Bantal, Wastafel","K. Mandi Dalam, Kloset Jongkok, Wastafel, Shower, Air panas","WiFi, R. Cuci, Kulkas, Mesin Cuci, R. Jemur, Dapur, Jemuran, Pengurus Kos, CCTV, TV",Parkir Motor,,https://mamikos.com/room/kost-kota-bandung-kost-campur-eksklusif-kost-bapak-andry-tipe-vvip-executive-cibeunying-kidul-bandung?redirection_source=landing%20area
Kost Asrama Cibeunying Kaler Bandung,Rp250.000,Kecamatan Cibeunying Kaler,"3 x 4 meter, Termasuk listrik","Kasur, Bantal","K. Mandi Dalam, Kloset Jongkok, Wastafel","WiFi, Kulkas, R. Jemur, R. Santai, Dispenser, Dapur, Jemuran, CCTV",,,https://mamikos.com/room/kost-kota-bandung-kost-putri-murah-kost-asrama-cibeunying-kaler-bandung-1?redirection_source=landing%20area
Kost Donna Tipe Standard Cibeunying Kidul Bandung,Rp900.000,Kecamatan Cibeunying Kidul,"3 x 3 meter, Termasuk listrik","Kasur, Meja, Lemari / Storage, Kulkas, Jendela, Guling, Bantal","K. Mandi Dalam, Kloset Jongkok, K. Mandi Luar, Ember mandi","WiFi, Kulkas, Penjaga Kos, R. Jemur, Dapur, Jemuran, Pengurus Kos","Parkir Mobil, Parkir Motor, Parkir Motor & Sepeda",,https://mamikos.com/room/kost-kota-bandung-kost-putra-murah-kost-donna-tipe-standard-cibeunying-kidul-bandung?redirection_source=landing%20area
Kost Pondok Salsabila Antapani Bandung,Rp650.000,Antapani,"3 x 4 meter, Termasuk listrik","Kasur, Lemari / Storage","K. Mandi Dalam, Kloset Duduk, Ember mandi","R. Cuci, Laundry, R. Jemur, Dapur","Parkir Motor, Parkir Sepeda",,https://mamikos.com/room/kost-kota-bandung-kost-putri-eksklusif-kost-pondok-salsabila-antapani-bandung-2?redirection_source=landing%20area
Kost Orange Tipe G Cikondang Coblong Bandung,Rp1.300.000,Coblong,"4 x 6 meter, Termasuk listrik","Kasur, Meja, Lemari / Storage, Kursi","K. Mandi Dalam, Kloset Jongkok, Ember mandi, Shower","WiFi, Kulkas, R. Jemur, Dispenser, Dapur, Balcon, TV",Parkir Motor,,https://mamikos.com/room/kost-kota-bandung-kost-campur-eksklusif-kost-orange-tipe-g-cikondang-coblong-bandung?redirection_source=landing%20area
Kost Ibu Emma Tipe Studio Antapani Bandung,Rp850.000,Kecamatan Antapani,"3 x 4 meter, Tidak termasuk listrik",Jendela,"K. Mandi Dalam, Kloset Jongkok, Wastafel","WiFi, Penjaga Kos, R. Jemur, Pengurus Kos, CCTV","Parkir Mobil, Parkir Motor, Parkir Motor & Sepeda",,https://mamikos.com/room/kost-kota-bandung-kost-campur-murah-kosan-ibu-emma-tipe-studio-san-tipe-1-bedroom-antapani-bandung-2?redirection_source=landing%20area
Kost Murba Satu Tipe A Cibeunying Kaler Bandung,Rp700.000,Cibeunying Kaler,"3 x 3 meter, Tidak termasuk listrik","Kasur, Meja, Lemari / Storage, Ventilasi, Jendela","Kloset Jongkok, K. Mandi Luar, Bak mandi","R. Cuci, R. Jemur, Dapur, Pengurus Kos, K. Mandi Luar","Parkir Motor, Parkir Sepeda",,https://mamikos.com/room/kost-kota-bandung-kost-campur-murah-kost-murba-satu-tipe-a-cibeunying-kaler-bandung?redirection_source=landing%20area
Kost Antapani Cikajang Tipe Single Antapani Bandung,Rp1.650.000,Kecamatan Antapani,"3 x 3 meter, Tidak termasuk listrik","AC, Kasur, Meja, Lemari / Storage, Ventilasi, Jendela, Guling, Cermin, Bantal, Wastafel","K. Mandi Dalam, Kloset Duduk, Wastafel, Shower, Air panas","WiFi, Kulkas, R. Tamu, Penjaga Kos, R. Jemur, R. Makan, Dispenser, Dapur, Jemuran, Pengurus Kos",Parkir Motor & Sepeda,,https://mamikos.com/room/kost-kota-bandung-kost-campur-eksklusif-kost-antapani-cikajang-tipe-single-antapani-bandung?redirection_source=landing%20area
Kost Nur Muhaji Tipe A Batununggal Bandung,Rp1.200.000,Batununggal,"4 x 4 meter, Tidak termasuk listrik","Kasur, Lemari / Storage, Ventilasi, Jendela, Guling, Bantal","K. Mandi Dalam, Kloset Duduk, Ember mandi","WiFi, Laundry, Penjaga Kos, Jemuran, Pengurus Kos, CCTV","Parkir Motor, Parkir Motor & Sepeda",,https://mamikos.com/room/kost-kota-bandung-kost-campur-eksklusif-kost-nur-muhaji-tipe-a-batununggal-bandung-2?redirection_source=landing%20area
403 Forbidden,0,-,,,,,,,https://mamikos.com/room/kost-kota-bandung-kost-putri-eksklusif-kost-saung-bambu-muda-tipe-b-cibeunying-kaler-bandung-2?redirection_source=landing%20area
Kost Keys Co Living Standard Deluxe Cibeunying Kidul Bandung,Rp2.250.000,Cibeunying Kidul,"3 x 2.7 meter, Tidak termasuk listrik","AC, Kasur, Meja, Lemari / Storage, Jendela, Guling, Cermin, Bantal, Kursi","K. Mandi Dalam, Kloset Duduk, Shower, Air panas","WiFi, R. Cuci, Kulkas, Mesin Cuci, Penjaga Kos, R. Jemur, R. Makan, Mushola, Dispenser, Dapur","Parkir Mobil, Parkir Motor",,https://mamikos.com/room/kost-kota-bandung-kost-campur-eksklusif-kost-keys-co-living-standard-deluxe-cibeunying-kidul-bandung-2?redirection_source=landing%20area
Kost Titik Awal Cikaso Tipe A Cibeunying Kidul Bandung,Rp2.100.000,Cibeunying Kidul,"4 x 5 meter, Tidak termasuk listrik","AC, Kasur, Meja, Lemari / Storage, Ventilasi, Jendela, Guling, Cermin, Bantal, Wastafel","K. Mandi Dalam, Kloset Duduk, Ember mandi, Shower, Air panas","WiFi, R. Cuci, Kulkas, Mesin Cuci, R. Tamu, Penjaga Kos, R. Jemur, Dispenser, Dapur, Jemuran","Parkir Mobil, Parkir Motor, Parkir Sepeda",,https://mamikos.com/room/kost-kota-bandung-kost-putri-eksklusif-kost-titik-awal-cikaso-tipe-a-cibeunying-kidul-bandung?redirection_source=landing%20area
Kost Icha Cikutra Tipe A Cibeunying Kidul Bandung,Rp900.000,Cibeunying Kidul,"3 x 3 meter, Termasuk listrik","Kasur, Meja, Lemari / Storage, Ventilasi, Jendela, Guling, Cermin, Bantal","K. Mandi Dalam, Kloset Jongkok, K. Mandi Luar, Ember mandi","WiFi, R. Cuci, R. Tamu, Penjaga Kos, R. Jemur, Dispenser, Dapur, Jemuran, Pengurus Kos, CCTV",Parkir Motor,,https://mamikos.com/room/kost-kota-bandung-kost-putri-murah-kost-icha-cikutra-tipe-a-cibeunying-kidul-bandung?redirection_source=landing%20area
Kost Palm Bridge Tipe E Cimenyan Bandung,Rp850.000,Cimenyan,"3 x 3 meter, Termasuk listrik","Kasur, Meja, Lemari / Storage, Jendela","Kloset Duduk, K. Mandi Luar","WiFi, R. Cuci, R. Jemur, Dapur, Jemuran, Pengurus Kos, Balcon, R. Keluarga, K. Mandi Luar",Parkir Motor,,https://mamikos.com/room/kost-kabupaten-bandung-kost-putra-eksklusif-kost-palm-bridge-tipe-e-cimenyan-bandung-1?redirection_source=landing%20area
Kost Alshab Tipe A Cimenyan Bandung,Rp775.000,Cimenyan,"3 x 4 meter, Tidak termasuk listrik","Kasur, Lemari / Storage, Ventilasi, Jendela, Bantal","K. Mandi Dalam, Kloset Jongkok, Ember mandi, Shower","WiFi, R. Jemur, Dapur, Jemuran, Pengurus Kos",Parkir Motor,,https://mamikos.com/room/kost-kabupaten-bandung-kost-campur-eksklusif-kost-alshab-tipe-a-cimenyan-bandung?redirection_source=landing%20area
Kost Orange Tipe A Cikondang Bandung,Rp650.000,Coblong,"4 x 3 meter, Termasuk listrik","Kasur, Meja, Lemari / Storage, Kursi","Kloset Jongkok, K. Mandi Luar, Ember mandi, Shower","WiFi, Kulkas, R. Jemur, Dispenser, Dapur, Balcon, TV",Parkir Motor,,https://mamikos.com/room/kost-kost-campur-eksklusif-kostan-orange-cikondang?redirection_source=landing%20area
Kost Pondok Audit Double Deluxe Cimenyan Bandung,Rp1.350.000,Cimenyan,"4 x 4 meter, Termasuk listrik","Kasur, Meja, Jendela, Cermin, Bantal, Kursi","Kloset Duduk, K. Mandi Luar, Ember mandi, Shower, Air panas","WiFi, R. Cuci, Kulkas, Mesin Cuci, R. Tamu, Penjaga Kos, R. Jemur, R. Santai, Dispenser, Dapur","Parkir Motor, Parkir Sepeda, Parkir Motor & Sepeda",,https://mamikos.com/room/kost-kabupaten-bandung-kost-putri-eksklusif-kost-pondok-audit-double-deluxe-cimenyan-bandung?redirection_source=landing%20area
Kost Merenah I Cibeunying Kidul Bandung,Rp1.000.000,Kecamatan Cibeunying Kidul,"3.5 x 4.5 meter, Tidak termasuk listrik","Kasur, Lemari / Storage","Kloset Jongkok, Ember mandi","WiFi, Kulkas, Dapur, Jemuran, CCTV",Parkir Motor & Sepeda,,https://mamikos.com/room/kost-kota-bandung-kost-campur-eksklusif-kost-merenah-i-cibeunying-kidul-bandung?redirection_source=landing%20area
Kost Orange Tipe D Cikondang Coblong Bandung,Rp900.000,Coblong,"4 x 5 meter, Termasuk listrik","Kasur, Meja, Lemari / Storage, TV Kabel, Kursi","K. Mandi Dalam, Kloset Jongkok, Ember mandi","WiFi, Kulkas, R. Jemur, Dispenser, Dapur, CCTV, Balcon, TV",Parkir Motor,,https://mamikos.com/room/kost-kota-bandung-kost-campur-murah-kost-orange-tipe-d-cikondang-coblong-bandung?redirection_source=landing%20area
Kost Cikajang Raya Tipe A Antapani Bandung,Rp750.000,Kecamatan Antapani,"3 x 4 meter, Termasuk listrik","Kasur, Meja, Lemari / Storage, Bantal, Kursi","Kloset Jongkok, K. Mandi Luar, Ember mandi","WiFi, Penjaga Kos, Pengurus Kos, CCTV, Balcon, K. Mandi Luar","Parkir Motor, Parkir Sepeda, Parkir Motor & Sepeda",,https://mamikos.com/room/kost-kota-bandung-kost-putri-murah-kost-cikajang-raya-tipe-a-antapani-bandung-2?redirection_source=landing%20area
Kost Kirana Tipe A Cibeunying Kidul Bandung,Rp600.000,Kecamatan Cibeunying Kidul,"3 x 3 meter, Termasuk listrik","Kasur, Lemari / Storage, Ventilasi, Jendela, Guling, Bantal","Kloset Duduk, Kloset Jongkok, K. Mandi Luar, Ember mandi","WiFi, R. Cuci, R. Tamu, R. Jemur, R. Santai, Dapur, Jemuran, Pengurus Kos, CCTV, Balcon","Parkir Motor, Parkir Sepeda, Parkir Motor & Sepeda",,https://mamikos.com/room/kost-kota-bandung-kost-campur-murah-kost-kirana-tipe-a-cibeunying-kidul-bandung?redirection_source=landing%20area
Kost Bekarbon Cibeunying Kidul Bandung,Rp1.100.000,Cibeunying Kidul,"3 x 3 meter, Tidak termasuk listrik","Kasur, Lemari / Storage, Ventilasi, Jendela","K. Mandi Dalam, Kloset Jongkok, Shower","WiFi, R. Tamu, Penjaga Kos, R. Jemur, Dapur, Jemuran, Pengurus Kos, CCTV, Balcon, K. Mandi Luar","Parkir Motor, Parkir Sepeda",,https://mamikos.com/room/kost-kota-bandung-kost-putra-eksklusif-kost-bekarbon-cibeunying-kidul-bandung?redirection_source=landing%20area
Kost Harmoni Abadi Kiaracondong Bandung,Rp700.000,Kecamatan Kiaracondong,"3 x 4 meter, Tidak termasuk listrik","Kasur, Lemari / Storage, Jendela, Bantal","K. Mandi Dalam, Kloset Jongkok, Ember mandi",Taman,"Parkir Motor, Parkir Sepeda, Parkir Motor & Sepeda",,https://mamikos.com/room/kost-kota-bandung-kost-campur-murah-kost-harmoni-abadi-kiaracondong-bandung?redirection_source=landing%20area
Kost Urban Residence Tipe A Kiaracondong Bandung,Rp600.000,Kiaracondong,"3 x 3 meter, Termasuk listrik","Kasur, Lemari / Storage, Jendela, Dapur Pribadi, Bantal","K. Mandi Dalam, Kloset Jongkok, Ember mandi, Bak mandi","WiFi, Laundry, Penjaga Kos, Pengurus Kos, CCTV",Parkir Motor,,https://mamikos.com/room/kost-kota-bandung-kost-campur-murah-kost-urban-residence-tipe-a-kiaracondong-bandung?redirection_source=landing%20area
Kost Sidomukti 65 Tipe A Cibeunying Kaler Bandung,Rp950.000,Kecamatan Cibeunying Kaler,"3 x 4 meter, Tidak termasuk listrik",Kasur,"K. Mandi Dalam, Kloset Duduk, Kloset Jongkok, Shower, Air panas","WiFi, R. Makan, Dapur, Jemuran, Pengurus Kos, Rooftop, Balcon","Parkir Mobil, Parkir Motor, Parkir Sepeda, Parkir Motor & Sepeda",,https://mamikos.com/room/kost-kota-bandung-kost-campur-murah-kost-sidomukti-65-tipe-a-cibeunying-kaler-bandung-2?redirection_source=landing%20area
Kost Patma Tipe F Cibeunying Kaler Bandung,Rp600.000,Kecamatan Cibeunying Kaler,"2.7 x 3.5 meter, Tidak termasuk listrik","Kasur, Lemari / Storage, Jendela, Bantal","Kloset Jongkok, K. Mandi Luar, Ember mandi","Kulkas, Dapur, Jemuran, Pengurus Kos",Parkir Motor & Sepeda,,https://mamikos.com/room/kost-kota-bandung-kost-putri-murah-kost-patma-tipe-f-cibeunying-kaler-bandung-2?redirection_source=landing%20area
Kost Kumeli 30 Standart Cibeunying Kaler Bandung,Rp950.000,Kecamatan Cibeunying Kaler,"3 x 4 meter, Termasuk listrik","Kasur, Meja, Lemari / Storage, Jendela, Guling, Bantal, Kursi","Kloset Duduk, K. Mandi Luar, Shower","WiFi, Kulkas, Mesin Cuci, Laundry, R. Tamu, Penjaga Kos, R. Jemur, R. Makan, Dispenser, Dapur",Parkir Motor,,https://mamikos.com/room/kost-kota-bandung-kost-putri-murah-kost-kumeli-30-standart-cibeunying-kaler-bandung-1?redirection_source=landing%20area
Kost Keys Co Living Suites Cibeunying Kidul Bandung,Rp4.500.000,Cibeunying Kidul,"5 x 5 meter, Tidak termasuk listrik","AC, Kasur, Lemari / Storage, Meja makan, Jendela, Guling, Dapur Pribadi, Cermin, Bantal, Kursi","K. Mandi Dalam, Kloset Duduk, Shower, Air panas","WiFi, R. Cuci, Kulkas, Penjaga Kos, R. Jemur, R. Makan, Mushola, Dispenser, Dapur, Jemuran","Parkir Mobil, Parkir Motor",,https://mamikos.com/room/kost-kota-bandung-kost-campur-eksklusif-kost-keys-co-living-suites-cibeunying-kidul-bandung?redirection_source=landing%20area
Kost Sukamulya 74 Bandung,Rp950.000,Kecamatan Cibeunying Kidul,"3 x 3 meter, Tidak termasuk listrik","Kasur, Meja Rias, Lemari / Storage, Jendela, Bantal","K. Mandi Dalam, Kloset Jongkok, Ember mandi, Shower","WiFi, R. Jemur, R. Santai, Dispenser, Dapur, Jemuran","Parkir Motor, Parkir Sepeda",,https://mamikos.com/room/kost-kota-bandung-kost-campur-murah-kost-sukamulya-74-bandung?redirection_source=landing%20area
Kost Cibatu Raya Tipe A Antapani Bandung,Rp1.200.000,Antapani,"3 x 4 meter, Termasuk listrik","Kasur, Meja, Meja Rias, Ventilasi, Jendela, Guling, Bantal","K. Mandi Dalam, Kloset Duduk, Ember mandi","WiFi, R. Jemur, Dapur, Pengurus Kos, CCTV, K. Mandi Luar",Parkir Motor,,https://mamikos.com/room/kost-kota-bandung-kost-campur-eksklusif-kost-cibatu-raya-tipe-a-antapani-bandung-2?redirection_source=landing%20area
Kost Rizal Cimenyan Bandung,Rp1.200.000,Kecamatan Cimenyan,"3 x 4 meter, Tidak termasuk listrik","Kasur, Lemari / Storage, Jendela, Dapur Pribadi","K. Mandi Dalam, Kloset Duduk, Wastafel, Ember mandi, Shower",Dapur,Parkir Motor,,https://mamikos.com/room/kost-kabupaten-bandung-kost-putri-eksklusif-kost-rizal-cimenyan-bandung?redirection_source=landing%20area
Kost Orange Marhaban Cibeunying Kidul Bandung,Rp750.000,Kecamatan Cibeunying Kidul,"4 x 5 meter, Tidak termasuk listrik","Kasur, Meja, Lemari / Storage, Jendela, Guling, Bantal","K. Mandi Dalam, Kloset Jongkok, K. Mandi Luar, Ember mandi","WiFi, Dapur, Jemuran, CCTV, Rooftop, Balcon","Parkir Motor, Parkir Sepeda, Parkir Motor & Sepeda",,https://mamikos.com/room/kost-kota-bandung-kost-campur-murah-kost-orange-marhaban-cibeunying-kidul-bandung-2?redirection_source=landing%20area
Kost 84 Antapani Bandung,Rp850.000,Antapani,"6 x 3 meter, Tidak termasuk listrik","Ventilasi, Jendela, Dapur Pribadi","K. Mandi Dalam, Kloset Jongkok, Ember mandi","WiFi, R. Jemur, Dapur, Jemuran, Balcon, Gazebo","Parkir Motor, Parkir Sepeda",,https://mamikos.com/room/kost-kota-bandung-kost-putri-murah-kost-84-antapani-bandung-2?redirection_source=landing%20area
Kost Moluska By Ibu Susi Tipe A Cibeunying Kidul Bandung,Rp600.000,Cibeunying Kidul,"3 x 2 meter, Termasuk listrik","Kasur, Bantal","Kloset Jongkok, Shower","WiFi, R. Cuci, R. Tamu, R. Jemur, R. Makan, R. Santai, Dispenser, Dapur, Jemuran, Rice Cooker",,,https://mamikos.com/room/kost-kota-bandung-kost-putri-murah-kost-moluska-by-ibu-susi-tipe-a-cibeunying-kidul-bandung?redirection_source=landing%20area
Kost Mahameru Co Living Deluxe Cibeunying Kidul Bandung,Rp1.350.000,Kecamatan Cibeunying Kidul,"3 x 3 meter, Tidak termasuk listrik","Kasur, Meja, Lemari / Storage, Jendela, Guling, Bantal, Kursi, Kipas Angin","Kloset Duduk, Kloset Jongkok, K. Mandi Luar, Wastafel, Shower, Air panas","WiFi, R. Cuci, Kulkas, Penjaga Kos, R. Jemur, R. Santai, Dispenser, Dapur, Jemuran, Pengurus Kos","Parkir Mobil, Parkir Motor & Sepeda",,https://mamikos.com/room/kost-kota-bandung-kost-campur-eksklusif-kost-mahameru-co-living-deluxe-cibeunying-kidul-bandung?redirection_source=landing%20area
Kost Ceria 4 Cibeunying Kidul Bandung,Rp600.000,Cibeunying Kidul,"3 x 3 meter, Termasuk listrik","Kasur, Meja, Lemari / Storage, Kulkas, Ventilasi, Jendela, Bantal, Sofa, Wastafel","Kloset Jongkok, K. Mandi Luar, Wastafel, Bak mandi","WiFi, R. Cuci, Kulkas, R. Tamu, R. Jemur, R. Santai, Dapur, Jemuran, Pengurus Kos, Balcon","Parkir Motor, Parkir Sepeda",,https://mamikos.com/room/kost-bandung-kost-putri-murah-kost-ceria-4-cibeunying-kidul-bandung?redirection_source=landing%20area
Kost Muararajeun Lama 2 Tipe A Cibeunying Kaler Bandung,Rp1.000.000,Cibeunying Kaler,"3.5 x 2.5 meter, Termasuk listrik","Kasur, Meja, Lemari / Storage, Ventilasi, Jendela, Dapur Pribadi, Bantal, Wastafel","K. Mandi Dalam, Kloset Jongkok, Ember mandi","WiFi, R. Cuci, Penjaga Kos, R. Jemur, Jemuran, Jual Makanan","Parkir Motor, Parkir Sepeda",,https://mamikos.com/room/kost-kota-bandung-kost-campur-eksklusif-kost-muararajeun-lama-2-tipe-a-cibeunying-kaler-bandung?redirection_source=landing%20area
Kost Ibu Alit Kiaracondong Bandung,Rp715.000,Kiaracondong,"7 x 3 meter, Termasuk listrik","Kasur, Lemari / Storage, Jendela, Wastafel","K. Mandi Dalam, Kloset Jongkok, Wastafel, Ember mandi","Dapur, Jemuran",Parkir Motor,,https://mamikos.com/room/kost-bandung-kost-campur-murah-kost-ibu-alit-kiaracondong-bandung-1?redirection_source=landing%20area
Kost Paviliun Surya Bj Kaler Cibeunying Kaler Bandung,Rp750.000,Kecamatan Cibeunying Kaler,"3 x 4 meter, Tidak termasuk listrik",Wastafel,K. Mandi Dalam,"R. Cuci, R. Jemur, R. Makan, Dapur, Jemuran, R. Keluarga","Parkir Mobil, Parkir Motor & Sepeda",,https://mamikos.com/room/kost-kota-bandung-kost-campur-eksklusif-kost-paviliun-surya-bj-kaler-cibeunying-kaler-bandung?redirection_source=landing%20area
Kost Yosi Tipe A Cibeunying Kaler Bandung,Rp650.000,Cibeunying Kaler,"3 x 3 meter, Termasuk listrik","Kasur, Lemari / Storage, Jendela, Guling, Cermin, Bantal","Kloset Jongkok, K. Mandi Luar, Ember mandi, Bak mandi","WiFi, R. Jemur, K. Mandi Luar","Parkir Motor, Parkir Sepeda",,https://mamikos.com/room/kost-kota-bandung-kost-campur-murah-kost-yosi-tipe-a-cibeunying-kaler-bandung-2?redirection_source=landing%20area
Kost Baru Cibeunying Kaler Bandung,Rp1.800.000,Kecamatan Cibeunying Kaler,"3 x 4.5 meter, Tidak termasuk listrik","AC, Kasur, Meja, Lemari / Storage, Ventilasi, Jendela, Cermin, Bantal, Kursi","K. Mandi Dalam, Kloset Duduk, Wastafel, Shower, Air panas","WiFi, Kulkas, Laundry, R. Jemur, Dapur, Jemuran, Pengurus Kos, Jual Makanan, CCTV, Rooftop",Parkir Motor & Sepeda,,https://mamikos.com/room/kost-kota-bandung-kost-campur-eksklusif-kost-baru-cibeunying-kaler-bandung-2?redirection_source=landing%20area
Kost Merenah I Cibeunying Kidul Bandung,Rp1.000.000,Kecamatan Cibeunying Kidul,"3.5 x 4.5 meter, Tidak termasuk listrik","Kasur, Lemari / Storage","Kloset Jongkok, Ember mandi","WiFi, Kulkas, Dapur, Jemuran, CCTV",Parkir Motor & Sepeda,,https://mamikos.com/room/kost-kota-bandung-kost-campur-eksklusif-kost-merenah-i-cibeunying-kidul-bandung?redirection_source=landing%20area
Kost Orange Tipe D Cikondang Coblong Bandung,Rp900.000,Coblong,"4 x 5 meter, Termasuk listrik","Kasur, Meja, Lemari / Storage, TV Kabel, Kursi","K. Mandi Dalam, Kloset Jongkok, Ember mandi","WiFi, Kulkas, R. Jemur, Dispenser, Dapur, CCTV, Balcon, TV",Parkir Motor,,https://mamikos.com/room/kost-kota-bandung-kost-campur-murah-kost-orange-tipe-d-cikondang-coblong-bandung?redirection_source=landing%20area
Kost Cikajang Raya Tipe A Antapani Bandung,Rp750.000,Kecamatan Antapani,"3 x 4 meter, Termasuk listrik","Kasur, Meja, Lemari / Storage, Bantal, Kursi","Kloset Jongkok, K. Mandi Luar, Ember mandi","WiFi, Penjaga Kos, Pengurus Kos, CCTV, Balcon, K. Mandi Luar","Parkir Motor, Parkir Sepeda, Parkir Motor & Sepeda",,https://mamikos.com/room/kost-kota-bandung-kost-putri-murah-kost-cikajang-raya-tipe-a-antapani-bandung-2?redirection_source=landing%20area
Kost Kirana Tipe A Cibeunying Kidul Bandung,Rp600.000,Kecamatan Cibeunying Kidul,"3 x 3 meter, Termasuk listrik","Kasur, Lemari / Storage, Ventilasi, Jendela, Guling, Bantal","Kloset Duduk, Kloset Jongkok, K. Mandi Luar, Ember mandi","WiFi, R. Cuci, R. Tamu, R. Jemur, R. Santai, Dapur, Jemuran, Pengurus Kos, CCTV, Balcon","Parkir Motor, Parkir Sepeda, Parkir Motor & Sepeda",,https://mamikos.com/room/kost-kota-bandung-kost-campur-murah-kost-kirana-tipe-a-cibeunying-kidul-bandung?redirection_source=landing%20area
Kost Bekarbon Cibeunying Kidul Bandung,Rp1.100.000,Cibeunying Kidul,"3 x 3 meter, Tidak termasuk listrik","Kasur, Lemari / Storage, Ventilasi, Jendela","K. Mandi Dalam, Kloset Jongkok, Shower","WiFi, R. Tamu, Penjaga Kos, R. Jemur, Dapur, Jemuran, Pengurus Kos, CCTV, Balcon, K. Mandi Luar","Parkir Motor, Parkir Sepeda",,https://mamikos.com/room/kost-kota-bandung-kost-putra-eksklusif-kost-bekarbon-cibeunying-kidul-bandung?redirection_source=landing%20area
Kost Harmoni Abadi Kiaracondong Bandung,Rp700.000,Kecamatan Kiaracondong,"3 x 4 meter, Tidak termasuk listrik","Kasur, Lemari / Storage, Jendela, Bantal","K. Mandi Dalam, Kloset Jongkok, Ember mandi",Taman,"Parkir Motor, Parkir Sepeda, Parkir Motor & Sepeda",,https://mamikos.com/room/kost-kota-bandung-kost-campur-murah-kost-harmoni-abadi-kiaracondong-bandung?redirection_source=landing%20area
Kost Urban Residence Tipe A Kiaracondong Bandung,Rp600.000,Kiaracondong,"3 x 3 meter, Termasuk listrik","Kasur, Lemari / Storage, Jendela, Dapur Pribadi, Bantal","K. Mandi Dalam, Kloset Jongkok, Ember mandi, Bak mandi","WiFi, Laundry, Penjaga Kos, Pengurus Kos, CCTV",Parkir Motor,,https://mamikos.com/room/kost-kota-bandung-kost-campur-murah-kost-urban-residence-tipe-a-kiaracondong-bandung?redirection_source=landing%20area
Kost Sidomukti 65 Tipe A Cibeunying Kaler Bandung,Rp950.000,Kecamatan Cibeunying Kaler,"3 x 4 meter, Tidak termasuk listrik",Kasur,"K. Mandi Dalam, Kloset Duduk, Kloset Jongkok, Shower, Air panas","WiFi, R. Makan, Dapur, Jemuran, Pengurus Kos, Rooftop, Balcon","Parkir Mobil, Parkir Motor, Parkir Sepeda, Parkir Motor & Sepeda",,https://mamikos.com/room/kost-kota-bandung-kost-campur-murah-kost-sidomukti-65-tipe-a-cibeunying-kaler-bandung-2?redirection_source=landing%20area
Kost Patma Tipe F Cibeunying Kaler Bandung,Rp600.000,Kecamatan Cibeunying Kaler,"2.7 x 3.5 meter, Tidak termasuk listrik","Kasur, Lemari / Storage, Jendela, Bantal","Kloset Jongkok, K. Mandi Luar, Ember mandi","Kulkas, Dapur, Jemuran, Pengurus Kos",Parkir Motor & Sepeda,,https://mamikos.com/room/kost-kota-bandung-kost-putri-murah-kost-patma-tipe-f-cibeunying-kaler-bandung-2?redirection_source=landing%20area
Kost Kumeli 30 Standart Cibeunying Kaler Bandung,Rp950.000,Kecamatan Cibeunying Kaler,"3 x 4 meter, Termasuk listrik","Kasur, Meja, Lemari / Storage, Jendela, Guling, Bantal, Kursi","Kloset Duduk, K. Mandi Luar, Shower","WiFi, Kulkas, Mesin Cuci, Laundry, R. Tamu, Penjaga Kos, R. Jemur, R. Makan, Dispenser, Dapur",Parkir Motor,,https://mamikos.com/room/kost-kota-bandung-kost-putri-murah-kost-kumeli-30-standart-cibeunying-kaler-bandung-1?redirection_source=landing%20area
Kost Keys Co Living Suites Cibeunying Kidul Bandung,Rp4.500.000,Cibeunying Kidul,"5 x 5 meter, Tidak termasuk listrik","AC, Kasur, Lemari / Storage, Meja makan, Jendela, Guling, Dapur Pribadi, Cermin, Bantal, Kursi","K. Mandi Dalam, Kloset Duduk, Shower, Air panas","WiFi, R. Cuci, Kulkas, Penjaga Kos, R. Jemur, R. Makan, Mushola, Dispenser, Dapur, Jemuran","Parkir Mobil, Parkir Motor",,https://mamikos.com/room/kost-kota-bandung-kost-campur-eksklusif-kost-keys-co-living-suites-cibeunying-kidul-bandung?redirection_source=landing%20area
Kost Sukamulya 74 Bandung,Rp950.000,Kecamatan Cibeunying Kidul,"3 x 3 meter, Tidak termasuk listrik","Kasur, Meja Rias, Lemari / Storage, Jendela, Bantal","K. Mandi Dalam, Kloset Jongkok, Ember mandi, Shower","WiFi, R. Jemur, R. Santai, Dispenser, Dapur, Jemuran","Parkir Motor, Parkir Sepeda",,https://mamikos.com/room/kost-kota-bandung-kost-campur-murah-kost-sukamulya-74-bandung?redirection_source=landing%20area
Kost Cibatu Raya Tipe A Antapani Bandung,Rp1.200.000,Antapani,"3 x 4 meter, Termasuk listrik","Kasur, Meja, Meja Rias, Ventilasi, Jendela, Guling, Bantal","K. Mandi Dalam, Kloset Duduk, Ember mandi","WiFi, R. Jemur, Dapur, Pengurus Kos, CCTV, K. Mandi Luar",Parkir Motor,,https://mamikos.com/room/kost-kota-bandung-kost-campur-eksklusif-kost-cibatu-raya-tipe-a-antapani-bandung-2?redirection_source=landing%20area
Kost Rizal Cimenyan Bandung,Rp1.200.000,Kecamatan Cimenyan,"3 x 4 meter, Tidak termasuk listrik","Kasur, Lemari / Storage, Jendela, Dapur Pribadi","K. Mandi Dalam, Kloset Duduk, Wastafel, Ember mandi, Shower",Dapur,Parkir Motor,,https://mamikos.com/room/kost-kabupaten-bandung-kost-putri-eksklusif-kost-rizal-cimenyan-bandung?redirection_source=landing%20area
Kost Orange Marhaban Cibeunying Kidul Bandung,Rp750.000,Kecamatan Cibeunying Kidul,"4 x 5 meter, Tidak termasuk listrik","Kasur, Meja, Lemari / Storage, Jendela, Guling, Bantal","K. Mandi Dalam, Kloset Jongkok, K. Mandi Luar, Ember mandi","WiFi, Dapur, Jemuran, CCTV, Rooftop, Balcon","Parkir Motor, Parkir Sepeda, Parkir Motor & Sepeda",,https://mamikos.com/room/kost-kota-bandung-kost-campur-murah-kost-orange-marhaban-cibeunying-kidul-bandung-2?redirection_source=landing%20area
Kost 84 Antapani Bandung,Rp850.000,Antapani,"6 x 3 meter, Tidak termasuk listrik","Ventilasi, Jendela, Dapur Pribadi","K. Mandi Dalam, Kloset Jongkok, Ember mandi","WiFi, R. Jemur, Dapur, Jemuran, Balcon, Gazebo","Parkir Motor, Parkir Sepeda",,https://mamikos.com/room/kost-kota-bandung-kost-putri-murah-kost-84-antapani-bandung-2?redirection_source=landing%20area
Kost Keys Co Living Suites Cibeunying Kidul Bandung,Rp4.500.000,Cibeunying Kidul,"5 x 5 meter, Tidak termasuk listrik","AC, Kasur, Lemari / Storage, Meja makan, Jendela, Guling, Dapur Pribadi, Cermin, Bantal, Kursi","K. Mandi Dalam, Kloset Duduk, Shower, Air panas","WiFi, R. Cuci, Kulkas, Penjaga Kos, R. Jemur, R. Makan, Mushola, Dispenser, Dapur, Jemuran","Parkir Mobil, Parkir Motor",,https://mamikos.com/room/kost-kota-bandung-kost-campur-eksklusif-kost-keys-co-living-suites-cibeunying-kidul-bandung?redirection_source=landing%20area
Kost Sukamulya 74 Bandung,Rp950.000,Kecamatan Cibeunying Kidul,"3 x 3 meter, Tidak termasuk listrik","Kasur, Meja Rias, Lemari / Storage, Jendela, Bantal","K. Mandi Dalam, Kloset Jongkok, Ember mandi, Shower","WiFi, R. Jemur, R. Santai, Dispenser, Dapur, Jemuran","Parkir Motor, Parkir Sepeda",,https://mamikos.com/room/kost-kota-bandung-kost-campur-murah-kost-sukamulya-74-bandung?redirection_source=landing%20area
Kost Cibatu Raya Tipe A Antapani Bandung,Rp1.200.000,Antapani,"3 x 4 meter, Termasuk listrik","Kasur, Meja, Meja Rias, Ventilasi, Jendela, Guling, Bantal","K. Mandi Dalam, Kloset Duduk, Ember mandi","WiFi, R. Jemur, Dapur, Pengurus Kos, CCTV, K. Mandi Luar",Parkir Motor,,https://mamikos.com/room/kost-kota-bandung-kost-campur-eksklusif-kost-cibatu-raya-tipe-a-antapani-bandung-2?redirection_source=landing%20area
Kost Rizal Cimenyan Bandung,Rp1.200.000,Kecamatan Cimenyan,"3 x 4 meter, Tidak termasuk listrik","Kasur, Lemari / Storage, Jendela, Dapur Pribadi","K. Mandi Dalam, Kloset Duduk, Wastafel, Ember mandi, Shower",Dapur,Parkir Motor,,https://mamikos.com/room/kost-kabupaten-bandung-kost-putri-eksklusif-kost-rizal-cimenyan-bandung?redirection_source=landing%20area
Kost Orange Marhaban Cibeunying Kidul Bandung,Rp750.000,Kecamatan Cibeunying Kidul,"4 x 5 meter, Tidak termasuk listrik","Kasur, Meja, Lemari / Storage, Jendela, Guling, Bantal","K. Mandi Dalam, Kloset Jongkok, K. Mandi Luar, Ember mandi","WiFi, Dapur, Jemuran, CCTV, Rooftop, Balcon","Parkir Motor, Parkir Sepeda, Parkir Motor & Sepeda",,https://mamikos.com/room/kost-kota-bandung-kost-campur-murah-kost-orange-marhaban-cibeunying-kidul-bandung-2?redirection_source=landing%20area
Kost 84 Antapani Bandung,Rp850.000,Antapani,"6 x 3 meter, Tidak termasuk listrik","Ventilasi, Jendela, Dapur Pribadi","K. Mandi Dalam, Kloset Jongkok, Ember mandi","WiFi, R. Jemur, Dapur, Jemuran, Balcon, Gazebo","Parkir Motor, Parkir Sepeda",,https://mamikos.com/room/kost-kota-bandung-kost-putri-murah-kost-84-antapani-bandung-2?redirection_source=landing%20area
Kost Moluska By Ibu Susi Tipe A Cibeunying Kidul Bandung,Rp600.000,Cibeunying Kidul,"3 x 2 meter, Termasuk listrik","Kasur, Bantal","Kloset Jongkok, Shower","WiFi, R. Cuci, R. Tamu, R. Jemur, R. Makan, R. Santai, Dispenser, Dapur, Jemuran, Rice Cooker",,,https://mamikos.com/room/kost-kota-bandung-kost-putri-murah-kost-moluska-by-ibu-susi-tipe-a-cibeunying-kidul-bandung?redirection_source=landing%20area
Kost Mahameru Co Living Deluxe Cibeunying Kidul Bandung,Rp1.350.000,Kecamatan Cibeunying Kidul,"3 x 3 meter, Tidak termasuk listrik","Kasur, Meja, Lemari / Storage, Jendela, Guling, Bantal, Kursi, Kipas Angin","Kloset Duduk, Kloset Jongkok, K. Mandi Luar, Wastafel, Shower, Air panas","WiFi, R. Cuci, Kulkas, Penjaga Kos, R. Jemur, R. Santai, Dispenser, Dapur, Jemuran, Pengurus Kos","Parkir Mobil, Parkir Motor & Sepeda",,https://mamikos.com/room/kost-kota-bandung-kost-campur-eksklusif-kost-mahameru-co-living-deluxe-cibeunying-kidul-bandung?redirection_source=landing%20area
Kost Ceria 4 Cibeunying Kidul Bandung,Rp600.000,Cibeunying Kidul,"3 x 3 meter, Termasuk listrik","Kasur, Meja, Lemari / Storage, Kulkas, Ventilasi, Jendela, Bantal, Sofa, Wastafel","Kloset Jongkok, K. Mandi Luar, Wastafel, Bak mandi","WiFi, R. Cuci, Kulkas, R. Tamu, R. Jemur, R. Santai, Dapur, Jemuran, Pengurus Kos, Balcon","Parkir Motor, Parkir Sepeda",,https://mamikos.com/room/kost-bandung-kost-putri-murah-kost-ceria-4-cibeunying-kidul-bandung?redirection_source=landing%20area
Kost Muararajeun Lama 2 Tipe A Cibeunying Kaler Bandung,Rp1.000.000,Cibeunying Kaler,"3.5 x 2.5 meter, Termasuk listrik","Kasur, Meja, Lemari / Storage, Ventilasi, Jendela, Dapur Pribadi, Bantal, Wastafel","K. Mandi Dalam, Kloset Jongkok, Ember mandi","WiFi, R. Cuci, Penjaga Kos, R. Jemur, Jemuran, Jual Makanan","Parkir Motor, Parkir Sepeda",,https://mamikos.com/room/kost-kota-bandung-kost-campur-eksklusif-kost-muararajeun-lama-2-tipe-a-cibeunying-kaler-bandung?redirection_source=landing%20area
Kost Bapak Andry Tipe Vvip Executive Cibeunying Kidul Bandung,Rp2.100.000,Cibeunying Kidul,"10 x 2.5 meter, Tidak termasuk listrik","AC, Kasur, Dispenser, TV, Lemari / Storage, Ventilasi, Jendela, Dapur Pribadi, Bantal, Wastafel","K. Mandi Dalam, Kloset Jongkok, Wastafel, Shower, Air panas","WiFi, R. Cuci, Kulkas, Mesin Cuci, R. Jemur, Dapur, Jemuran, Pengurus Kos, CCTV, TV",Parkir Motor,,https://mamikos.com/room/kost-kota-bandung-kost-campur-eksklusif-kost-bapak-andry-tipe-vvip-executive-cibeunying-kidul-bandung?redirection_source=landing%20area
Kost Asrama Cibeunying Kaler Bandung,Rp250.000,Kecamatan Cibeunying Kaler,"3 x 4 meter, Termasuk listrik","Kasur, Bantal","K. Mandi Dalam, Kloset Jongkok, Wastafel","WiFi, Kulkas, R. Jemur, R. Santai, Dispenser, Dapur, Jemuran, CCTV",,,https://mamikos.com/room/kost-kota-bandung-kost-putri-murah-kost-asrama-cibeunying-kaler-bandung-1?redirection_source=landing%20area
Kost Donna Tipe Standard Cibeunying Kidul Bandung,Rp900.000,Kecamatan Cibeunying Kidul,"3 x 3 meter, Termasuk listrik","Kasur, Meja, Lemari / Storage, Kulkas, Jendela, Guling, Bantal","K. Mandi Dalam, Kloset Jongkok, K. Mandi Luar, Ember mandi","WiFi, Kulkas, Penjaga Kos, R. Jemur, Dapur, Jemuran, Pengurus Kos","Parkir Mobil, Parkir Motor, Parkir Motor & Sepeda",,https://mamikos.com/room/kost-kota-bandung-kost-putra-murah-kost-donna-tipe-standard-cibeunying-kidul-bandung?redirection_source=landing%20area
Kost Pondok Salsabila Antapani Bandung,Rp650.000,Antapani,"3 x 4 meter, Termasuk listrik","Kasur, Lemari / Storage","K. Mandi Dalam, Kloset Duduk, Ember mandi","R. Cuci, Laundry, R. Jemur, Dapur","Parkir Motor, Parkir Sepeda",,https://mamikos.com/room/kost-kota-bandung-kost-putri-eksklusif-kost-pondok-salsabila-antapani-bandung-2?redirection_source=landing%20area
Kost Orange Tipe G Cikondang Coblong Bandung,Rp1.300.000,Coblong,"4 x 6 meter, Termasuk listrik","Kasur, Meja, Lemari / Storage, Kursi","K. Mandi Dalam, Kloset Jongkok, Ember mandi, Shower","WiFi, Kulkas, R. Jemur, Dispenser, Dapur, Balcon, TV",,,https://mamikos.com/room/kost-kota-bandung-kost-campur-eksklusif-kost-orange-tipe-g-cikondang-coblong-bandung?redirection_source=landing%20area
403 Forbidden,0,-,,,,,,,https://mamikos.com/room/kost-kota-bandung-kost-campur-murah-kosan-ibu-emma-tipe-studio-san-tipe-1-bedroom-antapani-bandung-2?redirection_source=landing%20area
Kost Murba Satu Tipe A Cibeunying Kaler Bandung,Rp700.000,Cibeunying Kaler,"3 x 3 meter, Tidak termasuk listrik","Kasur, Meja, Lemari / Storage, Ventilasi, Jendela","Kloset Jongkok, K. Mandi Luar, Bak mandi","R. Cuci, R. Jemur, Dapur, Pengurus Kos, K. Mandi Luar","Parkir Motor, Parkir Sepeda",,https://mamikos.com/room/kost-kota-bandung-kost-campur-murah-kost-murba-satu-tipe-a-cibeunying-kaler-bandung?redirection_source=landing%20area
Kost Antapani Cikajang Tipe Single Antapani Bandung,Rp1.650.000,Kecamatan Antapani,"3 x 3 meter, Tidak termasuk listrik","AC, Kasur, Meja, Lemari / Storage, Ventilasi, Jendela, Guling, Cermin, Bantal, Wastafel","K. Mandi Dalam, Kloset Duduk, Wastafel, Shower, Air panas","WiFi, Kulkas, R. Tamu, Penjaga Kos, R. Jemur, R. Makan, Dispenser, Dapur, Jemuran, Pengurus Kos",Parkir Motor & Sepeda,,https://mamikos.com/room/kost-kota-bandung-kost-campur-eksklusif-kost-antapani-cikajang-tipe-single-antapani-bandung?redirection_source=landing%20area
Kost Nur Muhaji Tipe A Batununggal Bandung,Rp1.200.000,Batununggal,"4 x 4 meter, Tidak termasuk listrik","Kasur, Lemari / Storage, Ventilasi, Jendela, Guling, Bantal","K. Mandi Dalam, Kloset Duduk, Ember mandi","WiFi, Laundry, Penjaga Kos, Jemuran, Pengurus Kos, CCTV","Parkir Motor, Parkir Motor & Sepeda",,https://mamikos.com/room/kost-kota-bandung-kost-campur-eksklusif-kost-nur-muhaji-tipe-a-batununggal-bandung-2?redirection_source=landing%20area
Kost Saung Bambu Muda Tipe B Cibeunying Kaler Bandung,Rp1.350.000,Cibeunying Kaler,"3.2 x 2.5 meter, Termasuk listrik","Kasur, Meja, Lemari / Storage, Ventilasi, Jendela, Guling, Cermin, Bantal, Kursi","Kloset Duduk, K. Mandi Luar, Wastafel, Ember mandi, Shower, Air panas","WiFi, Kulkas, Mesin Cuci, R. Jemur, R. Santai, Dapur, Jemuran, Rice Cooker, Taman, K. Mandi Luar",Parkir Motor & Sepeda,,https://mamikos.com/room/kost-kota-bandung-kost-putri-eksklusif-kost-saung-bambu-muda-tipe-b-cibeunying-kaler-bandung-2?redirection_source=landing%20area
Kost 84 Antapani Bandung,Rp850.000,Antapani,"6 x 3 meter, Tidak termasuk listrik","Ventilasi, Jendela, Dapur Pribadi","K. Mandi Dalam, Kloset Jongkok, Ember mandi","WiFi, R. Jemur, Dapur, Jemuran, Balcon, Gazebo","Parkir Motor, Parkir Sepeda",,https://mamikos.com/room/kost-kota-bandung-kost-putri-murah-kost-84-antapani-bandung-2?redirection_source=landing%20area
Kost Moluska By Ibu Susi Tipe A Cibeunying Kidul Bandung,Rp600.000,Cibeunying Kidul,"3 x 2 meter, Termasuk listrik","Kasur, Bantal","Kloset Jongkok, Shower","WiFi, R. Cuci, R. Tamu, R. Jemur, R. Makan, R. Santai, Dispenser, Dapur, Jemuran, Rice Cooker",,,https://mamikos.com/room/kost-kota-bandung-kost-putri-murah-kost-moluska-by-ibu-susi-tipe-a-cibeunying-kidul-bandung?redirection_source=landing%20area
Kost Mahameru Co Living Deluxe Cibeunying Kidul Bandung,Rp1.350.000,Kecamatan Cibeunying Kidul,"3 x 3 meter, Tidak termasuk listrik","Kasur, Meja, Lemari / Storage, Jendela, Guling, Bantal, Kursi, Kipas Angin","Kloset Duduk, Kloset Jongkok, K. Mandi Luar, Wastafel, Shower, Air panas","WiFi, R. Cuci, Kulkas, Penjaga Kos, R. Jemur, R. Santai, Dispenser, Dapur, Jemuran, Pengurus Kos","Parkir Mobil, Parkir Motor & Sepeda",,https://mamikos.com/room/kost-kota-bandung-kost-campur-eksklusif-kost-mahameru-co-living-deluxe-cibeunying-kidul-bandung?redirection_source=landing%20area
Kost Ceria 4 Cibeunying Kidul Bandung,Rp600.000,Cibeunying Kidul,"3 x 3 meter, Termasuk listrik","Kasur, Meja, Lemari / Storage, Kulkas, Ventilasi, Jendela, Bantal, Sofa, Wastafel","Kloset Jongkok, K. Mandi Luar, Wastafel, Bak mandi","WiFi, R. Cuci, Kulkas, R. Tamu, R. Jemur, R. Santai, Dapur, Jemuran, Pengurus Kos, Balcon","Parkir Motor, Parkir Sepeda",,https://mamikos.com/room/kost-bandung-kost-putri-murah-kost-ceria-4-cibeunying-kidul-bandung?redirection_source=landing%20area
Kost Muararajeun Lama 2 Tipe A Cibeunying Kaler Bandung,Rp1.000.000,Cibeunying Kaler,"3.5 x 2.5 meter, Termasuk listrik","Kasur, Meja, Lemari / Storage, Ventilasi, Jendela, Dapur Pribadi, Bantal, Wastafel","K. Mandi Dalam, Kloset Jongkok, Ember mandi","WiFi, R. Cuci, Penjaga Kos, R. Jemur, Jemuran, Jual Makanan","Parkir Motor, Parkir Sepeda",,https://mamikos.com/room/kost-kota-bandung-kost-campur-eksklusif-kost-muararajeun-lama-2-tipe-a-cibeunying-kaler-bandung?redirection_source=landing%20area
Kost Bapak Andry Tipe Vvip Executive Cibeunying Kidul Bandung,Rp2.100.000,Cibeunying Kidul,"10 x 2.5 meter, Tidak termasuk listrik","AC, Kasur, Dispenser, TV, Lemari / Storage, Ventilasi, Jendela, Dapur Pribadi, Bantal, Wastafel","K. Mandi Dalam, Kloset Jongkok, Wastafel, Shower, Air panas","WiFi, R. Cuci, Kulkas, Mesin Cuci, R. Jemur, Dapur, Jemuran, Pengurus Kos, CCTV, TV",Parkir Motor,,https://mamikos.com/room/kost-kota-bandung-kost-campur-eksklusif-kost-bapak-andry-tipe-vvip-executive-cibeunying-kidul-bandung?redirection_source=landing%20area
Kost Asrama Cibeunying Kaler Bandung,Rp250.000,Kecamatan Cibeunying Kaler,"3 x 4 meter, Termasuk listrik","Kasur, Bantal","K. Mandi Dalam, Kloset Jongkok, Wastafel","WiFi, Kulkas, R. Jemur, R. Santai, Dispenser, Dapur, Jemuran, CCTV",,,https://mamikos.com/room/kost-kota-bandung-kost-putri-murah-kost-asrama-cibeunying-kaler-bandung-1?redirection_source=landing%20area
Kost Donna Tipe Standard Cibeunying Kidul Bandung,Rp900.000,Kecamatan Cibeunying Kidul,"3 x 3 meter, Termasuk listrik","Kasur, Meja, Lemari / Storage, Kulkas, Jendela, Guling, Bantal","K. Mandi Dalam, Kloset Jongkok, K. Mandi Luar, Ember mandi",,,,https://mamikos.com/room/kost-kota-bandung-kost-putra-murah-kost-donna-tipe-standard-cibeunying-kidul-bandung?redirection_source=landing%20area
Kost Pondok Salsabila Antapani Bandung,Rp650.000,Antapani,"3 x 4 meter, Termasuk listrik","Kasur, Lemari / Storage","K. Mandi Dalam, Kloset Duduk, Ember mandi","R. Cuci, Laundry, R. Jemur, Dapur","Parkir Motor, Parkir Sepeda",,https://mamikos.com/room/kost-kota-bandung-kost-putri-eksklusif-kost-pondok-salsabila-antapani-bandung-2?redirection_source=landing%20area
Kost Orange Tipe G Cikondang Coblong Bandung,Rp1.300.000,Coblong,"4 x 6 meter, Termasuk listrik","Kasur, Meja, Lemari / Storage, Kursi","K. Mandi Dalam, Kloset Jongkok, Ember mandi, Shower","WiFi, Kulkas, R. Jemur, Dispenser, Dapur, Balcon, TV",Parkir Motor,,https://mamikos.com/room/kost-kota-bandung-kost-campur-eksklusif-kost-orange-tipe-g-cikondang-coblong-bandung?redirection_source=landing%20area
Kost Ibu Emma Tipe Studio Antapani Bandung,Rp850.000,Kecamatan Antapani,"3 x 4 meter, Tidak termasuk listrik",Jendela,"K. Mandi Dalam, Kloset Jongkok, Wastafel","WiFi, Penjaga Kos, R. Jemur, Pengurus Kos, CCTV","Parkir Mobil, Parkir Motor, Parkir Motor & Sepeda",,https://mamikos.com/room/kost-kota-bandung-kost-campur-murah-kosan-ibu-emma-tipe-studio-san-tipe-1-bedroom-antapani-bandung-2?redirection_source=landing%20area
Kost Murba Satu Tipe A Cibeunying Kaler Bandung,Rp700.000,Cibeunying Kaler,"3 x 3 meter, Tidak termasuk listrik","Kasur, Meja, Lemari / Storage, Ventilasi, Jendela","Kloset Jongkok, K. Mandi Luar, Bak mandi","R. Cuci, R. Jemur, Dapur, Pengurus Kos, K. Mandi Luar","Parkir Motor, Parkir Sepeda",,https://mamikos.com/room/kost-kota-bandung-kost-campur-murah-kost-murba-satu-tipe-a-cibeunying-kaler-bandung?redirection_source=landing%20area
Kost Antapani Cikajang Tipe Single Antapani Bandung,Rp1.650.000,Kecamatan Antapani,"3 x 3 meter, Tidak termasuk listrik","AC, Kasur, Meja, Lemari / Storage, Ventilasi, Jendela, Guling, Cermin, Bantal, Wastafel","K. Mandi Dalam, Kloset Duduk, Wastafel, Shower, Air panas","WiFi, Kulkas, R. Tamu, Penjaga Kos, R. Jemur, R. Makan, Dispenser, Dapur, Jemuran, Pengurus Kos",Parkir Motor & Sepeda,,https://mamikos.com/room/kost-kota-bandung-kost-campur-eksklusif-kost-antapani-cikajang-tipe-single-antapani-bandung?redirection_source=landing%20area
Kost Nur Muhaji Tipe A Batununggal Bandung,Rp1.200.000,Batununggal,"4 x 4 meter, Tidak termasuk listrik","Kasur, Lemari / Storage, Ventilasi, Jendela, Guling, Bantal","K. Mandi Dalam, Kloset Duduk, Ember mandi","WiFi, Laundry, Penjaga Kos, Jemuran, Pengurus Kos, CCTV","Parkir Motor, Parkir Motor & Sepeda",,https://mamikos.com/room/kost-kota-bandung-kost-campur-eksklusif-kost-nur-muhaji-tipe-a-batununggal-bandung-2?redirection_source=landing%20area
Kost Saung Bambu Muda Tipe B Cibeunying Kaler Bandung,Rp1.350.000,Cibeunying Kaler,"3.2 x 2.5 meter, Termasuk listrik","Kasur, Meja, Lemari / Storage, Ventilasi, Jendela, Guling, Cermin, Bantal, Kursi","Kloset Duduk, K. Mandi Luar, Wastafel, Ember mandi, Shower, Air panas","WiFi, Kulkas, Mesin Cuci, R. Jemur, R. Santai, Dapur, Jemuran, Rice Cooker, Taman, K. Mandi Luar",Parkir Motor & Sepeda,,https://mamikos.com/room/kost-kota-bandung-kost-putri-eksklusif-kost-saung-bambu-muda-tipe-b-cibeunying-kaler-bandung-2?redirection_source=landing%20area
Kost Keys Co Living Standard Deluxe Cibeunying Kidul Bandung,Rp2.250.000,Cibeunying Kidul,"3 x 2.7 meter, Tidak termasuk listrik","AC, Kasur, Meja, Lemari / Storage, Jendela, Guling, Cermin, Bantal, Kursi","K. Mandi Dalam, Kloset Duduk, Shower, Air panas","WiFi, R. Cuci, Kulkas, Mesin Cuci, Penjaga Kos, R. Jemur, R. Makan, Mushola, Dispenser, Dapur","Parkir Mobil, Parkir Motor",,https://mamikos.com/room/kost-kota-bandung-kost-campur-eksklusif-kost-keys-co-living-standard-deluxe-cibeunying-kidul-bandung-2?redirection_source=landing%20area
Kost Titik Awal Cikaso Tipe A Cibeunying Kidul Bandung,Rp2.100.000,Cibeunying Kidul,"4 x 5 meter, Tidak termasuk listrik","AC, Kasur, Meja, Lemari / Storage, Ventilasi, Jendela, Guling, Cermin, Bantal, Wastafel","K. Mandi Dalam, Kloset Duduk, Ember mandi, Shower, Air panas","WiFi, R. Cuci, Kulkas, Mesin Cuci, R. Tamu, Penjaga Kos, R. Jemur, Dispenser, Dapur, Jemuran","Parkir Mobil, Parkir Motor, Parkir Sepeda",,https://mamikos.com/room/kost-kota-bandung-kost-putri-eksklusif-kost-titik-awal-cikaso-tipe-a-cibeunying-kidul-bandung?redirection_source=landing%20area
Kost Icha Cikutra Tipe A Cibeunying Kidul Bandung,Rp900.000,Cibeunying Kidul,"3 x 3 meter, Termasuk listrik","Kasur, Meja, Lemari / Storage, Ventilasi, Jendela, Guling, Cermin, Bantal","K. Mandi Dalam, Kloset Jongkok, K. Mandi Luar, Ember mandi","WiFi, R. Cuci, R. Tamu, Penjaga Kos, R. Jemur, Dispenser, Dapur, Jemuran, Pengurus Kos, CCTV",Parkir Motor,,https://mamikos.com/room/kost-kota-bandung-kost-putri-murah-kost-icha-cikutra-tipe-a-cibeunying-kidul-bandung?redirection_source=landing%20area
Kost Palm Bridge Tipe E Cimenyan Bandung,Rp850.000,Cimenyan,"3 x 3 meter, Termasuk listrik","Kasur, Meja, Lemari / Storage, Jendela","Kloset Duduk, K. Mandi Luar","WiFi, R. Cuci, R. Jemur, Dapur, Jemuran, Pengurus Kos, Balcon, R. Keluarga, K. Mandi Luar",Parkir Motor,,https://mamikos.com/room/kost-kabupaten-bandung-kost-putra-eksklusif-kost-palm-bridge-tipe-e-cimenyan-bandung-1?redirection_source=landing%20area
Kost Alshab Tipe A Cimenyan Bandung,Rp775.000,Cimenyan,"3 x 4 meter, Tidak termasuk listrik","Kasur, Lemari / Storage, Ventilasi, Jendela, Bantal","K. Mandi Dalam, Kloset Jongkok, Ember mandi, Shower","WiFi, R. Jemur, Dapur, Jemuran, Pengurus Kos",Parkir Motor,,https://mamikos.com/room/kost-kabupaten-bandung-kost-campur-eksklusif-kost-alshab-tipe-a-cimenyan-bandung?redirection_source=landing%20area
Kost Puri Fbp Cibeunying Kidul Bandung,Rp800.000,Kecamatan Cibeunying Kidul,"3 x 3 meter, Termasuk listrik","Kasur, Meja, Lemari / Storage, Ventilasi, Jendela, Bantal, Sofa, Wastafel","Kloset Duduk, K. Mandi Luar","WiFi, R. Tamu, Penjaga Kos, R. Santai, Dapur, Pengurus Kos, CCTV, Balcon, Taman, TV","Parkir Mobil, Parkir Motor",,https://mamikos.com/room/kost-kota-bandung-kost-putra-murah-kost-puri-fbp-cibeunying-kidul-bandung?redirection_source=landing%20area
Kost Sukapada Cibeunying Kidul Bandung,Rp750.000,Cibeunying Kidul,"3 x 3 meter, Termasuk listrik","Kasur, Meja, Lemari / Storage, Ventilasi, Jendela, Cermin","Kloset Jongkok, K. Mandi Luar, Shower","R. Cuci, Kulkas, Penjaga Kos, R. Jemur, Dapur, Jemuran, Pengurus Kos, Balcon, Taman, K. Mandi Luar","Parkir Motor, Parkir Sepeda",,https://mamikos.com/room/kost-kota-bandung-kost-putri-murah-kost-sukapada-cibeunying-kidul-bandung?redirection_source=landing%20area
Kost Manteron Tipe A Cibeunying Kaler Bandung,Rp900.000,Kecamatan Cibeunying Kaler,"2 x 3 meter, Tidak termasuk listrik","Kasur, Meja, Lemari / Storage, Cermin, Bantal","Kloset Jongkok, K. Mandi Luar, Ember mandi","WiFi, Mushola, Dapur, Jemuran, Pengurus Kos, Jual Makanan, Balcon, K. Mandi Luar",Parkir Motor,,https://mamikos.com/room/kost-kota-bandung-kost-putra-eksklusif-kost-manteron-tipe-a-cibeunying-kaler-bandung?redirection_source=landing%20area
Kost Bjk 04 Tipe A Cibeunying Kaler Bandung,Rp600.000,Kecamatan Cibeunying Kaler,"3 x 3 meter, Termasuk listrik","Kasur, Meja, Lemari / Storage, Jendela, Cermin, Kursi","Kloset Jongkok, K. Mandi Luar, Ember mandi, Bak mandi","WiFi, Kulkas, R. Tamu, Dapur, CCTV, K. Mandi Luar",Parkir Motor & Sepeda,,https://mamikos.com/room/kost-kota-bandung-kost-putra-murah-kost-bjk-04-tipe-a-cibeunying-kaler-bandung-2?redirection_source=landing%20area
Kost Cikampek Antapani Bandung,Rp900.000,Antapani,"3 x 3 meter, Termasuk listrik","Kasur, Meja, Lemari / Storage, Ventilasi, Kursi, Kipas Angin","Kloset Duduk, K. Mandi Luar, Shower","WiFi, Kulkas, R. Tamu, R. Jemur, R. Makan, Dapur, Jemuran, Pengurus Kos, Balcon, K. Mandi Luar","Parkir Motor, Parkir Sepeda",,https://mamikos.com/room/kost-kota-bandung-kost-putri-murah-kost-cikampek-antapani-bandung-2?redirection_source=landing%20area
Kost Sukamulus Cibeunying Kidul Bandung,Rp450.000,Cibeunying Kidul,"3 x 3 meter, Termasuk listrik","Kasur, Meja, Ventilasi, Jendela, Cermin, Bantal, Cleaning service","Kloset Jongkok, K. Mandi Luar, Ember mandi, Shower, Bak mandi","WiFi, R. Cuci, Penjaga Kos, R. Jemur, Dispenser, Dapur, Jemuran, Pengurus Kos, CCTV, Gazebo","Parkir Mobil, Parkir Motor, Parkir Sepeda",,https://mamikos.com/room/kost-kota-bandung-kost-campur-murah-kost-sukamulus-cibeunying-kidul-bandung?redirection_source=landing%20area
Kost Elroi Bojong Koneng Atas Cikutra Tipe B Cimenyan Bandung,Rp1.600.000,Cimenyan,"3 x 4 meter, Tidak termasuk listrik","AC, Kasur, Meja, Lemari / Storage, Ventilasi, Jendela, Guling, Cermin, Bantal, Kursi","K. Mandi Dalam, Kloset Duduk, Ember mandi, Shower, Air panas","WiFi, Kulkas, R. Tamu, Penjaga Kos, R. Jemur, R. Makan, R. Santai, Dispenser, Dapur, Jemuran","Parkir Motor, Parkir Motor & Sepeda",,https://mamikos.com/room/kost-kabupaten-bandung-kost-putra-eksklusif-kost-elroi-bojong-koneng-atas-cikutra-tipe-b-cimenyan-bandung?redirection_source=landing%20area
Kost Kilsha Sma Yas Cibeunying Kidul Bandung,Rp900.000,Cibeunying Kidul,"3 x 4 meter, Termasuk listrik","Kasur, Meja, Lemari / Storage, Ventilasi, Jendela, Kursi","K. Mandi Dalam, Kloset Duduk, Kloset Jongkok, Ember mandi, Shower","WiFi, R. Cuci, Laundry, R. Tamu, R. Jemur, R. Makan, R. Santai, Dapur, Jual Makanan, Balcon","Parkir Motor, Parkir Sepeda",,https://mamikos.com/room/kost-bandung-kost-putra-murah-kost-kilsha-sma-yas-cibeunying-kidul-bandung?redirection_source=landing%20area
Kost Pak Resmana Cibeunying Kidul Bandung,Rp750.000,Kecamatan Cibeunying Kidul,"3.5 x 2 meter, Termasuk listrik","Kasur, Lemari / Storage","K. Mandi Dalam, Kloset Jongkok, Ember mandi","WiFi, Penjaga Kos, R. Jemur, Dispenser, Dapur, Jemuran, Pengurus Kos, Jual Makanan, Rooftop, Gazebo",,,https://mamikos.com/room/kost-kota-bandung-kost-putri-murah-kos-pak-resmana-cibeunying-kidul-bandung-2?redirection_source=landing%20area
Kost Evelyn Home Tipe 2 Cibeunying Kidul Bandung,Rp750.000,Cibeunying Kidul,"3 x 4 meter, Termasuk listrik","Kasur, Lemari / Storage, Cermin","K. Mandi Dalam, Kloset Jongkok, Ember mandi","WiFi, R. Jemur, Dapur",,,https://mamikos.com/room/kost-kota-bandung-kost-putri-murah-kost-evelyn-home-tipe-2-cibeunying-kidul-bandung?redirection_source=landing%20area
Kost Itenas Widyatama Ekuitas 1 Tipe B Cibeunying Kidul Bandung,Rp850.000,Cibeunying Kidul,"3 x 4 meter, Termasuk listrik","Kasur, Lemari / Storage, Ventilasi, Jendela, Bantal","K. Mandi Dalam, Kloset Jongkok, Ember mandi","WiFi, Penjaga Kos, R. Jemur, Dapur, Jemuran, Pengurus Kos, CCTV","Parkir Motor, Parkir Sepeda",,https://mamikos.com/room/kost-kota-bandung-kost-putra-murah-kost-itenas-widyatama-ekuitas-1-tipe-b-cibeunying-kidul-bandung?redirection_source=landing%20area
Kost Sidomukti 30 Tipe A Cibeunying Kaler Bandung,Rp925.000,Kecamatan Cibeunying Kaler,"3 x 3 meter, Termasuk listrik","Kasur, Meja, Lemari / Storage, Jendela, Bantal, Kursi","Kloset Duduk, Kloset Jongkok, K. Mandi Luar, Wastafel, Shower, Air panas, Bak mandi","WiFi, R. Cuci, Kulkas, Mesin Cuci, R. Tamu, R. Jemur, Jemuran, R. Keluarga, K. Mandi Luar","Parkir Mobil, Parkir Motor, Parkir Sepeda, Parkir Motor & Sepeda",,https://mamikos.com/room/kost-kota-bandung-kost-putra-murah-kost-sidomukti-30-tipe-a-cibeunying-kaler-bandung-2?redirection_source=landing%20area
Kost Sindang Sari Tipe B Antapani Bandung,Rp700.000,Antapani,"3 x 4 meter, Termasuk listrik","Kasur, Meja, Lemari / Storage, Ventilasi, Guling, Cermin, Bantal, Wastafel","Kloset Jongkok, K. Mandi Luar, Wastafel, Ember mandi, Bak mandi","WiFi, Laundry, Penjaga Kos, R. Jemur, R. Santai, Dapur, Jemuran, Pengurus Kos, Jual Makanan, CCTV","Parkir Mobil, Parkir Motor, Parkir Sepeda",,https://mamikos.com/room/kost-kota-bandung-kost-putra-murah-kost-sindang-sari-tipe-b-antapani-bandung?redirection_source=landing%20area
Kost Ase Maria Tipe A Antapani Bandung,Rp750.000,Antapani,"3 x 4 meter, Termasuk listrik","Kasur, Meja, Lemari / Storage, Jendela, Bantal","Kloset Duduk, Kloset Jongkok, K. Mandi Luar, Ember mandi, Bak mandi","WiFi, R. Makan, R. Santai, Dispenser, Dapur, Jemuran, K. Mandi Luar",Parkir Motor,,https://mamikos.com/room/kost-kota-bandung-kost-campur-murah-kost-ase-maria-tipe-a-antapani-bandung?redirection_source=landing%20area
Kost Sazara Cibeunying Kidul Bandung,Rp1.000.000,Cibeunying Kidul,"3 x 4 meter, Termasuk listrik","Kasur, Meja, Lemari / Storage, Jendela, Bantal","K. Mandi Dalam, Kloset Jongkok, K. Mandi Luar, Ember mandi","WiFi, R. Cuci, Kulkas, Penjaga Kos, R. Jemur, Mushola, Dapur, Jemuran, CCTV, Balcon","Parkir Mobil, Parkir Motor, Parkir Sepeda, Parkir Motor & Sepeda",,https://mamikos.com/room/kost-kota-bandung-kost-putri-murah-kost-sazara-cibeunying-kidul-bandung-2?redirection_source=landing%20area
Kost Anyer Batununggal Bandung,Rp750.000,Kecamatan Batununggal,"3 x 3 meter, Termasuk listrik","Kasur, Guling, Bantal","Kloset Duduk, K. Mandi Luar, Bak mandi","WiFi, R. Jemur, Dispenser, Dapur, Jemuran, K. Mandi Luar","Parkir Mobil, Parkir Motor, Parkir Sepeda",,https://mamikos.com/room/kost-kota-bandung-kost-putri-murah-kost-anyer-batununggal-bandung?redirection_source=landing%20area
Kost No 73 Tipe A Cibeunying Kaler Bandung,Rp1.000.000,Cibeunying Kaler,"3 x 3 meter, Tidak termasuk listrik","Kasur, Meja, Lemari / Storage, Kursi","Kloset Duduk, K. Mandi Luar, Ember mandi, Bak mandi","WiFi, Laundry, R. Jemur, R. Santai, Dapur","Parkir Mobil, Parkir Motor, Parkir Sepeda",,https://mamikos.com/room/kost-kota-bandung-kost-putra-eksklusif-kost-no-73-tipe-a-cibeunying-kaler-bandung?redirection_source=landing%20area
Kost Casseyo Tipe B Kiaracondong Bandung,Rp750.000,Kecamatan Kiaracondong,"4 x 5 meter, Tidak termasuk listrik","Ventilasi, Jendela, Dapur Pribadi, Wastafel","K. Mandi Dalam, Kloset Jongkok, Ember mandi","R. Jemur, Jemuran","Parkir Motor, Parkir Sepeda",,https://mamikos.com/room/kost-kota-bandung-kost-campur-murah-kost-casseyo-tipe-b-terusan-jl-jakarta-kecamatan-kiaracondong-bandung?redirection_source=landing%20area
Kost Sumitra Tipe A Cibeunying Kaler Bandung,Rp1.200.000,Kecamatan Cibeunying Kaler,"3 x 2.5 meter, Tidak termasuk listrik","Kasur, Meja, Kursi","K. Mandi Dalam, Kloset Duduk, Shower","WiFi, R. Cuci, R. Jemur, R. Santai",Parkir Motor,,https://mamikos.com/room/kost-kota-bandung-kost-putri-eksklusif-kost-sumitra-tipe-a-cibeunying-kaler-bandung?redirection_source=landing%20area
Kost Bale Sunda Besar Cibeunying Kaler Bandung,Rp1.200.000,Cibeunying Kaler,"3 x 4 meter, Termasuk listrik","Kasur, Dispenser, Meja, Lemari / Storage, Kursi, Cleaning service","K. Mandi Dalam, Kloset Duduk, Wastafel, Ember mandi","WiFi, Penjaga Kos, R. Jemur, Mushola, Dispenser, Dapur, K. Mandi Luar","Parkir Mobil, Parkir Motor, Parkir Sepeda",,https://mamikos.com/room/kost-kota-bandung-kost-campur-eksklusif-kost-bale-sunda-besar-cibeunying-kaler-bandung-1?redirection_source=landing%20area
Kost Nin Ae Tife F Mandalajati Bandung,Rp1.100.000,Kecamatan Mandalajati,"3 x 4 meter, Termasuk listrik","Kasur, Meja, Lemari / Storage, Ventilasi, Cermin, Bantal, Kursi, Cleaning service","Kloset Duduk, K. Mandi Luar, Wastafel, Shower, Air panas","WiFi, Penjaga Kos, Jemuran, Pengurus Kos, Jual Makanan, CCTV, Kartu Akses, K. Mandi Luar","Parkir Mobil, Parkir Motor, Parkir Sepeda, Parkir Motor & Sepeda",,https://mamikos.com/room/kost-kota-bandung-kost-campur-eksklusif-kost-nin-ae-tife-f-mandalajati-bandung?redirection_source=landing%20area
Kost Guyub Tipe A Cibeunying Kaler Bandung,Rp600.000,Cibeunying Kaler,"3 x 3 meter, Termasuk listrik","Kasur, Lemari / Storage, Guling, Cermin","Kloset Jongkok, K. Mandi Luar, Ember mandi","WiFi, R. Jemur, Jemuran, Pengurus Kos, CCTV, Balcon, K. Mandi Luar",Parkir Motor & Sepeda,,https://mamikos.com/room/kost-kota-bandung-kost-campur-murah-kost-guyub-tipe-a-cibeunying-kaler-bandung?redirection_source=landing%20area
Kost Cikutra Nyaman Cibeunying Kaler Bandung,Rp650.000,Kecamatan Cibeunying Kaler,"3 x 3 meter, Tidak termasuk listrik","Kasur, Meja, Lemari / Storage, Dapur Pribadi","K. Mandi Dalam, Ember mandi","WiFi, Jemuran, Pengurus Kos","Parkir Motor, Parkir Sepeda",,https://mamikos.com/room/kost-kota-bandung-kost-campur-murah-kost-cikutra-nyaman-cibeunying-kaler-bandung?redirection_source=landing%20area
Kost Sunrise Tipe A Cibeunying Kidul Bandung,Rp575.000,Cibeunying Kidul,"2.5 x 3 meter, Termasuk listrik","Kasur, Lemari / Storage, Ventilasi, Jendela, Bantal","Kloset Jongkok, K. Mandi Luar, Ember mandi","WiFi, R. Jemur, Dispenser, Dapur, Jemuran, K. Mandi Luar","Parkir Motor, Parkir Sepeda",,https://mamikos.com/room/kost-kota-bandung-kost-putri-murah-kost-sunrise-tipe-a-cibeunying-kidul-bandung?redirection_source=landing%20area
Kost Nin Ae Tipe A Mandalajati Bandung,Rp1.800.000,Kecamatan Mandalajati,"6 x 4 meter, Termasuk listrik","AC, Kasur, Lemari / Storage, Bantal, Kursi","K. Mandi Dalam, Kloset Duduk, K. Mandi Luar, Wastafel, Shower, Air panas","WiFi, Kulkas, Penjaga Kos, Dapur, Jemuran, Pengurus Kos, Jual Makanan, CCTV, Kartu Akses, K. Mandi Luar","Parkir Mobil, Parkir Motor, Parkir Sepeda, Parkir Motor & Sepeda",,https://mamikos.com/room/kost-kota-bandung-kost-campur-eksklusif-kost-nin-ae-tipe-a-mandalajati-bandung?redirection_source=landing%20area
Kost Baitul Jamil Guesthause Cimenyan Bandung,Rp1.600.000,Kecamatan Cimenyan,"5 x 3.5 meter, Tidak termasuk listrik","AC, Kasur, Lemari / Storage, Jendela, Cermin, Bantal, Kursi","K. Mandi Dalam, Kloset Duduk, Wastafel, Shower","R. Cuci, Kulkas, R. Tamu, R. Jemur, R. Makan, Mushola, R. Santai, Dispenser, Dapur, Jemuran","Parkir Mobil, Parkir Motor, Parkir Sepeda",,https://mamikos.com/room/kost-kabupaten-bandung-kost-putri-eksklusif-kost-baitul-jamil-guesthause-cimenyan-bandung?redirection_source=landing%20area
Kost Executive Home Stay Syariah Executive Family Antapani Bandung,Rp760.000,Antapani,"3 x 4 meter, Termasuk listrik","AC, Kasur, Dispenser, Meja, TV, Meja Rias, Lemari / Storage, Kulkas, Ventilasi, microwave","K. Mandi Dalam, Kloset Duduk, Kloset Jongkok, K. Mandi Luar, Wastafel, Ember mandi, Shower, Air panas, Bak mandi","WiFi, R. Cuci, Kulkas, Mesin Cuci, Laundry, R. Tamu, Penjaga Kos, R. Jemur, R. Makan, Mushola","Parkir Mobil, Parkir Motor, Parkir Sepeda, Parkir Motor & Sepeda",,https://mamikos.com/room/kost-kota-bandung-kost-campur-eksklusif-kost-executive-home-stay-syariah-executive-family-antapani-bandung?redirection_source=landing%20area
Kost Cikampek 16 Antapani Bandung,Rp650.000,Antapani,"3 x 3 meter, Termasuk listrik","Kasur, Lemari / Storage, Guling, Bantal","Kloset Duduk, K. Mandi Luar, Ember mandi","WiFi, R. Cuci, Kulkas, Mesin Cuci, R. Jemur, R. Makan, R. Santai, Dapur, Jemuran, Pengurus Kos","Parkir Motor, Parkir Sepeda",,https://mamikos.com/room/kost-kota-bandung-kost-putri-murah-kost-cikampek-16-antapani-bandung-1?redirection_source=landing%20area
Kost Sintia Tipe A Kiaracondong Bandung,Rp1.000.000,Kecamatan Kiaracondong,"3 x 4 meter, Termasuk listrik",,Ember mandi,"WiFi, R. Jemur, Dapur, Jemuran",Parkir Motor,,https://mamikos.com/room/kost-kota-bandung-kost-campur-eksklusif-kost-sintia-tipe-a-kiaracondong-bandung?redirection_source=landing%20area
Kost Pondok Ina 1 Tipe A Kiaracondong Bandung,Rp900.000,Kiaracondong,"3 x 2.5 meter, Tidak termasuk listrik","Ventilasi, Jendela, Dapur Pribadi, Wastafel","K. Mandi Dalam, Kloset Jongkok","WiFi, R. Tamu, Penjaga Kos, Dapur, Jemuran, Pengurus Kos, CCTV, Rooftop, Balcon","Parkir Motor, Parkir Sepeda, Parkir Motor & Sepeda",,https://mamikos.com/room/kost-kota-bandung-kost-campur-murah-kost-pondok-ina-1-tipe-a-kiaracondong-bandung?redirection_source=landing%20area
Kost Kurnia Tipe B Cibeunying Kidul Bandung,Rp1.100.000,Cibeunying Kidul,"2.5 x 2.5 meter, Termasuk listrik","Kasur, Meja, Lemari / Storage, Kursi","Kloset Duduk, K. Mandi Luar, Ember mandi, Shower","WiFi, R. Cuci, Kulkas, Mesin Cuci, R. Jemur, R. Makan, R. Santai, Dispenser, Dapur, TV","Parkir Motor, Parkir Sepeda",,https://mamikos.com/room/kost-bandung-kost-putri-eksklusif-kost-kurnia-cibeunying-kidul-bandung-1?redirection_source=landing%20area
Kost Executive Home Stay Syariah Tipe A Antapani Bandung,Rp1.000.000,Antapani,"3 x 4 meter, Termasuk listrik","AC, Kasur, Dispenser, Meja, TV, Meja Rias, Lemari / Storage, Kulkas, Ventilasi, microwave","K. Mandi Dalam, Kloset Duduk, Kloset Jongkok, K. Mandi Luar, Wastafel, Ember mandi, Shower, Air panas, Bak mandi","WiFi, R. Cuci, Kulkas, Mesin Cuci, Laundry, R. Tamu, Penjaga Kos, R. Jemur, R. Makan, Mushola","Parkir Mobil, Parkir Motor, Parkir Sepeda, Parkir Motor & Sepeda",,https://mamikos.com/room/kost-kota-bandung-kost-campur-eksklusif-kost-executive-home-stay-syariah-tipe-a-antapani-bandung-2?redirection_source=landing%20area
Kost Amanda Tipe B Antapani Bandung,Rp1.200.000,Kecamatan Antapani,"3 x 3 meter, Tidak termasuk listrik","AC, Kasur, Meja, Lemari / Storage, Ventilasi, Jendela, Guling, Bantal","Kloset Duduk, K. Mandi Luar, Shower","WiFi, Kulkas, R. Tamu, Dispenser, Dapur, Jemuran, Pengurus Kos, CCTV",Parkir Motor,,https://mamikos.com/room/kost-kota-bandung-kost-putri-eksklusif-kost-amanda-tipe-b-antapani-bandung?redirection_source=landing%20area
Kost Sunrise Tipe C Cibeunying Kidul Bandung,Rp775.000,Cibeunying Kidul,"3 x 3 meter, Termasuk listrik","Kasur, Lemari / Storage, Ventilasi, Jendela, Bantal","K. Mandi Dalam, Kloset Jongkok","WiFi, R. Jemur, Dispenser, Dapur, Jemuran, K. Mandi Luar","Parkir Motor, Parkir Sepeda",,https://mamikos.com/room/kost-kota-bandung-kost-putri-murah-kost-sunrise-tipe-c-cibeunying-kidul-bandung-1?redirection_source=landing%20area
Kost Boarding House Naga Malim With Balkon Outside Tipe C Cibeunying Kidul Bandung,Rp850.000,Cibeunying Kidul,"3 x 3 meter, Tidak termasuk listrik",Jendela,Kloset Jongkok,"R. Santai, Dapur, Pengurus Kos, CCTV, K. Mandi Luar","Parkir Motor, Parkir Sepeda",,https://mamikos.com/room/kost-bandung-kost-campur-murah-kost-boarding-house-naga-malim-with-balkon-outside-tipe-c-cibeunying-kidul-bandung?redirection_source=landing%20area
Kost Orange Tipe E Cikondang Coblong Bandung,Rp1.100.000,Coblong,"4 x 5.5 meter, Termasuk listrik","Kasur, Meja, Lemari / Storage, Kursi","K. Mandi Dalam, Kloset Jongkok, Ember mandi, Shower","WiFi, Kulkas, R. Jemur, Dispenser, Dapur, Balcon, TV",Parkir Motor,,https://mamikos.com/room/kost-kota-bandung-kost-campur-murah-kost-orange-tipe-e-cikondang-coblong-bandung?redirection_source=landing%20area
Kost Pondok Salsabila Tipe Standar A Cibeunying Kidul Bandung,Rp950.000,Cibeunying Kidul,"3 x 3 meter, Tidak termasuk listrik","Kasur, Lemari / Storage, Bantal","K. Mandi Dalam, Kloset Jongkok, K. Mandi Luar, Shower","R. Jemur, Mushola, R. Santai, Jemuran, Pengurus Kos, K. Mandi Luar","Parkir Motor, Parkir Sepeda",,https://mamikos.com/room/kost-kota-bandung-kost-campur-murah-kost-pondok-salsabila-tipe-standar-a-cibeunying-kidul-bandung-2?redirection_source=landing%20area
Kost Kurnia Tipe A Cibeunying Kidul Bandung,Rp1.300.000,Cibeunying Kidul,"3 x 4 meter, Termasuk listrik","Kasur, Meja, Lemari / Storage, Jendela, Guling, Bantal, Kursi","Kloset Duduk, Ember mandi, Shower","WiFi, Kulkas, Mesin Cuci, R. Santai, Dispenser, Dapur, Jemuran, CCTV, TV",Parkir Motor,,https://mamikos.com/room/kost-kota-bandung-kost-putri-eksklusif-kost-kurnia-tipe-a-cibeunying-kidul-bandung?redirection_source=landing%20area
Kost Pak Slamet Tipe A Antapani Bandung,Rp450.000,Antapani,"3 x 2 meter, Termasuk listrik","Kasur, Lemari / Storage","Kloset Jongkok, K. Mandi Luar, Ember mandi","R. Jemur, Dispenser, Dapur","Parkir Motor, Parkir Sepeda",,https://mamikos.com/room/kost-kota-bandung-kost-putri-eksklusif-kost-pak-slamet-tipe-a-antapani-bandung?redirection_source=landing%20area
Kost Mahasiswa Murah Widyatama Tipe Besar Cibeunying Kidul Bandung,Rp1.000.000,Kecamatan Cibeunying Kidul,"3 x 4 meter, Termasuk listrik","Kasur, Meja, Lemari / Storage, Ventilasi, Jendela, Cermin, Kursi","Kloset Duduk, Kloset Jongkok, K. Mandi Luar, Ember mandi, Bak mandi","WiFi, R. Cuci, R. Jemur, Mushola, Dispenser, Dapur, Jemuran, Pengurus Kos, Balcon, Gazebo","Parkir Motor, Parkir Sepeda, Parkir Motor & Sepeda",,https://mamikos.com/room/kost-kota-bandung-kost-putra-eksklusif-kost-mahasiswa-murah-widyatama-tipe-besar-cibeunying-kidul-bandung?redirection_source=landing%20area
Kost Saung Bambu Muda Tipe B Cibeunying Kaler Bandung,Rp1.350.000,Cibeunying Kaler,"3.2 x 2.5 meter, Termasuk listrik","Kasur, Meja, Lemari / Storage, Ventilasi, Jendela, Guling, Cermin, Bantal, Kursi","Kloset Duduk, K. Mandi Luar, Wastafel, Ember mandi, Shower, Air panas","WiFi, Kulkas, Mesin Cuci, R. Jemur, R. Santai, Dapur, Jemuran, Rice Cooker, Taman, K. Mandi Luar",Parkir Motor & Sepeda,,https://mamikos.com/room/kost-kota-bandung-kost-putri-eksklusif-kost-saung-bambu-muda-tipe-b-cibeunying-kaler-bandung-2?redirection_source=landing%20area
Kost Keys Co Living Standard Deluxe Cibeunying Kidul Bandung,Rp2.250.000,Cibeunying Kidul,"3 x 2.7 meter, Tidak termasuk listrik","AC, Kasur, Meja, Lemari / Storage, Jendela, Guling, Cermin, Bantal, Kursi","K. Mandi Dalam, Kloset Duduk, Shower, Air panas","WiFi, R. Cuci, Kulkas, Mesin Cuci, Penjaga Kos, R. Jemur, R. Makan, Mushola, Dispenser, Dapur","Parkir Mobil, Parkir Motor",,https://mamikos.com/room/kost-kota-bandung-kost-campur-eksklusif-kost-keys-co-living-standard-deluxe-cibeunying-kidul-bandung-2?redirection_source=landing%20area
Kost Titik Awal Cikaso Tipe A Cibeunying Kidul Bandung,Rp2.100.000,Cibeunying Kidul,"4 x 5 meter, Tidak termasuk listrik","AC, Kasur, Meja, Lemari / Storage, Ventilasi, Jendela, Guling, Cermin, Bantal, Wastafel","K. Mandi Dalam, Kloset Duduk, Ember mandi, Shower, Air panas","WiFi, R. Cuci, Kulkas, Mesin Cuci, R. Tamu, Penjaga Kos, R. Jemur, Dispenser, Dapur, Jemuran","Parkir Mobil, Parkir Motor, Parkir Sepeda",,https://mamikos.com/room/kost-kota-bandung-kost-putri-eksklusif-kost-titik-awal-cikaso-tipe-a-cibeunying-kidul-bandung?redirection_source=landing%20area
Kost Icha Cikutra Tipe A Cibeunying Kidul Bandung,Rp900.000,Cibeunying Kidul,"3 x 3 meter, Termasuk listrik","Kasur, Meja, Lemari / Storage, Ventilasi, Jendela, Guling, Cermin, Bantal","K. Mandi Dalam, Kloset Jongkok, K. Mandi Luar, Ember mandi","WiFi, R. Cuci, R. Tamu, Penjaga Kos, R. Jemur, Dispenser, Dapur, Jemuran, Pengurus Kos, CCTV",Parkir Motor,,https://mamikos.com/room/kost-kota-bandung-kost-putri-murah-kost-icha-cikutra-tipe-a-cibeunying-kidul-bandung?redirection_source=landing%20area
Kost Palm Bridge Tipe E Cimenyan Bandung,Rp850.000,Cimenyan,"3 x 3 meter, Termasuk listrik","Kasur, Meja, Lemari / Storage, Jendela","Kloset Duduk, K. Mandi Luar","WiFi, R. Cuci, R. Jemur, Dapur, Jemuran, Pengurus Kos, Balcon, R. Keluarga, K. Mandi Luar",Parkir Motor,,https://mamikos.com/room/kost-kabupaten-bandung-kost-putra-eksklusif-kost-palm-bridge-tipe-e-cimenyan-bandung-1?redirection_source=landing%20area
Kost Alshab Tipe A Cimenyan Bandung,Rp775.000,Cimenyan,"3 x 4 meter, Tidak termasuk listrik","Kasur, Lemari / Storage, Ventilasi, Jendela, Bantal","K. Mandi Dalam, Kloset Jongkok, Ember mandi, Shower","WiFi, R. Jemur, Dapur, Jemuran, Pengurus Kos",Parkir Motor,,https://mamikos.com/room/kost-kabupaten-bandung-kost-campur-eksklusif-kost-alshab-tipe-a-cimenyan-bandung?redirection_source=landing%20area
Kost Orange Tipe A Cikondang Bandung,Rp650.000,Coblong,"4 x 3 meter, Termasuk listrik","Kasur, Meja, Lemari / Storage, Kursi","Kloset Jongkok, K. Mandi Luar, Ember mandi, Shower","WiFi, Kulkas, R. Jemur, Dispenser, Dapur, Balcon, TV",Parkir Motor,,https://mamikos.com/room/kost-kost-campur-eksklusif-kostan-orange-cikondang?redirection_source=landing%20area
Kost Pondok Audit Double Deluxe Cimenyan Bandung,Rp1.350.000,Cimenyan,"4 x 4 meter, Termasuk listrik","Kasur, Meja, Jendela, Cermin, Bantal, Kursi","Kloset Duduk, K. Mandi Luar, Ember mandi, Shower, Air panas","WiFi, R. Cuci, Kulkas, Mesin Cuci, R. Tamu, Penjaga Kos, R. Jemur, R. Santai, Dispenser, Dapur","Parkir Motor, Parkir Sepeda, Parkir Motor & Sepeda",,https://mamikos.com/room/kost-kabupaten-bandung-kost-putri-eksklusif-kost-pondok-audit-double-deluxe-cimenyan-bandung?redirection_source=landing%20area
Kost Murba 2 Cibeunying Kaler Bandung,Rp1.000.000,Kecamatan Cibeunying Kaler,"3 x 3 meter, Termasuk listrik","Kasur, Meja, Lemari / Storage, Ventilasi, Jendela, Bantal","Kloset Jongkok, K. Mandi Luar, Ember mandi","WiFi, R. Cuci, Kulkas, R. Jemur, Dapur, Jemuran, Pengurus Kos, CCTV, Balcon, Taman","Parkir Motor, Parkir Sepeda, Parkir Motor & Sepeda",,https://mamikos.com/room/kost-kota-bandung-kost-campur-eksklusif-kost-murba-2-cibeunying-kaler-bandung?redirection_source=landing%20area
Kost Cikutra Nyaman 2 Cibeunying Kaler Bandung,Rp700.000,Cibeunying Kaler,"3 x 3 meter, Tidak termasuk listrik","Meja, Lemari / Storage, Cleaning service","K. Mandi Dalam, Kloset Jongkok, Ember mandi","WiFi, Jemuran, CCTV",Parkir Motor,,https://mamikos.com/room/kost-kota-bandung-kost-campur-murah-kost-cikutra-nyaman-2-cibeunying-kaler-bandung?redirection_source=landing%20area
Kost Rereng Barong Cibeunying Kaler Bandung,Rp900.000,Cibeunying Kaler,"3 x 3 meter, Tidak termasuk listrik","Kasur, Meja, Lemari / Storage, Kursi","Kloset Duduk, K. Mandi Luar, Shower","WiFi, Kulkas, R. Tamu, R. Jemur, R. Makan, Dispenser, Dapur, R. Keluarga, TV, K. Mandi Luar",Parkir Motor,,https://mamikos.com/room/kost-bandung-kost-putri-murah-kost-rereng-barong-cibeunying-kaler-bandung-1?redirection_source=landing%20area
Kost Sunrise Tipe B Cibeunying Kidul Bandung,Rp675.000,Cibeunying Kidul,"3 x 3 meter, Termasuk listrik","Kasur, Lemari / Storage, Ventilasi, Jendela, Bantal","K. Mandi Dalam, Kloset Jongkok, K. Mandi Luar","WiFi, R. Jemur, Dispenser, Dapur, Jemuran, K. Mandi Luar","Parkir Motor, Parkir Sepeda",,https://mamikos.com/room/kost-kota-bandung-kost-putri-murah-kost-sunrise-tipe-b-cibeunying-kidul-bandung-1?redirection_source=landing%20area
Kost Galuh Putriana Cibeunying Kidul Bandung,Rp750.000,Kecamatan Cibeunying Kidul,"3 x 4 meter, Tidak termasuk listrik","Kasur, Jendela",Ember mandi,"Penjaga Kos, Jemuran, Pengurus Kos, Jual Makanan, Balcon, Gazebo","Parkir Motor, Parkir Sepeda, Parkir Motor & Sepeda",,https://mamikos.com/room/kost-kota-bandung-kost-campur-murah-kost-galuh-putriana-cibeunying-kidul-bandung?redirection_source=landing%20area
Kost Shelvi Home Tipe 2 Cibeunying Kidul Bandung,Rp1.000.000,Cibeunying Kidul,"3 x 4 meter, Termasuk listrik","Kasur, Lemari / Storage, Cermin","K. Mandi Dalam, Kloset Jongkok, Ember mandi","WiFi, R. Jemur, R. Makan, Dapur",Parkir Motor,,https://mamikos.com/room/kost-kota-bandung-kost-putri-eksklusif-kost-shelvi-home-tipe-2-cibeunying-kidul-bandung?redirection_source=landing%20area
Kost Little Spring Rooms Rosie 1 Antapani Bandung,Rp1.400.000,Antapani,"2 x 2 meter, Tidak termasuk listrik","AC, Kasur, Meja, Lemari / Storage, Jendela, Guling, Cermin, Bantal","K. Mandi Dalam, Kloset Duduk, Ember mandi, Shower, Air panas","Kulkas, R. Tamu, Penjaga Kos, R. Jemur, R. Makan, R. Santai, Dispenser, Dapur, Jemuran, Pengurus Kos","Parkir Mobil, Parkir Motor, Parkir Sepeda, Parkir Motor & Sepeda",,https://mamikos.com/room/kost-kota-bandung-kost-putri-eksklusif-kost-little-spring-rooms-rosie-1-antapani-bandung-2?redirection_source=landing%20area
Kost Reigna Stay Cibeunying Kaler Bandung,Rp2.000.000,Kecamatan Cibeunying Kaler,"3.5 x 4.5 meter, Tidak termasuk listrik","Kasur, Dispenser, Meja, Lemari / Storage, Ventilasi, Jendela, Dapur Pribadi, Bantal, Wastafel, Kursi","K. Mandi Dalam, Kloset Duduk, Shower","Dispenser, Dapur, Jemuran, Pengurus Kos, CCTV","Parkir Mobil, Parkir Motor, Parkir Sepeda",,https://mamikos.com/room/kost-kota-bandung-kost-campur-eksklusif-kost-reigna-stay-cibeunying-kaler-bandung-2?redirection_source=landing%20area
Kost Asri Tipe B Batununggal Bandung,Rp1.200.000,Batununggal,"3 x 4 meter, Tidak termasuk listrik","Kasur, Meja, Lemari / Storage, Kursi","K. Mandi Dalam, Kloset Duduk",,,,https://mamikos.com/room/kost-bandung-kost-putra-eksklusif-kost-asri-tipe-b-batununggal-bandung?redirection_source=landing%20area
Kost Huni Hijau Cibeunying Kidul Bandung,Rp1.250.000,Kecamatan Cibeunying Kidul,"3 x 3 meter, Termasuk listrik","Kasur, Meja, Lemari / Storage, Jendela, Cermin, Bantal, Kursi","Kloset Duduk, K. Mandi Luar, Wastafel, Shower","WiFi, Kulkas, R. Jemur, Dispenser, Dapur, Jemuran, Pengurus Kos, CCTV, Balcon","Parkir Motor, Parkir Sepeda",,https://mamikos.com/room/kost-kota-bandung-kost-putri-eksklusif-kost-huni-hijau-cibeunying-kidul-bandung?redirection_source=landing%20area
Kost Bu Gundari Tipe A Cibeunying Kidul Bandung,Rp500.000,Kecamatan Cibeunying Kidul,"3 x 4 meter, Tidak termasuk listrik","Kasur, Meja, Lemari / Storage, Ventilasi, Jendela","K. Mandi Dalam, Kloset Duduk, Kloset Jongkok, K. Mandi Luar, Ember mandi","WiFi, R. Jemur, Dapur, Jemuran, CCTV, Balcon, K. Mandi Luar","Parkir Motor, Parkir Sepeda, Parkir Motor & Sepeda",,https://mamikos.com/room/kost-kota-bandung-kost-campur-murah-kost-bu-gundari-tipe-a-cibeunying-kidul-bandung?redirection_source=landing%20area
Kost Bu Sur Tipe B Cibeunying Kidul Bandung,Rp650.000,Cibeunying Kidul,"2.5 x 2 meter, Termasuk listrik","Kasur, Meja, Lemari / Storage, Ventilasi, Jendela, Cermin, Bantal, Kursi","Kloset Duduk, Kloset Jongkok, K. Mandi Luar, Ember mandi, Shower, Bak mandi","WiFi, R. Jemur, R. Santai, Dispenser, Dapur, Jemuran, Pengurus Kos, Balcon, Taman, TV","Parkir Motor, Parkir Sepeda",,https://mamikos.com/room/kost-kota-bandung-kost-putri-murah-kost-bu-sur-tipe-b-cibeunying-kidul-bandung?redirection_source=landing%20area
Kost Keys Co Living Deluxe Cibeunying Kidul Bandung,Rp2.350.000,Cibeunying Kidul,"3 x 3 meter, Tidak termasuk listrik","AC, Kasur, Dispenser, Meja, Lemari / Storage, Kulkas, Jendela, Guling, Cermin, Bantal","K. Mandi Dalam, Kloset Duduk, Shower, Air panas","WiFi, R. Cuci, Kulkas, Mesin Cuci, Penjaga Kos, R. Jemur, R. Makan, Mushola, Dispenser, Dapur","Parkir Mobil, Parkir Motor",,https://mamikos.com/room/kost-kota-bandung-kost-campur-eksklusif-kost-keys-co-living-deluxe-cibeunying-kidul-bandung-2?redirection_source=landing%20area
Kost She House Cikutra Bandung,Rp650.000,Cibeunying Kaler,"3 x 3 meter, Termasuk listrik","Kasur, Meja, Lemari / Storage, Kursi","Kloset Jongkok, K. Mandi Luar, Bak mandi","WiFi, R. Jemur, Dapur, K. Mandi Luar","Parkir Motor, Parkir Sepeda",,https://mamikos.com/room/kost-bandung-kost-putra-murah-kost-she-house-cikutra-bandung?redirection_source=landing%20area
Kost Patma Tipe D Cibeunying Kaler Bandung,Rp835.000,Kecamatan Cibeunying Kaler,"2.7 x 3.5 meter, Termasuk listrik","Kasur, Meja, Lemari / Storage, Bantal","Kloset Duduk, Kloset Jongkok, K. Mandi Luar, Ember mandi","Kulkas, Dapur, Jemuran, Pengurus Kos",Parkir Motor & Sepeda,,https://mamikos.com/room/kost-kota-bandung-kost-putri-eksklusif-kost-patma-tipe-d-cibeunying-kaler-bandung?redirection_source=landing%20area
Kost Egy Tipe B Kiaracondong Bandung,Rp750.000,Kiaracondong,"3 x 4 meter, Tidak termasuk listrik",Ventilasi,"K. Mandi Dalam, Kloset Jongkok, Ember mandi","WiFi, R. Cuci, R. Jemur, R. Santai","Parkir Motor, Parkir Sepeda",,https://mamikos.com/room/kost-bandung-kost-campur-murah-kost-egy-tipe-b-kiaracondong-bandung-1?redirection_source=landing%20area
Kost Komplek Puri Indah Jatinangor Sumedang,Rp900.000,Jatinangor,"3 x 3 meter, Tidak termasuk listrik","Kasur, Meja, Lemari / Storage, Jendela","K. Mandi Dalam, Kloset Duduk, Shower","R. Tamu, Dapur, Jemuran, Taman, K. Mandi Luar",Parkir Mobil,,https://mamikos.com/room/kost-kabupaten-sumedang-kost-campur-murah-kost-komplek-puri-indah-jatinangor-sumedang?redirection_source=landing%20area
Kost Pak Niza Kiaracondong Bandung,Rp700.000,Kecamatan Kiaracondong,"3 x 4 meter, Tidak termasuk listrik","Kasur, Meja, Lemari / Storage, Jendela, Cermin, Bantal, Sofa, Kursi","K. Mandi Dalam, Kloset Duduk, Kloset Jongkok, Ember mandi","WiFi, Kulkas, R. Tamu, Penjaga Kos, R. Jemur, R. Santai, Dispenser, Dapur, Jemuran, CCTV","Parkir Motor, Parkir Sepeda",,https://mamikos.com/room/kost-kota-bandung-kost-campur-murah-kost-pak-niza-kiaracondong-bandung?redirection_source=landing%20area
Kost Roemah Way Cibeunying Kaler Bandung,Rp1.500.000,Kecamatan Cibeunying Kaler,"3 x 3 meter, Tidak termasuk listrik","Kasur, Lemari / Storage, Ventilasi, Jendela, Guling, Bantal","K. Mandi Dalam, Kloset Duduk, Ember mandi, Shower","WiFi, R. Santai, Dapur, Jemuran, Pengurus Kos, CCTV, Rooftop, Gazebo","Parkir Mobil, Parkir Motor",,https://mamikos.com/room/kost-kota-bandung-kost-putri-eksklusif-kost-roemah-way-cibeunying-kaler-bandung?redirection_source=landing%20area
Kost Cemerlang Cibeunying Kidul Bandung,Rp525.000,Kecamatan Cibeunying Kidul,"3 x 3 meter, Termasuk listrik","Kasur, Meja, Lemari / Storage, Jendela, Wastafel, Kursi","Kloset Jongkok, K. Mandi Luar, Ember mandi","WiFi, Penjaga Kos, R. Jemur, Jemuran, K. Mandi Luar","Parkir Motor, Parkir Sepeda",,https://mamikos.com/room/kost-kota-bandung-kost-campur-murah-kost-cemerlang-cibeunying-kidul-bandung?redirection_source=landing%20area
Kost Studio G4 Tipe A Cibeunying Kaler Bandung,Rp850.000,Kecamatan Cibeunying Kaler,"3 x 3 meter, Termasuk listrik","Kasur, Meja, Lemari / Storage, Ventilasi, Jendela, Guling, Bantal, Kursi","Kloset Jongkok, K. Mandi Luar, Wastafel, Ember mandi","WiFi, R. Tamu, R. Jemur, R. Makan, R. Santai, Dapur, Jemuran, Rice Cooker, K. Mandi Luar","Parkir Motor, Parkir Sepeda",,https://mamikos.com/room/kost-kota-bandung-kost-putra-eksklusif-kost-studio-g4-tipe-a-cibeunying-kaler-bandung-2?redirection_source=landing%20area
Kost Bu Eti 2 Antapani Bandung,Rp850.000,Kecamatan Antapani,"3 x 4 meter, Termasuk listrik","Kasur, Meja, Lemari / Storage, Ventilasi, Jendela, Guling, Cermin, Bantal","Kloset Duduk, Kloset Jongkok, K. Mandi Luar, Ember mandi, Shower, Bak mandi","WiFi, R. Cuci, Kulkas, Mesin Cuci, R. Tamu, R. Jemur, Mushola, R. Santai, Dapur, Jemuran",Parkir Motor,,https://mamikos.com/room/kost-kota-bandung-kost-putri-murah-kost-bu-eti-2-antapani-bandung?redirection_source=landing%20area
Kost Amanah Cikutra Tipe C Cibeunying Kaler Bandung,Rp700.000,Kecamatan Cibeunying Kaler,"2.5 x 3 meter, Tidak termasuk listrik","Kasur, Meja, Lemari / Storage, Bantal","Kloset Jongkok, K. Mandi Luar, Ember mandi, Bak mandi","WiFi, R. Tamu, Penjaga Kos, R. Jemur, R. Makan, R. Santai, Dapur, Jemuran, Pengurus Kos, Rooftop","Parkir Motor, Parkir Sepeda, Parkir Motor & Sepeda",,https://mamikos.com/room/kost-kota-bandung-kost-putri-murah-kost-amanah-cikutra-tipe-c-cibeunying-kaler-bandung?redirection_source=landing%20area
Kost Razzaaq Mandalajati Bandung,Rp750.000,Mandalajati,"3 x 3 meter, Termasuk listrik","Kasur, Lemari / Storage, Bantal","Kloset Jongkok, K. Mandi Luar, Ember mandi","WiFi, Penjaga Kos, R. Jemur, Jemuran, CCTV, Balcon, K. Mandi Luar","Parkir Motor, Parkir Sepeda",,https://mamikos.com/room/kost-kota-bandung-kost-campur-murah-kost-razzaaq-mandalajati-bandung-2?redirection_source=landing%20area
Kost Nin Ae Tife F Mandalajati Bandung,Rp1.100.000,Kecamatan Mandalajati,"3 x 4 meter, Termasuk listrik","Kasur, Meja, Lemari / Storage, Ventilasi, Cermin, Bantal, Kursi, Cleaning service","Kloset Duduk, K. Mandi Luar, Wastafel, Shower, Air panas","WiFi, Penjaga Kos, Jemuran, Pengurus Kos, Jual Makanan, CCTV, Kartu Akses, K. Mandi Luar","Parkir Mobil, Parkir Motor, Parkir Sepeda, Parkir Motor & Sepeda",,https://mamikos.com/room/kost-kota-bandung-kost-campur-eksklusif-kost-nin-ae-tife-f-mandalajati-bandung?redirection_source=landing%20area
Kost Guyub Tipe A Cibeunying Kaler Bandung,Rp600.000,Cibeunying Kaler,"3 x 3 meter, Termasuk listrik","Kasur, Lemari / Storage, Guling, Cermin","Kloset Jongkok, K. Mandi Luar, Ember mandi","WiFi, R. Jemur, Jemuran, Pengurus Kos, CCTV, Balcon, K. Mandi Luar",Parkir Motor & Sepeda,,https://mamikos.com/room/kost-kota-bandung-kost-campur-murah-kost-guyub-tipe-a-cibeunying-kaler-bandung?redirection_source=landing%20area
Kost Cikutra Nyaman Cibeunying Kaler Bandung,Rp650.000,Kecamatan Cibeunying Kaler,"3 x 3 meter, Tidak termasuk listrik","Kasur, Meja, Lemari / Storage, Dapur Pribadi","K. Mandi Dalam, Ember mandi","WiFi, Jemuran, Pengurus Kos","Parkir Motor, Parkir Sepeda",,https://mamikos.com/room/kost-kota-bandung-kost-campur-murah-kost-cikutra-nyaman-cibeunying-kaler-bandung?redirection_source=landing%20area
Kost Sunrise Tipe A Cibeunying Kidul Bandung,Rp575.000,Cibeunying Kidul,"2.5 x 3 meter, Termasuk listrik","Kasur, Lemari / Storage, Ventilasi, Jendela, Bantal","Kloset Jongkok, K. Mandi Luar, Ember mandi","WiFi, R. Jemur, Dispenser, Dapur, Jemuran, K. Mandi Luar","Parkir Motor, Parkir Sepeda",,https://mamikos.com/room/kost-kota-bandung-kost-putri-murah-kost-sunrise-tipe-a-cibeunying-kidul-bandung?redirection_source=landing%20area
Kost Nin Ae Tipe A Mandalajati Bandung,Rp1.800.000,Kecamatan Mandalajati,"6 x 4 meter, Termasuk listrik","AC, Kasur, Lemari / Storage, Bantal, Kursi","K. Mandi Dalam, Kloset Duduk, K. Mandi Luar, Wastafel, Shower, Air panas","WiFi, Kulkas, Penjaga Kos, Dapur, Jemuran, Pengurus Kos, Jual Makanan, CCTV, Kartu Akses, K. Mandi Luar","Parkir Mobil, Parkir Motor, Parkir Sepeda, Parkir Motor & Sepeda",,https://mamikos.com/room/kost-kota-bandung-kost-campur-eksklusif-kost-nin-ae-tipe-a-mandalajati-bandung?redirection_source=landing%20area
Kost Baitul Jamil Guesthause Cimenyan Bandung,Rp1.600.000,Kecamatan Cimenyan,"5 x 3.5 meter, Tidak termasuk listrik","AC, Kasur, Lemari / Storage, Jendela, Cermin, Bantal, Kursi","K. Mandi Dalam, Kloset Duduk, Wastafel, Shower","R. Cuci, Kulkas, R. Tamu, R. Jemur, R. Makan, Mushola, R. Santai, Dispenser, Dapur, Jemuran","Parkir Mobil, Parkir Motor, Parkir Sepeda",,https://mamikos.com/room/kost-kabupaten-bandung-kost-putri-eksklusif-kost-baitul-jamil-guesthause-cimenyan-bandung?redirection_source=landing%20area
Kost Executive Home Stay Syariah Executive Family Antapani Bandung,Rp760.000,Antapani,"3 x 4 meter, Termasuk listrik","AC, Kasur, Dispenser, Meja, TV, Meja Rias, Lemari / Storage, Kulkas, Ventilasi, microwave","K. Mandi Dalam, Kloset Duduk, Kloset Jongkok, K. Mandi Luar, Wastafel, Ember mandi, Shower, Air panas, Bak mandi","WiFi, R. Cuci, Kulkas, Mesin Cuci, Laundry, R. Tamu, Penjaga Kos, R. Jemur, R. Makan, Mushola","Parkir Mobil, Parkir Motor, Parkir Sepeda, Parkir Motor & Sepeda",,https://mamikos.com/room/kost-kota-bandung-kost-campur-eksklusif-kost-executive-home-stay-syariah-executive-family-antapani-bandung?redirection_source=landing%20area
Kost Cikampek 16 Antapani Bandung,Rp650.000,Antapani,"3 x 3 meter, Termasuk listrik","Kasur, Lemari / Storage, Guling, Bantal","Kloset Duduk, K. Mandi Luar, Ember mandi","WiFi, R. Cuci, Kulkas, Mesin Cuci, R. Jemur, R. Makan, R. Santai, Dapur, Jemuran, Pengurus Kos","Parkir Motor, Parkir Sepeda",,https://mamikos.com/room/kost-kota-bandung-kost-putri-murah-kost-cikampek-16-antapani-bandung-1?redirection_source=landing%20area
Kost Nur Muhaji Tipe A Batununggal Bandung,Rp1.200.000,Batununggal,"4 x 4 meter, Tidak termasuk listrik","Kasur, Lemari / Storage, Ventilasi, Jendela, Guling, Bantal","K. Mandi Dalam, Kloset Duduk, Ember mandi","WiFi, Laundry, Penjaga Kos, Jemuran, Pengurus Kos, CCTV","Parkir Motor, Parkir Motor & Sepeda",,https://mamikos.com/room/kost-kota-bandung-kost-campur-eksklusif-kost-nur-muhaji-tipe-a-batununggal-bandung-2?redirection_source=landing%20area
Kost Saung Bambu Muda Tipe B Cibeunying Kaler Bandung,Rp1.350.000,Cibeunying Kaler,"3.2 x 2.5 meter, Termasuk listrik","Kasur, Meja, Lemari / Storage, Ventilasi, Jendela, Guling, Cermin, Bantal, Kursi","Kloset Duduk, K. Mandi Luar, Wastafel, Ember mandi, Shower, Air panas","WiFi, Kulkas, Mesin Cuci, R. Jemur, R. Santai, Dapur, Jemuran, Rice Cooker, Taman, K. Mandi Luar",Parkir Motor & Sepeda,,https://mamikos.com/room/kost-kota-bandung-kost-putri-eksklusif-kost-saung-bambu-muda-tipe-b-cibeunying-kaler-bandung-2?redirection_source=landing%20area
Kost Keys Co Living Standard Deluxe Cibeunying Kidul Bandung,Rp2.250.000,Cibeunying Kidul,"3 x 2.7 meter, Tidak termasuk listrik","AC, Kasur, Meja, Lemari / Storage, Jendela, Guling, Cermin, Bantal, Kursi","K. Mandi Dalam, Kloset Duduk, Shower, Air panas","WiFi, R. Cuci, Kulkas, Mesin Cuci, Penjaga Kos, R. Jemur, R. Makan, Mushola, Dispenser, Dapur","Parkir Mobil, Parkir Motor",,https://mamikos.com/room/kost-kota-bandung-kost-campur-eksklusif-kost-keys-co-living-standard-deluxe-cibeunying-kidul-bandung-2?redirection_source=landing%20area
Kost Titik Awal Cikaso Tipe A Cibeunying Kidul Bandung,Rp2.100.000,Cibeunying Kidul,"4 x 5 meter, Tidak termasuk listrik","AC, Kasur, Meja, Lemari / Storage, Ventilasi, Jendela, Guling, Cermin, Bantal, Wastafel","K. Mandi Dalam, Kloset Duduk, Ember mandi, Shower, Air panas","WiFi, R. Cuci, Kulkas, Mesin Cuci, R. Tamu, Penjaga Kos, R. Jemur, Dispenser, Dapur, Jemuran","Parkir Mobil, Parkir Motor, Parkir Sepeda",,https://mamikos.com/room/kost-kota-bandung-kost-putri-eksklusif-kost-titik-awal-cikaso-tipe-a-cibeunying-kidul-bandung?redirection_source=landing%20area
Kost Icha Cikutra Tipe A Cibeunying Kidul Bandung,Rp900.000,Cibeunying Kidul,"3 x 3 meter, Termasuk listrik","Kasur, Meja, Lemari / Storage, Ventilasi, Jendela, Guling, Cermin, Bantal","K. Mandi Dalam, Kloset Jongkok, K. Mandi Luar, Ember mandi","WiFi, R. Cuci, R. Tamu, Penjaga Kos, R. Jemur, Dispenser, Dapur, Jemuran, Pengurus Kos, CCTV",Parkir Motor,,https://mamikos.com/room/kost-kota-bandung-kost-putri-murah-kost-icha-cikutra-tipe-a-cibeunying-kidul-bandung?redirection_source=landing%20area
Kost Palm Bridge Tipe E Cimenyan Bandung,Rp850.000,Cimenyan,"3 x 3 meter, Termasuk listrik","Kasur, Meja, Lemari / Storage, Jendela","Kloset Duduk, K. Mandi Luar","WiFi, R. Cuci, R. Jemur, Dapur, Jemuran, Pengurus Kos, Balcon, R. Keluarga, K. Mandi Luar",Parkir Motor,,https://mamikos.com/room/kost-kabupaten-bandung-kost-putra-eksklusif-kost-palm-bridge-tipe-e-cimenyan-bandung-1?redirection_source=landing%20area
Kost Alshab Tipe A Cimenyan Bandung,Rp775.000,Cimenyan,"3 x 4 meter, Tidak termasuk listrik","Kasur, Lemari / Storage, Ventilasi, Jendela, Bantal","K. Mandi Dalam, Kloset Jongkok, Ember mandi, Shower","WiFi, R. Jemur, Dapur, Jemuran, Pengurus Kos",Parkir Motor,,https://mamikos.com/room/kost-kabupaten-bandung-kost-campur-eksklusif-kost-alshab-tipe-a-cimenyan-bandung?redirection_source=landing%20area
Kost Orange Tipe A Cikondang Bandung,Rp650.000,Coblong,"4 x 3 meter, Termasuk listrik","Kasur, Meja, Lemari / Storage, Kursi","Kloset Jongkok, K. Mandi Luar, Ember mandi, Shower","WiFi, Kulkas, R. Jemur, Dispenser, Dapur, Balcon, TV",Parkir Motor,,https://mamikos.com/room/kost-kost-campur-eksklusif-kostan-orange-cikondang?redirection_source=landing%20area
Kost Pondok Audit Double Deluxe Cimenyan Bandung,Rp1.350.000,Cimenyan,"4 x 4 meter, Termasuk listrik","Kasur, Meja, Jendela, Cermin, Bantal, Kursi","Kloset Duduk, K. Mandi Luar, Ember mandi, Shower, Air panas","WiFi, R. Cuci, Kulkas, Mesin Cuci, R. Tamu, Penjaga Kos, R. Jemur, R. Santai, Dispenser, Dapur","Parkir Motor, Parkir Sepeda, Parkir Motor & Sepeda",,https://mamikos.com/room/kost-kabupaten-bandung-kost-putri-eksklusif-kost-pondok-audit-double-deluxe-cimenyan-bandung?redirection_source=landing%20area
Kost Murba 2 Cibeunying Kaler Bandung,Rp1.000.000,Kecamatan Cibeunying Kaler,"3 x 3 meter, Termasuk listrik","Kasur, Meja, Lemari / Storage, Ventilasi, Jendela, Bantal","Kloset Jongkok, K. Mandi Luar, Ember mandi","WiFi, R. Cuci, Kulkas, R. Jemur, Dapur, Jemuran, Pengurus Kos, CCTV, Balcon, Taman","Parkir Motor, Parkir Sepeda, Parkir Motor & Sepeda",,https://mamikos.com/room/kost-kota-bandung-kost-campur-eksklusif-kost-murba-2-cibeunying-kaler-bandung?redirection_source=landing%20area
Kost Cikutra Nyaman 2 Cibeunying Kaler Bandung,Rp700.000,Cibeunying Kaler,"3 x 3 meter, Tidak termasuk listrik","Meja, Lemari / Storage, Cleaning service","K. Mandi Dalam, Kloset Jongkok, Ember mandi","WiFi, Jemuran, CCTV",Parkir Motor,,https://mamikos.com/room/kost-kota-bandung-kost-campur-murah-kost-cikutra-nyaman-2-cibeunying-kaler-bandung?redirection_source=landing%20area
Kost Rereng Barong Cibeunying Kaler Bandung,Rp900.000,Cibeunying Kaler,"3 x 3 meter, Tidak termasuk listrik","Kasur, Meja, Lemari / Storage, Kursi","Kloset Duduk, K. Mandi Luar, Shower","WiFi, Kulkas, R. Tamu, R. Jemur, R. Makan, Dispenser, Dapur, R. Keluarga, TV, K. Mandi Luar",Parkir Motor,,https://mamikos.com/room/kost-bandung-kost-putri-murah-kost-rereng-barong-cibeunying-kaler-bandung-1?redirection_source=landing%20area
Kost Sunrise Tipe B Cibeunying Kidul Bandung,Rp675.000,Cibeunying Kidul,"3 x 3 meter, Termasuk listrik","Kasur, Lemari / Storage, Ventilasi, Jendela, Bantal","K. Mandi Dalam, Kloset Jongkok, K. Mandi Luar","WiFi, R. Jemur, Dispenser, Dapur, Jemuran, K. Mandi Luar","Parkir Motor, Parkir Sepeda",,https://mamikos.com/room/kost-kota-bandung-kost-putri-murah-kost-sunrise-tipe-b-cibeunying-kidul-bandung-1?redirection_source=landing%20area
Kost Galuh Putriana Cibeunying Kidul Bandung,Rp750.000,Kecamatan Cibeunying Kidul,"3 x 4 meter, Tidak termasuk listrik","Kasur, Jendela",Ember mandi,"Penjaga Kos, Jemuran, Pengurus Kos, Jual Makanan, Balcon, Gazebo","Parkir Motor, Parkir Sepeda, Parkir Motor & Sepeda",,https://mamikos.com/room/kost-kota-bandung-kost-campur-murah-kost-galuh-putriana-cibeunying-kidul-bandung?redirection_source=landing%20area
Kost Shelvi Home Tipe 2 Cibeunying Kidul Bandung,Rp1.000.000,Cibeunying Kidul,"3 x 4 meter, Termasuk listrik","Kasur, Lemari / Storage, Cermin","K. Mandi Dalam, Kloset Jongkok, Ember mandi","WiFi, R. Jemur, R. Makan, Dapur",Parkir Motor,,https://mamikos.com/room/kost-kota-bandung-kost-putri-eksklusif-kost-shelvi-home-tipe-2-cibeunying-kidul-bandung?redirection_source=landing%20area
Kost Little Spring Rooms Rosie 1 Antapani Bandung,Rp1.400.000,Antapani,"2 x 2 meter, Tidak termasuk listrik","AC, Kasur, Meja, Lemari / Storage, Jendela, Guling, Cermin, Bantal","K. Mandi Dalam, Kloset Duduk, Ember mandi, Shower, Air panas","Kulkas, R. Tamu, Penjaga Kos, R. Jemur, R. Makan, R. Santai, Dispenser, Dapur, Jemuran, Pengurus Kos","Parkir Mobil, Parkir Motor, Parkir Sepeda, Parkir Motor & Sepeda",,https://mamikos.com/room/kost-kota-bandung-kost-putri-eksklusif-kost-little-spring-rooms-rosie-1-antapani-bandung-2?redirection_source=landing%20area
Kost Reigna Stay Cibeunying Kaler Bandung,Rp2.000.000,Kecamatan Cibeunying Kaler,"3.5 x 4.5 meter, Tidak termasuk listrik","Kasur, Dispenser, Meja, Lemari / Storage, Ventilasi, Jendela, Dapur Pribadi, Bantal, Wastafel, Kursi","K. Mandi Dalam, Kloset Duduk, Shower","Dispenser, Dapur, Jemuran, Pengurus Kos, CCTV","Parkir Mobil, Parkir Motor, Parkir Sepeda",,https://mamikos.com/room/kost-kota-bandung-kost-campur-eksklusif-kost-reigna-stay-cibeunying-kaler-bandung-2?redirection_source=landing%20area
Kost Asri Tipe B Batununggal Bandung,Rp1.200.000,Batununggal,"3 x 4 meter, Tidak termasuk listrik","Kasur, Meja, Lemari / Storage, Kursi","K. Mandi Dalam, Kloset Duduk",,,,https://mamikos.com/room/kost-bandung-kost-putra-eksklusif-kost-asri-tipe-b-batununggal-bandung?redirection_source=landing%20area
Kost Huni Hijau Cibeunying Kidul Bandung,Rp1.250.000,Kecamatan Cibeunying Kidul,"3 x 3 meter, Termasuk listrik","Kasur, Meja, Lemari / Storage, Jendela, Cermin, Bantal, Kursi","Kloset Duduk, K. Mandi Luar, Wastafel, Shower","WiFi, Kulkas, R. Jemur, Dispenser, Dapur, Jemuran, Pengurus Kos, CCTV, Balcon","Parkir Motor, Parkir Sepeda",,https://mamikos.com/room/kost-kota-bandung-kost-putri-eksklusif-kost-huni-hijau-cibeunying-kidul-bandung?redirection_source=landing%20area
Kost Bu Gundari Tipe A Cibeunying Kidul Bandung,Rp500.000,Kecamatan Cibeunying Kidul,"3 x 4 meter, Tidak termasuk listrik","Kasur, Meja, Lemari / Storage, Ventilasi, Jendela","K. Mandi Dalam, Kloset Duduk, Kloset Jongkok, K. Mandi Luar, Ember mandi","WiFi, R. Jemur, Dapur, Jemuran, CCTV, Balcon, K. Mandi Luar","Parkir Motor, Parkir Sepeda, Parkir Motor & Sepeda",,https://mamikos.com/room/kost-kota-bandung-kost-campur-murah-kost-bu-gundari-tipe-a-cibeunying-kidul-bandung?redirection_source=landing%20area
Kost Sidomukti Tipe A Cibeunying Kaler Bandung,Rp850.000,Cibeunying Kaler,"3 x 3 meter, Termasuk listrik","Kasur, Meja, Lemari / Storage, Jendela, Bantal, Kursi","Kloset Duduk, Kloset Jongkok, K. Mandi Luar, Bak mandi","WiFi, R. Cuci, R. Tamu, R. Jemur, Dapur, K. Mandi Luar","Parkir Mobil, Parkir Motor, Parkir Sepeda, Parkir Motor & Sepeda",,https://mamikos.com/room/kost-kota-bandung-kost-putri-murah-kost-sidomukti-tipe-a-cibeunying-kaler-bandung-2?redirection_source=landing%20area
Kost Pinta Pahlawan Cibeunying Kidul Bandung,Rp600.000,Kecamatan Cibeunying Kidul,"3 x 4 meter, Termasuk listrik","Kasur, Lemari / Storage, Ventilasi","Kloset Jongkok, K. Mandi Luar, Ember mandi, Bak mandi","WiFi, Jemuran, CCTV, Balcon, K. Mandi Luar",,,https://mamikos.com/room/kost-kota-bandung-kost-putri-murah-kost-pinta-pahlawan-cibeunying-kidul-bandung-2?redirection_source=landing%20area
Kost Batik Ayu Cibeunying Kaler Bandung,Rp1.300.000,Cibeunying Kaler,"3 x 4 meter, Termasuk listrik","Kasur, Meja, Lemari / Storage, Ventilasi, Jendela, Cermin, Bantal, Kursi","K. Mandi Dalam, Kloset Duduk, Shower","WiFi, Kulkas, R. Tamu, R. Jemur, R. Santai, Dapur, Jemuran","Parkir Mobil, Parkir Motor, Parkir Sepeda",,https://mamikos.com/room/kost-bandung-kost-putra-eksklusif-kost-batik-ayu-cibeunying-kaler-bandung?redirection_source=landing%20area
Kost Depok Tipe B Antapani Bandung,Rp1.300.000,Kecamatan Antapani,"4.5 x 4.5 meter, Termasuk listrik","Kasur, Meja, Lemari / Storage, Ventilasi, Jendela, Guling, Cermin, Bantal, Wastafel, Kursi","Kloset Jongkok, K. Mandi Luar, Wastafel, Ember mandi, Shower, Bak mandi","WiFi, R. Cuci, Penjaga Kos, R. Jemur, Dapur, Jemuran, Pengurus Kos, CCTV, Kartu Akses, Locker","Parkir Motor, Parkir Sepeda, Parkir Motor & Sepeda",,https://mamikos.com/room/kost-kota-bandung-kost-campur-eksklusif-kost-depok-tipe-b-antapani-bandung?redirection_source=landing%20area
Kost Rengganis Standar Cibeunying Kaler Bandung,Rp650.000,Cibeunying Kaler,"3 x 3 meter, Termasuk listrik",Kasur,"Kloset Jongkok, K. Mandi Luar, Wastafel, Ember mandi","WiFi, R. Jemur, R. Santai, Dapur, Jemuran, Pengurus Kos, CCTV, R. Keluarga, K. Mandi Luar","Parkir Motor, Parkir Motor & Sepeda",,https://mamikos.com/room/kost-kota-bandung-kost-putri-murah-kost-rengganis-standar-cibeunying-kaler-bandung-2?redirection_source=landing%20area
Kost Patma Tipe C Cibeunying Kaler Bandung,Rp1.080.000,Kecamatan Cibeunying Kaler,"2.5 x 3 meter, Tidak termasuk listrik","Kasur, Meja, Lemari / Storage, Cermin, Bantal",K. Mandi Dalam,"Kulkas, R. Tamu, Dapur, Pengurus Kos",Parkir Motor & Sepeda,,https://mamikos.com/room/kost-kota-bandung-kost-putri-eksklusif-kost-patma-tipe-c-cibeunying-kaler-bandung-2?redirection_source=landing%20area
Kost Widyatama Tipe Vip Cibeunying Kidul Bandung,Rp750.000,Cibeunying Kidul,"3 x 4 meter, Termasuk listrik","Kasur, Meja, Lemari / Storage, Ventilasi, Jendela, Bantal","Kloset Duduk, Kloset Jongkok, K. Mandi Luar, Ember mandi, Bak mandi","Kulkas, Penjaga Kos, R. Jemur, R. Makan, R. Santai, Dapur, Jemuran, Balcon, Taman, K. Mandi Luar","Parkir Motor, Parkir Sepeda, Parkir Motor & Sepeda",,https://mamikos.com/room/kost-kota-bandung-kost-putri-murah-kost-widyatama-tipe-vip-cibeunying-kidul-bandung?redirection_source=landing%20area
Kost Pondok Salsabila Tipe 1 Cibeunying Kidul Bandung,Rp750.000,Cibeunying Kidul,"3 x 3 meter, Tidak termasuk listrik","Kasur, Bantal","K. Mandi Dalam, Kloset Jongkok, K. Mandi Luar, Shower","R. Jemur, Mushola, R. Santai, Jemuran, Pengurus Kos, K. Mandi Luar","Parkir Motor, Parkir Sepeda",,https://mamikos.com/room/kost-kota-bandung-kost-campur-murah-kost-pondok-salsabila-tipe-1-cibeunying-kidul-bandung?redirection_source=landing%20area
Kost Bengawan 83 Tipe C1 Bandung Wetan Bandung,Rp1.250.000,Kecamatan Bandung Wetan,"3.2 x 3.2 meter, Termasuk listrik","Kasur, Meja, Lemari / Storage, Ventilasi, Jendela, Cermin, Bantal, Kursi, Kipas Angin, Cleaning service","Kloset Duduk, K. Mandi Luar, Shower, Air panas","WiFi, R. Cuci, Kulkas, Mesin Cuci, R. Tamu, Penjaga Kos, R. Jemur, R. Makan, R. Santai, Dispenser","Parkir Mobil, Parkir Motor, Parkir Sepeda",,https://mamikos.com/room/kost-kota-bandung-kost-campur-eksklusif-kost-bengawan-83-tipe-c1-bandung-wetan-bandung-2?redirection_source=landing%20area
Kost Bengawan 83 Tipe B Bandung Wetan Bandung,Rp1.350.000,Bandung Wetan,"3.5 x 3.5 meter, Termasuk listrik","Kasur, Meja, Lemari / Storage, Ventilasi, Jendela, Cermin, Bantal, Kursi, Kipas Angin, Cleaning service","Kloset Duduk, K. Mandi Luar, Shower, Air panas","WiFi, R. Cuci, Kulkas, Mesin Cuci, R. Tamu, Penjaga Kos, R. Jemur, R. Makan, R. Santai, Dispenser","Parkir Mobil, Parkir Motor, Parkir Sepeda",,https://mamikos.com/room/kost-kota-bandung-kost-campur-eksklusif-kost-bengawan-83-tipe-b-bandung-wetan-bandung-2?redirection_source=landing%20area
Kost Muararajeun Lama 1 Tipe D Cibeunying Kaler Bandung,Rp725.000,Cibeunying Kaler,"3 x 4 meter, Termasuk listrik","Kasur, Meja, Lemari / Storage, Ventilasi, Jendela, Bantal, Wastafel","Kloset Jongkok, K. Mandi Luar, Ember mandi","WiFi, Penjaga Kos, R. Jemur, Jemuran, Jual Makanan, K. Mandi Luar","Parkir Motor, Parkir Sepeda, Parkir Motor & Sepeda",,https://mamikos.com/room/kost-kota-bandung-kost-campur-eksklusif-kost-muararajeun-lama-1-tipe-d-cibeunying-kaler-bandung-2?redirection_source=landing%20area
Kost Tutu Cibeunying Kidul Bandung,Rp1.000.000,Cibeunying Kidul,"3 x 4 meter, Tidak termasuk listrik","Kasur, Lemari / Storage, Ventilasi, Jendela","K. Mandi Dalam, Kloset Jongkok, Shower","WiFi, R. Santai, Dapur, TV",Parkir Motor,,https://mamikos.com/room/kost-kota-bandung-kost-putri-eksklusif-kost-tutu-cibeunying-kidul-bandung?redirection_source=landing%20area
Kost Palm Bridge Tipe D Cimenyan Bandung,Rp950.000,Cimenyan,"3 x 5 meter, Termasuk listrik","Kasur, Meja, Lemari / Storage","Kloset Duduk, K. Mandi Luar",WiFi,,,https://mamikos.com/room/kost-kabupaten-bandung-kost-putra-eksklusif-kost-palm-bridge-tipe-d-cimenyan-bandung-1?redirection_source=landing%20area
Kost Divara Luxury Kamar Utama Cibeunying Kaler Bandung,Rp1.600.000,Kecamatan Cibeunying Kaler,"3 x 3 meter, Tidak termasuk listrik","AC, Kasur, Meja, TV, Lemari / Storage, Ventilasi, Jendela, Bantal, Kursi","K. Mandi Dalam, Kloset Duduk, Shower, Air panas","WiFi, Kulkas, Laundry, Penjaga Kos, R. Jemur, R. Santai, Dapur, Jemuran, CCTV, Kartu Akses","Parkir Motor, Parkir Motor & Sepeda",,https://mamikos.com/room/kost-kota-bandung-kost-campur-eksklusif-kost-divara-luxury-kamar-utama-cibeunying-kaler-bandung-2?redirection_source=landing%20area
Kost Bidan Maria 2 Antapani Bandung,Rp850.000,Antapani,"3 x 4 meter, Tidak termasuk listrik","Lemari / Storage, Cleaning service",Ember mandi,"WiFi, R. Jemur, Dapur, Pengurus Kos, CCTV, K. Mandi Luar","Parkir Motor, Parkir Sepeda",,https://mamikos.com/room/kost-bandung-kost-campur-murah-kost-bidan-maria-antapani-bandung?redirection_source=landing%20area
Kost DGreen Cibeunying Kaler Bandung,Rp1.100.000,Cibeunying Kaler,"3 x 4 meter, Tidak termasuk listrik","Kasur, Lemari / Storage","K. Mandi Dalam, Ember mandi, Bak mandi","WiFi, Dapur, Pengurus Kos",Parkir Motor,,https://mamikos.com/room/kost-kota-bandung-kost-putri-eksklusif-kost-dgreen-cibeunying-kaler-bandung?redirection_source=landing%20area
Kost Bu Sur Tipe A Cibeunying Kidul Bandung,Rp600.000,Kecamatan Cibeunying Kidul,"2 x 2 meter, Termasuk listrik","Kasur, Meja, Lemari / Storage, Ventilasi, Jendela, Cermin, Bantal, Kursi","Kloset Duduk, Kloset Jongkok, K. Mandi Luar, Ember mandi, Shower, Bak mandi","WiFi, R. Jemur, R. Santai, Dispenser, Dapur, Jemuran, Pengurus Kos, Balcon, Taman, TV","Parkir Motor, Parkir Sepeda",,https://mamikos.com/room/kost-kota-bandung-kost-putri-murah-kost-bu-sur-tipe-a-cibeunying-kidul-bandung?redirection_source=landing%20area
Kost Dmt Hemat Cibeunying Kidul Bandung,Rp399.000,Cibeunying Kidul,"3 x 4 meter, Tidak termasuk listrik","Kasur, Lemari / Storage, Meja makan, Wastafel, Kursi","Kloset Duduk, Ember mandi","WiFi, R. Tamu, Penjaga Kos, R. Jemur, R. Makan, R. Santai, Dapur, Balcon",Parkir Motor,,https://mamikos.com/room/kost-kota-bandung-kost-putri-murah-kost-dmt-hemat-cibeunying-kidul-bandung-2?redirection_source=landing%20area
Kost Berry Budi Tipe A Cibeunying Kidul Bandung,Rp650.000,Kecamatan Cibeunying Kidul,"3 x 3 meter, Termasuk listrik","Kasur, Meja, Lemari / Storage","Kloset Duduk, Kloset Jongkok, K. Mandi Luar, Bak mandi","WiFi, Kulkas, R. Jemur, R. Santai, Dapur, CCTV, Kartu Akses, TV, K. Mandi Luar","Parkir Motor, Parkir Sepeda, Parkir Motor & Sepeda",,https://mamikos.com/room/kost-kota-bandung-kost-campur-murah-kost-berry-budi-tipe-a-cibeunying-kidul-bandung?redirection_source=landing%20area
Kost Elroi Bojong Koneng Atas Cikutra Tipe C Cimenyan Bandung,Rp1.500.000,Cimenyan,"4 x 4 meter, Tidak termasuk listrik","Kasur, Meja, Lemari / Storage, Ventilasi, Jendela, Guling, Cermin, Bantal, Kursi, Kipas Angin","K. Mandi Dalam, Kloset Duduk, Ember mandi, Shower, Air panas","WiFi, Kulkas, R. Tamu, Penjaga Kos, R. Jemur, R. Makan, R. Santai, Dispenser, Dapur, Jemuran","Parkir Motor, Parkir Motor & Sepeda",,https://mamikos.com/room/kost-kabupaten-bandung-kost-putra-eksklusif-kost-elroi-bojong-koneng-atas-cikutra-tipe-c-cimenyan-bandung-2?redirection_source=landing%20area
Kost Sidomukti 30 Tipe A Cibeunying Kaler Bandung,Rp925.000,Kecamatan Cibeunying Kaler,"3 x 3 meter, Termasuk listrik","Kasur, Meja, Lemari / Storage, Jendela, Bantal, Kursi","Kloset Duduk, Kloset Jongkok, K. Mandi Luar, Wastafel, Shower, Air panas, Bak mandi","WiFi, R. Cuci, Kulkas, Mesin Cuci, R. Tamu, R. Jemur, Jemuran, R. Keluarga, K. Mandi Luar","Parkir Mobil, Parkir Motor, Parkir Sepeda, Parkir Motor & Sepeda",,https://mamikos.com/room/kost-kota-bandung-kost-putra-murah-kost-sidomukti-30-tipe-a-cibeunying-kaler-bandung-2?redirection_source=landing%20area
Kost Sindang Sari Tipe B Antapani Bandung,Rp700.000,Antapani,"3 x 4 meter, Termasuk listrik","Kasur, Meja, Lemari / Storage, Ventilasi, Guling, Cermin, Bantal, Wastafel","Kloset Jongkok, K. Mandi Luar, Wastafel, Ember mandi, Bak mandi","WiFi, Laundry, Penjaga Kos, R. Jemur, R. Santai, Dapur, Jemuran, Pengurus Kos, Jual Makanan, CCTV","Parkir Mobil, Parkir Motor, Parkir Sepeda",,https://mamikos.com/room/kost-kota-bandung-kost-putra-murah-kost-sindang-sari-tipe-b-antapani-bandung?redirection_source=landing%20area
Kost Ase Maria Tipe A Antapani Bandung,Rp750.000,Antapani,"3 x 4 meter, Termasuk listrik","Kasur, Meja, Lemari / Storage, Jendela, Bantal","Kloset Duduk, Kloset Jongkok, K. Mandi Luar, Ember mandi, Bak mandi","WiFi, R. Makan, R. Santai, Dispenser, Dapur, Jemuran, K. Mandi Luar",Parkir Motor,,https://mamikos.com/room/kost-kota-bandung-kost-campur-murah-kost-ase-maria-tipe-a-antapani-bandung?redirection_source=landing%20area
Kost Sazara Cibeunying Kidul Bandung,Rp1.000.000,Cibeunying Kidul,"3 x 4 meter, Termasuk listrik","Kasur, Meja, Lemari / Storage, Jendela, Bantal","K. Mandi Dalam, Kloset Jongkok, K. Mandi Luar, Ember mandi","WiFi, R. Cuci, Kulkas, Penjaga Kos, R. Jemur, Mushola, Dapur, Jemuran, CCTV, Balcon","Parkir Mobil, Parkir Motor, Parkir Sepeda, Parkir Motor & Sepeda",,https://mamikos.com/room/kost-kota-bandung-kost-putri-murah-kost-sazara-cibeunying-kidul-bandung-2?redirection_source=landing%20area
Kost Anyer Batununggal Bandung,Rp750.000,Kecamatan Batununggal,"3 x 3 meter, Termasuk listrik","Kasur, Guling, Bantal","Kloset Duduk, K. Mandi Luar, Bak mandi","WiFi, R. Jemur, Dispenser, Dapur, Jemuran, K. Mandi Luar","Parkir Mobil, Parkir Motor, Parkir Sepeda",,https://mamikos.com/room/kost-kota-bandung-kost-putri-murah-kost-anyer-batununggal-bandung?redirection_source=landing%20area
Kost No 73 Tipe A Cibeunying Kaler Bandung,Rp1.000.000,Cibeunying Kaler,"3 x 3 meter, Tidak termasuk listrik","Kasur, Meja, Lemari / Storage, Kursi","Kloset Duduk, K. Mandi Luar, Ember mandi, Bak mandi","WiFi, Laundry, R. Jemur, R. Santai, Dapur","Parkir Mobil, Parkir Motor, Parkir Sepeda",,https://mamikos.com/room/kost-kota-bandung-kost-putra-eksklusif-kost-no-73-tipe-a-cibeunying-kaler-bandung?redirection_source=landing%20area
Kost Casseyo Tipe B Kiaracondong Bandung,Rp750.000,Kecamatan Kiaracondong,"4 x 5 meter, Tidak termasuk listrik","Ventilasi, Jendela, Dapur Pribadi, Wastafel","K. Mandi Dalam, Kloset Jongkok, Ember mandi","R. Jemur, Jemuran","Parkir Motor, Parkir Sepeda",,https://mamikos.com/room/kost-kota-bandung-kost-campur-murah-kost-casseyo-tipe-b-terusan-jl-jakarta-kecamatan-kiaracondong-bandung?redirection_source=landing%20area
Kost Sumitra Tipe A Cibeunying Kaler Bandung,Rp1.200.000,Kecamatan Cibeunying Kaler,"3 x 2.5 meter, Tidak termasuk listrik","Kasur, Meja, Kursi","K. Mandi Dalam, Kloset Duduk, Shower","WiFi, R. Cuci, R. Jemur, R. Santai",Parkir Motor,,https://mamikos.com/room/kost-kota-bandung-kost-putri-eksklusif-kost-sumitra-tipe-a-cibeunying-kaler-bandung?redirection_source=landing%20area
Kost Bale Sunda Besar Cibeunying Kaler Bandung,Rp1.200.000,Cibeunying Kaler,"3 x 4 meter, Termasuk listrik","Kasur, Dispenser, Meja, Lemari / Storage, Kursi, Cleaning service","K. Mandi Dalam, Kloset Duduk, Wastafel, Ember mandi","WiFi, Penjaga Kos, R. Jemur, Mushola, Dispenser, Dapur, K. Mandi Luar","Parkir Mobil, Parkir Motor, Parkir Sepeda",,https://mamikos.com/room/kost-kota-bandung-kost-campur-eksklusif-kost-bale-sunda-besar-cibeunying-kaler-bandung-1?redirection_source=landing%20area
Kost Sidomukti Tipe A Cibeunying Kaler Bandung,Rp850.000,Cibeunying Kaler,"3 x 3 meter, Termasuk listrik","Kasur, Meja, Lemari / Storage, Jendela, Bantal, Kursi","Kloset Duduk, Kloset Jongkok, K. Mandi Luar, Bak mandi","WiFi, R. Cuci, R. Tamu, R. Jemur, Dapur, K. Mandi Luar","Parkir Mobil, Parkir Motor, Parkir Sepeda, Parkir Motor & Sepeda",,https://mamikos.com/room/kost-kota-bandung-kost-putri-murah-kost-sidomukti-tipe-a-cibeunying-kaler-bandung-2?redirection_source=landing%20area
Kost Pinta Pahlawan Cibeunying Kidul Bandung,Rp600.000,Kecamatan Cibeunying Kidul,"3 x 4 meter, Termasuk listrik","Kasur, Lemari / Storage, Ventilasi","Kloset Jongkok, K. Mandi Luar, Ember mandi, Bak mandi","WiFi, Jemuran, CCTV, Balcon, K. Mandi Luar",,,https://mamikos.com/room/kost-kota-bandung-kost-putri-murah-kost-pinta-pahlawan-cibeunying-kidul-bandung-2?redirection_source=landing%20area
Kost Batik Ayu Cibeunying Kaler Bandung,Rp1.300.000,Cibeunying Kaler,"3 x 4 meter, Termasuk listrik","Kasur, Meja, Lemari / Storage, Ventilasi, Jendela, Cermin, Bantal, Kursi","K. Mandi Dalam, Kloset Duduk, Shower","WiFi, Kulkas, R. Tamu, R. Jemur, R. Santai, Dapur, Jemuran","Parkir Mobil, Parkir Motor, Parkir Sepeda",,https://mamikos.com/room/kost-bandung-kost-putra-eksklusif-kost-batik-ayu-cibeunying-kaler-bandung?redirection_source=landing%20area
Kost Depok Tipe B Antapani Bandung,Rp1.300.000,Kecamatan Antapani,"4.5 x 4.5 meter, Termasuk listrik","Kasur, Meja, Lemari / Storage, Ventilasi, Jendela, Guling, Cermin, Bantal, Wastafel, Kursi","Kloset Jongkok, K. Mandi Luar, Wastafel, Ember mandi, Shower, Bak mandi","WiFi, R. Cuci, Penjaga Kos, R. Jemur, Dapur, Jemuran, Pengurus Kos, CCTV, Kartu Akses, Locker","Parkir Motor, Parkir Sepeda, Parkir Motor & Sepeda",,https://mamikos.com/room/kost-kota-bandung-kost-campur-eksklusif-kost-depok-tipe-b-antapani-bandung?redirection_source=landing%20area
Kost Rengganis Standar Cibeunying Kaler Bandung,Rp650.000,Cibeunying Kaler,"3 x 3 meter, Termasuk listrik",Kasur,"Kloset Jongkok, K. Mandi Luar, Wastafel, Ember mandi","WiFi, R. Jemur, R. Santai, Dapur, Jemuran, Pengurus Kos, CCTV, R. Keluarga, K. Mandi Luar","Parkir Motor, Parkir Motor & Sepeda",,https://mamikos.com/room/kost-kota-bandung-kost-putri-murah-kost-rengganis-standar-cibeunying-kaler-bandung-2?redirection_source=landing%20area
Kost Patma Tipe C Cibeunying Kaler Bandung,Rp1.080.000,Kecamatan Cibeunying Kaler,"2.5 x 3 meter, Tidak termasuk listrik","Kasur, Meja, Lemari / Storage, Cermin, Bantal",K. Mandi Dalam,"Kulkas, R. Tamu, Dapur, Pengurus Kos",Parkir Motor & Sepeda,,https://mamikos.com/room/kost-kota-bandung-kost-putri-eksklusif-kost-patma-tipe-c-cibeunying-kaler-bandung-2?redirection_source=landing%20area
Kost Widyatama Tipe Vip Cibeunying Kidul Bandung,Rp750.000,Cibeunying Kidul,"3 x 4 meter, Termasuk listrik","Kasur, Meja, Lemari / Storage, Ventilasi, Jendela, Bantal","Kloset Duduk, Kloset Jongkok, K. Mandi Luar, Ember mandi, Bak mandi","Kulkas, Penjaga Kos, R. Jemur, R. Makan, R. Santai, Dapur, Jemuran, Balcon, Taman, K. Mandi Luar","Parkir Motor, Parkir Sepeda, Parkir Motor & Sepeda",,https://mamikos.com/room/kost-kota-bandung-kost-putri-murah-kost-widyatama-tipe-vip-cibeunying-kidul-bandung?redirection_source=landing%20area
Kost Pondok Salsabila Tipe 1 Cibeunying Kidul Bandung,Rp750.000,Cibeunying Kidul,"3 x 3 meter, Tidak termasuk listrik","Kasur, Bantal","K. Mandi Dalam, Kloset Jongkok, K. Mandi Luar, Shower","R. Jemur, Mushola, R. Santai, Jemuran, Pengurus Kos, K. Mandi Luar","Parkir Motor, Parkir Sepeda",,https://mamikos.com/room/kost-kota-bandung-kost-campur-murah-kost-pondok-salsabila-tipe-1-cibeunying-kidul-bandung?redirection_source=landing%20area
Kost Bengawan 83 Tipe C1 Bandung Wetan Bandung,Rp1.250.000,Kecamatan Bandung Wetan,"3.2 x 3.2 meter, Termasuk listrik","Kasur, Meja, Lemari / Storage, Ventilasi, Jendela, Cermin, Bantal, Kursi, Kipas Angin, Cleaning service","Kloset Duduk, K. Mandi Luar, Shower, Air panas","WiFi, R. Cuci, Kulkas, Mesin Cuci, R. Tamu, Penjaga Kos, R. Jemur, R. Makan, R. Santai, Dispenser","Parkir Mobil, Parkir Motor, Parkir Sepeda",,https://mamikos.com/room/kost-kota-bandung-kost-campur-eksklusif-kost-bengawan-83-tipe-c1-bandung-wetan-bandung-2?redirection_source=landing%20area
Kost Bengawan 83 Tipe B Bandung Wetan Bandung,Rp1.350.000,Bandung Wetan,"3.5 x 3.5 meter, Termasuk listrik","Kasur, Meja, Lemari / Storage, Ventilasi, Jendela, Cermin, Bantal, Kursi, Kipas Angin, Cleaning service","Kloset Duduk, K. Mandi Luar, Shower, Air panas","WiFi, R. Cuci, Kulkas, Mesin Cuci, R. Tamu, Penjaga Kos, R. Jemur, R. Makan, R. Santai, Dispenser","Parkir Mobil, Parkir Motor, Parkir Sepeda",,https://mamikos.com/room/kost-kota-bandung-kost-campur-eksklusif-kost-bengawan-83-tipe-b-bandung-wetan-bandung-2?redirection_source=landing%20area
Kost Muararajeun Lama 1 Tipe D Cibeunying Kaler Bandung,Rp725.000,Cibeunying Kaler,"3 x 4 meter, Termasuk listrik","Kasur, Meja, Lemari / Storage, Ventilasi, Jendela, Bantal, Wastafel","Kloset Jongkok, K. Mandi Luar, Ember mandi","WiFi, Penjaga Kos, R. Jemur, Jemuran, Jual Makanan, K. Mandi Luar","Parkir Motor, Parkir Sepeda, Parkir Motor & Sepeda",,https://mamikos.com/room/kost-kota-bandung-kost-campur-eksklusif-kost-muararajeun-lama-1-tipe-d-cibeunying-kaler-bandung-2?redirection_source=landing%20area
Kost Evelyn Home Tipe 3 Cibeunying Kidul Bandung,Rp500.000,Cibeunying Kidul,"3 x 3 meter, Termasuk listrik","Kasur, Lemari / Storage, Cermin","Kloset Jongkok, K. Mandi Luar, Ember mandi","WiFi, R. Jemur, Dapur, K. Mandi Luar",,,https://mamikos.com/room/kost-kota-bandung-kost-putri-murah-kost-evelyn-home-tipe-3-cibeunying-kidul-bandung?redirection_source=landing%20area
Kost Shan House Cimenyan Bandung,Rp1.050.000,Cimenyan,"3 x 3 meter, Tidak termasuk listrik","Kasur, Meja, Lemari / Storage, Ventilasi, Jendela, Guling, Cermin, Bantal, Wastafel, Kursi","K. Mandi Dalam, Kloset Jongkok, Wastafel, Shower","WiFi, R. Tamu, Penjaga Kos, R. Jemur, Dapur, CCTV","Parkir Motor, Parkir Sepeda",,https://mamikos.com/room/kost-kost-campur-eksklusif-kost-shan-house-cimenyan-bandung-1?redirection_source=landing%20area
Kost Ibu Restu A Tipe Standart Cibeunying Kidul Bandung,Rp800.000,Kecamatan Cibeunying Kidul,"3 x 4 meter, Termasuk listrik","Kasur, Ventilasi, Jendela, Cermin, Bantal","K. Mandi Dalam, Kloset Jongkok, Ember mandi","WiFi, Jemuran, Pengurus Kos, Jual Makanan, Balcon, Joglo","Parkir Motor, Parkir Sepeda",,https://mamikos.com/room/kost-kota-bandung-kost-putra-murah-kost-ibu-restu-a-tipe-standart-cibeunying-kidul-bandung?redirection_source=landing%20area
Kost Itenas Widyatama Ekuitas 1 Tipe C Cibeunying Kidul Bandung,Rp650.000,Kecamatan Cibeunying Kidul,"3 x 3 meter, Termasuk listrik","Kasur, Lemari / Storage, Ventilasi","Kloset Jongkok, K. Mandi Luar, Ember mandi","WiFi, Penjaga Kos, R. Jemur, Dapur, Jemuran, Pengurus Kos, CCTV","Parkir Motor, Parkir Sepeda",,https://mamikos.com/room/kost-kota-bandung-kost-putra-murah-kost-itenas-widyatama-ekuitas-1-tipe-c-cibeunying-kidul-bandung?redirection_source=landing%20area
Kost Cikutra Widyatama Cibeunying Kidul Bandung,Rp750.000,Kecamatan Cibeunying Kidul,"3 x 3 meter, Termasuk listrik","Kasur, Lemari / Storage, Jendela, Dapur Pribadi, Cermin, Bantal","K. Mandi Dalam, Kloset Jongkok, Ember mandi","WiFi, R. Cuci, R. Tamu, R. Jemur, R. Santai, Dapur, Jemuran, Jual Makanan, CCTV, Balcon","Parkir Motor, Parkir Sepeda, Parkir Motor & Sepeda",,https://mamikos.com/room/kost-kota-bandung-kost-putri-murah-kost-cikutra-widyatama-cibeunying-kidul-bandung-2?redirection_source=landing%20area
Kost Vgh II Vvip Antapani Bandung,Rp1.090.000,Antapani,"3 x 4 meter, Tidak termasuk listrik","Kasur, Meja, Lemari / Storage, Guling, Bantal","K. Mandi Dalam, Kloset Duduk, Shower","WiFi, Kulkas, Penjaga Kos, Dapur, Jemuran, CCTV, Kartu Akses","Parkir Mobil, Parkir Motor",,https://mamikos.com/room/kost-kota-bandung-kost-campur-eksklusif-kost-vgh-ii-vvip-antapani-bandung-2?redirection_source=landing%20area
Kost Puri Artha Sony n Sist 2 Cibeunying Kidul Bandung,Rp650.000,Cibeunying Kidul,"3 x 4 meter, Tidak termasuk listrik","Kasur, Meja, Lemari / Storage, Wastafel, Kursi, Cleaning service","K. Mandi Dalam, Kloset Duduk, K. Mandi Luar, Ember mandi, Shower","WiFi, R. Cuci, Kulkas, R. Tamu, Penjaga Kos, R. Jemur, R. Makan, R. Santai, Dispenser, Dapur","Parkir Mobil, Parkir Motor, Parkir Sepeda",,https://mamikos.com/room/kost-bandung-kost-putri-murah-kost-puri-artha-sony-n-sist-2-cibeunying-kidul-bandung?redirection_source=landing%20area
Kost Rumah Surya Cibeunying Kaler Bandung,Rp550.000,Kecamatan Cibeunying Kaler,"3 x 4 meter, Tidak termasuk listrik","Kasur, Lemari / Storage","Kloset Duduk, Kloset Jongkok, Ember mandi, Bak mandi","WiFi, R. Cuci, R. Tamu",Parkir Motor & Sepeda,,https://mamikos.com/room/kost-kota-bandung-kost-putra-murah-kost-rumah-surya-cibeunying-kaler-bandung-2?redirection_source=landing%20area
Kost Cahaya Nodibel Mandalajati Bandung,Rp1.300.000,Kecamatan Mandalajati,"9 x 3 meter, Tidak termasuk listrik",Jendela,"K. Mandi Dalam, Kloset Duduk","Jemuran, Pengurus Kos, Balcon",Parkir Motor,,https://mamikos.com/room/kost-kota-bandung-kost-campur-eksklusif-kost-cahaya-nodibel-mandalajati-bandung-2?redirection_source=landing%20area
Kost Pondok Ina 2 Kiaracondong Bandung,Rp1.600.000,Kiaracondong,"3.9 x 3.3 meter, Tidak termasuk listrik","Kasur, TV, Lemari / Storage, Ventilasi, Jendela, Dapur Pribadi, Bantal, TV Kabel, Wastafel","K. Mandi Dalam, Kloset Duduk, Shower","WiFi, R. Cuci, Laundry, R. Tamu, Penjaga Kos, R. Jemur, R. Makan, Mushola, R. Santai, Jemuran","Parkir Mobil, Parkir Motor, Parkir Sepeda, Parkir Motor & Sepeda",,https://mamikos.com/room/kost-kota-bandung-kost-campur-eksklusif-kost-pondok-ina-2-kiaracondong-bandung-2?redirection_source=landing%20area
Kost Keys Co Living Superior Balcony K 03 Cibeunying Kidul Bandung,Rp2.850.000,Cibeunying Kidul,"3 x 4 meter, Tidak termasuk listrik","AC, Kasur, Meja, Lemari / Storage, microwave, Jendela, Guling, Cermin, Bantal, Kursi","K. Mandi Dalam, Kloset Duduk, Shower, Air panas","WiFi, R. Cuci, Kulkas, Penjaga Kos, R. Jemur, R. Makan, Mushola, Dispenser, Dapur, Jemuran","Parkir Mobil, Parkir Motor",,https://mamikos.com/room/kost-kota-bandung-kost-campur-eksklusif-kost-keys-co-living-superior-balcony-k-03-cibeunying-kidul-bandung-2?redirection_source=landing%20area
Kost A H Nasution Tipe A Mandalajati Bandung,Rp950.000,Mandalajati,"4 x 4 meter, Tidak termasuk listrik","AC, Kasur, Meja, Lemari / Storage, Ventilasi, Jendela, Kursi, Kipas Angin","K. Mandi Dalam, Kloset Duduk, Shower, Air panas",CCTV,"Parkir Motor, Parkir Sepeda",,https://mamikos.com/room/kost-kota-bandung-kost-campur-eksklusif-kost-a-h-nasution-tipe-a-mandalajati-bandung?redirection_source=landing%20area
Kost Pondok Mahmudah Antapani Bandung,Rp800.000,Kecamatan Antapani,"2.5 x 3 meter, Termasuk listrik","Kasur, Lemari / Storage, Ventilasi, Jendela, Bantal","K. Mandi Dalam, Kloset Jongkok, Ember mandi","WiFi, Kulkas, R. Tamu, R. Jemur, R. Santai, Dapur, Jemuran, Pengurus Kos, Jual Makanan, CCTV","Parkir Motor, Parkir Sepeda",,https://mamikos.com/room/kost-kota-bandung-kost-campur-murah-kost-pondok-mahmudah-antapani-bandung?redirection_source=landing%20area
Kost Gemilang Berkah Tipe B Cimenyan Bandung,Rp750.000,Kecamatan Cimenyan,"3 x 3 meter, Termasuk listrik","Kasur, Meja, Lemari / Storage, Ventilasi, Jendela","Kloset Jongkok, Bak mandi","WiFi, Dapur, Jemuran, K. Mandi Luar","Parkir Motor, Parkir Sepeda",,https://mamikos.com/room/kost-bandung-kost-putra-murah-kost-gemilang-berkah-tipe-b-cimenyan-bandung-1?redirection_source=landing%20area
Kost Karambia Cimenyan Bandung,Rp2.250.000,Cimenyan,"3 x 7 meter, Termasuk listrik","Kasur, Meja, Lemari / Storage, Ventilasi, Meja makan, Jendela, Guling, Cermin, Bantal, Wastafel","K. Mandi Dalam, Kloset Duduk, Wastafel, Ember mandi, Shower, Air panas","WiFi, R. Cuci, Kulkas, Mesin Cuci, R. Jemur, R. Santai, Dapur, Jemuran, Rice Cooker, Balcon","Parkir Motor, Parkir Sepeda",,https://mamikos.com/room/kost-kabupaten-bandung-kost-putri-eksklusif-kost-karambia-cimenyan-bandung-2?redirection_source=landing%20area
Kost Irma Dan Nia Cimenyan Bandung,Rp600.000,Kecamatan Cimenyan,"4 x 5 meter, Termasuk listrik","Kasur, Lemari / Storage","K. Mandi Dalam, Kloset Jongkok, K. Mandi Luar, Ember mandi","WiFi, Dapur, Pengurus Kos, Jual Makanan, Rooftop, Balcon",Parkir Motor & Sepeda,,https://mamikos.com/room/kost-kabupaten-bandung-kost-putra-murah-kost-irma-dan-nia-cimenyan-bandung?redirection_source=landing%20area
Kost Rezky Ahmad Yani Kiaracondong Bandung,Rp850.000,Kiaracondong,"3 x 4 meter, Termasuk listrik","Kasur, Lemari / Storage, Jendela","K. Mandi Dalam, Kloset Duduk, Kloset Jongkok, Ember mandi, Shower","WiFi, R. Cuci, R. Tamu, R. Jemur, Dapur, Jemuran, CCTV",Parkir Motor,,https://mamikos.com/room/kost-kota-bandung-kost-campur-murah-kost-rezky-ahmad-yani-kiaracondong-bandung-2?redirection_source=landing%20area
Kost Mamah Sigit 1 Cibeunying Kidul Bandung,Rp750.000,Kecamatan Cibeunying Kidul,"3 x 3 meter, Termasuk listrik","Kasur, Meja, Lemari / Storage, Jendela, Guling, Bantal","K. Mandi Dalam, Kloset Jongkok, Ember mandi, Shower","WiFi, Penjaga Kos, R. Jemur, Jemuran, Pengurus Kos","Parkir Motor, Parkir Sepeda",,https://mamikos.com/room/kost-kota-bandung-kost-campur-murah-kost-mamah-sigit-1-cibeunying-kidul-bandung?redirection_source=landing%20area
Kost Cikutra Baru 1 Cibeunying Kaler Bandung,Rp1.000.000,Cibeunying Kaler,"2 x 4 meter, Termasuk listrik","Kasur, Meja, Lemari / Storage","Kloset Duduk, K. Mandi Luar, Shower, Bak mandi","WiFi, Kulkas, R. Tamu, R. Jemur, R. Santai, Dispenser, Dapur, R. Keluarga","Parkir Mobil, Parkir Motor",,https://mamikos.com/room/kost-kost-putri-eksklusif-kost-cikutra-baru-1-cibeunying-kaler-bandung?redirection_source=landing%20area
Kost Evelyn Home 1 Cibeunying Kidul Bandung,Rp800.000,Cibeunying Kidul,"3 x 4 meter, Termasuk listrik","Kasur, Lemari / Storage, Cermin","K. Mandi Dalam, Kloset Jongkok, Ember mandi","WiFi, R. Jemur, Dapur",,,https://mamikos.com/room/kost-bandung-kost-putri-eksklusif-kost-evelyn-home-1-cibeunying-kidul-bandung-1?redirection_source=landing%20area
Kost Saung Bambu Muda Tipe B Cibeunying Kaler Bandung,Rp1.350.000,Cibeunying Kaler,"3.2 x 2.5 meter, Termasuk listrik","Kasur, Meja, Lemari / Storage, Ventilasi, Jendela, Guling, Cermin, Bantal, Kursi","Kloset Duduk, K. Mandi Luar, Wastafel, Ember mandi, Shower, Air panas","WiFi, Kulkas, Mesin Cuci, R. Jemur, R. Santai, Dapur, Jemuran, Rice Cooker, Taman, K. Mandi Luar",Parkir Motor & Sepeda,,https://mamikos.com/room/kost-kota-bandung-kost-putri-eksklusif-kost-saung-bambu-muda-tipe-b-cibeunying-kaler-bandung-2?redirection_source=landing%20area
Kost Keys Co Living Standard Deluxe Cibeunying Kidul Bandung,Rp2.250.000,Cibeunying Kidul,"3 x 2.7 meter, Tidak termasuk listrik","AC, Kasur, Meja, Lemari / Storage, Jendela, Guling, Cermin, Bantal, Kursi","K. Mandi Dalam, Kloset Duduk, Shower, Air panas","WiFi, R. Cuci, Kulkas, Mesin Cuci, Penjaga Kos, R. Jemur, R. Makan, Mushola, Dispenser, Dapur","Parkir Mobil, Parkir Motor",,https://mamikos.com/room/kost-kota-bandung-kost-campur-eksklusif-kost-keys-co-living-standard-deluxe-cibeunying-kidul-bandung-2?redirection_source=landing%20area
Kost Titik Awal Cikaso Tipe A Cibeunying Kidul Bandung,Rp2.100.000,Cibeunying Kidul,"4 x 5 meter, Tidak termasuk listrik","AC, Kasur, Meja, Lemari / Storage, Ventilasi, Jendela, Guling, Cermin, Bantal, Wastafel","K. Mandi Dalam, Kloset Duduk, Ember mandi, Shower, Air panas","WiFi, R. Cuci, Kulkas, Mesin Cuci, R. Tamu, Penjaga Kos, R. Jemur, Dispenser, Dapur, Jemuran","Parkir Mobil, Parkir Motor, Parkir Sepeda",,https://mamikos.com/room/kost-kota-bandung-kost-putri-eksklusif-kost-titik-awal-cikaso-tipe-a-cibeunying-kidul-bandung?redirection_source=landing%20area
Kost Icha Cikutra Tipe A Cibeunying Kidul Bandung,Rp900.000,Cibeunying Kidul,"3 x 3 meter, Termasuk listrik","Kasur, Meja, Lemari / Storage, Ventilasi, Jendela, Guling, Cermin, Bantal","K. Mandi Dalam, Kloset Jongkok, K. Mandi Luar, Ember mandi","WiFi, R. Cuci, R. Tamu, Penjaga Kos, R. Jemur, Dispenser, Dapur, Jemuran, Pengurus Kos, CCTV",Parkir Motor,,https://mamikos.com/room/kost-kota-bandung-kost-putri-murah-kost-icha-cikutra-tipe-a-cibeunying-kidul-bandung?redirection_source=landing%20area
Kost Palm Bridge Tipe E Cimenyan Bandung,Rp850.000,Cimenyan,"3 x 3 meter, Termasuk listrik","Kasur, Meja, Lemari / Storage, Jendela","Kloset Duduk, K. Mandi Luar","WiFi, R. Cuci, R. Jemur, Dapur, Jemuran, Pengurus Kos, Balcon, R. Keluarga, K. Mandi Luar",Parkir Motor,,https://mamikos.com/room/kost-kabupaten-bandung-kost-putra-eksklusif-kost-palm-bridge-tipe-e-cimenyan-bandung-1?redirection_source=landing%20area
Kost Alshab Tipe A Cimenyan Bandung,Rp775.000,Cimenyan,"3 x 4 meter, Tidak termasuk listrik","Kasur, Lemari / Storage, Ventilasi, Jendela, Bantal","K. Mandi Dalam, Kloset Jongkok, Ember mandi, Shower","WiFi, R. Jemur, Dapur, Jemuran, Pengurus Kos",Parkir Motor,,https://mamikos.com/room/kost-kabupaten-bandung-kost-campur-eksklusif-kost-alshab-tipe-a-cimenyan-bandung?redirection_source=landing%20area
Kost Orange Tipe A Cikondang Bandung,Rp650.000,Coblong,"4 x 3 meter, Termasuk listrik","Kasur, Meja, Lemari / Storage, Kursi","Kloset Jongkok, K. Mandi Luar, Ember mandi, Shower","WiFi, Kulkas, R. Jemur, Dispenser, Dapur, Balcon, TV",Parkir Motor,,https://mamikos.com/room/kost-kost-campur-eksklusif-kostan-orange-cikondang?redirection_source=landing%20area
Kost Pondok Audit Double Deluxe Cimenyan Bandung,Rp1.350.000,Cimenyan,"4 x 4 meter, Termasuk listrik","Kasur, Meja, Jendela, Cermin, Bantal, Kursi","Kloset Duduk, K. Mandi Luar, Ember mandi, Shower, Air panas","WiFi, R. Cuci, Kulkas, Mesin Cuci, R. Tamu, Penjaga Kos, R. Jemur, R. Santai, Dispenser, Dapur","Parkir Motor, Parkir Sepeda, Parkir Motor & Sepeda",,https://mamikos.com/room/kost-kabupaten-bandung-kost-putri-eksklusif-kost-pondok-audit-double-deluxe-cimenyan-bandung?redirection_source=landing%20area
Kost Murba 2 Cibeunying Kaler Bandung,Rp1.000.000,Kecamatan Cibeunying Kaler,"3 x 3 meter, Termasuk listrik","Kasur, Meja, Lemari / Storage, Ventilasi, Jendela, Bantal","Kloset Jongkok, K. Mandi Luar, Ember mandi","WiFi, R. Cuci, Kulkas, R. Jemur, Dapur, Jemuran, Pengurus Kos, CCTV, Balcon, Taman","Parkir Motor, Parkir Sepeda, Parkir Motor & Sepeda",,https://mamikos.com/room/kost-kota-bandung-kost-campur-eksklusif-kost-murba-2-cibeunying-kaler-bandung?redirection_source=landing%20area
Kost Cikutra Nyaman 2 Cibeunying Kaler Bandung,Rp700.000,Cibeunying Kaler,"3 x 3 meter, Tidak termasuk listrik","Meja, Lemari / Storage, Cleaning service","K. Mandi Dalam, Kloset Jongkok, Ember mandi","WiFi, Jemuran, CCTV",Parkir Motor,,https://mamikos.com/room/kost-kota-bandung-kost-campur-murah-kost-cikutra-nyaman-2-cibeunying-kaler-bandung?redirection_source=landing%20area
Kost Rereng Barong Cibeunying Kaler Bandung,Rp900.000,Cibeunying Kaler,"3 x 3 meter, Tidak termasuk listrik","Kasur, Meja, Lemari / Storage, Kursi","Kloset Duduk, K. Mandi Luar, Shower","WiFi, Kulkas, R. Tamu, R. Jemur, R. Makan, Dispenser, Dapur, R. Keluarga, TV, K. Mandi Luar",Parkir Motor,,https://mamikos.com/room/kost-bandung-kost-putri-murah-kost-rereng-barong-cibeunying-kaler-bandung-1?redirection_source=landing%20area
Kost Sunrise Tipe B Cibeunying Kidul Bandung,Rp675.000,Cibeunying Kidul,"3 x 3 meter, Termasuk listrik","Kasur, Lemari / Storage, Ventilasi, Jendela, Bantal","K. Mandi Dalam, Kloset Jongkok, K. Mandi Luar","WiFi, R. Jemur, Dispenser, Dapur, Jemuran, K. Mandi Luar","Parkir Motor, Parkir Sepeda",,https://mamikos.com/room/kost-kota-bandung-kost-putri-murah-kost-sunrise-tipe-b-cibeunying-kidul-bandung-1?redirection_source=landing%20area
Kost Galuh Putriana Cibeunying Kidul Bandung,Rp750.000,Kecamatan Cibeunying Kidul,"3 x 4 meter, Tidak termasuk listrik","Kasur, Jendela",Ember mandi,"Penjaga Kos, Jemuran, Pengurus Kos, Jual Makanan, Balcon, Gazebo","Parkir Motor, Parkir Sepeda, Parkir Motor & Sepeda",,https://mamikos.com/room/kost-kota-bandung-kost-campur-murah-kost-galuh-putriana-cibeunying-kidul-bandung?redirection_source=landing%20area
Kost Shelvi Home Tipe 2 Cibeunying Kidul Bandung,Rp1.000.000,Cibeunying Kidul,"3 x 4 meter, Termasuk listrik","Kasur, Lemari / Storage, Cermin","K. Mandi Dalam, Kloset Jongkok, Ember mandi","WiFi, R. Jemur, R. Makan, Dapur",Parkir Motor,,https://mamikos.com/room/kost-kota-bandung-kost-putri-eksklusif-kost-shelvi-home-tipe-2-cibeunying-kidul-bandung?redirection_source=landing%20area
Kost Little Spring Rooms Rosie 1 Antapani Bandung,Rp1.400.000,Antapani,"2 x 2 meter, Tidak termasuk listrik","AC, Kasur, Meja, Lemari / Storage, Jendela, Guling, Cermin, Bantal","K. Mandi Dalam, Kloset Duduk, Ember mandi, Shower, Air panas","Kulkas, R. Tamu, Penjaga Kos, R. Jemur, R. Makan, R. Santai, Dispenser, Dapur, Jemuran, Pengurus Kos","Parkir Mobil, Parkir Motor, Parkir Sepeda, Parkir Motor & Sepeda",,https://mamikos.com/room/kost-kota-bandung-kost-putri-eksklusif-kost-little-spring-rooms-rosie-1-antapani-bandung-2?redirection_source=landing%20area
Kost Reigna Stay Cibeunying Kaler Bandung,Rp2.000.000,Kecamatan Cibeunying Kaler,"3.5 x 4.5 meter, Tidak termasuk listrik","Kasur, Dispenser, Meja, Lemari / Storage, Ventilasi, Jendela, Dapur Pribadi, Bantal, Wastafel, Kursi","K. Mandi Dalam, Kloset Duduk, Shower","Dispenser, Dapur, Jemuran, Pengurus Kos, CCTV","Parkir Mobil, Parkir Motor, Parkir Sepeda",,https://mamikos.com/room/kost-kota-bandung-kost-campur-eksklusif-kost-reigna-stay-cibeunying-kaler-bandung-2?redirection_source=landing%20area
Kost Asri Tipe B Batununggal Bandung,Rp1.200.000,Batununggal,"3 x 4 meter, Tidak termasuk listrik","Kasur, Meja, Lemari / Storage, Kursi","K. Mandi Dalam, Kloset Duduk",,,,https://mamikos.com/room/kost-bandung-kost-putra-eksklusif-kost-asri-tipe-b-batununggal-bandung?redirection_source=landing%20area
Kost Huni Hijau Cibeunying Kidul Bandung,Rp1.250.000,Kecamatan Cibeunying Kidul,"3 x 3 meter, Termasuk listrik","Kasur, Meja, Lemari / Storage, Jendela, Cermin, Bantal, Kursi","Kloset Duduk, K. Mandi Luar, Wastafel, Shower","WiFi, Kulkas, R. Jemur, Dispenser, Dapur, Jemuran, Pengurus Kos, CCTV, Balcon","Parkir Motor, Parkir Sepeda",,https://mamikos.com/room/kost-kota-bandung-kost-putri-eksklusif-kost-huni-hijau-cibeunying-kidul-bandung?redirection_source=landing%20area
Kost Bu Gundari Tipe A Cibeunying Kidul Bandung,Rp500.000,Kecamatan Cibeunying Kidul,"3 x 4 meter, Tidak termasuk listrik","Kasur, Meja, Lemari / Storage, Ventilasi, Jendela","K. Mandi Dalam, Kloset Duduk, Kloset Jongkok, K. Mandi Luar, Ember mandi","WiFi, R. Jemur, Dapur, Jemuran, CCTV, Balcon, K. Mandi Luar","Parkir Motor, Parkir Sepeda, Parkir Motor & Sepeda",,https://mamikos.com/room/kost-kota-bandung-kost-campur-murah-kost-bu-gundari-tipe-a-cibeunying-kidul-bandung?redirection_source=landing%20area
Kost Bu Sur Tipe B Cibeunying Kidul Bandung,Rp650.000,Cibeunying Kidul,"2.5 x 2 meter, Termasuk listrik","Kasur, Meja, Lemari / Storage, Ventilasi, Jendela, Cermin, Bantal, Kursi","Kloset Duduk, Kloset Jongkok, K. Mandi Luar, Ember mandi, Shower, Bak mandi","WiFi, R. Jemur, R. Santai, Dispenser, Dapur, Jemuran, Pengurus Kos, Balcon, Taman, TV","Parkir Motor, Parkir Sepeda",,https://mamikos.com/room/kost-kota-bandung-kost-putri-murah-kost-bu-sur-tipe-b-cibeunying-kidul-bandung?redirection_source=landing%20area
Kost Pak Edi Tipe A Cibeunying Kidul Bandung,Rp1.250.000,Kecamatan Cibeunying Kidul,"3 x 4 meter, Tidak termasuk listrik","Kasur, Lemari / Storage, Ventilasi, Jendela, Dapur Pribadi, Cermin, Wastafel","K. Mandi Dalam, Kloset Jongkok, Ember mandi","WiFi, Dapur, Jemuran, Jual Makanan, CCTV",Parkir Motor & Sepeda,,https://mamikos.com/room/kost-kota-bandung-kost-putri-eksklusif-kost-pak-edi-tipe-a-cibeunying-kidul-bandung?redirection_source=landing%20area
Kost Winn Tipe B Cimenyan Bandung,Rp750.000,Cimenyan,"3 x 4 meter, Tidak termasuk listrik","Kasur, Lemari / Storage, Jendela, Dapur Pribadi, Bantal, Wastafel","K. Mandi Dalam, Kloset Jongkok, Wastafel, Ember mandi","WiFi, R. Jemur, Dapur, Jemuran, Pengurus Kos, Jual Makanan","Parkir Motor, Parkir Motor & Sepeda",,https://mamikos.com/room/kost-kabupaten-bandung-kost-campur-murah-kost-winn-tipe-b-cimenyan-bandung?redirection_source=landing%20area
Kost Boemi Mangga 1 Tipe A Cimenyan Bandung,Rp1.550.000,Kecamatan Cimenyan,"3 x 3 meter, Tidak termasuk listrik","Ventilasi, Jendela, Dapur Pribadi, Cermin","K. Mandi Dalam, Kloset Jongkok, Shower","Mushola, Dapur, Balcon",Parkir Mobil,,https://mamikos.com/room/kost-kabupaten-bandung-kost-campur-eksklusif-kost-boemi-mangga-1-tipe-a-cimenyan-bandung?redirection_source=landing%20area
Kost LQA Kiaracondong Bandung,Rp700.000,Kiaracondong,"3 x 3 meter, Tidak termasuk listrik","Meja, Lemari / Storage, Kursi","Kloset Jongkok, K. Mandi Luar, Bak mandi",Jemuran,Parkir Motor,,https://mamikos.com/room/kost-bandung-kost-putri-murah-kost-lqa-kiaracondong-bandung-1?redirection_source=landing%20area
Kost Raden Executive Lengkong Bandung,Rp2.100.000,Lengkong,"7.1 x 4 meter, Tidak termasuk listrik","Kasur, Meja, Lemari / Storage, Ventilasi, Jendela, Guling, Cermin, Bantal, Kursi","K. Mandi Dalam, Kloset Duduk, K. Mandi Luar, Shower","R. Cuci, R. Jemur, Jemuran, Pengurus Kos, CCTV, Balcon",Parkir Motor,,https://mamikos.com/room/kost-kota-bandung-kost-putra-eksklusif-kost-raden-executive-lengkong-bandung-2?redirection_source=landing%20area
Kost Pak Slamet Tipe C Antapani Bandung,Rp650.000,Antapani,"3 x 4 meter, Termasuk listrik","Kasur, Lemari / Storage","K. Mandi Dalam, Kloset Jongkok, Ember mandi","R. Jemur, Dispenser, Dapur","Parkir Motor, Parkir Sepeda",,https://mamikos.com/room/kost-kota-bandung-kost-putri-eksklusif-kost-pak-slamet-tipe-c-antapani-bandung?redirection_source=landing%20area
Kost Sukma Antapani Bandung,Rp550.000,Antapani,"2 x 3 meter, Tidak termasuk listrik","Kasur, Lemari / Storage, Bantal","Kloset Jongkok, K. Mandi Luar","WiFi, R. Tamu, Penjaga Kos, R. Jemur, R. Santai, Jemuran, Pengurus Kos","Parkir Mobil, Parkir Motor",,https://mamikos.com/room/kost-bandung-kost-putri-murah-kost-sukma-antapani-bandung?redirection_source=landing%20area
Kost Pondok Caraka Cibeunying Kidul Bandung,Rp600.000,Kecamatan Cibeunying Kidul,"3 x 3 meter, Termasuk listrik","Kasur, Meja, Lemari / Storage, Jendela, Bantal","Kloset Jongkok, K. Mandi Luar, Shower","Kulkas, Laundry, R. Tamu, Penjaga Kos, R. Jemur, R. Santai, Dapur, Jemuran, Rooftop, K. Mandi Luar","Parkir Motor, Parkir Motor & Sepeda",,https://mamikos.com/room/kost-kota-bandung-kost-campur-murah-kost-pondok-caraka-cibeunying-kidul-bandung-2?redirection_source=landing%20area
Kost BP52 Cibeunying Kaler Bandung,Rp700.000,Kecamatan Cibeunying Kaler,"3 x 4 meter, Termasuk listrik","Kasur, Ventilasi, Jendela","K. Mandi Dalam, Kloset Duduk, K. Mandi Luar","WiFi, R. Jemur, Dapur, Jemuran, Pengurus Kos, CCTV, K. Mandi Luar",Parkir Motor,,https://mamikos.com/room/kost-kota-bandung-kost-putri-murah-kost-bp52-cibeunying-kaler-bandung?redirection_source=landing%20area
Kost Muararajeun Lama 1 Tipe C Cibeunying Kaler Bandung,Rp750.000,Cibeunying Kaler,"3.5 x 2 meter, Termasuk listrik","Kasur, Meja, Lemari / Storage, Ventilasi, Jendela, Bantal","Kloset Jongkok, K. Mandi Luar, Ember mandi","WiFi, R. Cuci, Penjaga Kos, R. Jemur, Jemuran, Pengurus Kos, Jual Makanan, K. Mandi Luar","Parkir Motor, Parkir Sepeda, Parkir Motor & Sepeda",,https://mamikos.com/room/kost-kota-bandung-kost-campur-eksklusif-kost-muararajeun-lama-1-tipe-c-cibeunying-kaler-bandung-2?redirection_source=landing%20area
Kost Sant In Residence Executive Cibeunying Kaler Bandung,Rp1.700.000,Kecamatan Cibeunying Kaler,"3 x 4 meter, Tidak termasuk listrik","AC, Kasur, Meja, TV, Lemari / Storage, Jendela, Bantal, Kursi","K. Mandi Dalam, Kloset Duduk, Shower, Air panas","WiFi, Kulkas, Laundry, R. Tamu, Penjaga Kos, Dispenser, Dapur, Pengurus Kos, CCTV, Kartu Akses","Parkir Motor, Parkir Motor & Sepeda",,https://mamikos.com/room/kost-kota-bandung-kost-campur-eksklusif-kost-sant-in-residence-executive-cibeunying-kaler-bandung?redirection_source=landing%20area
Kost Crysant House Tipe A Cibeunying Kaler Bandung,Rp1.600.000,Cibeunying Kaler,"3 x 3 meter, Tidak termasuk listrik","Kasur, Meja, Ventilasi, Jendela, Bantal, Wastafel, Kursi","K. Mandi Dalam, Kloset Duduk, Wastafel, Shower, Air panas","WiFi, Penjaga Kos, R. Jemur, R. Santai, Dapur, Jemuran, Pengurus Kos, CCTV, Joglo","Parkir Mobil, Parkir Motor, Parkir Sepeda",,https://mamikos.com/room/kost-kota-bandung-kost-campur-eksklusif-kost-crysant-house-tipe-a-cibeunying-kaler-bandung?redirection_source=landing%20area
Kost Elroi Bojong Koneng Atas Cikutra Tipe D Cimenyan Bandung,Rp1.250.000,Cimenyan,"3 x 4 meter, Tidak termasuk listrik","Kasur, Meja, Lemari / Storage, Ventilasi, Jendela, Guling, Cermin, Bantal, Kursi","K. Mandi Dalam, Kloset Duduk, Ember mandi, Shower, Air panas","WiFi, Kulkas, R. Tamu, Penjaga Kos, R. Jemur, R. Makan, R. Santai, Dispenser, Dapur, Jemuran","Parkir Motor, Parkir Motor & Sepeda",,https://mamikos.com/room/kost-kabupaten-bandung-kost-putra-eksklusif-kost-elroi-bojong-koneng-atas-cikutra-tipe-d-cimenyan-bandung?redirection_source=landing%20area
Kost Sindang Sari Tipe A Antapani Bandung,Rp750.000,Antapani,"3 x 4 meter, Termasuk listrik","Kasur, Meja, Lemari / Storage, Ventilasi, Jendela, Guling, Cermin, Bantal, Wastafel","Kloset Jongkok, K. Mandi Luar, Wastafel, Ember mandi, Bak mandi","WiFi, R. Cuci, Laundry, Laundry, R. Tamu, Penjaga Kos, R. Jemur, R. Makan, R. Santai, Dapur","Parkir Mobil, Parkir Motor, Parkir Sepeda",,https://mamikos.com/room/kost-kota-bandung-kost-campur-murah-kost-sindang-sari-tipe-a-antapani-bandung?redirection_source=landing%20area
Kost Pondok Sidoluhur 28 Tipe A Cibeunying Kaler Bandung,Rp1.500.000,Kecamatan Cibeunying Kaler,"3 x 4 meter, Tidak termasuk listrik","AC, Kasur, Meja, Lemari / Storage, Ventilasi, Jendela, Cermin, Bantal, TV Kabel, Cleaning service","K. Mandi Dalam, Kloset Duduk, Ember mandi, Shower, Air panas","WiFi, R. Cuci, Kulkas, Mesin Cuci, R. Tamu, R. Jemur, R. Makan, R. Santai, Dispenser, Dapur","Parkir Mobil, Parkir Motor, Parkir Sepeda, Parkir Motor & Sepeda",,https://mamikos.com/room/kost-kota-bandung-kost-campur-eksklusif-kost-pondok-sidoluhur-28-tipe-a-cibeunying-kaler-bandung?redirection_source=landing%20area
Kost Wardah Cibeunying Kaler Bandung,Rp1.400.000,Cibeunying Kaler,"4 x 4 meter, Tidak termasuk listrik","AC, Kasur, Meja, TV, Lemari / Storage, Ventilasi, Jendela, Guling, Dapur Pribadi, Cermin","K. Mandi Dalam, Kloset Duduk, Ember mandi, Shower, Air panas","WiFi, Penjaga Kos, R. Jemur, Mushola, R. Santai, Dispenser, Jemuran, Pengurus Kos, CCTV, Kartu Akses","Parkir Mobil, Parkir Motor, Parkir Sepeda",,https://mamikos.com/room/kost-bandung-kost-campur-eksklusif-kost-wardah-khusus-pasutri-cibeunying-kaler-bandung?redirection_source=landing%20area
Kost 99 Pusat Kota Standard Cimenyan Bandung,Rp1.500.000,Cimenyan,"3 x 4 meter, Tidak termasuk listrik","AC, Kasur, Meja, TV, Lemari / Storage, Ventilasi, Jendela, Cermin, Bantal","K. Mandi Dalam, Kloset Duduk, Shower, Air panas","WiFi, Kulkas, Laundry, R. Santai, Dapur, Pengurus Kos, CCTV, Kartu Akses, Taman, TV","Parkir Motor, Parkir Sepeda",,https://mamikos.com/room/kost-kabupaten-bandung-kost-campur-eksklusif-kost-99-pusat-kota-standard-cimenyan-bandung?redirection_source=landing%20area
Kost Anthurium Cimenyan Bandung,Rp1.500.000,Kecamatan Cimenyan,"4 x 5 meter, Tidak termasuk listrik","Kasur, Meja, Ventilasi, Jendela, Guling, Cermin, Bantal, Sofa, Kursi","K. Mandi Dalam, Kloset Duduk, Shower, Air panas","WiFi, R. Cuci, Kulkas, R. Tamu, Penjaga Kos, R. Jemur, R. Makan, Mushola, R. Santai, Dispenser","Parkir Mobil, Parkir Motor, Parkir Sepeda",,https://mamikos.com/room/kost-kabupaten-bandung-kost-putri-eksklusif-kost-anthurium-cimenyan-bandung?redirection_source=landing%20area
Kost Saung Bambu Muda Tipe A Cibeunying Kaler Bandung,Rp1.400.000,Cibeunying Kaler,"3.2 x 3.7 meter, Termasuk listrik","Kasur, Meja, Lemari / Storage, Ventilasi, Jendela, Guling, Cermin, Bantal, Kursi","Kloset Duduk, K. Mandi Luar, Wastafel, Ember mandi, Shower, Air panas","WiFi, Kulkas, Mesin Cuci, R. Jemur, R. Santai, Dispenser, Dapur, Jemuran, Rice Cooker, Taman",Parkir Motor & Sepeda,,https://mamikos.com/room/kost-kota-bandung-kost-putri-eksklusif-kost-saung-bambu-muda-tipe-a-cibeunying-kaler-bandung?redirection_source=landing%20area
Kost Batik Jogja 7 Sukaluyu Cibeunying Kaler Bandung,Rp1.100.000,Kecamatan Cibeunying Kaler,"3 x 3 meter, Tidak termasuk listrik","Kasur, Meja, Lemari / Storage, Jendela, Guling, Cermin, Bantal","K. Mandi Dalam, Kloset Duduk, Shower","WiFi, R. Jemur, Dispenser, Dapur, Jemuran, Pengurus Kos, Taman",Parkir Motor,,https://mamikos.com/room/kost-kota-bandung-kost-putra-eksklusif-kost-batik-jogja-7-sukaluyu-cibeunying-kaler-bandung?redirection_source=landing%20area
Kost Bengawan 83 Tipe C1 Bandung Wetan Bandung,Rp1.250.000,Kecamatan Bandung Wetan,"3.2 x 3.2 meter, Termasuk listrik","Kasur, Meja, Lemari / Storage, Ventilasi, Jendela, Cermin, Bantal, Kursi, Kipas Angin, Cleaning service","Kloset Duduk, K. Mandi Luar, Shower, Air panas","WiFi, R. Cuci, Kulkas, Mesin Cuci, R. Tamu, Penjaga Kos, R. Jemur, R. Makan, R. Santai, Dispenser","Parkir Mobil, Parkir Motor, Parkir Sepeda",,https://mamikos.com/room/kost-kota-bandung-kost-campur-eksklusif-kost-bengawan-83-tipe-c1-bandung-wetan-bandung-2?redirection_source=landing%20area
Kost Bengawan 83 Tipe B Bandung Wetan Bandung,Rp1.350.000,Bandung Wetan,"3.5 x 3.5 meter, Termasuk listrik","Kasur, Meja, Lemari / Storage, Ventilasi, Jendela, Cermin, Bantal, Kursi, Kipas Angin, Cleaning service","Kloset Duduk, K. Mandi Luar, Shower, Air panas","WiFi, R. Cuci, Kulkas, Mesin Cuci, R. Tamu, Penjaga Kos, R. Jemur, R. Makan, R. Santai, Dispenser","Parkir Mobil, Parkir Motor, Parkir Sepeda",,https://mamikos.com/room/kost-kota-bandung-kost-campur-eksklusif-kost-bengawan-83-tipe-b-bandung-wetan-bandung-2?redirection_source=landing%20area
Kost Muararajeun Lama 1 Tipe D Cibeunying Kaler Bandung,Rp725.000,Cibeunying Kaler,"3 x 4 meter, Termasuk listrik","Kasur, Meja, Lemari / Storage, Ventilasi, Jendela, Bantal, Wastafel","Kloset Jongkok, K. Mandi Luar, Ember mandi","WiFi, Penjaga Kos, R. Jemur, Jemuran, Jual Makanan, K. Mandi Luar","Parkir Motor, Parkir Sepeda, Parkir Motor & Sepeda",,https://mamikos.com/room/kost-kota-bandung-kost-campur-eksklusif-kost-muararajeun-lama-1-tipe-d-cibeunying-kaler-bandung-2?redirection_source=landing%20area
Kost Tutu Cibeunying Kidul Bandung,Rp1.000.000,Cibeunying Kidul,"3 x 4 meter, Tidak termasuk listrik","Kasur, Lemari / Storage, Ventilasi, Jendela","K. Mandi Dalam, Kloset Jongkok, Shower","WiFi, R. Santai, Dapur, TV",Parkir Motor,,https://mamikos.com/room/kost-kota-bandung-kost-putri-eksklusif-kost-tutu-cibeunying-kidul-bandung?redirection_source=landing%20area
Kost Palm Bridge Tipe D Cimenyan Bandung,Rp950.000,Cimenyan,"3 x 5 meter, Termasuk listrik","Kasur, Meja, Lemari / Storage","Kloset Duduk, K. Mandi Luar",WiFi,,,https://mamikos.com/room/kost-kabupaten-bandung-kost-putra-eksklusif-kost-palm-bridge-tipe-d-cimenyan-bandung-1?redirection_source=landing%20area
Kost Divara Luxury Kamar Utama Cibeunying Kaler Bandung,Rp1.600.000,Kecamatan Cibeunying Kaler,"3 x 3 meter, Tidak termasuk listrik","AC, Kasur, Meja, TV, Lemari / Storage, Ventilasi, Jendela, Bantal, Kursi","K. Mandi Dalam, Kloset Duduk, Shower, Air panas","WiFi, Kulkas, Laundry, Penjaga Kos, R. Jemur, R. Santai, Dapur, Jemuran, CCTV, Kartu Akses","Parkir Motor, Parkir Motor & Sepeda",,https://mamikos.com/room/kost-kota-bandung-kost-campur-eksklusif-kost-divara-luxury-kamar-utama-cibeunying-kaler-bandung-2?redirection_source=landing%20area
Kost Bidan Maria 2 Antapani Bandung,Rp850.000,Antapani,"3 x 4 meter, Tidak termasuk listrik","Lemari / Storage, Cleaning service",Ember mandi,"WiFi, R. Jemur, Dapur, Pengurus Kos, CCTV, K. Mandi Luar","Parkir Motor, Parkir Sepeda",,https://mamikos.com/room/kost-bandung-kost-campur-murah-kost-bidan-maria-antapani-bandung?redirection_source=landing%20area
Kost DGreen Cibeunying Kaler Bandung,Rp1.100.000,Cibeunying Kaler,"3 x 4 meter, Tidak termasuk listrik","Kasur, Lemari / Storage","K. Mandi Dalam, Ember mandi, Bak mandi","WiFi, Dapur, Pengurus Kos",Parkir Motor,,https://mamikos.com/room/kost-kota-bandung-kost-putri-eksklusif-kost-dgreen-cibeunying-kaler-bandung?redirection_source=landing%20area
Kost Bu Sur Tipe A Cibeunying Kidul Bandung,Rp600.000,Kecamatan Cibeunying Kidul,"2 x 2 meter, Termasuk listrik","Kasur, Meja, Lemari / Storage, Ventilasi, Jendela, Cermin, Bantal, Kursi","Kloset Duduk, Kloset Jongkok, K. Mandi Luar, Ember mandi, Shower, Bak mandi","WiFi, R. Jemur, R. Santai, Dispenser, Dapur, Jemuran, Pengurus Kos, Balcon, Taman, TV","Parkir Motor, Parkir Sepeda",,https://mamikos.com/room/kost-kota-bandung-kost-putri-murah-kost-bu-sur-tipe-a-cibeunying-kidul-bandung?redirection_source=landing%20area
Kost Dmt Hemat Cibeunying Kidul Bandung,Rp399.000,Cibeunying Kidul,"3 x 4 meter, Tidak termasuk listrik","Kasur, Lemari / Storage, Meja makan, Wastafel, Kursi","Kloset Duduk, Ember mandi","WiFi, R. Tamu, Penjaga Kos, R. Jemur, R. Makan, R. Santai, Dapur, Balcon",Parkir Motor,,https://mamikos.com/room/kost-kota-bandung-kost-putri-murah-kost-dmt-hemat-cibeunying-kidul-bandung-2?redirection_source=landing%20area
Kost Berry Budi Tipe A Cibeunying Kidul Bandung,Rp650.000,Kecamatan Cibeunying Kidul,"3 x 3 meter, Termasuk listrik","Kasur, Meja, Lemari / Storage","Kloset Duduk, Kloset Jongkok, K. Mandi Luar, Bak mandi","WiFi, Kulkas, R. Jemur, R. Santai, Dapur, CCTV, Kartu Akses, TV, K. Mandi Luar","Parkir Motor, Parkir Sepeda, Parkir Motor & Sepeda",,https://mamikos.com/room/kost-kota-bandung-kost-campur-murah-kost-berry-budi-tipe-a-cibeunying-kidul-bandung?redirection_source=landing%20area
Kost Elroi Bojong Koneng Atas Cikutra Tipe C Cimenyan Bandung,Rp1.500.000,Cimenyan,"4 x 4 meter, Tidak termasuk listrik","Kasur, Meja, Lemari / Storage, Ventilasi, Jendela, Guling, Cermin, Bantal, Kursi, Kipas Angin","K. Mandi Dalam, Kloset Duduk, Ember mandi, Shower, Air panas","WiFi, Kulkas, R. Tamu, Penjaga Kos, R. Jemur, R. Makan, R. Santai, Dispenser, Dapur, Jemuran","Parkir Motor, Parkir Motor & Sepeda",,https://mamikos.com/room/kost-kabupaten-bandung-kost-putra-eksklusif-kost-elroi-bojong-koneng-atas-cikutra-tipe-c-cimenyan-bandung-2?redirection_source=landing%20area
Kost Gemilang Berkah Tipe A Cimenyan Bandung,Rp750.000,Kecamatan Cimenyan,"3 x 3 meter, Termasuk listrik","Kasur, Lemari / Storage, Ventilasi, Jendela","Kloset Jongkok, Ember mandi, Bak mandi","WiFi, R. Cuci, R. Tamu, R. Santai, Dapur, Jemuran, R. Keluarga, K. Mandi Luar","Parkir Motor, Parkir Sepeda",,https://mamikos.com/room/kost-bandung-kost-putra-murah-kost-gemilang-berkah-tipe-a-cimenyan-bandung?redirection_source=landing%20area
Kost Keys Co Living Deluxe Balcony Cibeunying Kidul Bandung,Rp2.500.000,Cibeunying Kidul,"3 x 4 meter, Tidak termasuk listrik","AC, Kasur, Meja, Lemari / Storage, microwave, Jendela, Guling, Cermin, Bantal, Kursi","K. Mandi Dalam, Kloset Duduk, Shower, Air panas","WiFi, R. Cuci, Kulkas, Mesin Cuci, Penjaga Kos, R. Jemur, R. Makan, Mushola, Dispenser, Dapur","Parkir Mobil, Parkir Motor",,https://mamikos.com/room/kost-kota-bandung-kost-campur-eksklusif-kost-keys-co-living-deluxe-balcony-cibeunying-kidul-bandung-2?redirection_source=landing%20area
Kost Crysant House Tipe B Cibeunying Kaler Bandung,Rp1.350.000,Cibeunying Kaler,"3 x 4 meter, Tidak termasuk listrik","Kasur, Meja, Lemari / Storage, Ventilasi, Jendela, Kursi","K. Mandi Dalam, Kloset Duduk, Wastafel, Shower, Air panas","WiFi, Penjaga Kos, R. Jemur, R. Santai, Dapur, Jemuran, Pengurus Kos, CCTV, Joglo","Parkir Mobil, Parkir Motor, Parkir Sepeda",,https://mamikos.com/room/kost-kota-bandung-kost-campur-eksklusif-kost-crysant-house-tipe-b-cibeunying-kaler-bandung?redirection_source=landing%20area
Kost Ibu Ria Bekatonik Cibeunying Kidul Bandung,Rp600.000,Cibeunying Kidul,"3 x 4 meter, Termasuk listrik","Kasur, Meja, Lemari / Storage, Kursi","Kloset Jongkok, K. Mandi Luar, Ember mandi, Air panas, Bak mandi","WiFi, R. Cuci, R. Tamu, Penjaga Kos, R. Jemur, R. Santai, Dapur, Balcon, R. Keluarga, K. Mandi Luar","Parkir Motor, Parkir Sepeda",,https://mamikos.com/room/kost-kota-bandung-kost-putri-murah-kost-ibu-ria-bekatonik-cibeunying-kidul-bandung?redirection_source=landing%20area
Kost Dela Tipe A Antapani Bandung,Rp1.750.000,Antapani,"4 x 5 meter, Tidak termasuk listrik","AC, Kasur, Meja, TV, Lemari / Storage, Jendela, Bantal, Kursi","K. Mandi Dalam, Kloset Duduk, Shower, Air panas","WiFi, Kulkas, Mesin Cuci, R. Tamu, Penjaga Kos, Mushola, Dispenser, Dapur, Jemuran, CCTV","Parkir Mobil, Parkir Motor",,https://mamikos.com/room/kost-kota-bandung-kost-campur-eksklusif-kost-dela-tipe-a-antapani-bandung?redirection_source=landing%20area
Kost Anggrek Barokah Bandung Wetan Bandung,Rp1.700.000,Kecamatan Bandung Wetan,"3 x 4 meter, Termasuk listrik","Kasur, Dispenser, Meja, TV, Lemari / Storage, Ventilasi, Jendela, Guling, Cermin, Bantal","K. Mandi Dalam, Kloset Duduk, Shower, Air panas","WiFi, R. Cuci, Kulkas, Penjaga Kos, R. Jemur, Dispenser, Dapur, Jemuran, Pengurus Kos, CCTV","Parkir Mobil, Parkir Motor, Parkir Sepeda",,https://mamikos.com/room/kost-kota-bandung-kost-campur-eksklusif-kost-anggrek-barokah-bandung-wetan-bandung?redirection_source=landing%20area
Kost Elroi Bojong Koneng Atas Cikutra Tipe A Cimenyan Bandung,Rp1.700.000,Cimenyan,"3 x 4 meter, Tidak termasuk listrik","AC, Kasur, Meja, Lemari / Storage, Ventilasi, Jendela, Guling, Cermin, Bantal, Kursi","K. Mandi Dalam, Kloset Duduk, Ember mandi, Shower, Air panas","WiFi, Kulkas, R. Tamu, Penjaga Kos, R. Jemur, R. Makan, R. Santai, Dispenser, Dapur, Jemuran","Parkir Motor, Parkir Motor & Sepeda",,https://mamikos.com/room/kost-kabupaten-bandung-kost-putra-eksklusif-kost-elroi-bojong-koneng-atas-cikutra-tipe-a-cimenyan-bandung?redirection_source=landing%20area
Kost 99 Pusat Kota Tipe Mezanine 2 Cimenyan Bandung,Rp1.700.000,Kecamatan Cimenyan,"2 x 4 meter, Tidak termasuk listrik","AC, Kasur, Meja, TV, Lemari / Storage, Jendela, Bantal, Sofa","K. Mandi Dalam, Kloset Duduk, Shower, Air panas","Kulkas, Laundry, Penjaga Kos, Dapur, Pengurus Kos, CCTV",Parkir Motor,,https://mamikos.com/room/kost-kabupaten-bandung-kost-campur-eksklusif-kost-99-pusat-kota-tipe-mezanine-2-cimenyan-bandung?redirection_source=landing%20area
Kost Orange Tipe G Cikondang Coblong Bandung,Rp1.300.000,Coblong,"4 x 6 meter, Termasuk listrik","Kasur, Meja, Lemari / Storage, Kursi","K. Mandi Dalam, Kloset Jongkok, Ember mandi, Shower","WiFi, Kulkas, R. Jemur, Dispenser, Dapur, Balcon, TV",Parkir Motor,,https://mamikos.com/room/kost-kota-bandung-kost-campur-eksklusif-kost-orange-tipe-g-cikondang-coblong-bandung?redirection_source=landing%20area
Kost Ibu Emma Tipe Studio Antapani Bandung,Rp850.000,Kecamatan Antapani,"3 x 4 meter, Tidak termasuk listrik",Jendela,"K. Mandi Dalam, Kloset Jongkok, Wastafel","WiFi, Penjaga Kos, R. Jemur, Pengurus Kos, CCTV","Parkir Mobil, Parkir Motor, Parkir Motor & Sepeda",,https://mamikos.com/room/kost-kota-bandung-kost-campur-murah-kosan-ibu-emma-tipe-studio-san-tipe-1-bedroom-antapani-bandung-2?redirection_source=landing%20area
Kost Murba Satu Tipe A Cibeunying Kaler Bandung,Rp700.000,Cibeunying Kaler,"3 x 3 meter, Tidak termasuk listrik","Kasur, Meja, Lemari / Storage, Ventilasi, Jendela","Kloset Jongkok, K. Mandi Luar, Bak mandi","R. Cuci, R. Jemur, Dapur, Pengurus Kos, K. Mandi Luar","Parkir Motor, Parkir Sepeda",,https://mamikos.com/room/kost-kota-bandung-kost-campur-murah-kost-murba-satu-tipe-a-cibeunying-kaler-bandung?redirection_source=landing%20area
Kost Antapani Cikajang Tipe Single Antapani Bandung,Rp1.650.000,Kecamatan Antapani,"3 x 3 meter, Tidak termasuk listrik","AC, Kasur, Meja, Lemari / Storage, Ventilasi, Jendela, Guling, Cermin, Bantal, Wastafel","K. Mandi Dalam, Kloset Duduk, Wastafel, Shower, Air panas","WiFi, Kulkas, R. Tamu, Penjaga Kos, R. Jemur, R. Makan, Dispenser, Dapur, Jemuran, Pengurus Kos",Parkir Motor & Sepeda,,https://mamikos.com/room/kost-kota-bandung-kost-campur-eksklusif-kost-antapani-cikajang-tipe-single-antapani-bandung?redirection_source=landing%20area
Kost Nur Muhaji Tipe A Batununggal Bandung,Rp1.200.000,Batununggal,"4 x 4 meter, Tidak termasuk listrik","Kasur, Lemari / Storage, Ventilasi, Jendela, Guling, Bantal","K. Mandi Dalam, Kloset Duduk, Ember mandi","WiFi, Laundry, Penjaga Kos, Jemuran, Pengurus Kos, CCTV","Parkir Motor, Parkir Motor & Sepeda",,https://mamikos.com/room/kost-kota-bandung-kost-campur-eksklusif-kost-nur-muhaji-tipe-a-batununggal-bandung-2?redirection_source=landing%20area
Kost Saung Bambu Muda Tipe B Cibeunying Kaler Bandung,Rp1.350.000,Cibeunying Kaler,"3.2 x 2.5 meter, Termasuk listrik","Kasur, Meja, Lemari / Storage, Ventilasi, Jendela, Guling, Cermin, Bantal, Kursi","Kloset Duduk, K. Mandi Luar, Wastafel, Ember mandi, Shower, Air panas","WiFi, Kulkas, Mesin Cuci, R. Jemur, R. Santai, Dapur, Jemuran, Rice Cooker, Taman, K. Mandi Luar",Parkir Motor & Sepeda,,https://mamikos.com/room/kost-kota-bandung-kost-putri-eksklusif-kost-saung-bambu-muda-tipe-b-cibeunying-kaler-bandung-2?redirection_source=landing%20area
Kost Keys Co Living Standard Deluxe Cibeunying Kidul Bandung,Rp2.250.000,Cibeunying Kidul,"3 x 2.7 meter, Tidak termasuk listrik","AC, Kasur, Meja, Lemari / Storage, Jendela, Guling, Cermin, Bantal, Kursi","K. Mandi Dalam, Kloset Duduk, Shower, Air panas","WiFi, R. Cuci, Kulkas, Mesin Cuci, Penjaga Kos, R. Jemur, R. Makan, Mushola, Dispenser, Dapur","Parkir Mobil, Parkir Motor",,https://mamikos.com/room/kost-kota-bandung-kost-campur-eksklusif-kost-keys-co-living-standard-deluxe-cibeunying-kidul-bandung-2?redirection_source=landing%20area
Kost Titik Awal Cikaso Tipe A Cibeunying Kidul Bandung,Rp2.100.000,Cibeunying Kidul,"4 x 5 meter, Tidak termasuk listrik","AC, Kasur, Meja, Lemari / Storage, Ventilasi, Jendela, Guling, Cermin, Bantal, Wastafel","K. Mandi Dalam, Kloset Duduk, Ember mandi, Shower, Air panas","WiFi, R. Cuci, Kulkas, Mesin Cuci, R. Tamu, Penjaga Kos, R. Jemur, Dispenser, Dapur, Jemuran","Parkir Mobil, Parkir Motor, Parkir Sepeda",,https://mamikos.com/room/kost-kota-bandung-kost-putri-eksklusif-kost-titik-awal-cikaso-tipe-a-cibeunying-kidul-bandung?redirection_source=landing%20area
Kost Icha Cikutra Tipe A Cibeunying Kidul Bandung,Rp900.000,Cibeunying Kidul,"3 x 3 meter, Termasuk listrik","Kasur, Meja, Lemari / Storage, Ventilasi, Jendela, Guling, Cermin, Bantal","K. Mandi Dalam, Kloset Jongkok, K. Mandi Luar, Ember mandi","WiFi, R. Cuci, R. Tamu, Penjaga Kos, R. Jemur, Dispenser, Dapur, Jemuran, Pengurus Kos, CCTV",Parkir Motor,,https://mamikos.com/room/kost-kota-bandung-kost-putri-murah-kost-icha-cikutra-tipe-a-cibeunying-kidul-bandung?redirection_source=landing%20area
Kost Palm Bridge Tipe E Cimenyan Bandung,Rp850.000,Cimenyan,"3 x 3 meter, Termasuk listrik","Kasur, Meja, Lemari / Storage, Jendela","Kloset Duduk, K. Mandi Luar","WiFi, R. Cuci, R. Jemur, Dapur, Jemuran, Pengurus Kos, Balcon, R. Keluarga, K. Mandi Luar",Parkir Motor,,https://mamikos.com/room/kost-kabupaten-bandung-kost-putra-eksklusif-kost-palm-bridge-tipe-e-cimenyan-bandung-1?redirection_source=landing%20area
Kost Alshab Tipe A Cimenyan Bandung,Rp775.000,Cimenyan,"3 x 4 meter, Tidak termasuk listrik","Kasur, Lemari / Storage, Ventilasi, Jendela, Bantal","K. Mandi Dalam, Kloset Jongkok, Ember mandi, Shower","WiFi, R. Jemur, Dapur, Jemuran, Pengurus Kos",Parkir Motor,,https://mamikos.com/room/kost-kabupaten-bandung-kost-campur-eksklusif-kost-alshab-tipe-a-cimenyan-bandung?redirection_source=landing%20area
Kost Orange Tipe A Cikondang Bandung,Rp650.000,Coblong,"4 x 3 meter, Termasuk listrik","Kasur, Meja, Lemari / Storage, Kursi","Kloset Jongkok, K. Mandi Luar, Ember mandi, Shower","WiFi, Kulkas, R. Jemur, Dispenser, Dapur, Balcon, TV",Parkir Motor,,https://mamikos.com/room/kost-kost-campur-eksklusif-kostan-orange-cikondang?redirection_source=landing%20area
Kost Pondok Audit Double Deluxe Cimenyan Bandung,Rp1.350.000,Cimenyan,"4 x 4 meter, Termasuk listrik","Kasur, Meja, Jendela, Cermin, Bantal, Kursi","Kloset Duduk, K. Mandi Luar, Ember mandi, Shower, Air panas","WiFi, R. Cuci, Kulkas, Mesin Cuci, R. Tamu, Penjaga Kos, R. Jemur, R. Santai, Dispenser, Dapur","Parkir Motor, Parkir Sepeda, Parkir Motor & Sepeda",,https://mamikos.com/room/kost-kabupaten-bandung-kost-putri-eksklusif-kost-pondok-audit-double-deluxe-cimenyan-bandung?redirection_source=landing%20area
Kost Murba 2 Cibeunying Kaler Bandung,Rp1.000.000,Kecamatan Cibeunying Kaler,"3 x 3 meter, Termasuk listrik","Kasur, Meja, Lemari / Storage, Ventilasi, Jendela, Bantal","Kloset Jongkok, K. Mandi Luar, Ember mandi","WiFi, R. Cuci, Kulkas, R. Jemur, Dapur, Jemuran, Pengurus Kos, CCTV, Balcon, Taman","Parkir Motor, Parkir Sepeda, Parkir Motor & Sepeda",,https://mamikos.com/room/kost-kota-bandung-kost-campur-eksklusif-kost-murba-2-cibeunying-kaler-bandung?redirection_source=landing%20area
Kost Cikutra Nyaman 2 Cibeunying Kaler Bandung,Rp700.000,Cibeunying Kaler,"3 x 3 meter, Tidak termasuk listrik","Meja, Lemari / Storage, Cleaning service","K. Mandi Dalam, Kloset Jongkok, Ember mandi","WiFi, Jemuran, CCTV",Parkir Motor,,https://mamikos.com/room/kost-kota-bandung-kost-campur-murah-kost-cikutra-nyaman-2-cibeunying-kaler-bandung?redirection_source=landing%20area
Kost Rereng Barong Cibeunying Kaler Bandung,Rp900.000,Cibeunying Kaler,"3 x 3 meter, Tidak termasuk listrik","Kasur, Meja, Lemari / Storage, Kursi","Kloset Duduk, K. Mandi Luar, Shower","WiFi, Kulkas, R. Tamu, R. Jemur, R. Makan, Dispenser, Dapur, R. Keluarga, TV, K. Mandi Luar",Parkir Motor,,https://mamikos.com/room/kost-bandung-kost-putri-murah-kost-rereng-barong-cibeunying-kaler-bandung-1?redirection_source=landing%20area
Kost Sunrise Tipe B Cibeunying Kidul Bandung,Rp675.000,Cibeunying Kidul,"3 x 3 meter, Termasuk listrik","Kasur, Lemari / Storage, Ventilasi, Jendela, Bantal","K. Mandi Dalam, Kloset Jongkok, K. Mandi Luar","WiFi, R. Jemur, Dispenser, Dapur, Jemuran, K. Mandi Luar","Parkir Motor, Parkir Sepeda",,https://mamikos.com/room/kost-kota-bandung-kost-putri-murah-kost-sunrise-tipe-b-cibeunying-kidul-bandung-1?redirection_source=landing%20area
Kost Galuh Putriana Cibeunying Kidul Bandung,Rp750.000,Kecamatan Cibeunying Kidul,"3 x 4 meter, Tidak termasuk listrik","Kasur, Jendela",Ember mandi,"Penjaga Kos, Jemuran, Pengurus Kos, Jual Makanan, Balcon, Gazebo","Parkir Motor, Parkir Sepeda, Parkir Motor & Sepeda",,https://mamikos.com/room/kost-kota-bandung-kost-campur-murah-kost-galuh-putriana-cibeunying-kidul-bandung?redirection_source=landing%20area
Kost Shelvi Home Tipe 2 Cibeunying Kidul Bandung,Rp1.000.000,Cibeunying Kidul,"3 x 4 meter, Termasuk listrik","Kasur, Lemari / Storage, Cermin","K. Mandi Dalam, Kloset Jongkok, Ember mandi","WiFi, R. Jemur, R. Makan, Dapur",Parkir Motor,,https://mamikos.com/room/kost-kota-bandung-kost-putri-eksklusif-kost-shelvi-home-tipe-2-cibeunying-kidul-bandung?redirection_source=landing%20area
Kost Little Spring Rooms Rosie 1 Antapani Bandung,Rp1.400.000,Antapani,"2 x 2 meter, Tidak termasuk listrik","AC, Kasur, Meja, Lemari / Storage, Jendela, Guling, Cermin, Bantal","K. Mandi Dalam, Kloset Duduk, Ember mandi, Shower, Air panas","Kulkas, R. Tamu, Penjaga Kos, R. Jemur, R. Makan, R. Santai, Dispenser, Dapur, Jemuran, Pengurus Kos","Parkir Mobil, Parkir Motor, Parkir Sepeda, Parkir Motor & Sepeda",,https://mamikos.com/room/kost-kota-bandung-kost-putri-eksklusif-kost-little-spring-rooms-rosie-1-antapani-bandung-2?redirection_source=landing%20area
Kost Murba 2 Cibeunying Kaler Bandung,Rp1.000.000,Kecamatan Cibeunying Kaler,"3 x 3 meter, Termasuk listrik","Kasur, Meja, Lemari / Storage, Ventilasi, Jendela, Bantal","Kloset Jongkok, K. Mandi Luar, Ember mandi","WiFi, R. Cuci, Kulkas, R. Jemur, Dapur, Jemuran, Pengurus Kos, CCTV, Balcon, Taman","Parkir Motor, Parkir Sepeda, Parkir Motor & Sepeda",,https://mamikos.com/room/kost-kota-bandung-kost-campur-eksklusif-kost-murba-2-cibeunying-kaler-bandung?redirection_source=landing%20area
Kost Cikutra Nyaman 2 Cibeunying Kaler Bandung,Rp700.000,Cibeunying Kaler,"3 x 3 meter, Tidak termasuk listrik","Meja, Lemari / Storage, Cleaning service","K. Mandi Dalam, Kloset Jongkok, Ember mandi","WiFi, Jemuran, CCTV",Parkir Motor,,https://mamikos.com/room/kost-kota-bandung-kost-campur-murah-kost-cikutra-nyaman-2-cibeunying-kaler-bandung?redirection_source=landing%20area
Kost Rereng Barong Cibeunying Kaler Bandung,Rp900.000,Cibeunying Kaler,"3 x 3 meter, Tidak termasuk listrik","Kasur, Meja, Lemari / Storage, Kursi","Kloset Duduk, K. Mandi Luar, Shower","WiFi, Kulkas, R. Tamu, R. Jemur, R. Makan, Dispenser, Dapur, R. Keluarga, TV, K. Mandi Luar",Parkir Motor,,https://mamikos.com/room/kost-bandung-kost-putri-murah-kost-rereng-barong-cibeunying-kaler-bandung-1?redirection_source=landing%20area
Kost Sunrise Tipe B Cibeunying Kidul Bandung,Rp675.000,Cibeunying Kidul,"3 x 3 meter, Termasuk listrik","Kasur, Lemari / Storage, Ventilasi, Jendela, Bantal","K. Mandi Dalam, Kloset Jongkok, K. Mandi Luar","WiFi, R. Jemur, Dispenser, Dapur, Jemuran, K. Mandi Luar","Parkir Motor, Parkir Sepeda",,https://mamikos.com/room/kost-kota-bandung-kost-putri-murah-kost-sunrise-tipe-b-cibeunying-kidul-bandung-1?redirection_source=landing%20area
Kost Galuh Putriana Cibeunying Kidul Bandung,Rp750.000,Kecamatan Cibeunying Kidul,"3 x 4 meter, Tidak termasuk listrik","Kasur, Jendela",Ember mandi,"Penjaga Kos, Jemuran, Pengurus Kos, Jual Makanan, Balcon, Gazebo","Parkir Motor, Parkir Sepeda, Parkir Motor & Sepeda",,https://mamikos.com/room/kost-kota-bandung-kost-campur-murah-kost-galuh-putriana-cibeunying-kidul-bandung?redirection_source=landing%20area
Kost Shelvi Home Tipe 2 Cibeunying Kidul Bandung,Rp1.000.000,Cibeunying Kidul,"3 x 4 meter, Termasuk listrik","Kasur, Lemari / Storage, Cermin","K. Mandi Dalam, Kloset Jongkok, Ember mandi","WiFi, R. Jemur, R. Makan, Dapur",Parkir Motor,,https://mamikos.com/room/kost-kota-bandung-kost-putri-eksklusif-kost-shelvi-home-tipe-2-cibeunying-kidul-bandung?redirection_source=landing%20area
Kost Little Spring Rooms Rosie 1 Antapani Bandung,Rp1.400.000,Antapani,"2 x 2 meter, Tidak termasuk listrik","AC, Kasur, Meja, Lemari / Storage, Jendela, Guling, Cermin, Bantal","K. Mandi Dalam, Kloset Duduk, Ember mandi, Shower, Air panas","Kulkas, R. Tamu, Penjaga Kos, R. Jemur, R. Makan, R. Santai, Dispenser, Dapur, Jemuran, Pengurus Kos","Parkir Mobil, Parkir Motor, Parkir Sepeda, Parkir Motor & Sepeda",,https://mamikos.com/room/kost-kota-bandung-kost-putri-eksklusif-kost-little-spring-rooms-rosie-1-antapani-bandung-2?redirection_source=landing%20area
Kost Reigna Stay Cibeunying Kaler Bandung,Rp2.000.000,Kecamatan Cibeunying Kaler,"3.5 x 4.5 meter, Tidak termasuk listrik","Kasur, Dispenser, Meja, Lemari / Storage, Ventilasi, Jendela, Dapur Pribadi, Bantal, Wastafel, Kursi","K. Mandi Dalam, Kloset Duduk, Shower","Dispenser, Dapur, Jemuran, Pengurus Kos, CCTV","Parkir Mobil, Parkir Motor, Parkir Sepeda",,https://mamikos.com/room/kost-kota-bandung-kost-campur-eksklusif-kost-reigna-stay-cibeunying-kaler-bandung-2?redirection_source=landing%20area
Kost Asri Tipe B Batununggal Bandung,Rp1.200.000,Batununggal,"3 x 4 meter, Tidak termasuk listrik","Kasur, Meja, Lemari / Storage, Kursi","K. Mandi Dalam, Kloset Duduk",,,,https://mamikos.com/room/kost-bandung-kost-putra-eksklusif-kost-asri-tipe-b-batununggal-bandung?redirection_source=landing%20area
Kost Huni Hijau Cibeunying Kidul Bandung,Rp1.250.000,Kecamatan Cibeunying Kidul,"3 x 3 meter, Termasuk listrik","Kasur, Meja, Lemari / Storage, Jendela, Cermin, Bantal, Kursi","Kloset Duduk, K. Mandi Luar, Wastafel, Shower","WiFi, Kulkas, R. Jemur, Dispenser, Dapur, Jemuran, Pengurus Kos, CCTV, Balcon","Parkir Motor, Parkir Sepeda",,https://mamikos.com/room/kost-kota-bandung-kost-putri-eksklusif-kost-huni-hijau-cibeunying-kidul-bandung?redirection_source=landing%20area
Kost Bu Gundari Tipe A Cibeunying Kidul Bandung,Rp500.000,Kecamatan Cibeunying Kidul,"3 x 4 meter, Tidak termasuk listrik","Kasur, Meja, Lemari / Storage, Ventilasi, Jendela","K. Mandi Dalam, Kloset Duduk, Kloset Jongkok, K. Mandi Luar, Ember mandi","WiFi, R. Jemur, Dapur, Jemuran, CCTV, Balcon, K. Mandi Luar","Parkir Motor, Parkir Sepeda, Parkir Motor & Sepeda",,https://mamikos.com/room/kost-kota-bandung-kost-campur-murah-kost-bu-gundari-tipe-a-cibeunying-kidul-bandung?redirection_source=landing%20area
Kost Bu Sur Tipe B Cibeunying Kidul Bandung,Rp650.000,Cibeunying Kidul,"2.5 x 2 meter, Termasuk listrik","Kasur, Meja, Lemari / Storage, Ventilasi, Jendela, Cermin, Bantal, Kursi","Kloset Duduk, Kloset Jongkok, K. Mandi Luar, Ember mandi, Shower, Bak mandi","WiFi, R. Jemur, R. Santai, Dispenser, Dapur, Jemuran, Pengurus Kos, Balcon, Taman, TV","Parkir Motor, Parkir Sepeda",,https://mamikos.com/room/kost-kota-bandung-kost-putri-murah-kost-bu-sur-tipe-b-cibeunying-kidul-bandung?redirection_source=landing%20area
Kost Nin Ae Tipe C Mandalajati Bandung,Rp1.400.000,Kecamatan Mandalajati,"3 x 4 meter, Termasuk listrik","AC, Kasur, Meja, Lemari / Storage, Jendela, Cermin, Bantal, Kursi","Kloset Duduk, K. Mandi Luar, Wastafel, Shower, Air panas","WiFi, Kulkas, Penjaga Kos, Dapur, Jemuran, Pengurus Kos, Jual Makanan, CCTV, Kartu Akses, K. Mandi Luar","Parkir Mobil, Parkir Motor, Parkir Sepeda, Parkir Motor & Sepeda",,https://mamikos.com/room/kost-kota-bandung-kost-campur-eksklusif-kost-nin-ae-tipe-c-mandalajati-bandung-2?redirection_source=landing%20area
Kost Rumah Sepuluh Cibeunying Kidul Bandung,Rp850.000,Kecamatan Cibeunying Kidul,"3 x 3 meter, Tidak termasuk listrik","Kasur, Meja, Lemari / Storage, Ventilasi, Jendela, Guling, Cermin, Bantal, Kursi, Kipas Angin","Kloset Duduk, K. Mandi Luar, Ember mandi","WiFi, Kulkas, Dapur, Jemuran, CCTV",Parkir Motor,,https://mamikos.com/room/kost-kota-bandung-kost-putra-murah-kost-rumah-sepuluh-cibeunying-kidul-bandung-2?redirection_source=landing%20area
Kost Sandra Cimenyan Bandung,Rp1.000.000,Cimenyan,"4 x 6 meter, Termasuk listrik","Kasur, Lemari / Storage, Ventilasi, Jendela, Guling, Dapur Pribadi, Cermin, Bantal","K. Mandi Dalam, Kloset Jongkok, Wastafel, Ember mandi, Shower","WiFi, R. Jemur, Dapur, Jemuran, Pengurus Kos, Balcon","Parkir Motor, Parkir Sepeda",,https://mamikos.com/room/kost-kabupaten-bandung-kost-campur-murah-kost-sandra-cimenyan-bandung-1?redirection_source=landing%20area
Kost Nyaman Murah Cimenyan Bandung,Rp600.000,Kecamatan Cimenyan,"3 x 3 meter, Termasuk listrik",Kasur,"Kloset Jongkok, K. Mandi Luar, Ember mandi","WiFi, R. Jemur, Pengurus Kos, CCTV",Parkir Motor & Sepeda,,https://mamikos.com/room/kost-kabupaten-bandung-kost-campur-murah-kost-nyaman-murah-cimenyan-bandung?redirection_source=landing%20area
Kost Megumi Cikutra 4 Cibeunying Kidul Bandung,Rp1.100.000,Kecamatan Cibeunying Kidul,"3 x 4 meter, Tidak termasuk listrik","Kasur, Meja, Lemari / Storage, Jendela, Guling, Bantal, Kursi","K. Mandi Dalam, Kloset Duduk, Ember mandi, Shower, Air panas","WiFi, Kulkas, R. Tamu, Penjaga Kos, R. Jemur, R. Makan, R. Santai, Dispenser, Dapur, Jemuran","Parkir Mobil, Parkir Motor, Parkir Sepeda, Parkir Motor & Sepeda",,https://mamikos.com/room/kost-kota-bandung-kost-putri-eksklusif-kost-megumi-cikutra-4-cibeunying-kidul-bandung?redirection_source=landing%20area
Kost 19C Tipe D Kiaracondong Bandung,Rp1.500.000,Kiaracondong,"3 x 4 meter, Termasuk listrik","Kasur, Lemari / Storage, Ventilasi, Jendela, Cermin, Bantal","K. Mandi Dalam, Kloset Duduk, Wastafel, Shower, Air panas","WiFi, Jemuran, Pengurus Kos, CCTV, Balcon",Parkir Motor & Sepeda,,https://mamikos.com/room/kost-kota-bandung-kost-campur-eksklusif-kost-19c-tipe-d-kiaracondong-bandung?redirection_source=landing%20area
Kost Dmt Cicadas Batununggal Bandung,Rp500.000,Kecamatan Batununggal,"3 x 4 meter, Tidak termasuk listrik","Kasur, Lemari / Storage, Ventilasi, Jendela, Cermin, Bantal","Kloset Jongkok, Ember mandi, Bak mandi","WiFi, R. Cuci, Penjaga Kos, R. Jemur, Mushola, Dispenser, Dapur, Pengurus Kos, CCTV, Taman","Parkir Motor, Parkir Sepeda, Parkir Motor & Sepeda",,https://mamikos.com/room/kost-kota-bandung-kost-putri-murah-kost-dmt-cicadas-batununggal-bandung?redirection_source=landing%20area
Kost Cikutra Babakan Sukapada Bandung,Rp475.000,Cibeunying Kidul,"2.3 x 3 meter, Termasuk listrik","Kasur, Meja, Lemari / Storage, Kursi","K. Mandi Dalam, Kloset Jongkok, Ember mandi","R. Jemur, Dapur","Parkir Motor, Parkir Sepeda",,https://mamikos.com/room/kost-kota-bandung-kost-putra-murah-kost-cikutra-babakan-sukapada-bandung?redirection_source=landing%20area
Kost Dmt Cicadas Batununggal Bandung,Rp500.000,Kecamatan Batununggal,"3 x 4 meter, Tidak termasuk listrik","Kasur, Lemari / Storage, Ventilasi, Jendela, Cermin, Bantal","Kloset Jongkok, Ember mandi, Bak mandi","WiFi, R. Cuci, Penjaga Kos, R. Jemur, Mushola, Dispenser, Dapur, Pengurus Kos, CCTV, Taman","Parkir Motor, Parkir Sepeda, Parkir Motor & Sepeda",,https://mamikos.com/room/kost-kota-bandung-kost-putri-murah-kost-dmt-cicadas-batununggal-bandung?redirection_source=landing%20area
Kost Cikutra Babakan Sukapada Bandung,Rp475.000,Cibeunying Kidul,"2.3 x 3 meter, Termasuk listrik","Kasur, Meja, Lemari / Storage, Kursi","K. Mandi Dalam, Kloset Jongkok, Ember mandi","R. Jemur, Dapur","Parkir Motor, Parkir Sepeda",,https://mamikos.com/room/kost-kota-bandung-kost-putra-murah-kost-cikutra-babakan-sukapada-bandung?redirection_source=landing%20area
Kost Alshab Tipe C Cimenyan Bandung,Rp775.000,Cimenyan,"3 x 4 meter, Tidak termasuk listrik","Kasur, Lemari / Storage, Ventilasi, Jendela, Bantal","K. Mandi Dalam, Kloset Jongkok, Ember mandi, Shower","WiFi, R. Jemur, Dapur, Jemuran, Pengurus Kos",Parkir Motor,,https://mamikos.com/room/kost-kabupaten-bandung-kost-campur-eksklusif-kost-alshab-tipe-c-cimenyan-bandung?redirection_source=landing%20area
Kost Nur Muhaji Tipe F Batununggal Bandung,Rp1.200.000,Batununggal,"3 x 4 meter, Tidak termasuk listrik","Kasur, Lemari / Storage, Ventilasi, Jendela, Guling, Bantal","K. Mandi Dalam, Kloset Duduk, Ember mandi","WiFi, Laundry, Penjaga Kos, Jemuran, Pengurus Kos, CCTV","Parkir Motor, Parkir Motor & Sepeda",,https://mamikos.com/room/kost-kota-bandung-kost-campur-eksklusif-kost-nur-muhaji-tipe-f-batununggal-bandung?redirection_source=landing%20area
Kost Pondok Salsabila Tipe 2 Cibeunying Kidul Bandung,Rp800.000,Kecamatan Cibeunying Kidul,"2 x 3 meter, Tidak termasuk listrik","Kasur, Bantal","K. Mandi Dalam, Kloset Jongkok, K. Mandi Luar, Ember mandi, Shower, Bak mandi","WiFi, R. Cuci, Penjaga Kos, R. Jemur, Mushola, R. Santai, Dapur, Jemuran, Pengurus Kos, K. Mandi Luar",Parkir Motor,,https://mamikos.com/room/kost-kota-bandung-kost-campur-murah-kost-pondok-salsabila-tipe-2-cibeunying-kidul-bandung-2?redirection_source=landing%20area
Kost Pabu Ohim Executive Antapani Bandung,Rp800.000,Kecamatan Antapani,"3 x 4 meter, Termasuk listrik","Meja, Jendela","K. Mandi Dalam, Kloset Jongkok, K. Mandi Luar, Ember mandi","WiFi, R. Cuci, Kulkas, Mesin Cuci, R. Jemur, Jemuran, Rooftop, Balcon, Gazebo","Parkir Mobil, Parkir Motor, Parkir Sepeda, Parkir Motor & Sepeda",,https://mamikos.com/room/kost-kota-bandung-kost-putri-murah-kost-pabu-ohim-executive-antapani-bandung-2?redirection_source=landing%20area
Kost Boarding House Naga Malim Tipe D Cibeunying Kidul Bandung,Rp750.000,Cibeunying Kidul,"3 x 3 meter, Tidak termasuk listrik",Jendela,Kloset Jongkok,"R. Santai, Dapur, Pengurus Kos, CCTV, K. Mandi Luar","Parkir Motor, Parkir Sepeda",,https://mamikos.com/room/kost-bandung-kost-campur-murah-kost-boarding-house-naga-malim-cibeunying-kidul-bandung-1?redirection_source=landing%20area
Kost Studio G4 Tipe B Cibeunying Kaler Bandung,Rp960.000,Kecamatan Cibeunying Kaler,"3 x 2 meter, Termasuk listrik","Kasur, Meja, Lemari / Storage, Ventilasi, Jendela, Guling, Cermin, Bantal, Kursi","Kloset Jongkok, K. Mandi Luar, Wastafel, Ember mandi","WiFi, R. Jemur, R. Makan, R. Santai, Dapur, Jemuran, Rice Cooker, Balcon, K. Mandi Luar","Parkir Motor, Parkir Sepeda",,https://mamikos.com/room/kost-kota-bandung-kost-putra-eksklusif-kost-studio-g4-tipe-b-cibeunying-kaler-bandung?redirection_source=landing%20area
Kost Atlas Kiaracondong Bandung,Rp850.000,Kiaracondong,"3 x 3 meter, Tidak termasuk listrik",,K. Mandi Dalam,WiFi,Parkir Mobil,,https://mamikos.com/room/kost-bandung-kost-campur-murah-kost-atlas-kiaracondong-bandung?redirection_source=landing%20area
Kost Humaira Cibeunying Kaler Bandung,Rp1.200.000,Kecamatan Cibeunying Kaler,"2 x 3.5 meter, Tidak termasuk listrik","Kasur, Meja, Lemari / Storage, Ventilasi, Jendela, Cermin, Kursi","K. Mandi Dalam, Kloset Duduk, Wastafel, Shower","WiFi, R. Tamu, Penjaga Kos, R. Jemur, R. Makan, R. Santai, Dapur, Pengurus Kos, Jual Makanan, CCTV","Parkir Motor, Parkir Sepeda, Parkir Motor & Sepeda",,https://mamikos.com/room/kost-kota-bandung-kost-putri-eksklusif-humaira-kost-putri-cibeunying-kaler-bandung?redirection_source=landing%20area
Kost Cikaso 86E Cibeunying Kidul Bandung,Rp1.350.000,Cibeunying Kidul,"3 x 3 meter, Tidak termasuk listrik","AC, Kasur, Meja, Lemari / Storage, Ventilasi","K. Mandi Dalam, Kloset Duduk, Shower, Air panas","R. Cuci, Penjaga Kos, R. Makan, R. Santai, Dapur, TV","Parkir Mobil, Parkir Motor",,https://mamikos.com/room/kost-kota-bandung-kost-putra-eksklusif-kost-cikaso-86e-cibeunying-kidul-bandung-?redirection_source=landing%20area
Kost Orange Tipe C Cikondang Coblong Bandung,Rp750.000,Coblong,"4 x 4 meter, Termasuk listrik","Kasur, Meja, Lemari / Storage, Kursi","Kloset Jongkok, K. Mandi Luar, Ember mandi, Shower","WiFi, Kulkas, R. Jemur, Dispenser, Dapur, Balcon, TV",Parkir Motor,,https://mamikos.com/room/kost-kota-bandung-kost-campur-murah-kost-orange-tipe-c-cikondang-coblong-bandung?redirection_source=landing%20area
Kost Ibu Sri Antapani Bandung,Rp1.200.000,Antapani,"3 x 3 meter, Termasuk listrik","Kasur, Dispenser, Meja, Meja Rias, Lemari / Storage","Kloset Duduk, K. Mandi Luar, Shower, Air panas","WiFi, R. Cuci, Kulkas, Mesin Cuci, Laundry, R. Tamu, R. Jemur, R. Makan, R. Santai, Dispenser","Parkir Motor, Parkir Sepeda",,https://mamikos.com/room/kost-bandung-kost-putra-eksklusif-kost-ibu-sri-antapani-bandung-1?redirection_source=landing%20area
Kost Boarding House Naga Malim With Kitchen Outside Tipe B Cibeunying Kidul Bandung,Rp900.000,Cibeunying Kidul,"3 x 3 meter, Tidak termasuk listrik",Jendela,Kloset Jongkok,"R. Tamu, R. Santai, Dapur, Pengurus Kos, CCTV, Balcon, K. Mandi Luar","Parkir Motor, Parkir Sepeda",,https://mamikos.com/room/kost-bandung-kost-campur-murah-kost-boarding-house-naga-malim-with-kitchen-outside-tipe-b-cibeunying-kidul-bandung?redirection_source=landing%20area
Kost Pahlawan Tipe A Cibeunying Kaler Bandung,Rp1.100.000,Cibeunying Kaler,"3 x 3 meter, Tidak termasuk listrik","Kasur, Meja, Lemari / Storage, Ventilasi, Jendela, Cermin, Bantal","K. Mandi Dalam, Kloset Duduk, Shower","WiFi, R. Cuci, Penjaga Kos, Mushola, Jemuran, Pengurus Kos",Parkir Motor,,https://mamikos.com/room/kost-kota-bandung-kost-putra-eksklusif-kost-pahlawan-tipe-a-cibeunying-kaler-bandung-2?redirection_source=landing%20area
Kost Omah Harianja Cibeunying Kidul Bandung,Rp600.000,Cibeunying Kidul,"3 x 3 meter, Termasuk listrik","Kasur, Meja, Ventilasi, Kursi",K. Mandi Luar,"WiFi, Kulkas, R. Jemur, R. Santai, Dapur, Jemuran, Balcon, TV, K. Mandi Luar",Parkir Motor,,https://mamikos.com/room/kost-kota-bandung-kost-putri-murah-kost-omah-harianja-cibeunying-kidul-bandung?redirection_source=landing%20area
Kost Muararajeun Lama 1 Tipe B Cibeunying Kaler Bandung,Rp925.000,Cibeunying Kaler,"3 x 3 meter, Termasuk listrik","Kasur, Meja, Lemari / Storage, Ventilasi, Jendela, Bantal","K. Mandi Dalam, Kloset Jongkok, Ember mandi","WiFi, R. Cuci, Penjaga Kos, R. Jemur, Jemuran, Pengurus Kos, CCTV","Parkir Motor, Parkir Sepeda, Parkir Motor & Sepeda",,https://mamikos.com/room/kost-kota-bandung-kost-campur-eksklusif-kost-muararajeun-lama-1-tipe-b-cibeunying-kaler-bandung?redirection_source=landing%20area
Kost Burhanul Tipe A Antapani Bandung,Rp800.000,Antapani,"3 x 3 meter, Termasuk listrik","Kasur, Lemari / Storage",Kloset Jongkok,"WiFi, Mesin Cuci, R. Jemur, R. Santai, Dispenser, Dapur, Jemuran, Balcon","Parkir Motor, Parkir Sepeda",,https://mamikos.com/room/kost-kota-bandung-kost-putri-murah-kost-burhanul-tipe-a-antapani-bandung-2?redirection_source=landing%20area
Kost Griya Asri 2 Cibeunying Kaler Bandung,Rp1.700.000,Cibeunying Kaler,"3 x 4 meter, Tidak termasuk listrik","AC, Kasur, Meja, Lemari / Storage, Jendela, Guling, Cermin, Bantal, Kursi","K. Mandi Dalam, Kloset Duduk, K. Mandi Luar, Ember mandi, Shower","WiFi, R. Cuci, Kulkas, Mesin Cuci, Penjaga Kos, R. Jemur, R. Makan, Mushola, R. Santai, Dispenser",Parkir Motor & Sepeda,,https://mamikos.com/room/kost-kota-bandung-kost-campur-eksklusif-kost-griya-asri-2-cibeunying-kaler-bandung?redirection_source=landing%20area
Kost Rengganis Type A Cibeunying Kaler Bandung,Rp750.000,Cibeunying Kaler,"3 x 3 meter, Termasuk listrik","Kasur, Lemari / Storage, Jendela, Bantal","K. Mandi Dalam, Kloset Jongkok, Wastafel, Ember mandi","WiFi, R. Jemur, R. Santai, Dapur, Jemuran, Pengurus Kos, CCTV, R. Keluarga, K. Mandi Luar","Parkir Motor, Parkir Motor & Sepeda",,https://mamikos.com/room/kost-kota-bandung-kost-putri-murah-kost-rengganis-type-a-cibeunying-kaler-bandung-2?redirection_source=landing%20area
Kost Patma Tipe D Cibeunying Kaler Bandung,Rp835.000,Kecamatan Cibeunying Kaler,"2.7 x 3.5 meter, Termasuk listrik","Kasur, Meja, Lemari / Storage, Bantal","Kloset Duduk, Kloset Jongkok, K. Mandi Luar, Ember mandi","Kulkas, Dapur, Jemuran, Pengurus Kos",Parkir Motor & Sepeda,,https://mamikos.com/room/kost-kota-bandung-kost-putri-eksklusif-kost-patma-tipe-d-cibeunying-kaler-bandung?redirection_source=landing%20area
Kost Egy Tipe B Kiaracondong Bandung,Rp750.000,Kiaracondong,"3 x 4 meter, Tidak termasuk listrik",Ventilasi,"K. Mandi Dalam, Kloset Jongkok, Ember mandi","WiFi, R. Cuci, R. Jemur, R. Santai","Parkir Motor, Parkir Sepeda",,https://mamikos.com/room/kost-bandung-kost-campur-murah-kost-egy-tipe-b-kiaracondong-bandung-1?redirection_source=landing%20area
Kost Komplek Puri Indah Jatinangor Sumedang,Rp900.000,Jatinangor,"3 x 3 meter, Tidak termasuk listrik","Kasur, Meja, Lemari / Storage, Jendela","K. Mandi Dalam, Kloset Duduk, Shower","R. Tamu, Dapur, Jemuran, Taman, K. Mandi Luar",Parkir Mobil,,https://mamikos.com/room/kost-kabupaten-sumedang-kost-campur-murah-kost-komplek-puri-indah-jatinangor-sumedang?redirection_source=landing%20area
Kost Pak Niza Kiaracondong Bandung,Rp700.000,Kecamatan Kiaracondong,"3 x 4 meter, Tidak termasuk listrik","Kasur, Meja, Lemari / Storage, Jendela, Cermin, Bantal, Sofa, Kursi","K. Mandi Dalam, Kloset Duduk, Kloset Jongkok, Ember mandi","WiFi, Kulkas, R. Tamu, Penjaga Kos, R. Jemur, R. Santai, Dispenser, Dapur, Jemuran, CCTV","Parkir Motor, Parkir Sepeda",,https://mamikos.com/room/kost-kota-bandung-kost-campur-murah-kost-pak-niza-kiaracondong-bandung?redirection_source=landing%20area
Kost Roemah Way Cibeunying Kaler Bandung,Rp1.500.000,Kecamatan Cibeunying Kaler,"3 x 3 meter, Tidak termasuk listrik","Kasur, Lemari / Storage, Ventilasi, Jendela, Guling, Bantal","K. Mandi Dalam, Kloset Duduk, Ember mandi, Shower","WiFi, R. Santai, Dapur, Jemuran, Pengurus Kos, CCTV, Rooftop, Gazebo","Parkir Mobil, Parkir Motor",,https://mamikos.com/room/kost-kota-bandung-kost-putri-eksklusif-kost-roemah-way-cibeunying-kaler-bandung?redirection_source=landing%20area
Kost Cemerlang Cibeunying Kidul Bandung,Rp525.000,Kecamatan Cibeunying Kidul,"3 x 3 meter, Termasuk listrik","Kasur, Meja, Lemari / Storage, Jendela, Wastafel, Kursi","Kloset Jongkok, K. Mandi Luar, Ember mandi","WiFi, Penjaga Kos, R. Jemur, Jemuran, K. Mandi Luar","Parkir Motor, Parkir Sepeda",,https://mamikos.com/room/kost-kota-bandung-kost-campur-murah-kost-cemerlang-cibeunying-kidul-bandung?redirection_source=landing%20area
Kost Studio G4 Tipe A Cibeunying Kaler Bandung,Rp850.000,Kecamatan Cibeunying Kaler,"3 x 3 meter, Termasuk listrik","Kasur, Meja, Lemari / Storage, Ventilasi, Jendela, Guling, Bantal, Kursi","Kloset Jongkok, K. Mandi Luar, Wastafel, Ember mandi","WiFi, R. Tamu, R. Jemur, R. Makan, R. Santai, Dapur, Jemuran, Rice Cooker, K. Mandi Luar","Parkir Motor, Parkir Sepeda",,https://mamikos.com/room/kost-kota-bandung-kost-putra-eksklusif-kost-studio-g4-tipe-a-cibeunying-kaler-bandung-2?redirection_source=landing%20area
Kost Bu Eti 2 Antapani Bandung,Rp850.000,Kecamatan Antapani,"3 x 4 meter, Termasuk listrik","Kasur, Meja, Lemari / Storage, Ventilasi, Jendela, Guling, Cermin, Bantal","Kloset Duduk, Kloset Jongkok, K. Mandi Luar, Ember mandi, Shower, Bak mandi","WiFi, R. Cuci, Kulkas, Mesin Cuci, R. Tamu, R. Jemur, Mushola, R. Santai, Dapur, Jemuran",Parkir Motor,,https://mamikos.com/room/kost-kota-bandung-kost-putri-murah-kost-bu-eti-2-antapani-bandung?redirection_source=landing%20area
Kost Amanah Cikutra Tipe C Cibeunying Kaler Bandung,Rp700.000,Kecamatan Cibeunying Kaler,"2.5 x 3 meter, Tidak termasuk listrik","Kasur, Meja, Lemari / Storage, Bantal","Kloset Jongkok, K. Mandi Luar, Ember mandi, Bak mandi","WiFi, R. Tamu, Penjaga Kos, R. Jemur, R. Makan, R. Santai, Dapur, Jemuran, Pengurus Kos, Rooftop","Parkir Motor, Parkir Sepeda, Parkir Motor & Sepeda",,https://mamikos.com/room/kost-kota-bandung-kost-putri-murah-kost-amanah-cikutra-tipe-c-cibeunying-kaler-bandung?redirection_source=landing%20area
Kost Razzaaq Mandalajati Bandung,Rp750.000,Mandalajati,"3 x 3 meter, Termasuk listrik","Kasur, Lemari / Storage, Bantal","Kloset Jongkok, K. Mandi Luar, Ember mandi","WiFi, Penjaga Kos, R. Jemur, Jemuran, CCTV, Balcon, K. Mandi Luar","Parkir Motor, Parkir Sepeda",,https://mamikos.com/room/kost-kota-bandung-kost-campur-murah-kost-razzaaq-mandalajati-bandung-2?redirection_source=landing%20area
Kost Nin Ae Tife F Mandalajati Bandung,Rp1.100.000,Kecamatan Mandalajati,"3 x 4 meter, Termasuk listrik","Kasur, Meja, Lemari / Storage, Ventilasi, Cermin, Bantal, Kursi, Cleaning service","Kloset Duduk, K. Mandi Luar, Wastafel, Shower, Air panas","WiFi, Penjaga Kos, Jemuran, Pengurus Kos, Jual Makanan, CCTV, Kartu Akses, K. Mandi Luar","Parkir Mobil, Parkir Motor, Parkir Sepeda, Parkir Motor & Sepeda",,https://mamikos.com/room/kost-kota-bandung-kost-campur-eksklusif-kost-nin-ae-tife-f-mandalajati-bandung?redirection_source=landing%20area
Kost Guyub Tipe A Cibeunying Kaler Bandung,Rp600.000,Cibeunying Kaler,"3 x 3 meter, Termasuk listrik","Kasur, Lemari / Storage, Guling, Cermin","Kloset Jongkok, K. Mandi Luar, Ember mandi","WiFi, R. Jemur, Jemuran, Pengurus Kos, CCTV, Balcon, K. Mandi Luar",Parkir Motor & Sepeda,,https://mamikos.com/room/kost-kota-bandung-kost-campur-murah-kost-guyub-tipe-a-cibeunying-kaler-bandung?redirection_source=landing%20area
Kost Cikutra Nyaman Cibeunying Kaler Bandung,Rp650.000,Kecamatan Cibeunying Kaler,"3 x 3 meter, Tidak termasuk listrik","Kasur, Meja, Lemari / Storage, Dapur Pribadi","K. Mandi Dalam, Ember mandi","WiFi, Jemuran, Pengurus Kos","Parkir Motor, Parkir Sepeda",,https://mamikos.com/room/kost-kota-bandung-kost-campur-murah-kost-cikutra-nyaman-cibeunying-kaler-bandung?redirection_source=landing%20area
Kost Sunrise Tipe A Cibeunying Kidul Bandung,Rp575.000,Cibeunying Kidul,"2.5 x 3 meter, Termasuk listrik","Kasur, Lemari / Storage, Ventilasi, Jendela, Bantal","Kloset Jongkok, K. Mandi Luar, Ember mandi","WiFi, R. Jemur, Dispenser, Dapur, Jemuran, K. Mandi Luar","Parkir Motor, Parkir Sepeda",,https://mamikos.com/room/kost-kota-bandung-kost-putri-murah-kost-sunrise-tipe-a-cibeunying-kidul-bandung?redirection_source=landing%20area
Kost Nin Ae Tipe A Mandalajati Bandung,Rp1.800.000,Kecamatan Mandalajati,"6 x 4 meter, Termasuk listrik","AC, Kasur, Lemari / Storage, Bantal, Kursi","K. Mandi Dalam, Kloset Duduk, K. Mandi Luar, Wastafel, Shower, Air panas","WiFi, Kulkas, Penjaga Kos, Dapur, Jemuran, Pengurus Kos, Jual Makanan, CCTV, Kartu Akses, K. Mandi Luar","Parkir Mobil, Parkir Motor, Parkir Sepeda, Parkir Motor & Sepeda",,https://mamikos.com/room/kost-kota-bandung-kost-campur-eksklusif-kost-nin-ae-tipe-a-mandalajati-bandung?redirection_source=landing%20area
Kost Baitul Jamil Guesthause Cimenyan Bandung,Rp1.600.000,Kecamatan Cimenyan,"5 x 3.5 meter, Tidak termasuk listrik","AC, Kasur, Lemari / Storage, Jendela, Cermin, Bantal, Kursi","K. Mandi Dalam, Kloset Duduk, Wastafel, Shower","R. Cuci, Kulkas, R. Tamu, R. Jemur, R. Makan, Mushola, R. Santai, Dispenser, Dapur, Jemuran","Parkir Mobil, Parkir Motor, Parkir Sepeda",,https://mamikos.com/room/kost-kabupaten-bandung-kost-putri-eksklusif-kost-baitul-jamil-guesthause-cimenyan-bandung?redirection_source=landing%20area
Kost Executive Home Stay Syariah Executive Family Antapani Bandung,Rp760.000,Antapani,"3 x 4 meter, Termasuk listrik","AC, Kasur, Dispenser, Meja, TV, Meja Rias, Lemari / Storage, Kulkas, Ventilasi, microwave","K. Mandi Dalam, Kloset Duduk, Kloset Jongkok, K. Mandi Luar, Wastafel, Ember mandi, Shower, Air panas, Bak mandi","WiFi, R. Cuci, Kulkas, Mesin Cuci, Laundry, R. Tamu, Penjaga Kos, R. Jemur, R. Makan, Mushola","Parkir Mobil, Parkir Motor, Parkir Sepeda, Parkir Motor & Sepeda",,https://mamikos.com/room/kost-kota-bandung-kost-campur-eksklusif-kost-executive-home-stay-syariah-executive-family-antapani-bandung?redirection_source=landing%20area
Kost Cikampek 16 Antapani Bandung,Rp650.000,Antapani,"3 x 3 meter, Termasuk listrik","Kasur, Lemari / Storage, Guling, Bantal","Kloset Duduk, K. Mandi Luar, Ember mandi","WiFi, R. Cuci, Kulkas, Mesin Cuci, R. Jemur, R. Makan, R. Santai, Dapur, Jemuran, Pengurus Kos","Parkir Motor, Parkir Sepeda",,https://mamikos.com/room/kost-kota-bandung-kost-putri-murah-kost-cikampek-16-antapani-bandung-1?redirection_source=landing%20area
Kost Sintia Tipe A Kiaracondong Bandung,Rp1.000.000,Kecamatan Kiaracondong,"3 x 4 meter, Termasuk listrik",,Ember mandi,"WiFi, R. Jemur, Dapur, Jemuran",Parkir Motor,,https://mamikos.com/room/kost-kota-bandung-kost-campur-eksklusif-kost-sintia-tipe-a-kiaracondong-bandung?redirection_source=landing%20area
Kost Pondok Ina 1 Tipe A Kiaracondong Bandung,Rp900.000,Kiaracondong,"3 x 2.5 meter, Tidak termasuk listrik","Ventilasi, Jendela, Dapur Pribadi, Wastafel","K. Mandi Dalam, Kloset Jongkok","WiFi, R. Tamu, Penjaga Kos, Dapur, Jemuran, Pengurus Kos, CCTV, Rooftop, Balcon","Parkir Motor, Parkir Sepeda, Parkir Motor & Sepeda",,https://mamikos.com/room/kost-kota-bandung-kost-campur-murah-kost-pondok-ina-1-tipe-a-kiaracondong-bandung?redirection_source=landing%20area
Kost Batik Ayu Cibeunying Kaler Bandung,Rp1.300.000,Cibeunying Kaler,"3 x 4 meter, Termasuk listrik","Kasur, Meja, Lemari / Storage, Ventilasi, Jendela, Cermin, Bantal, Kursi","K. Mandi Dalam, Kloset Duduk, Shower","WiFi, Kulkas, R. Tamu, R. Jemur, R. Santai, Dapur, Jemuran","Parkir Mobil, Parkir Motor, Parkir Sepeda",,https://mamikos.com/room/kost-bandung-kost-putra-eksklusif-kost-batik-ayu-cibeunying-kaler-bandung?redirection_source=landing%20area
Kost Rengganis Standar Cibeunying Kaler Bandung,Rp650.000,Cibeunying Kaler,"3 x 3 meter, Termasuk listrik",Kasur,"Kloset Jongkok, K. Mandi Luar, Wastafel, Ember mandi","WiFi, R. Jemur, R. Santai, Dapur, Jemuran, Pengurus Kos, CCTV, R. Keluarga, K. Mandi Luar","Parkir Motor, Parkir Motor & Sepeda",,https://mamikos.com/room/kost-kota-bandung-kost-putri-murah-kost-rengganis-standar-cibeunying-kaler-bandung-2?redirection_source=landing%20area
Kost Patma Tipe C Cibeunying Kaler Bandung,Rp1.080.000,Kecamatan Cibeunying Kaler,"2.5 x 3 meter, Tidak termasuk listrik","Kasur, Meja, Lemari / Storage, Cermin, Bantal",K. Mandi Dalam,"Kulkas, R. Tamu, Dapur, Pengurus Kos",Parkir Motor & Sepeda,,https://mamikos.com/room/kost-kota-bandung-kost-putri-eksklusif-kost-patma-tipe-c-cibeunying-kaler-bandung-2?redirection_source=landing%20area
Kost Widyatama Tipe Vip Cibeunying Kidul Bandung,Rp750.000,Cibeunying Kidul,"3 x 4 meter, Termasuk listrik","Kasur, Meja, Lemari / Storage, Ventilasi, Jendela, Bantal","Kloset Duduk, Kloset Jongkok, K. Mandi Luar, Ember mandi, Bak mandi","Kulkas, Penjaga Kos, R. Jemur, R. Makan, R. Santai, Dapur, Jemuran, Balcon, Taman, K. Mandi Luar","Parkir Motor, Parkir Sepeda, Parkir Motor & Sepeda",,https://mamikos.com/room/kost-kota-bandung-kost-putri-murah-kost-widyatama-tipe-vip-cibeunying-kidul-bandung?redirection_source=landing%20area
Kost Pondok Salsabila Tipe 1 Cibeunying Kidul Bandung,Rp750.000,Cibeunying Kidul,"3 x 3 meter, Tidak termasuk listrik","Kasur, Bantal","K. Mandi Dalam, Kloset Jongkok, K. Mandi Luar, Shower","R. Jemur, Mushola, R. Santai, Jemuran, Pengurus Kos, K. Mandi Luar","Parkir Motor, Parkir Sepeda",,https://mamikos.com/room/kost-kota-bandung-kost-campur-murah-kost-pondok-salsabila-tipe-1-cibeunying-kidul-bandung?redirection_source=landing%20area
Kost Bengawan 83 Tipe C1 Bandung Wetan Bandung,Rp1.250.000,Kecamatan Bandung Wetan,"3.2 x 3.2 meter, Termasuk listrik","Kasur, Meja, Lemari / Storage, Ventilasi, Jendela, Cermin, Bantal, Kursi, Kipas Angin, Cleaning service","Kloset Duduk, K. Mandi Luar, Shower, Air panas","WiFi, R. Cuci, Kulkas, Mesin Cuci, R. Tamu, Penjaga Kos, R. Jemur, R. Makan, R. Santai, Dispenser","Parkir Mobil, Parkir Motor, Parkir Sepeda",,https://mamikos.com/room/kost-kota-bandung-kost-campur-eksklusif-kost-bengawan-83-tipe-c1-bandung-wetan-bandung-2?redirection_source=landing%20area
Kost Bengawan 83 Tipe B Bandung Wetan Bandung,Rp1.350.000,Bandung Wetan,"3.5 x 3.5 meter, Termasuk listrik","Kasur, Meja, Lemari / Storage, Ventilasi, Jendela, Cermin, Bantal, Kursi, Kipas Angin, Cleaning service","Kloset Duduk, K. Mandi Luar, Shower, Air panas","WiFi, R. Cuci, Kulkas, Mesin Cuci, R. Tamu, Penjaga Kos, R. Jemur, R. Makan, R. Santai, Dispenser","Parkir Mobil, Parkir Motor, Parkir Sepeda",,https://mamikos.com/room/kost-kota-bandung-kost-campur-eksklusif-kost-bengawan-83-tipe-b-bandung-wetan-bandung-2?redirection_source=landing%20area
Kost Muararajeun Lama 1 Tipe D Cibeunying Kaler Bandung,Rp725.000,Cibeunying Kaler,"3 x 4 meter, Termasuk listrik","Kasur, Meja, Lemari / Storage, Ventilasi, Jendela, Bantal, Wastafel","Kloset Jongkok, K. Mandi Luar, Ember mandi","WiFi, Penjaga Kos, R. Jemur, Jemuran, Jual Makanan, K. Mandi Luar","Parkir Motor, Parkir Sepeda, Parkir Motor & Sepeda",,https://mamikos.com/room/kost-kota-bandung-kost-campur-eksklusif-kost-muararajeun-lama-1-tipe-d-cibeunying-kaler-bandung-2?redirection_source=landing%20area
Kost Tutu Cibeunying Kidul Bandung,Rp1.000.000,Cibeunying Kidul,"3 x 4 meter, Tidak termasuk listrik","Kasur, Lemari / Storage, Ventilasi, Jendela","K. Mandi Dalam, Kloset Jongkok, Shower","WiFi, R. Santai, Dapur, TV",Parkir Motor,,https://mamikos.com/room/kost-kota-bandung-kost-putri-eksklusif-kost-tutu-cibeunying-kidul-bandung?redirection_source=landing%20area
Kost Palm Bridge Tipe D Cimenyan Bandung,Rp950.000,Cimenyan,"3 x 5 meter, Termasuk listrik","Kasur, Meja, Lemari / Storage","Kloset Duduk, K. Mandi Luar",WiFi,,,https://mamikos.com/room/kost-kabupaten-bandung-kost-putra-eksklusif-kost-palm-bridge-tipe-d-cimenyan-bandung-1?redirection_source=landing%20area
Kost Divara Luxury Kamar Utama Cibeunying Kaler Bandung,Rp1.600.000,Kecamatan Cibeunying Kaler,"3 x 3 meter, Tidak termasuk listrik","AC, Kasur, Meja, TV, Lemari / Storage, Ventilasi, Jendela, Bantal, Kursi","K. Mandi Dalam, Kloset Duduk, Shower, Air panas","WiFi, Kulkas, Laundry, Penjaga Kos, R. Jemur, R. Santai, Dapur, Jemuran, CCTV, Kartu Akses","Parkir Motor, Parkir Motor & Sepeda",,https://mamikos.com/room/kost-kota-bandung-kost-campur-eksklusif-kost-divara-luxury-kamar-utama-cibeunying-kaler-bandung-2?redirection_source=landing%20area
Kost Bidan Maria 2 Antapani Bandung,Rp850.000,Antapani,"3 x 4 meter, Tidak termasuk listrik","Lemari / Storage, Cleaning service",Ember mandi,"WiFi, R. Jemur, Dapur, Pengurus Kos, CCTV, K. Mandi Luar","Parkir Motor, Parkir Sepeda",,https://mamikos.com/room/kost-bandung-kost-campur-murah-kost-bidan-maria-antapani-bandung?redirection_source=landing%20area
Kost DGreen Cibeunying Kaler Bandung,Rp1.100.000,Cibeunying Kaler,"3 x 4 meter, Tidak termasuk listrik","Kasur, Lemari / Storage","K. Mandi Dalam, Ember mandi, Bak mandi","WiFi, Dapur, Pengurus Kos",Parkir Motor,,https://mamikos.com/room/kost-kota-bandung-kost-putri-eksklusif-kost-dgreen-cibeunying-kaler-bandung?redirection_source=landing%20area
Kost Bu Sur Tipe A Cibeunying Kidul Bandung,Rp600.000,Kecamatan Cibeunying Kidul,"2 x 2 meter, Termasuk listrik","Kasur, Meja, Lemari / Storage, Ventilasi, Jendela, Cermin, Bantal, Kursi","Kloset Duduk, Kloset Jongkok, K. Mandi Luar, Ember mandi, Shower, Bak mandi","WiFi, R. Jemur, R. Santai, Dispenser, Dapur, Jemuran, Pengurus Kos, Balcon, Taman, TV","Parkir Motor, Parkir Sepeda",,https://mamikos.com/room/kost-kota-bandung-kost-putri-murah-kost-bu-sur-tipe-a-cibeunying-kidul-bandung?redirection_source=landing%20area
Kost Dmt Hemat Cibeunying Kidul Bandung,Rp399.000,Cibeunying Kidul,"3 x 4 meter, Tidak termasuk listrik","Kasur, Lemari / Storage, Meja makan, Wastafel, Kursi","Kloset Duduk, Ember mandi","WiFi, R. Tamu, Penjaga Kos, R. Jemur, R. Makan, R. Santai, Dapur, Balcon",Parkir Motor,,https://mamikos.com/room/kost-kota-bandung-kost-putri-murah-kost-dmt-hemat-cibeunying-kidul-bandung-2?redirection_source=landing%20area
Kost Berry Budi Tipe A Cibeunying Kidul Bandung,Rp650.000,Kecamatan Cibeunying Kidul,"3 x 3 meter, Termasuk listrik","Kasur, Meja, Lemari / Storage","Kloset Duduk, Kloset Jongkok, K. Mandi Luar, Bak mandi","WiFi, Kulkas, R. Jemur, R. Santai, Dapur, CCTV, Kartu Akses, TV, K. Mandi Luar","Parkir Motor, Parkir Sepeda, Parkir Motor & Sepeda",,https://mamikos.com/room/kost-kota-bandung-kost-campur-murah-kost-berry-budi-tipe-a-cibeunying-kidul-bandung?redirection_source=landing%20area
Kost Elroi Bojong Koneng Atas Cikutra Tipe C Cimenyan Bandung,Rp1.500.000,Cimenyan,"4 x 4 meter, Tidak termasuk listrik","Kasur, Meja, Lemari / Storage, Ventilasi, Jendela, Guling, Cermin, Bantal, Kursi, Kipas Angin","K. Mandi Dalam, Kloset Duduk, Ember mandi, Shower, Air panas","WiFi, Kulkas, R. Tamu, Penjaga Kos, R. Jemur, R. Makan, R. Santai, Dispenser, Dapur, Jemuran","Parkir Motor, Parkir Motor & Sepeda",,https://mamikos.com/room/kost-kabupaten-bandung-kost-putra-eksklusif-kost-elroi-bojong-koneng-atas-cikutra-tipe-c-cimenyan-bandung-2?redirection_source=landing%20area
Kost Gemilang Berkah Tipe A Cimenyan Bandung,Rp750.000,Kecamatan Cimenyan,"3 x 3 meter, Termasuk listrik","Kasur, Lemari / Storage, Ventilasi, Jendela","Kloset Jongkok, Ember mandi, Bak mandi","WiFi, R. Cuci, R. Tamu, R. Santai, Dapur, Jemuran, R. Keluarga, K. Mandi Luar","Parkir Motor, Parkir Sepeda",,https://mamikos.com/room/kost-bandung-kost-putra-murah-kost-gemilang-berkah-tipe-a-cimenyan-bandung?redirection_source=landing%20area
Kost Keys Co Living Deluxe Balcony Cibeunying Kidul Bandung,Rp2.500.000,Cibeunying Kidul,"3 x 4 meter, Tidak termasuk listrik","AC, Kasur, Meja, Lemari / Storage, microwave, Jendela, Guling, Cermin, Bantal, Kursi","K. Mandi Dalam, Kloset Duduk, Shower, Air panas","WiFi, R. Cuci, Kulkas, Mesin Cuci, Penjaga Kos, R. Jemur, R. Makan, Mushola, Dispenser, Dapur","Parkir Mobil, Parkir Motor",,https://mamikos.com/room/kost-kota-bandung-kost-campur-eksklusif-kost-keys-co-living-deluxe-balcony-cibeunying-kidul-bandung-2?redirection_source=landing%20area
Kost Crysant House Tipe B Cibeunying Kaler Bandung,Rp1.350.000,Cibeunying Kaler,"3 x 4 meter, Tidak termasuk listrik","Kasur, Meja, Lemari / Storage, Ventilasi, Jendela, Kursi","K. Mandi Dalam, Kloset Duduk, Wastafel, Shower, Air panas","WiFi, Penjaga Kos, R. Jemur, R. Santai, Dapur, Jemuran, Pengurus Kos, CCTV, Joglo","Parkir Mobil, Parkir Motor, Parkir Sepeda",,https://mamikos.com/room/kost-kota-bandung-kost-campur-eksklusif-kost-crysant-house-tipe-b-cibeunying-kaler-bandung?redirection_source=landing%20area
Kost Sukapada Cibeunying Kidul Bandung,Rp750.000,Cibeunying Kidul,"3 x 3 meter, Termasuk listrik","Kasur, Meja, Lemari / Storage, Ventilasi, Jendela, Cermin","Kloset Jongkok, K. Mandi Luar, Shower","R. Cuci, Kulkas, Penjaga Kos, R. Jemur, Dapur, Jemuran, Pengurus Kos, Balcon, Taman, K. Mandi Luar","Parkir Motor, Parkir Sepeda",,https://mamikos.com/room/kost-kota-bandung-kost-putri-murah-kost-sukapada-cibeunying-kidul-bandung?redirection_source=landing%20area
Kost Manteron Tipe A Cibeunying Kaler Bandung,Rp900.000,Kecamatan Cibeunying Kaler,"2 x 3 meter, Tidak termasuk listrik","Kasur, Meja, Lemari / Storage, Cermin, Bantal","Kloset Jongkok, K. Mandi Luar, Ember mandi","WiFi, Mushola, Dapur, Jemuran, Pengurus Kos, Jual Makanan, Balcon, K. Mandi Luar",Parkir Motor,,https://mamikos.com/room/kost-kota-bandung-kost-putra-eksklusif-kost-manteron-tipe-a-cibeunying-kaler-bandung?redirection_source=landing%20area
Kost Bjk 04 Tipe A Cibeunying Kaler Bandung,Rp600.000,Kecamatan Cibeunying Kaler,"3 x 3 meter, Termasuk listrik","Kasur, Meja, Lemari / Storage, Jendela, Cermin, Kursi","Kloset Jongkok, K. Mandi Luar, Ember mandi, Bak mandi","WiFi, Kulkas, R. Tamu, Dapur, CCTV, K. Mandi Luar",Parkir Motor & Sepeda,,https://mamikos.com/room/kost-kota-bandung-kost-putra-murah-kost-bjk-04-tipe-a-cibeunying-kaler-bandung-2?redirection_source=landing%20area
Kost Sukamulus Cibeunying Kidul Bandung,Rp450.000,Cibeunying Kidul,"3 x 3 meter, Termasuk listrik","Kasur, Meja, Ventilasi, Jendela, Cermin, Bantal, Cleaning service","Kloset Jongkok, K. Mandi Luar, Ember mandi, Shower, Bak mandi","WiFi, R. Cuci, Penjaga Kos, R. Jemur, Dispenser, Dapur, Jemuran, Pengurus Kos, CCTV, Gazebo","Parkir Mobil, Parkir Motor, Parkir Sepeda",,https://mamikos.com/room/kost-kota-bandung-kost-campur-murah-kost-sukamulus-cibeunying-kidul-bandung?redirection_source=landing%20area
Kost Elroi Bojong Koneng Atas Cikutra Tipe B Cimenyan Bandung,Rp1.600.000,Cimenyan,"3 x 4 meter, Tidak termasuk listrik","AC, Kasur, Meja, Lemari / Storage, Ventilasi, Jendela, Guling, Cermin, Bantal, Kursi","K. Mandi Dalam, Kloset Duduk, Ember mandi, Shower, Air panas","WiFi, Kulkas, R. Tamu, Penjaga Kos, R. Jemur, R. Makan, R. Santai, Dispenser, Dapur, Jemuran","Parkir Motor, Parkir Motor & Sepeda",,https://mamikos.com/room/kost-kabupaten-bandung-kost-putra-eksklusif-kost-elroi-bojong-koneng-atas-cikutra-tipe-b-cimenyan-bandung?redirection_source=landing%20area
Kost Kilsha Sma Yas Cibeunying Kidul Bandung,Rp900.000,Cibeunying Kidul,"3 x 4 meter, Termasuk listrik","Kasur, Meja, Lemari / Storage, Ventilasi, Jendela, Kursi","K. Mandi Dalam, Kloset Duduk, Kloset Jongkok, Ember mandi, Shower","WiFi, R. Cuci, Laundry, R. Tamu, R. Jemur, R. Makan, R. Santai, Dapur, Jual Makanan, Balcon","Parkir Motor, Parkir Sepeda",,https://mamikos.com/room/kost-bandung-kost-putra-murah-kost-kilsha-sma-yas-cibeunying-kidul-bandung?redirection_source=landing%20area
Kost Pak Resmana Cibeunying Kidul Bandung,Rp750.000,Kecamatan Cibeunying Kidul,"3.5 x 2 meter, Termasuk listrik","Kasur, Lemari / Storage","K. Mandi Dalam, Kloset Jongkok, Ember mandi","WiFi, Penjaga Kos, R. Jemur, Dispenser, Dapur, Jemuran, Pengurus Kos, Jual Makanan, Rooftop, Gazebo",,,https://mamikos.com/room/kost-kota-bandung-kost-putri-murah-kos-pak-resmana-cibeunying-kidul-bandung-2?redirection_source=landing%20area
Kost Evelyn Home Tipe 2 Cibeunying Kidul Bandung,Rp750.000,Cibeunying Kidul,"3 x 4 meter, Termasuk listrik","Kasur, Lemari / Storage, Cermin","K. Mandi Dalam, Kloset Jongkok, Ember mandi","WiFi, R. Jemur, Dapur",,,https://mamikos.com/room/kost-kota-bandung-kost-putri-murah-kost-evelyn-home-tipe-2-cibeunying-kidul-bandung?redirection_source=landing%20area
Kost Itenas Widyatama Ekuitas 1 Tipe B Cibeunying Kidul Bandung,Rp850.000,Cibeunying Kidul,"3 x 4 meter, Termasuk listrik","Kasur, Lemari / Storage, Ventilasi, Jendela, Bantal","K. Mandi Dalam, Kloset Jongkok, Ember mandi","WiFi, Penjaga Kos, R. Jemur, Dapur, Jemuran, Pengurus Kos, CCTV","Parkir Motor, Parkir Sepeda",,https://mamikos.com/room/kost-kota-bandung-kost-putra-murah-kost-itenas-widyatama-ekuitas-1-tipe-b-cibeunying-kidul-bandung?redirection_source=landing%20area
Kost Sidomukti 30 Tipe A Cibeunying Kaler Bandung,Rp925.000,Kecamatan Cibeunying Kaler,"3 x 3 meter, Termasuk listrik","Kasur, Meja, Lemari / Storage, Jendela, Bantal, Kursi","Kloset Duduk, Kloset Jongkok, K. Mandi Luar, Wastafel, Shower, Air panas, Bak mandi","WiFi, R. Cuci, Kulkas, Mesin Cuci, R. Tamu, R. Jemur, Jemuran, R. Keluarga, K. Mandi Luar","Parkir Mobil, Parkir Motor, Parkir Sepeda, Parkir Motor & Sepeda",,https://mamikos.com/room/kost-kota-bandung-kost-putra-murah-kost-sidomukti-30-tipe-a-cibeunying-kaler-bandung-2?redirection_source=landing%20area
Kost Sindang Sari Tipe B Antapani Bandung,Rp700.000,Antapani,"3 x 4 meter, Termasuk listrik","Kasur, Meja, Lemari / Storage, Ventilasi, Guling, Cermin, Bantal, Wastafel","Kloset Jongkok, K. Mandi Luar, Wastafel, Ember mandi, Bak mandi","WiFi, Laundry, Penjaga Kos, R. Jemur, R. Santai, Dapur, Jemuran, Pengurus Kos, Jual Makanan, CCTV","Parkir Mobil, Parkir Motor, Parkir Sepeda",,https://mamikos.com/room/kost-kota-bandung-kost-putra-murah-kost-sindang-sari-tipe-b-antapani-bandung?redirection_source=landing%20area
Kost Ase Maria Tipe A Antapani Bandung,Rp750.000,Antapani,"3 x 4 meter, Termasuk listrik","Kasur, Meja, Lemari / Storage, Jendela, Bantal","Kloset Duduk, Kloset Jongkok, K. Mandi Luar, Ember mandi, Bak mandi","WiFi, R. Makan, R. Santai, Dispenser, Dapur, Jemuran, K. Mandi Luar",Parkir Motor,,https://mamikos.com/room/kost-kota-bandung-kost-campur-murah-kost-ase-maria-tipe-a-antapani-bandung?redirection_source=landing%20area
Kost Sazara Cibeunying Kidul Bandung,Rp1.000.000,Cibeunying Kidul,"3 x 4 meter, Termasuk listrik","Kasur, Meja, Lemari / Storage, Jendela, Bantal","K. Mandi Dalam, Kloset Jongkok, K. Mandi Luar, Ember mandi","WiFi, R. Cuci, Kulkas, Penjaga Kos, R. Jemur, Mushola, Dapur, Jemuran, CCTV, Balcon","Parkir Mobil, Parkir Motor, Parkir Sepeda, Parkir Motor & Sepeda",,https://mamikos.com/room/kost-kota-bandung-kost-putri-murah-kost-sazara-cibeunying-kidul-bandung-2?redirection_source=landing%20area
Kost Anyer Batununggal Bandung,Rp750.000,Kecamatan Batununggal,"3 x 3 meter, Termasuk listrik","Kasur, Guling, Bantal","Kloset Duduk, K. Mandi Luar, Bak mandi","WiFi, R. Jemur, Dispenser, Dapur, Jemuran, K. Mandi Luar","Parkir Mobil, Parkir Motor, Parkir Sepeda",,https://mamikos.com/room/kost-kota-bandung-kost-putri-murah-kost-anyer-batununggal-bandung?redirection_source=landing%20area
Kost No 73 Tipe A Cibeunying Kaler Bandung,Rp1.000.000,Cibeunying Kaler,"3 x 3 meter, Tidak termasuk listrik","Kasur, Meja, Lemari / Storage, Kursi","Kloset Duduk, K. Mandi Luar, Ember mandi, Bak mandi","WiFi, Laundry, R. Jemur, R. Santai, Dapur","Parkir Mobil, Parkir Motor, Parkir Sepeda",,https://mamikos.com/room/kost-kota-bandung-kost-putra-eksklusif-kost-no-73-tipe-a-cibeunying-kaler-bandung?redirection_source=landing%20area
Kost Casseyo Tipe B Kiaracondong Bandung,Rp750.000,Kecamatan Kiaracondong,"4 x 5 meter, Tidak termasuk listrik","Ventilasi, Jendela, Dapur Pribadi, Wastafel","K. Mandi Dalam, Kloset Jongkok, Ember mandi","R. Jemur, Jemuran","Parkir Motor, Parkir Sepeda",,https://mamikos.com/room/kost-kota-bandung-kost-campur-murah-kost-casseyo-tipe-b-terusan-jl-jakarta-kecamatan-kiaracondong-bandung?redirection_source=landing%20area
Kost Sumitra Tipe A Cibeunying Kaler Bandung,Rp1.200.000,Kecamatan Cibeunying Kaler,"3 x 2.5 meter, Tidak termasuk listrik","Kasur, Meja, Kursi","K. Mandi Dalam, Kloset Duduk, Shower","WiFi, R. Cuci, R. Jemur, R. Santai",Parkir Motor,,https://mamikos.com/room/kost-kota-bandung-kost-putri-eksklusif-kost-sumitra-tipe-a-cibeunying-kaler-bandung?redirection_source=landing%20area
Kost Bale Sunda Besar Cibeunying Kaler Bandung,Rp1.200.000,Cibeunying Kaler,"3 x 4 meter, Termasuk listrik","Kasur, Dispenser, Meja, Lemari / Storage, Kursi, Cleaning service","K. Mandi Dalam, Kloset Duduk, Wastafel, Ember mandi","WiFi, Penjaga Kos, R. Jemur, Mushola, Dispenser, Dapur, K. Mandi Luar","Parkir Mobil, Parkir Motor, Parkir Sepeda",,https://mamikos.com/room/kost-kota-bandung-kost-campur-eksklusif-kost-bale-sunda-besar-cibeunying-kaler-bandung-1?redirection_source=landing%20area
Kost Pinta Pahlawan Cibeunying Kidul Bandung,Rp600.000,Kecamatan Cibeunying Kidul,"3 x 4 meter, Termasuk listrik","Kasur, Lemari / Storage, Ventilasi","Kloset Jongkok, K. Mandi Luar, Ember mandi, Bak mandi","WiFi, Jemuran, CCTV, Balcon, K. Mandi Luar",,,https://mamikos.com/room/kost-kota-bandung-kost-putri-murah-kost-pinta-pahlawan-cibeunying-kidul-bandung-2?redirection_source=landing%20area
Kost Batik Ayu Cibeunying Kaler Bandung,Rp1.300.000,Cibeunying Kaler,"3 x 4 meter, Termasuk listrik","Kasur, Meja, Lemari / Storage, Ventilasi, Jendela, Cermin, Bantal, Kursi","K. Mandi Dalam, Kloset Duduk, Shower","WiFi, Kulkas, R. Tamu, R. Jemur, R. Santai, Dapur, Jemuran","Parkir Mobil, Parkir Motor, Parkir Sepeda",,https://mamikos.com/room/kost-bandung-kost-putra-eksklusif-kost-batik-ayu-cibeunying-kaler-bandung?redirection_source=landing%20area
Kost Nyaman Murah Cimenyan Bandung,Rp600.000,Kecamatan Cimenyan,"3 x 3 meter, Termasuk listrik",Kasur,"Kloset Jongkok, K. Mandi Luar, Ember mandi","WiFi, R. Jemur, Pengurus Kos, CCTV",Parkir Motor & Sepeda,,https://mamikos.com/room/kost-kabupaten-bandung-kost-campur-murah-kost-nyaman-murah-cimenyan-bandung?redirection_source=landing%20area
Kost Megumi Cikutra 4 Cibeunying Kidul Bandung,Rp1.100.000,Kecamatan Cibeunying Kidul,"3 x 4 meter, Tidak termasuk listrik","Kasur, Meja, Lemari / Storage, Jendela, Guling, Bantal, Kursi","K. Mandi Dalam, Kloset Duduk, Ember mandi, Shower, Air panas","WiFi, Kulkas, R. Tamu, Penjaga Kos, R. Jemur, R. Makan, R. Santai, Dispenser, Dapur, Jemuran","Parkir Mobil, Parkir Motor, Parkir Sepeda, Parkir Motor & Sepeda",,https://mamikos.com/room/kost-kota-bandung-kost-putri-eksklusif-kost-megumi-cikutra-4-cibeunying-kidul-bandung?redirection_source=landing%20area
Kost 19C Tipe D Kiaracondong Bandung,Rp1.500.000,Kiaracondong,"3 x 4 meter, Termasuk listrik","Kasur, Lemari / Storage, Ventilasi, Jendela, Cermin, Bantal","K. Mandi Dalam, Kloset Duduk, Wastafel, Shower, Air panas","WiFi, Jemuran, Pengurus Kos, CCTV, Balcon",Parkir Motor & Sepeda,,https://mamikos.com/room/kost-kota-bandung-kost-campur-eksklusif-kost-19c-tipe-d-kiaracondong-bandung?redirection_source=landing%20area
Kost Dmt Cicadas Batununggal Bandung,Rp500.000,Kecamatan Batununggal,"3 x 4 meter, Tidak termasuk listrik","Kasur, Lemari / Storage, Ventilasi, Jendela, Cermin, Bantal","Kloset Jongkok, Ember mandi, Bak mandi","WiFi, R. Cuci, Penjaga Kos, R. Jemur, Mushola, Dispenser, Dapur, Pengurus Kos, CCTV, Taman","Parkir Motor, Parkir Sepeda, Parkir Motor & Sepeda",,https://mamikos.com/room/kost-kota-bandung-kost-putri-murah-kost-dmt-cicadas-batununggal-bandung?redirection_source=landing%20area
Kost Cikutra Babakan Sukapada Bandung,Rp475.000,Cibeunying Kidul,"2.3 x 3 meter, Termasuk listrik","Kasur, Meja, Lemari / Storage, Kursi","K. Mandi Dalam, Kloset Jongkok, Ember mandi","R. Jemur, Dapur","Parkir Motor, Parkir Sepeda",,https://mamikos.com/room/kost-kota-bandung-kost-putra-murah-kost-cikutra-babakan-sukapada-bandung?redirection_source=landing%20area
Kost Alshab Tipe C Cimenyan Bandung,Rp775.000,Cimenyan,"3 x 4 meter, Tidak termasuk listrik","Kasur, Lemari / Storage, Ventilasi, Jendela, Bantal","K. Mandi Dalam, Kloset Jongkok, Ember mandi, Shower","WiFi, R. Jemur, Dapur, Jemuran, Pengurus Kos",Parkir Motor,,https://mamikos.com/room/kost-kabupaten-bandung-kost-campur-eksklusif-kost-alshab-tipe-c-cimenyan-bandung?redirection_source=landing%20area
Kost Nur Muhaji Tipe F Batununggal Bandung,Rp1.200.000,Batununggal,"3 x 4 meter, Tidak termasuk listrik","Kasur, Lemari / Storage, Ventilasi, Jendela, Guling, Bantal","K. Mandi Dalam, Kloset Duduk, Ember mandi","WiFi, Laundry, Penjaga Kos, Jemuran, Pengurus Kos, CCTV","Parkir Motor, Parkir Motor & Sepeda",,https://mamikos.com/room/kost-kota-bandung-kost-campur-eksklusif-kost-nur-muhaji-tipe-f-batununggal-bandung?redirection_source=landing%20area
Kost Pondok Salsabila Tipe 2 Cibeunying Kidul Bandung,Rp800.000,Kecamatan Cibeunying Kidul,"2 x 3 meter, Tidak termasuk listrik","Kasur, Bantal","K. Mandi Dalam, Kloset Jongkok, K. Mandi Luar, Ember mandi, Shower, Bak mandi","WiFi, R. Cuci, Penjaga Kos, R. Jemur, Mushola, R. Santai, Dapur, Jemuran, Pengurus Kos, K. Mandi Luar",Parkir Motor,,https://mamikos.com/room/kost-kota-bandung-kost-campur-murah-kost-pondok-salsabila-tipe-2-cibeunying-kidul-bandung-2?redirection_source=landing%20area
Kost Pabu Ohim Executive Antapani Bandung,Rp800.000,Kecamatan Antapani,"3 x 4 meter, Termasuk listrik","Meja, Jendela","K. Mandi Dalam, Kloset Jongkok, K. Mandi Luar, Ember mandi","WiFi, R. Cuci, Kulkas, Mesin Cuci, R. Jemur, Jemuran, Rooftop, Balcon, Gazebo","Parkir Mobil, Parkir Motor, Parkir Sepeda, Parkir Motor & Sepeda",,https://mamikos.com/room/kost-kota-bandung-kost-putri-murah-kost-pabu-ohim-executive-antapani-bandung-2?redirection_source=landing%20area
Kost Boarding House Naga Malim Tipe D Cibeunying Kidul Bandung,Rp750.000,Cibeunying Kidul,"3 x 3 meter, Tidak termasuk listrik",Jendela,Kloset Jongkok,"R. Santai, Dapur, Pengurus Kos, CCTV, K. Mandi Luar","Parkir Motor, Parkir Sepeda",,https://mamikos.com/room/kost-bandung-kost-campur-murah-kost-boarding-house-naga-malim-cibeunying-kidul-bandung-1?redirection_source=landing%20area
Kost Studio G4 Tipe B Cibeunying Kaler Bandung,Rp960.000,Kecamatan Cibeunying Kaler,"3 x 2 meter, Termasuk listrik","Kasur, Meja, Lemari / Storage, Ventilasi, Jendela, Guling, Cermin, Bantal, Kursi","Kloset Jongkok, K. Mandi Luar, Wastafel, Ember mandi","WiFi, R. Jemur, R. Makan, R. Santai, Dapur, Jemuran, Rice Cooker, Balcon, K. Mandi Luar","Parkir Motor, Parkir Sepeda",,https://mamikos.com/room/kost-kota-bandung-kost-putra-eksklusif-kost-studio-g4-tipe-b-cibeunying-kaler-bandung?redirection_source=landing%20area
Kost Atlas Kiaracondong Bandung,Rp850.000,Kiaracondong,"3 x 3 meter, Tidak termasuk listrik",,K. Mandi Dalam,WiFi,Parkir Mobil,,https://mamikos.com/room/kost-bandung-kost-campur-murah-kost-atlas-kiaracondong-bandung?redirection_source=landing%20area
Kost Humaira Cibeunying Kaler Bandung,Rp1.200.000,Kecamatan Cibeunying Kaler,"2 x 3.5 meter, Tidak termasuk listrik","Kasur, Meja, Lemari / Storage, Ventilasi, Jendela, Cermin, Kursi","K. Mandi Dalam, Kloset Duduk, Wastafel, Shower","WiFi, R. Tamu, Penjaga Kos, R. Jemur, R. Makan, R. Santai, Dapur, Pengurus Kos, Jual Makanan, CCTV","Parkir Motor, Parkir Sepeda, Parkir Motor & Sepeda",,https://mamikos.com/room/kost-kota-bandung-kost-putri-eksklusif-humaira-kost-putri-cibeunying-kaler-bandung?redirection_source=landing%20area
Kost Cikaso 86E Cibeunying Kidul Bandung,Rp1.350.000,Cibeunying Kidul,"3 x 3 meter, Tidak termasuk listrik","AC, Kasur, Meja, Lemari / Storage, Ventilasi","K. Mandi Dalam, Kloset Duduk, Shower, Air panas","R. Cuci, Penjaga Kos, R. Makan, R. Santai, Dapur, TV","Parkir Mobil, Parkir Motor",,https://mamikos.com/room/kost-kota-bandung-kost-putra-eksklusif-kost-cikaso-86e-cibeunying-kidul-bandung-?redirection_source=landing%20area
Kost Orange Tipe C Cikondang Coblong Bandung,Rp750.000,Coblong,"4 x 4 meter, Termasuk listrik","Kasur, Meja, Lemari / Storage, Kursi","Kloset Jongkok, K. Mandi Luar, Ember mandi, Shower","WiFi, Kulkas, R. Jemur, Dispenser, Dapur, Balcon, TV",Parkir Motor,,https://mamikos.com/room/kost-kota-bandung-kost-campur-murah-kost-orange-tipe-c-cikondang-coblong-bandung?redirection_source=landing%20area
Kost Ibu Sri Antapani Bandung,Rp1.200.000,Antapani,"3 x 3 meter, Termasuk listrik","Kasur, Dispenser, Meja, Meja Rias, Lemari / Storage","Kloset Duduk, K. Mandi Luar, Shower, Air panas","WiFi, R. Cuci, Kulkas, Mesin Cuci, Laundry, R. Tamu, R. Jemur, R. Makan, R. Santai, Dispenser","Parkir Motor, Parkir Sepeda",,https://mamikos.com/room/kost-bandung-kost-putra-eksklusif-kost-ibu-sri-antapani-bandung-1?redirection_source=landing%20area
Kost Boarding House Naga Malim With Kitchen Outside Tipe B Cibeunying Kidul Bandung,Rp900.000,Cibeunying Kidul,"3 x 3 meter, Tidak termasuk listrik",Jendela,Kloset Jongkok,"R. Tamu, R. Santai, Dapur, Pengurus Kos, CCTV, Balcon, K. Mandi Luar","Parkir Motor, Parkir Sepeda",,https://mamikos.com/room/kost-bandung-kost-campur-murah-kost-boarding-house-naga-malim-with-kitchen-outside-tipe-b-cibeunying-kidul-bandung?redirection_source=landing%20area
Kost Pahlawan Tipe A Cibeunying Kaler Bandung,Rp1.100.000,Cibeunying Kaler,"3 x 3 meter, Tidak termasuk listrik","Kasur, Meja, Lemari / Storage, Ventilasi, Jendela, Cermin, Bantal","K. Mandi Dalam, Kloset Duduk, Shower","WiFi, R. Cuci, Penjaga Kos, Mushola, Jemuran, Pengurus Kos",Parkir Motor,,https://mamikos.com/room/kost-kota-bandung-kost-putra-eksklusif-kost-pahlawan-tipe-a-cibeunying-kaler-bandung-2?redirection_source=landing%20area
Kost Omah Harianja Cibeunying Kidul Bandung,Rp600.000,Cibeunying Kidul,"3 x 3 meter, Termasuk listrik","Kasur, Meja, Ventilasi, Kursi",K. Mandi Luar,"WiFi, Kulkas, R. Jemur, R. Santai, Dapur, Jemuran, Balcon, TV, K. Mandi Luar",Parkir Motor,,https://mamikos.com/room/kost-kota-bandung-kost-putri-murah-kost-omah-harianja-cibeunying-kidul-bandung?redirection_source=landing%20area
Kost Muararajeun Lama 1 Tipe B Cibeunying Kaler Bandung,Rp925.000,Cibeunying Kaler,"3 x 3 meter, Termasuk listrik","Kasur, Meja, Lemari / Storage, Ventilasi, Jendela, Bantal","K. Mandi Dalam, Kloset Jongkok, Ember mandi","WiFi, R. Cuci, Penjaga Kos, R. Jemur, Jemuran, Pengurus Kos, CCTV","Parkir Motor, Parkir Sepeda, Parkir Motor & Sepeda",,https://mamikos.com/room/kost-kota-bandung-kost-campur-eksklusif-kost-muararajeun-lama-1-tipe-b-cibeunying-kaler-bandung?redirection_source=landing%20area
Kost Berry Budi Tipe A Cibeunying Kidul Bandung,Rp650.000,Kecamatan Cibeunying Kidul,"3 x 3 meter, Termasuk listrik","Kasur, Meja, Lemari / Storage","Kloset Duduk, Kloset Jongkok, K. Mandi Luar, Bak mandi","WiFi, Kulkas, R. Jemur, R. Santai, Dapur, CCTV, Kartu Akses, TV, K. Mandi Luar","Parkir Motor, Parkir Sepeda, Parkir Motor & Sepeda",,https://mamikos.com/room/kost-kota-bandung-kost-campur-murah-kost-berry-budi-tipe-a-cibeunying-kidul-bandung?redirection_source=landing%20area
Kost Elroi Bojong Koneng Atas Cikutra Tipe C Cimenyan Bandung,Rp1.500.000,Cimenyan,"4 x 4 meter, Tidak termasuk listrik","Kasur, Meja, Lemari / Storage, Ventilasi, Jendela, Guling, Cermin, Bantal, Kursi, Kipas Angin","K. Mandi Dalam, Kloset Duduk, Ember mandi, Shower, Air panas","WiFi, Kulkas, R. Tamu, Penjaga Kos, R. Jemur, R. Makan, R. Santai, Dispenser, Dapur, Jemuran","Parkir Motor, Parkir Motor & Sepeda",,https://mamikos.com/room/kost-kabupaten-bandung-kost-putra-eksklusif-kost-elroi-bojong-koneng-atas-cikutra-tipe-c-cimenyan-bandung-2?redirection_source=landing%20area
Kost Gemilang Berkah Tipe A Cimenyan Bandung,Rp750.000,Kecamatan Cimenyan,"3 x 3 meter, Termasuk listrik","Kasur, Lemari / Storage, Ventilasi, Jendela","Kloset Jongkok, Ember mandi, Bak mandi","WiFi, R. Cuci, R. Tamu, R. Santai, Dapur, Jemuran, R. Keluarga, K. Mandi Luar","Parkir Motor, Parkir Sepeda",,https://mamikos.com/room/kost-bandung-kost-putra-murah-kost-gemilang-berkah-tipe-a-cimenyan-bandung?redirection_source=landing%20area
Kost Keys Co Living Deluxe Balcony Cibeunying Kidul Bandung,Rp2.500.000,Cibeunying Kidul,"3 x 4 meter, Tidak termasuk listrik","AC, Kasur, Meja, Lemari / Storage, microwave, Jendela, Guling, Cermin, Bantal, Kursi","K. Mandi Dalam, Kloset Duduk, Shower, Air panas","WiFi, R. Cuci, Kulkas, Mesin Cuci, Penjaga Kos, R. Jemur, R. Makan, Mushola, Dispenser, Dapur","Parkir Mobil, Parkir Motor",,https://mamikos.com/room/kost-kota-bandung-kost-campur-eksklusif-kost-keys-co-living-deluxe-balcony-cibeunying-kidul-bandung-2?redirection_source=landing%20area
Kost Crysant House Tipe B Cibeunying Kaler Bandung,Rp1.350.000,Cibeunying Kaler,"3 x 4 meter, Tidak termasuk listrik","Kasur, Meja, Lemari / Storage, Ventilasi, Jendela, Kursi","K. Mandi Dalam, Kloset Duduk, Wastafel, Shower, Air panas","WiFi, Penjaga Kos, R. Jemur, R. Santai, Dapur, Jemuran, Pengurus Kos, CCTV, Joglo","Parkir Mobil, Parkir Motor, Parkir Sepeda",,https://mamikos.com/room/kost-kota-bandung-kost-campur-eksklusif-kost-crysant-house-tipe-b-cibeunying-kaler-bandung?redirection_source=landing%20area
Kost Ibu Ria Bekatonik Cibeunying Kidul Bandung,Rp600.000,Cibeunying Kidul,"3 x 4 meter, Termasuk listrik","Kasur, Meja, Lemari / Storage, Kursi","Kloset Jongkok, K. Mandi Luar, Ember mandi, Air panas, Bak mandi","WiFi, R. Cuci, R. Tamu, Penjaga Kos, R. Jemur, R. Santai, Dapur, Balcon, R. Keluarga, K. Mandi Luar","Parkir Motor, Parkir Sepeda",,https://mamikos.com/room/kost-kota-bandung-kost-putri-murah-kost-ibu-ria-bekatonik-cibeunying-kidul-bandung?redirection_source=landing%20area
Kost Dela Tipe A Antapani Bandung,Rp1.750.000,Antapani,"4 x 5 meter, Tidak termasuk listrik","AC, Kasur, Meja, TV, Lemari / Storage, Jendela, Bantal, Kursi","K. Mandi Dalam, Kloset Duduk, Shower, Air panas","WiFi, Kulkas, Mesin Cuci, R. Tamu, Penjaga Kos, Mushola, Dispenser, Dapur, Jemuran, CCTV","Parkir Mobil, Parkir Motor",,https://mamikos.com/room/kost-kota-bandung-kost-campur-eksklusif-kost-dela-tipe-a-antapani-bandung?redirection_source=landing%20area
Kost Anggrek Barokah Bandung Wetan Bandung,Rp1.700.000,Kecamatan Bandung Wetan,"3 x 4 meter, Termasuk listrik","Kasur, Dispenser, Meja, TV, Lemari / Storage, Ventilasi, Jendela, Guling, Cermin, Bantal","K. Mandi Dalam, Kloset Duduk, Shower, Air panas","WiFi, R. Cuci, Kulkas, Penjaga Kos, R. Jemur, Dispenser, Dapur, Jemuran, Pengurus Kos, CCTV","Parkir Mobil, Parkir Motor, Parkir Sepeda",,https://mamikos.com/room/kost-kota-bandung-kost-campur-eksklusif-kost-anggrek-barokah-bandung-wetan-bandung?redirection_source=landing%20area
Kost Elroi Bojong Koneng Atas Cikutra Tipe A Cimenyan Bandung,Rp1.700.000,Cimenyan,"3 x 4 meter, Tidak termasuk listrik","AC, Kasur, Meja, Lemari / Storage, Ventilasi, Jendela, Guling, Cermin, Bantal, Kursi","K. Mandi Dalam, Kloset Duduk, Ember mandi, Shower, Air panas","WiFi, Kulkas, R. Tamu, Penjaga Kos, R. Jemur, R. Makan, R. Santai, Dispenser, Dapur, Jemuran","Parkir Motor, Parkir Motor & Sepeda",,https://mamikos.com/room/kost-kabupaten-bandung-kost-putra-eksklusif-kost-elroi-bojong-koneng-atas-cikutra-tipe-a-cimenyan-bandung?redirection_source=landing%20area
Kost 99 Pusat Kota Tipe Mezanine 2 Cimenyan Bandung,Rp1.700.000,Kecamatan Cimenyan,"2 x 4 meter, Tidak termasuk listrik","AC, Kasur, Meja, TV, Lemari / Storage, Jendela, Bantal, Sofa","K. Mandi Dalam, Kloset Duduk, Shower, Air panas","Kulkas, Laundry, Penjaga Kos, Dapur, Pengurus Kos, CCTV",Parkir Motor,,https://mamikos.com/room/kost-kabupaten-bandung-kost-campur-eksklusif-kost-99-pusat-kota-tipe-mezanine-2-cimenyan-bandung?redirection_source=landing%20area
Kost Elroi Bojong Koneng Atas Cikutra Tipe A2 Cimenyan Bandung,Rp1.600.000,Cimenyan,"3 x 4 meter, Tidak termasuk listrik","AC, Kasur, Meja, Lemari / Storage, Ventilasi, Jendela, Guling, Cermin, Bantal, Kursi","K. Mandi Dalam, Kloset Duduk, Ember mandi, Shower, Air panas","WiFi, Kulkas, R. Tamu, Penjaga Kos, R. Jemur, R. Makan, R. Santai, Dispenser, Dapur, Jemuran","Parkir Motor, Parkir Motor & Sepeda",,https://mamikos.com/room/kost-kabupaten-bandung-kost-putra-eksklusif-kost-elroi-bojong-koneng-atas-cikutra-tipe-a2-cimenyan-bandung-2?redirection_source=landing%20area
Kost Bumi Putri Sukasenang Tipe B Cibeunying Kidul Bandung,Rp1.450.000,Cibeunying Kidul,"3 x 4 meter, Termasuk listrik","Kasur, Meja, Lemari / Storage, Kursi","K. Mandi Dalam, Kloset Duduk, Wastafel, Air panas","WiFi, Kulkas, Penjaga Kos, R. Jemur, R. Makan, Dapur","Parkir Mobil, Parkir Motor, Parkir Sepeda",,https://mamikos.com/room/kost-kota-bandung-kost-putri-eksklusif-kost-bumi-putri-sukasenang-tipe-b-cibeunying-kidul-bandung?redirection_source=landing%20area
Kost Evelyn Home Tipe 3 Cibeunying Kidul Bandung,Rp500.000,Cibeunying Kidul,"3 x 3 meter, Termasuk listrik","Kasur, Lemari / Storage, Cermin","Kloset Jongkok, K. Mandi Luar, Ember mandi","WiFi, R. Jemur, Dapur, K. Mandi Luar",,,https://mamikos.com/room/kost-kota-bandung-kost-putri-murah-kost-evelyn-home-tipe-3-cibeunying-kidul-bandung?redirection_source=landing%20area
Kost Shan House Cimenyan Bandung,Rp1.050.000,Cimenyan,"3 x 3 meter, Tidak termasuk listrik","Kasur, Meja, Lemari / Storage, Ventilasi, Jendela, Guling, Cermin, Bantal, Wastafel, Kursi","K. Mandi Dalam, Kloset Jongkok, Wastafel, Shower","WiFi, R. Tamu, Penjaga Kos, R. Jemur, Dapur, CCTV","Parkir Motor, Parkir Sepeda",,https://mamikos.com/room/kost-kost-campur-eksklusif-kost-shan-house-cimenyan-bandung-1?redirection_source=landing%20area
Kost Ibu Restu A Tipe Standart Cibeunying Kidul Bandung,Rp800.000,Kecamatan Cibeunying Kidul,"3 x 4 meter, Termasuk listrik","Kasur, Ventilasi, Jendela, Cermin, Bantal","K. Mandi Dalam, Kloset Jongkok, Ember mandi","WiFi, Jemuran, Pengurus Kos, Jual Makanan, Balcon, Joglo","Parkir Motor, Parkir Sepeda",,https://mamikos.com/room/kost-kota-bandung-kost-putra-murah-kost-ibu-restu-a-tipe-standart-cibeunying-kidul-bandung?redirection_source=landing%20area
Kost Itenas Widyatama Ekuitas 1 Tipe C Cibeunying Kidul Bandung,Rp650.000,Kecamatan Cibeunying Kidul,"3 x 3 meter, Termasuk listrik","Kasur, Lemari / Storage, Ventilasi","Kloset Jongkok, K. Mandi Luar, Ember mandi","WiFi, Penjaga Kos, R. Jemur, Dapur, Jemuran, Pengurus Kos, CCTV","Parkir Motor, Parkir Sepeda",,https://mamikos.com/room/kost-kota-bandung-kost-putra-murah-kost-itenas-widyatama-ekuitas-1-tipe-c-cibeunying-kidul-bandung?redirection_source=landing%20area
Kost Cikutra Widyatama Cibeunying Kidul Bandung,Rp750.000,Kecamatan Cibeunying Kidul,"3 x 3 meter, Termasuk listrik","Kasur, Lemari / Storage, Jendela, Dapur Pribadi, Cermin, Bantal","K. Mandi Dalam, Kloset Jongkok, Ember mandi","WiFi, R. Cuci, R. Tamu, R. Jemur, R. Santai, Dapur, Jemuran, Jual Makanan, CCTV, Balcon","Parkir Motor, Parkir Sepeda, Parkir Motor & Sepeda",,https://mamikos.com/room/kost-kota-bandung-kost-putri-murah-kost-cikutra-widyatama-cibeunying-kidul-bandung-2?redirection_source=landing%20area
Kost Vgh II Vvip Antapani Bandung,Rp1.090.000,Antapani,"3 x 4 meter, Tidak termasuk listrik","Kasur, Meja, Lemari / Storage, Guling, Bantal","K. Mandi Dalam, Kloset Duduk, Shower","WiFi, Kulkas, Penjaga Kos, Dapur, Jemuran, CCTV, Kartu Akses","Parkir Mobil, Parkir Motor",,https://mamikos.com/room/kost-kota-bandung-kost-campur-eksklusif-kost-vgh-ii-vvip-antapani-bandung-2?redirection_source=landing%20area
Kost Puri Artha Sony n Sist 2 Cibeunying Kidul Bandung,Rp650.000,Cibeunying Kidul,"3 x 4 meter, Tidak termasuk listrik","Kasur, Meja, Lemari / Storage, Wastafel, Kursi, Cleaning service","K. Mandi Dalam, Kloset Duduk, K. Mandi Luar, Ember mandi, Shower","WiFi, R. Cuci, Kulkas, R. Tamu, Penjaga Kos, R. Jemur, R. Makan, R. Santai, Dispenser, Dapur","Parkir Mobil, Parkir Motor, Parkir Sepeda",,https://mamikos.com/room/kost-bandung-kost-putri-murah-kost-puri-artha-sony-n-sist-2-cibeunying-kidul-bandung?redirection_source=landing%20area
Kost Rumah Surya Cibeunying Kaler Bandung,Rp550.000,Kecamatan Cibeunying Kaler,"3 x 4 meter, Tidak termasuk listrik","Kasur, Lemari / Storage","Kloset Duduk, Kloset Jongkok, Ember mandi, Bak mandi","WiFi, R. Cuci, R. Tamu",Parkir Motor & Sepeda,,https://mamikos.com/room/kost-kota-bandung-kost-putra-murah-kost-rumah-surya-cibeunying-kaler-bandung-2?redirection_source=landing%20area
Kost Sidomukti 65 Tipe A Cibeunying Kaler Bandung,Rp950.000,Kecamatan Cibeunying Kaler,"3 x 4 meter, Tidak termasuk listrik",Kasur,"K. Mandi Dalam, Kloset Duduk, Kloset Jongkok, Shower, Air panas","WiFi, R. Makan, Dapur, Jemuran, Pengurus Kos, Rooftop, Balcon","Parkir Mobil, Parkir Motor, Parkir Sepeda, Parkir Motor & Sepeda",,https://mamikos.com/room/kost-kota-bandung-kost-campur-murah-kost-sidomukti-65-tipe-a-cibeunying-kaler-bandung-2?redirection_source=landing%20area
Kost Patma Tipe F Cibeunying Kaler Bandung,Rp600.000,Kecamatan Cibeunying Kaler,"2.7 x 3.5 meter, Tidak termasuk listrik","Kasur, Lemari / Storage, Jendela, Bantal","Kloset Jongkok, K. Mandi Luar, Ember mandi","Kulkas, Dapur, Jemuran, Pengurus Kos",Parkir Motor & Sepeda,,https://mamikos.com/room/kost-kota-bandung-kost-putri-murah-kost-patma-tipe-f-cibeunying-kaler-bandung-2?redirection_source=landing%20area
Kost Kumeli 30 Standart Cibeunying Kaler Bandung,Rp950.000,Kecamatan Cibeunying Kaler,"3 x 4 meter, Termasuk listrik","Kasur, Meja, Lemari / Storage, Jendela, Guling, Bantal, Kursi","Kloset Duduk, K. Mandi Luar, Shower","WiFi, Kulkas, Mesin Cuci, Laundry, R. Tamu, Penjaga Kos, R. Jemur, R. Makan, Dispenser, Dapur",Parkir Motor,,https://mamikos.com/room/kost-kota-bandung-kost-putri-murah-kost-kumeli-30-standart-cibeunying-kaler-bandung-1?redirection_source=landing%20area
Kost Keys Co Living Suites Cibeunying Kidul Bandung,Rp4.500.000,Cibeunying Kidul,"5 x 5 meter, Tidak termasuk listrik","AC, Kasur, Lemari / Storage, Meja makan, Jendela, Guling, Dapur Pribadi, Cermin, Bantal, Kursi","K. Mandi Dalam, Kloset Duduk, Shower, Air panas","WiFi, R. Cuci, Kulkas, Penjaga Kos, R. Jemur, R. Makan, Mushola, Dispenser, Dapur, Jemuran","Parkir Mobil, Parkir Motor",,https://mamikos.com/room/kost-kota-bandung-kost-campur-eksklusif-kost-keys-co-living-suites-cibeunying-kidul-bandung?redirection_source=landing%20area
Kost Sukamulya 74 Bandung,Rp950.000,Kecamatan Cibeunying Kidul,"3 x 3 meter, Tidak termasuk listrik","Kasur, Meja Rias, Lemari / Storage, Jendela, Bantal","K. Mandi Dalam, Kloset Jongkok, Ember mandi, Shower","WiFi, R. Jemur, R. Santai, Dispenser, Dapur, Jemuran","Parkir Motor, Parkir Sepeda",,https://mamikos.com/room/kost-kota-bandung-kost-campur-murah-kost-sukamulya-74-bandung?redirection_source=landing%20area
Kost Cibatu Raya Tipe A Antapani Bandung,Rp1.200.000,Antapani,"3 x 4 meter, Termasuk listrik","Kasur, Meja, Meja Rias, Ventilasi, Jendela, Guling, Bantal","K. Mandi Dalam, Kloset Duduk, Ember mandi","WiFi, R. Jemur, Dapur, Pengurus Kos, CCTV, K. Mandi Luar",Parkir Motor,,https://mamikos.com/room/kost-kota-bandung-kost-campur-eksklusif-kost-cibatu-raya-tipe-a-antapani-bandung-2?redirection_source=landing%20area
Kost Rizal Cimenyan Bandung,Rp1.200.000,Kecamatan Cimenyan,"3 x 4 meter, Tidak termasuk listrik","Kasur, Lemari / Storage, Jendela, Dapur Pribadi","K. Mandi Dalam, Kloset Duduk, Wastafel, Ember mandi, Shower",Dapur,Parkir Motor,,https://mamikos.com/room/kost-kabupaten-bandung-kost-putri-eksklusif-kost-rizal-cimenyan-bandung?redirection_source=landing%20area
Kost Orange Marhaban Cibeunying Kidul Bandung,Rp750.000,Kecamatan Cibeunying Kidul,"4 x 5 meter, Tidak termasuk listrik","Kasur, Meja, Lemari / Storage, Jendela, Guling, Bantal","K. Mandi Dalam, Kloset Jongkok, K. Mandi Luar, Ember mandi","WiFi, Dapur, Jemuran, CCTV, Rooftop, Balcon","Parkir Motor, Parkir Sepeda, Parkir Motor & Sepeda",,https://mamikos.com/room/kost-kota-bandung-kost-campur-murah-kost-orange-marhaban-cibeunying-kidul-bandung-2?redirection_source=landing%20area
Kost 84 Antapani Bandung,Rp850.000,Antapani,"6 x 3 meter, Tidak termasuk listrik","Ventilasi, Jendela, Dapur Pribadi","K. Mandi Dalam, Kloset Jongkok, Ember mandi","WiFi, R. Jemur, Dapur, Jemuran, Balcon, Gazebo","Parkir Motor, Parkir Sepeda",,https://mamikos.com/room/kost-kota-bandung-kost-putri-murah-kost-84-antapani-bandung-2?redirection_source=landing%20area
Kost Moluska By Ibu Susi Tipe A Cibeunying Kidul Bandung,Rp600.000,Cibeunying Kidul,"3 x 2 meter, Termasuk listrik","Kasur, Bantal","Kloset Jongkok, Shower","WiFi, R. Cuci, R. Tamu, R. Jemur, R. Makan, R. Santai, Dispenser, Dapur, Jemuran, Rice Cooker",,,https://mamikos.com/room/kost-kota-bandung-kost-putri-murah-kost-moluska-by-ibu-susi-tipe-a-cibeunying-kidul-bandung?redirection_source=landing%20area
Kost Mahameru Co Living Deluxe Cibeunying Kidul Bandung,Rp1.350.000,Kecamatan Cibeunying Kidul,"3 x 3 meter, Tidak termasuk listrik","Kasur, Meja, Lemari / Storage, Jendela, Guling, Bantal, Kursi, Kipas Angin","Kloset Duduk, Kloset Jongkok, K. Mandi Luar, Wastafel, Shower, Air panas","WiFi, R. Cuci, Kulkas, Penjaga Kos, R. Jemur, R. Santai, Dispenser, Dapur, Jemuran, Pengurus Kos","Parkir Mobil, Parkir Motor & Sepeda",,https://mamikos.com/room/kost-kota-bandung-kost-campur-eksklusif-kost-mahameru-co-living-deluxe-cibeunying-kidul-bandung?redirection_source=landing%20area
Kost Ceria 4 Cibeunying Kidul Bandung,Rp600.000,Cibeunying Kidul,"3 x 3 meter, Termasuk listrik","Kasur, Meja, Lemari / Storage, Kulkas, Ventilasi, Jendela, Bantal, Sofa, Wastafel","Kloset Jongkok, K. Mandi Luar, Wastafel, Bak mandi","WiFi, R. Cuci, Kulkas, R. Tamu, R. Jemur, R. Santai, Dapur, Jemuran, Pengurus Kos, Balcon","Parkir Motor, Parkir Sepeda",,https://mamikos.com/room/kost-bandung-kost-putri-murah-kost-ceria-4-cibeunying-kidul-bandung?redirection_source=landing%20area
Kost Muararajeun Lama 2 Tipe A Cibeunying Kaler Bandung,Rp1.000.000,Cibeunying Kaler,"3.5 x 2.5 meter, Termasuk listrik","Kasur, Meja, Lemari / Storage, Ventilasi, Jendela, Dapur Pribadi, Bantal, Wastafel","K. Mandi Dalam, Kloset Jongkok, Ember mandi","WiFi, R. Cuci, Penjaga Kos, R. Jemur, Jemuran, Jual Makanan","Parkir Motor, Parkir Sepeda",,https://mamikos.com/room/kost-kota-bandung-kost-campur-eksklusif-kost-muararajeun-lama-2-tipe-a-cibeunying-kaler-bandung?redirection_source=landing%20area
Kost Bapak Andry Tipe Vvip Executive Cibeunying Kidul Bandung,Rp2.100.000,Cibeunying Kidul,"10 x 2.5 meter, Tidak termasuk listrik","AC, Kasur, Dispenser, TV, Lemari / Storage, Ventilasi, Jendela, Dapur Pribadi, Bantal, Wastafel","K. Mandi Dalam, Kloset Jongkok, Wastafel, Shower, Air panas","WiFi, R. Cuci, Kulkas, Mesin Cuci, R. Jemur, Dapur, Jemuran, Pengurus Kos, CCTV, TV",Parkir Motor,,https://mamikos.com/room/kost-kota-bandung-kost-campur-eksklusif-kost-bapak-andry-tipe-vvip-executive-cibeunying-kidul-bandung?redirection_source=landing%20area
Kost Asrama Cibeunying Kaler Bandung,Rp250.000,Kecamatan Cibeunying Kaler,"3 x 4 meter, Termasuk listrik","Kasur, Bantal","K. Mandi Dalam, Kloset Jongkok, Wastafel","WiFi, Kulkas, R. Jemur, R. Santai, Dispenser, Dapur, Jemuran, CCTV",,,https://mamikos.com/room/kost-kota-bandung-kost-putri-murah-kost-asrama-cibeunying-kaler-bandung-1?redirection_source=landing%20area
Kost Donna Tipe Standard Cibeunying Kidul Bandung,Rp900.000,Kecamatan Cibeunying Kidul,"3 x 3 meter, Termasuk listrik","Kasur, Meja, Lemari / Storage, Kulkas, Jendela, Guling, Bantal","K. Mandi Dalam, Kloset Jongkok, K. Mandi Luar, Ember mandi","WiFi, Kulkas, Penjaga Kos, R. Jemur, Dapur, Jemuran, Pengurus Kos","Parkir Mobil, Parkir Motor, Parkir Motor & Sepeda",,https://mamikos.com/room/kost-kota-bandung-kost-putra-murah-kost-donna-tipe-standard-cibeunying-kidul-bandung?redirection_source=landing%20area
Kost Pondok Salsabila Antapani Bandung,Rp650.000,Antapani,"3 x 4 meter, Termasuk listrik","Kasur, Lemari / Storage","K. Mandi Dalam, Kloset Duduk, Ember mandi","R. Cuci, Laundry, R. Jemur, Dapur","Parkir Motor, Parkir Sepeda",,https://mamikos.com/room/kost-kota-bandung-kost-putri-eksklusif-kost-pondok-salsabila-antapani-bandung-2?redirection_source=landing%20area
Kost Orange Tipe G Cikondang Coblong Bandung,Rp1.300.000,Coblong,"4 x 6 meter, Termasuk listrik","Kasur, Meja, Lemari / Storage, Kursi","K. Mandi Dalam, Kloset Jongkok, Ember mandi, Shower","WiFi, Kulkas, R. Jemur, Dispenser, Dapur, Balcon, TV",Parkir Motor,,https://mamikos.com/room/kost-kota-bandung-kost-campur-eksklusif-kost-orange-tipe-g-cikondang-coblong-bandung?redirection_source=landing%20area
Kost Ibu Emma Tipe Studio Antapani Bandung,Rp850.000,Kecamatan Antapani,"3 x 4 meter, Tidak termasuk listrik",Jendela,"K. Mandi Dalam, Kloset Jongkok, Wastafel","WiFi, Penjaga Kos, R. Jemur, Pengurus Kos, CCTV","Parkir Mobil, Parkir Motor, Parkir Motor & Sepeda",,https://mamikos.com/room/kost-kota-bandung-kost-campur-murah-kosan-ibu-emma-tipe-studio-san-tipe-1-bedroom-antapani-bandung-2?redirection_source=landing%20area
Kost Murba Satu Tipe A Cibeunying Kaler Bandung,Rp700.000,Cibeunying Kaler,"3 x 3 meter, Tidak termasuk listrik","Kasur, Meja, Lemari / Storage, Ventilasi, Jendela","Kloset Jongkok, K. Mandi Luar, Bak mandi","R. Cuci, R. Jemur, Dapur, Pengurus Kos, K. Mandi Luar","Parkir Motor, Parkir Sepeda",,https://mamikos.com/room/kost-kota-bandung-kost-campur-murah-kost-murba-satu-tipe-a-cibeunying-kaler-bandung?redirection_source=landing%20area
Kost Titik Awal Cikaso Tipe A Cibeunying Kidul Bandung,Rp2.100.000,Cibeunying Kidul,"4 x 5 meter, Tidak termasuk listrik","AC, Kasur, Meja, Lemari / Storage, Ventilasi, Jendela, Guling, Cermin, Bantal, Wastafel","K. Mandi Dalam, Kloset Duduk, Ember mandi, Shower, Air panas","WiFi, R. Cuci, Kulkas, Mesin Cuci, R. Tamu, Penjaga Kos, R. Jemur, Dispenser, Dapur, Jemuran","Parkir Mobil, Parkir Motor, Parkir Sepeda",,https://mamikos.com/room/kost-kota-bandung-kost-putri-eksklusif-kost-titik-awal-cikaso-tipe-a-cibeunying-kidul-bandung?redirection_source=landing%20area
Kost Icha Cikutra Tipe A Cibeunying Kidul Bandung,Rp900.000,Cibeunying Kidul,"3 x 3 meter, Termasuk listrik","Kasur, Meja, Lemari / Storage, Ventilasi, Jendela, Guling, Cermin, Bantal","K. Mandi Dalam, Kloset Jongkok, K. Mandi Luar, Ember mandi","WiFi, R. Cuci, R. Tamu, Penjaga Kos, R. Jemur, Dispenser, Dapur, Jemuran, Pengurus Kos, CCTV",Parkir Motor,,https://mamikos.com/room/kost-kota-bandung-kost-putri-murah-kost-icha-cikutra-tipe-a-cibeunying-kidul-bandung?redirection_source=landing%20area
Kost Palm Bridge Tipe E Cimenyan Bandung,Rp850.000,Cimenyan,"3 x 3 meter, Termasuk listrik","Kasur, Meja, Lemari / Storage, Jendela","Kloset Duduk, K. Mandi Luar","WiFi, R. Cuci, R. Jemur, Dapur, Jemuran, Pengurus Kos, Balcon, R. Keluarga, K. Mandi Luar",Parkir Motor,,https://mamikos.com/room/kost-kabupaten-bandung-kost-putra-eksklusif-kost-palm-bridge-tipe-e-cimenyan-bandung-1?redirection_source=landing%20area
Kost Alshab Tipe A Cimenyan Bandung,Rp775.000,Cimenyan,"3 x 4 meter, Tidak termasuk listrik","Kasur, Lemari / Storage, Ventilasi, Jendela, Bantal","K. Mandi Dalam, Kloset Jongkok, Ember mandi, Shower","WiFi, R. Jemur, Dapur, Jemuran, Pengurus Kos",Parkir Motor,,https://mamikos.com/room/kost-kabupaten-bandung-kost-campur-eksklusif-kost-alshab-tipe-a-cimenyan-bandung?redirection_source=landing%20area
Kost Orange Tipe A Cikondang Bandung,Rp650.000,Coblong,"4 x 3 meter, Termasuk listrik","Kasur, Meja, Lemari / Storage, Kursi","Kloset Jongkok, K. Mandi Luar, Ember mandi, Shower","WiFi, Kulkas, R. Jemur, Dispenser, Dapur, Balcon, TV",Parkir Motor,,https://mamikos.com/room/kost-kost-campur-eksklusif-kostan-orange-cikondang?redirection_source=landing%20area
Kost Pondok Audit Double Deluxe Cimenyan Bandung,Rp1.350.000,Cimenyan,"4 x 4 meter, Termasuk listrik","Kasur, Meja, Jendela, Cermin, Bantal, Kursi","Kloset Duduk, K. Mandi Luar, Ember mandi, Shower, Air panas","WiFi, R. Cuci, Kulkas, Mesin Cuci, R. Tamu, Penjaga Kos, R. Jemur, R. Santai, Dispenser, Dapur","Parkir Motor, Parkir Sepeda, Parkir Motor & Sepeda",,https://mamikos.com/room/kost-kabupaten-bandung-kost-putri-eksklusif-kost-pondok-audit-double-deluxe-cimenyan-bandung?redirection_source=landing%20area
Kost Murba 2 Cibeunying Kaler Bandung,Rp1.000.000,Kecamatan Cibeunying Kaler,"3 x 3 meter, Termasuk listrik","Kasur, Meja, Lemari / Storage, Ventilasi, Jendela, Bantal","Kloset Jongkok, K. Mandi Luar, Ember mandi","WiFi, R. Cuci, Kulkas, R. Jemur, Dapur, Jemuran, Pengurus Kos, CCTV, Balcon, Taman","Parkir Motor, Parkir Sepeda, Parkir Motor & Sepeda",,https://mamikos.com/room/kost-kota-bandung-kost-campur-eksklusif-kost-murba-2-cibeunying-kaler-bandung?redirection_source=landing%20area
Kost Cikutra Nyaman 2 Cibeunying Kaler Bandung,Rp700.000,Cibeunying Kaler,"3 x 3 meter, Tidak termasuk listrik","Meja, Lemari / Storage, Cleaning service","K. Mandi Dalam, Kloset Jongkok, Ember mandi","WiFi, Jemuran, CCTV",Parkir Motor,,https://mamikos.com/room/kost-kota-bandung-kost-campur-murah-kost-cikutra-nyaman-2-cibeunying-kaler-bandung?redirection_source=landing%20area
Kost Rereng Barong Cibeunying Kaler Bandung,Rp900.000,Cibeunying Kaler,"3 x 3 meter, Tidak termasuk listrik","Kasur, Meja, Lemari / Storage, Kursi","Kloset Duduk, K. Mandi Luar, Shower","WiFi, Kulkas, R. Tamu, R. Jemur, R. Makan, Dispenser, Dapur, R. Keluarga, TV, K. Mandi Luar",Parkir Motor,,https://mamikos.com/room/kost-bandung-kost-putri-murah-kost-rereng-barong-cibeunying-kaler-bandung-1?redirection_source=landing%20area
Kost Sunrise Tipe B Cibeunying Kidul Bandung,Rp675.000,Cibeunying Kidul,"3 x 3 meter, Termasuk listrik","Kasur, Lemari / Storage, Ventilasi, Jendela, Bantal","K. Mandi Dalam, Kloset Jongkok, K. Mandi Luar","WiFi, R. Jemur, Dispenser, Dapur, Jemuran, K. Mandi Luar","Parkir Motor, Parkir Sepeda",,https://mamikos.com/room/kost-kota-bandung-kost-putri-murah-kost-sunrise-tipe-b-cibeunying-kidul-bandung-1?redirection_source=landing%20area
Kost Galuh Putriana Cibeunying Kidul Bandung,Rp750.000,Kecamatan Cibeunying Kidul,"3 x 4 meter, Tidak termasuk listrik","Kasur, Jendela",Ember mandi,"Penjaga Kos, Jemuran, Pengurus Kos, Jual Makanan, Balcon, Gazebo","Parkir Motor, Parkir Sepeda, Parkir Motor & Sepeda",,https://mamikos.com/room/kost-kota-bandung-kost-campur-murah-kost-galuh-putriana-cibeunying-kidul-bandung?redirection_source=landing%20area
Kost Shelvi Home Tipe 2 Cibeunying Kidul Bandung,Rp1.000.000,Cibeunying Kidul,"3 x 4 meter, Termasuk listrik","Kasur, Lemari / Storage, Cermin","K. Mandi Dalam, Kloset Jongkok, Ember mandi","WiFi, R. Jemur, R. Makan, Dapur",Parkir Motor,,https://mamikos.com/room/kost-kota-bandung-kost-putri-eksklusif-kost-shelvi-home-tipe-2-cibeunying-kidul-bandung?redirection_source=landing%20area
Kost Little Spring Rooms Rosie 1 Antapani Bandung,Rp1.400.000,Antapani,"2 x 2 meter, Tidak termasuk listrik","AC, Kasur, Meja, Lemari / Storage, Jendela, Guling, Cermin, Bantal","K. Mandi Dalam, Kloset Duduk, Ember mandi, Shower, Air panas","Kulkas, R. Tamu, Penjaga Kos, R. Jemur, R. Makan, R. Santai, Dispenser, Dapur, Jemuran, Pengurus Kos","Parkir Mobil, Parkir Motor, Parkir Sepeda, Parkir Motor & Sepeda",,https://mamikos.com/room/kost-kota-bandung-kost-putri-eksklusif-kost-little-spring-rooms-rosie-1-antapani-bandung-2?redirection_source=landing%20area
Kost Reigna Stay Cibeunying Kaler Bandung,Rp2.000.000,Kecamatan Cibeunying Kaler,"3.5 x 4.5 meter, Tidak termasuk listrik","Kasur, Dispenser, Meja, Lemari / Storage, Ventilasi, Jendela, Dapur Pribadi, Bantal, Wastafel, Kursi","K. Mandi Dalam, Kloset Duduk, Shower","Dispenser, Dapur, Jemuran, Pengurus Kos, CCTV","Parkir Mobil, Parkir Motor, Parkir Sepeda",,https://mamikos.com/room/kost-kota-bandung-kost-campur-eksklusif-kost-reigna-stay-cibeunying-kaler-bandung-2?redirection_source=landing%20area
Kost Asri Tipe B Batununggal Bandung,Rp1.200.000,Batununggal,"3 x 4 meter, Tidak termasuk listrik","Kasur, Meja, Lemari / Storage, Kursi","K. Mandi Dalam, Kloset Duduk",,,,https://mamikos.com/room/kost-bandung-kost-putra-eksklusif-kost-asri-tipe-b-batununggal-bandung?redirection_source=landing%20area
Kost Huni Hijau Cibeunying Kidul Bandung,Rp1.250.000,Kecamatan Cibeunying Kidul,"3 x 3 meter, Termasuk listrik","Kasur, Meja, Lemari / Storage, Jendela, Cermin, Bantal, Kursi","Kloset Duduk, K. Mandi Luar, Wastafel, Shower","WiFi, Kulkas, R. Jemur, Dispenser, Dapur, Jemuran, Pengurus Kos, CCTV, Balcon","Parkir Motor, Parkir Sepeda",,https://mamikos.com/room/kost-kota-bandung-kost-putri-eksklusif-kost-huni-hijau-cibeunying-kidul-bandung?redirection_source=landing%20area
Kost Bu Gundari Tipe A Cibeunying Kidul Bandung,Rp500.000,Kecamatan Cibeunying Kidul,"3 x 4 meter, Tidak termasuk listrik","Kasur, Meja, Lemari / Storage, Ventilasi, Jendela","K. Mandi Dalam, Kloset Duduk, Kloset Jongkok, K. Mandi Luar, Ember mandi","WiFi, R. Jemur, Dapur, Jemuran, CCTV, Balcon, K. Mandi Luar","Parkir Motor, Parkir Sepeda, Parkir Motor & Sepeda",,https://mamikos.com/room/kost-kota-bandung-kost-campur-murah-kost-bu-gundari-tipe-a-cibeunying-kidul-bandung?redirection_source=landing%20area
Kost Bu Sur Tipe B Cibeunying Kidul Bandung,Rp650.000,Cibeunying Kidul,"2.5 x 2 meter, Termasuk listrik","Kasur, Meja, Lemari / Storage, Ventilasi, Jendela, Cermin, Bantal, Kursi","Kloset Duduk, Kloset Jongkok, K. Mandi Luar, Ember mandi, Shower, Bak mandi","WiFi, R. Jemur, R. Santai, Dispenser, Dapur, Jemuran, Pengurus Kos, Balcon, Taman, TV","Parkir Motor, Parkir Sepeda",,https://mamikos.com/room/kost-kota-bandung-kost-putri-murah-kost-bu-sur-tipe-b-cibeunying-kidul-bandung?redirection_source=landing%20area
Kost Nin Ae Tipe C Mandalajati Bandung,Rp1.400.000,Kecamatan Mandalajati,"3 x 4 meter, Termasuk listrik","AC, Kasur, Meja, Lemari / Storage, Jendela, Cermin, Bantal, Kursi","Kloset Duduk, K. Mandi Luar, Wastafel, Shower, Air panas","WiFi, Kulkas, Penjaga Kos, Dapur, Jemuran, Pengurus Kos, Jual Makanan, CCTV, Kartu Akses, K. Mandi Luar","Parkir Mobil, Parkir Motor, Parkir Sepeda, Parkir Motor & Sepeda",,https://mamikos.com/room/kost-kota-bandung-kost-campur-eksklusif-kost-nin-ae-tipe-c-mandalajati-bandung-2?redirection_source=landing%20area
Kost Rumah Sepuluh Cibeunying Kidul Bandung,Rp850.000,Kecamatan Cibeunying Kidul,"3 x 3 meter, Tidak termasuk listrik","Kasur, Meja, Lemari / Storage, Ventilasi, Jendela, Guling, Cermin, Bantal, Kursi, Kipas Angin","Kloset Duduk, K. Mandi Luar, Ember mandi","WiFi, Kulkas, Dapur, Jemuran, CCTV",Parkir Motor,,https://mamikos.com/room/kost-kota-bandung-kost-putra-murah-kost-rumah-sepuluh-cibeunying-kidul-bandung-2?redirection_source=landing%20area
Kost Muararajeun Lama 2 Tipe D Cibeunying Kaler Bandung,Rp740.000,Cibeunying Kaler,"3 x 3 meter, Termasuk listrik","Kasur, Meja, Lemari / Storage, Ventilasi, Jendela, Bantal, Kursi","Kloset Jongkok, K. Mandi Luar, Ember mandi","WiFi, R. Cuci, Penjaga Kos, R. Jemur, Jemuran, Pengurus Kos, CCTV, Rooftop, K. Mandi Luar","Parkir Motor, Parkir Sepeda, Parkir Motor & Sepeda",,https://mamikos.com/room/kost-kota-bandung-kost-campur-eksklusif-kost-muararajeun-lama-2-tipe-d-cibeunying-kaler-bandung?redirection_source=landing%20area
Kost Wawan Tipe A Cibeunying Kidul Bandung,Rp1.700.000,Cibeunying Kidul,"3 x 3 meter, Tidak termasuk listrik","Kasur, Meja, TV, Lemari / Storage, Kursi","K. Mandi Dalam, Kloset Duduk, Air panas","WiFi, Kulkas, Dapur",Parkir Motor,,https://mamikos.com/room/kost-kota-bandung-kost-putri-eksklusif-kost-wawan-tipe-a-cibeunying-kidul-bandung?redirection_source=landing%20area
Kost Pin Residence Tipe A Cibeunying Kaler Bandung,Rp1.500.000,Kecamatan Cibeunying Kaler,"3 x 3 meter, Tidak termasuk listrik","AC, Kasur, Meja, TV, Lemari / Storage, Ventilasi, Jendela, Bantal, TV Kabel, Kursi","K. Mandi Dalam, Kloset Duduk, Shower, Air panas","WiFi, Kulkas, Laundry, Penjaga Kos, CCTV, Kartu Akses","Parkir Motor, Parkir Motor & Sepeda",,https://mamikos.com/room/kost-kota-bandung-kost-campur-eksklusif-kost-pin-residence-tipe-a-cibeunying-kaler-bandung?redirection_source=landing%20area
Kost Pondok Cisokan Baru 8 Cibeunying Kaler Bandung,Rp1.500.000,Cibeunying Kaler,"3 x 3 meter, Tidak termasuk listrik","Kasur, Meja, Lemari / Storage, Ventilasi, Jendela, Guling, Cermin, Bantal, Kursi","K. Mandi Dalam, Kloset Duduk, K. Mandi Luar, Shower, Air panas","WiFi, Kulkas, Mesin Cuci, R. Tamu, Penjaga Kos, R. Jemur, R. Santai, Dispenser, Dapur, Jemuran","Parkir Mobil, Parkir Motor, Parkir Sepeda",,https://mamikos.com/room/kost-bandung-kost-campur-eksklusif-kost-pondok-cisokan-baru-8-cibeunying-kaler-bandung?redirection_source=landing%20area
Kost Sukapada Cibeunying Kidul Bandung,Rp750.000,Cibeunying Kidul,"3 x 3 meter, Termasuk listrik","Kasur, Meja, Lemari / Storage, Ventilasi, Jendela, Cermin","Kloset Jongkok, K. Mandi Luar, Shower","R. Cuci, Kulkas, Penjaga Kos, R. Jemur, Dapur, Jemuran, Pengurus Kos, Balcon, Taman, K. Mandi Luar","Parkir Motor, Parkir Sepeda",,https://mamikos.com/room/kost-kota-bandung-kost-putri-murah-kost-sukapada-cibeunying-kidul-bandung?redirection_source=landing%20area
Kost Manteron Tipe A Cibeunying Kaler Bandung,Rp900.000,Kecamatan Cibeunying Kaler,"2 x 3 meter, Tidak termasuk listrik","Kasur, Meja, Lemari / Storage, Cermin, Bantal","Kloset Jongkok, K. Mandi Luar, Ember mandi","WiFi, Mushola, Dapur, Jemuran, Pengurus Kos, Jual Makanan, Balcon, K. Mandi Luar",Parkir Motor,,https://mamikos.com/room/kost-kota-bandung-kost-putra-eksklusif-kost-manteron-tipe-a-cibeunying-kaler-bandung?redirection_source=landing%20area
Kost Bjk 04 Tipe A Cibeunying Kaler Bandung,Rp600.000,Kecamatan Cibeunying Kaler,"3 x 3 meter, Termasuk listrik","Kasur, Meja, Lemari / Storage, Jendela, Cermin, Kursi","Kloset Jongkok, K. Mandi Luar, Ember mandi, Bak mandi","WiFi, Kulkas, R. Tamu, Dapur, CCTV, K. Mandi Luar",Parkir Motor & Sepeda,,https://mamikos.com/room/kost-kota-bandung-kost-putra-murah-kost-bjk-04-tipe-a-cibeunying-kaler-bandung-2?redirection_source=landing%20area
Kost Sukamulus Cibeunying Kidul Bandung,Rp450.000,Cibeunying Kidul,"3 x 3 meter, Termasuk listrik","Kasur, Meja, Ventilasi, Jendela, Cermin, Bantal, Cleaning service","Kloset Jongkok, K. Mandi Luar, Ember mandi, Shower, Bak mandi","WiFi, R. Cuci, Penjaga Kos, R. Jemur, Dispenser, Dapur, Jemuran, Pengurus Kos, CCTV, Gazebo","Parkir Mobil, Parkir Motor, Parkir Sepeda",,https://mamikos.com/room/kost-kota-bandung-kost-campur-murah-kost-sukamulus-cibeunying-kidul-bandung?redirection_source=landing%20area
Kost Elroi Bojong Koneng Atas Cikutra Tipe B Cimenyan Bandung,Rp1.600.000,Cimenyan,"3 x 4 meter, Tidak termasuk listrik","AC, Kasur, Meja, Lemari / Storage, Ventilasi, Jendela, Guling, Cermin, Bantal, Kursi","K. Mandi Dalam, Kloset Duduk, Ember mandi, Shower, Air panas","WiFi, Kulkas, R. Tamu, Penjaga Kos, R. Jemur, R. Makan, R. Santai, Dispenser, Dapur, Jemuran","Parkir Motor, Parkir Motor & Sepeda",,https://mamikos.com/room/kost-kabupaten-bandung-kost-putra-eksklusif-kost-elroi-bojong-koneng-atas-cikutra-tipe-b-cimenyan-bandung?redirection_source=landing%20area
Kost Kilsha Sma Yas Cibeunying Kidul Bandung,Rp900.000,Cibeunying Kidul,"3 x 4 meter, Termasuk listrik","Kasur, Meja, Lemari / Storage, Ventilasi, Jendela, Kursi","K. Mandi Dalam, Kloset Duduk, Kloset Jongkok, Ember mandi, Shower","WiFi, R. Cuci, Laundry, R. Tamu, R. Jemur, R. Makan, R. Santai, Dapur, Jual Makanan, Balcon","Parkir Motor, Parkir Sepeda",,https://mamikos.com/room/kost-bandung-kost-putra-murah-kost-kilsha-sma-yas-cibeunying-kidul-bandung?redirection_source=landing%20area
Kost Pak Resmana Cibeunying Kidul Bandung,Rp750.000,Kecamatan Cibeunying Kidul,"3.5 x 2 meter, Termasuk listrik","Kasur, Lemari / Storage","K. Mandi Dalam, Kloset Jongkok, Ember mandi","WiFi, Penjaga Kos, R. Jemur, Dispenser, Dapur, Jemuran, Pengurus Kos, Jual Makanan, Rooftop, Gazebo",,,https://mamikos.com/room/kost-kota-bandung-kost-putri-murah-kos-pak-resmana-cibeunying-kidul-bandung-2?redirection_source=landing%20area
Kost Evelyn Home Tipe 2 Cibeunying Kidul Bandung,Rp750.000,Cibeunying Kidul,"3 x 4 meter, Termasuk listrik","Kasur, Lemari / Storage, Cermin","K. Mandi Dalam, Kloset Jongkok, Ember mandi","WiFi, R. Jemur, Dapur",,,https://mamikos.com/room/kost-kota-bandung-kost-putri-murah-kost-evelyn-home-tipe-2-cibeunying-kidul-bandung?redirection_source=landing%20area
Kost Itenas Widyatama Ekuitas 1 Tipe B Cibeunying Kidul Bandung,Rp850.000,Cibeunying Kidul,"3 x 4 meter, Termasuk listrik","Kasur, Lemari / Storage, Ventilasi, Jendela, Bantal","K. Mandi Dalam, Kloset Jongkok, Ember mandi","WiFi, Penjaga Kos, R. Jemur, Dapur, Jemuran, Pengurus Kos, CCTV","Parkir Motor, Parkir Sepeda",,https://mamikos.com/room/kost-kota-bandung-kost-putra-murah-kost-itenas-widyatama-ekuitas-1-tipe-b-cibeunying-kidul-bandung?redirection_source=landing%20area
Kost Sidomukti 30 Tipe A Cibeunying Kaler Bandung,Rp925.000,Kecamatan Cibeunying Kaler,"3 x 3 meter, Termasuk listrik","Kasur, Meja, Lemari / Storage, Jendela, Bantal, Kursi","Kloset Duduk, Kloset Jongkok, K. Mandi Luar, Wastafel, Shower, Air panas, Bak mandi","WiFi, R. Cuci, Kulkas, Mesin Cuci, R. Tamu, R. Jemur, Jemuran, R. Keluarga, K. Mandi Luar","Parkir Mobil, Parkir Motor, Parkir Sepeda, Parkir Motor & Sepeda",,https://mamikos.com/room/kost-kota-bandung-kost-putra-murah-kost-sidomukti-30-tipe-a-cibeunying-kaler-bandung-2?redirection_source=landing%20area
Kost Sindang Sari Tipe B Antapani Bandung,Rp700.000,Antapani,"3 x 4 meter, Termasuk listrik","Kasur, Meja, Lemari / Storage, Ventilasi, Guling, Cermin, Bantal, Wastafel","Kloset Jongkok, K. Mandi Luar, Wastafel, Ember mandi, Bak mandi","WiFi, Laundry, Penjaga Kos, R. Jemur, R. Santai, Dapur, Jemuran, Pengurus Kos, Jual Makanan, CCTV","Parkir Mobil, Parkir Motor, Parkir Sepeda",,https://mamikos.com/room/kost-kota-bandung-kost-putra-murah-kost-sindang-sari-tipe-b-antapani-bandung?redirection_source=landing%20area
Kost Ase Maria Tipe A Antapani Bandung,Rp750.000,Antapani,"3 x 4 meter, Termasuk listrik","Kasur, Meja, Lemari / Storage, Jendela, Bantal","Kloset Duduk, Kloset Jongkok, K. Mandi Luar, Ember mandi, Bak mandi","WiFi, R. Makan, R. Santai, Dispenser, Dapur, Jemuran, K. Mandi Luar",Parkir Motor,,https://mamikos.com/room/kost-kota-bandung-kost-campur-murah-kost-ase-maria-tipe-a-antapani-bandung?redirection_source=landing%20area
Kost Sazara Cibeunying Kidul Bandung,Rp1.000.000,Cibeunying Kidul,"3 x 4 meter, Termasuk listrik","Kasur, Meja, Lemari / Storage, Jendela, Bantal","K. Mandi Dalam, Kloset Jongkok, K. Mandi Luar, Ember mandi","WiFi, R. Cuci, Kulkas, Penjaga Kos, R. Jemur, Mushola, Dapur, Jemuran, CCTV, Balcon","Parkir Mobil, Parkir Motor, Parkir Sepeda, Parkir Motor & Sepeda",,https://mamikos.com/room/kost-kota-bandung-kost-putri-murah-kost-sazara-cibeunying-kidul-bandung-2?redirection_source=landing%20area
Kost Anyer Batununggal Bandung,Rp750.000,Kecamatan Batununggal,"3 x 3 meter, Termasuk listrik","Kasur, Guling, Bantal","Kloset Duduk, K. Mandi Luar, Bak mandi","WiFi, R. Jemur, Dispenser, Dapur, Jemuran, K. Mandi Luar","Parkir Mobil, Parkir Motor, Parkir Sepeda",,https://mamikos.com/room/kost-kota-bandung-kost-putri-murah-kost-anyer-batununggal-bandung?redirection_source=landing%20area
Kost No 73 Tipe A Cibeunying Kaler Bandung,Rp1.000.000,Cibeunying Kaler,"3 x 3 meter, Tidak termasuk listrik","Kasur, Meja, Lemari / Storage, Kursi","Kloset Duduk, K. Mandi Luar, Ember mandi, Bak mandi","WiFi, Laundry, R. Jemur, R. Santai, Dapur","Parkir Mobil, Parkir Motor, Parkir Sepeda",,https://mamikos.com/room/kost-kota-bandung-kost-putra-eksklusif-kost-no-73-tipe-a-cibeunying-kaler-bandung?redirection_source=landing%20area
Kost Casseyo Tipe B Kiaracondong Bandung,Rp750.000,Kecamatan Kiaracondong,"4 x 5 meter, Tidak termasuk listrik","Ventilasi, Jendela, Dapur Pribadi, Wastafel","K. Mandi Dalam, Kloset Jongkok, Ember mandi","R. Jemur, Jemuran","Parkir Motor, Parkir Sepeda",,https://mamikos.com/room/kost-kota-bandung-kost-campur-murah-kost-casseyo-tipe-b-terusan-jl-jakarta-kecamatan-kiaracondong-bandung?redirection_source=landing%20area
Kost Megumi Cikutra 4 Cibeunying Kidul Bandung,Rp1.100.000,Kecamatan Cibeunying Kidul,"3 x 4 meter, Tidak termasuk listrik","Kasur, Meja, Lemari / Storage, Jendela, Guling, Bantal, Kursi","K. Mandi Dalam, Kloset Duduk, Ember mandi, Shower, Air panas","WiFi, Kulkas, R. Tamu, Penjaga Kos, R. Jemur, R. Makan, R. Santai, Dispenser, Dapur, Jemuran","Parkir Mobil, Parkir Motor, Parkir Sepeda, Parkir Motor & Sepeda",,https://mamikos.com/room/kost-kota-bandung-kost-putri-eksklusif-kost-megumi-cikutra-4-cibeunying-kidul-bandung?redirection_source=landing%20area
Kost 19C Tipe D Kiaracondong Bandung,Rp1.500.000,Kiaracondong,"3 x 4 meter, Termasuk listrik","Kasur, Lemari / Storage, Ventilasi, Jendela, Cermin, Bantal","K. Mandi Dalam, Kloset Duduk, Wastafel, Shower, Air panas","WiFi, Jemuran, Pengurus Kos, CCTV, Balcon",Parkir Motor & Sepeda,,https://mamikos.com/room/kost-kota-bandung-kost-campur-eksklusif-kost-19c-tipe-d-kiaracondong-bandung?redirection_source=landing%20area
Kost Dmt Cicadas Batununggal Bandung,Rp500.000,Kecamatan Batununggal,"3 x 4 meter, Tidak termasuk listrik","Kasur, Lemari / Storage, Ventilasi, Jendela, Cermin, Bantal","Kloset Jongkok, Ember mandi, Bak mandi","WiFi, R. Cuci, Penjaga Kos, R. Jemur, Mushola, Dispenser, Dapur, Pengurus Kos, CCTV, Taman","Parkir Motor, Parkir Sepeda, Parkir Motor & Sepeda",,https://mamikos.com/room/kost-kota-bandung-kost-putri-murah-kost-dmt-cicadas-batununggal-bandung?redirection_source=landing%20area
Kost Cikutra Babakan Sukapada Bandung,Rp475.000,Cibeunying Kidul,"2.3 x 3 meter, Termasuk listrik","Kasur, Meja, Lemari / Storage, Kursi","K. Mandi Dalam, Kloset Jongkok, Ember mandi","R. Jemur, Dapur","Parkir Motor, Parkir Sepeda",,https://mamikos.com/room/kost-kota-bandung-kost-putra-murah-kost-cikutra-babakan-sukapada-bandung?redirection_source=landing%20area
Kost Alshab Tipe C Cimenyan Bandung,Rp775.000,Cimenyan,"3 x 4 meter, Tidak termasuk listrik","Kasur, Lemari / Storage, Ventilasi, Jendela, Bantal","K. Mandi Dalam, Kloset Jongkok, Ember mandi, Shower","WiFi, R. Jemur, Dapur, Jemuran, Pengurus Kos",Parkir Motor,,https://mamikos.com/room/kost-kabupaten-bandung-kost-campur-eksklusif-kost-alshab-tipe-c-cimenyan-bandung?redirection_source=landing%20area
Kost Nur Muhaji Tipe F Batununggal Bandung,Rp1.200.000,Batununggal,"3 x 4 meter, Tidak termasuk listrik","Kasur, Lemari / Storage, Ventilasi, Jendela, Guling, Bantal","K. Mandi Dalam, Kloset Duduk, Ember mandi","WiFi, Laundry, Penjaga Kos, Jemuran, Pengurus Kos, CCTV","Parkir Motor, Parkir Motor & Sepeda",,https://mamikos.com/room/kost-kota-bandung-kost-campur-eksklusif-kost-nur-muhaji-tipe-f-batununggal-bandung?redirection_source=landing%20area
Kost Pondok Salsabila Tipe 2 Cibeunying Kidul Bandung,Rp800.000,Kecamatan Cibeunying Kidul,"2 x 3 meter, Tidak termasuk listrik","Kasur, Bantal","K. Mandi Dalam, Kloset Jongkok, K. Mandi Luar, Ember mandi, Shower, Bak mandi","WiFi, R. Cuci, Penjaga Kos, R. Jemur, Mushola, R. Santai, Dapur, Jemuran, Pengurus Kos, K. Mandi Luar",Parkir Motor,,https://mamikos.com/room/kost-kota-bandung-kost-campur-murah-kost-pondok-salsabila-tipe-2-cibeunying-kidul-bandung-2?redirection_source=landing%20area
Kost Pabu Ohim Executive Antapani Bandung,Rp800.000,Kecamatan Antapani,"3 x 4 meter, Termasuk listrik","Meja, Jendela","K. Mandi Dalam, Kloset Jongkok, K. Mandi Luar, Ember mandi","WiFi, R. Cuci, Kulkas, Mesin Cuci, R. Jemur, Jemuran, Rooftop, Balcon, Gazebo","Parkir Mobil, Parkir Motor, Parkir Sepeda, Parkir Motor & Sepeda",,https://mamikos.com/room/kost-kota-bandung-kost-putri-murah-kost-pabu-ohim-executive-antapani-bandung-2?redirection_source=landing%20area
Kost Boarding House Naga Malim Tipe D Cibeunying Kidul Bandung,Rp750.000,Cibeunying Kidul,"3 x 3 meter, Tidak termasuk listrik",Jendela,Kloset Jongkok,"R. Santai, Dapur, Pengurus Kos, CCTV, K. Mandi Luar","Parkir Motor, Parkir Sepeda",,https://mamikos.com/room/kost-bandung-kost-campur-murah-kost-boarding-house-naga-malim-cibeunying-kidul-bandung-1?redirection_source=landing%20area
Kost Studio G4 Tipe B Cibeunying Kaler Bandung,Rp960.000,Kecamatan Cibeunying Kaler,"3 x 2 meter, Termasuk listrik","Kasur, Meja, Lemari / Storage, Ventilasi, Jendela, Guling, Cermin, Bantal, Kursi","Kloset Jongkok, K. Mandi Luar, Wastafel, Ember mandi","WiFi, R. Jemur, R. Makan, R. Santai, Dapur, Jemuran, Rice Cooker, Balcon, K. Mandi Luar","Parkir Motor, Parkir Sepeda",,https://mamikos.com/room/kost-kota-bandung-kost-putra-eksklusif-kost-studio-g4-tipe-b-cibeunying-kaler-bandung?redirection_source=landing%20area
Kost Atlas Kiaracondong Bandung,Rp850.000,Kiaracondong,"3 x 3 meter, Tidak termasuk listrik",,K. Mandi Dalam,WiFi,Parkir Mobil,,https://mamikos.com/room/kost-bandung-kost-campur-murah-kost-atlas-kiaracondong-bandung?redirection_source=landing%20area
Kost Humaira Cibeunying Kaler Bandung,Rp1.200.000,Kecamatan Cibeunying Kaler,"2 x 3.5 meter, Tidak termasuk listrik","Kasur, Meja, Lemari / Storage, Ventilasi, Jendela, Cermin, Kursi","K. Mandi Dalam, Kloset Duduk, Wastafel, Shower","WiFi, R. Tamu, Penjaga Kos, R. Jemur, R. Makan, R. Santai, Dapur, Pengurus Kos, Jual Makanan, CCTV","Parkir Motor, Parkir Sepeda, Parkir Motor & Sepeda",,https://mamikos.com/room/kost-kota-bandung-kost-putri-eksklusif-humaira-kost-putri-cibeunying-kaler-bandung?redirection_source=landing%20area
Kost Cikaso 86E Cibeunying Kidul Bandung,Rp1.350.000,Cibeunying Kidul,"3 x 3 meter, Tidak termasuk listrik","AC, Kasur, Meja, Lemari / Storage, Ventilasi","K. Mandi Dalam, Kloset Duduk, Shower, Air panas","R. Cuci, Penjaga Kos, R. Makan, R. Santai, Dapur, TV","Parkir Mobil, Parkir Motor",,https://mamikos.com/room/kost-kota-bandung-kost-putra-eksklusif-kost-cikaso-86e-cibeunying-kidul-bandung-?redirection_source=landing%20area
Kost Orange Tipe C Cikondang Coblong Bandung,Rp750.000,Coblong,"4 x 4 meter, Termasuk listrik","Kasur, Meja, Lemari / Storage, Kursi","Kloset Jongkok, K. Mandi Luar, Ember mandi, Shower","WiFi, Kulkas, R. Jemur, Dispenser, Dapur, Balcon, TV",Parkir Motor,,https://mamikos.com/room/kost-kota-bandung-kost-campur-murah-kost-orange-tipe-c-cikondang-coblong-bandung?redirection_source=landing%20area
Kost Ibu Sri Antapani Bandung,Rp1.200.000,Antapani,"3 x 3 meter, Termasuk listrik","Kasur, Dispenser, Meja, Meja Rias, Lemari / Storage","Kloset Duduk, K. Mandi Luar, Shower, Air panas","WiFi, R. Cuci, Kulkas, Mesin Cuci, Laundry, R. Tamu, R. Jemur, R. Makan, R. Santai, Dispenser","Parkir Motor, Parkir Sepeda",,https://mamikos.com/room/kost-bandung-kost-putra-eksklusif-kost-ibu-sri-antapani-bandung-1?redirection_source=landing%20area
Kost Boarding House Naga Malim With Kitchen Outside Tipe B Cibeunying Kidul Bandung,Rp900.000,Cibeunying Kidul,"3 x 3 meter, Tidak termasuk listrik",Jendela,Kloset Jongkok,"R. Tamu, R. Santai, Dapur, Pengurus Kos, CCTV, Balcon, K. Mandi Luar","Parkir Motor, Parkir Sepeda",,https://mamikos.com/room/kost-bandung-kost-campur-murah-kost-boarding-house-naga-malim-with-kitchen-outside-tipe-b-cibeunying-kidul-bandung?redirection_source=landing%20area
Kost Pahlawan Tipe A Cibeunying Kaler Bandung,Rp1.100.000,Cibeunying Kaler,"3 x 3 meter, Tidak termasuk listrik","Kasur, Meja, Lemari / Storage, Ventilasi, Jendela, Cermin, Bantal","K. Mandi Dalam, Kloset Duduk, Shower","WiFi, R. Cuci, Penjaga Kos, Mushola, Jemuran, Pengurus Kos",Parkir Motor,,https://mamikos.com/room/kost-kota-bandung-kost-putra-eksklusif-kost-pahlawan-tipe-a-cibeunying-kaler-bandung-2?redirection_source=landing%20area
Kost Omah Harianja Cibeunying Kidul Bandung,Rp600.000,Cibeunying Kidul,"3 x 3 meter, Termasuk listrik","Kasur, Meja, Ventilasi, Kursi",K. Mandi Luar,"WiFi, Kulkas, R. Jemur, R. Santai, Dapur, Jemuran, Balcon, TV, K. Mandi Luar",Parkir Motor,,https://mamikos.com/room/kost-kota-bandung-kost-putri-murah-kost-omah-harianja-cibeunying-kidul-bandung?redirection_source=landing%20area
Kost Muararajeun Lama 1 Tipe B Cibeunying Kaler Bandung,Rp925.000,Cibeunying Kaler,"3 x 3 meter, Termasuk listrik","Kasur, Meja, Lemari / Storage, Ventilasi, Jendela, Bantal","K. Mandi Dalam, Kloset Jongkok, Ember mandi","WiFi, R. Cuci, Penjaga Kos, R. Jemur, Jemuran, Pengurus Kos, CCTV","Parkir Motor, Parkir Sepeda, Parkir Motor & Sepeda",,https://mamikos.com/room/kost-kota-bandung-kost-campur-eksklusif-kost-muararajeun-lama-1-tipe-b-cibeunying-kaler-bandung?redirection_source=landing%20area
Kost Burhanul Tipe A Antapani Bandung,Rp800.000,Antapani,"3 x 3 meter, Termasuk listrik","Kasur, Lemari / Storage",Kloset Jongkok,"WiFi, Mesin Cuci, R. Jemur, R. Santai, Dispenser, Dapur, Jemuran, Balcon","Parkir Motor, Parkir Sepeda",,https://mamikos.com/room/kost-kota-bandung-kost-putri-murah-kost-burhanul-tipe-a-antapani-bandung-2?redirection_source=landing%20area
Kost Imah Incu Antapani Bandung,Rp850.000,Antapani,"3 x 4 meter, Termasuk listrik","Kasur, Lemari / Storage, Ventilasi, Jendela, Guling, Bantal","K. Mandi Dalam, Kloset Jongkok, Ember mandi","WiFi, Jemuran, Pengurus Kos","Parkir Motor, Parkir Sepeda",,https://mamikos.com/room/kost-kota-bandung-kost-putri-murah-kost-imah-incu-antapani-bandung-2?redirection_source=landing%20area
Kost Puri Fbp Cibeunying Kidul Bandung,Rp800.000,Kecamatan Cibeunying Kidul,"3 x 3 meter, Termasuk listrik","Kasur, Meja, Lemari / Storage, Ventilasi, Jendela, Bantal, Sofa, Wastafel","Kloset Duduk, K. Mandi Luar","WiFi, R. Tamu, Penjaga Kos, R. Santai, Dapur, Pengurus Kos, CCTV, Balcon, Taman, TV","Parkir Mobil, Parkir Motor",,https://mamikos.com/room/kost-kota-bandung-kost-putra-murah-kost-puri-fbp-cibeunying-kidul-bandung?redirection_source=landing%20area
Kost Cikampek Antapani Bandung,Rp900.000,Antapani,"3 x 3 meter, Termasuk listrik","Kasur, Meja, Lemari / Storage, Ventilasi, Kursi, Kipas Angin","Kloset Duduk, K. Mandi Luar, Shower","WiFi, Kulkas, R. Tamu, R. Jemur, R. Makan, Dapur, Jemuran, Pengurus Kos, Balcon, K. Mandi Luar","Parkir Motor, Parkir Sepeda",,https://mamikos.com/room/kost-kota-bandung-kost-putri-murah-kost-cikampek-antapani-bandung-2?redirection_source=landing%20area
Kost J22 Tipe A Cibeunying Kaler Bandung,Rp650.000,Kecamatan Cibeunying Kaler,"3 x 3 meter, Termasuk listrik","Kasur, Wastafel, Cleaning service","Kloset Jongkok, K. Mandi Luar, Wastafel, Bak mandi","R. Jemur, Rooftop, K. Mandi Luar","Parkir Motor, Parkir Sepeda, Parkir Motor & Sepeda",,https://mamikos.com/room/kost-kota-bandung-kost-putri-murah-kost-j22-tipe-a-cibeunying-kaler-bandung?redirection_source=landing%20area
Kost Mardi Tipe A Antapani Bandung,Rp1.100.000,Antapani,"3 x 3 meter, Tidak termasuk listrik","Kasur, Lemari / Storage, Jendela, Bantal, Kipas Angin","K. Mandi Dalam, Kloset Duduk, Ember mandi","WiFi, R. Cuci, Mesin Cuci, Penjaga Kos, R. Jemur, Dapur, Jemuran, Pengurus Kos, CCTV",Parkir Motor,,https://mamikos.com/room/kost-kota-bandung-kost-putra-murah-kost-mardi-tipe-a-antapani-bandung?redirection_source=landing%20area
Kost Depok Tipe B Antapani Bandung,Rp1.300.000,Kecamatan Antapani,"4.5 x 4.5 meter, Termasuk listrik","Kasur, Meja, Lemari / Storage, Ventilasi, Jendela, Guling, Cermin, Bantal, Wastafel, Kursi","Kloset Jongkok, K. Mandi Luar, Wastafel, Ember mandi, Shower, Bak mandi","WiFi, R. Cuci, Penjaga Kos, R. Jemur, Dapur, Jemuran, Pengurus Kos, CCTV, Kartu Akses, Locker","Parkir Motor, Parkir Sepeda, Parkir Motor & Sepeda",,https://mamikos.com/room/kost-kota-bandung-kost-campur-eksklusif-kost-depok-tipe-b-antapani-bandung?redirection_source=landing%20area
Kost Apik Mekar II Padasuka Tipe B Cibeunying Kidul Bandung,Rp925.000,Cibeunying Kidul,"3 x 3 meter, Tidak termasuk listrik","Kasur, Meja, Lemari / Storage, Jendela, Bantal, Kursi","Kloset Duduk, Kloset Jongkok, K. Mandi Luar, Ember mandi, Shower","WiFi, Kulkas, R. Tamu, Penjaga Kos, R. Jemur, Dapur, Jemuran, K. Mandi Luar",Parkir Motor & Sepeda,,https://mamikos.com/room/kost-kota-bandung-kost-campur-murah-kost-apik-mekar-ii-padasuka-tipe-b-cibeunying-kidul-bandung-2?redirection_source=landing%20area
Kost Rumah Sepuluh Cibeunying Kidul Bandung,Rp850.000,Kecamatan Cibeunying Kidul,"3 x 3 meter, Tidak termasuk listrik","Kasur, Meja, Lemari / Storage, Ventilasi, Jendela, Guling, Cermin, Bantal, Kursi, Kipas Angin","Kloset Duduk, K. Mandi Luar, Ember mandi","WiFi, Kulkas, Dapur, Jemuran, CCTV",Parkir Motor,,https://mamikos.com/room/kost-kota-bandung-kost-putra-murah-kost-rumah-sepuluh-cibeunying-kidul-bandung-2?redirection_source=landing%20area
Kost Palapa Cibeunying Kidul Bandung,Rp1.100.000,Kecamatan Cibeunying Kidul,"3 x 4 meter, Termasuk listrik","Kasur, Lemari / Storage","K. Mandi Dalam, Kloset Jongkok, Ember mandi, Shower","R. Jemur, Jemuran, CCTV, Balcon, K. Mandi Luar",Parkir Motor,,https://mamikos.com/room/kost-kota-bandung-kost-putra-eksklusif-kost-palapa-cibeunying-kidul-bandung?redirection_source=landing%20area
Kost Divara Luxury Kamar Utama Cibeunying Kaler Bandung,Rp1.600.000,Kecamatan Cibeunying Kaler,"3 x 3 meter, Tidak termasuk listrik","AC, Kasur, Meja, TV, Lemari / Storage, Ventilasi, Jendela, Bantal, Kursi","K. Mandi Dalam, Kloset Duduk, Shower, Air panas","WiFi, Kulkas, Laundry, Penjaga Kos, R. Jemur, R. Santai, Dapur, Jemuran, CCTV, Kartu Akses","Parkir Motor, Parkir Motor & Sepeda",,https://mamikos.com/room/kost-kota-bandung-kost-campur-eksklusif-kost-divara-luxury-kamar-utama-cibeunying-kaler-bandung-2?redirection_source=landing%20area
Kost Bu Enita Cibeunying Kaler Bandung,Rp550.000,Cibeunying Kaler,"3 x 5 meter, Termasuk listrik","Kasur, Lemari / Storage, Jendela, Cleaning service","Kloset Jongkok, K. Mandi Luar, Ember mandi, Bak mandi","R. Cuci, Penjaga Kos, Mushola, Dapur, Pengurus Kos, K. Mandi Luar","Parkir Motor, Parkir Sepeda",,https://mamikos.com/room/kost-kota-bandung-kost-campur-murah-kost-bu-enita-cibeunying-kaler-bandung?redirection_source=landing%20area
Kost Apik Bintang Kumeli Tipe D Cibeunying Kaler Bandung,Rp875.000,Bojongloa Kaler,"2.5 x 2.5 meter, Tidak termasuk listrik","Kasur, Meja, Lemari / Storage, Jendela, Bantal, Kursi","Kloset Duduk, Shower","WiFi, Kulkas, R. Tamu, Penjaga Kos, R. Jemur, Dapur, Jemuran, Rooftop","Parkir Mobil, Parkir Motor & Sepeda",,https://mamikos.com/room/kost-kota-bandung-kost-putra-murah-kost-apik-bintang-kumeli-tipe-d-cibeunying-kaler-bandung-2?redirection_source=landing%20area
Kost Apik Bintang Kumeli Tipe A Cibeunying Kaler Bandung,Rp1.375.000,Cibeunying Kaler,"4 x 4 meter, Tidak termasuk listrik","Kasur, Meja, Lemari / Storage, Ventilasi, Jendela, Cermin, Bantal, Kursi","K. Mandi Dalam, Kloset Duduk, Shower","WiFi, Kulkas, R. Tamu, Penjaga Kos, R. Jemur, Dapur, Jemuran, Rooftop","Parkir Mobil, Parkir Motor & Sepeda",,https://mamikos.com/room/kost-kota-bandung-kost-putra-eksklusif-kost-apik-bintang-kumeli-tipe-a-cibeunying-kaler-bandung-2?redirection_source=landing%20area
Kost Apik Antapani XIV 12 Tipe B Bandung,Rp800.000,Antapani,"2.5 x 1.8 meter, Termasuk listrik","Kasur, Meja, Lemari / Storage, Jendela, Bantal","Kloset Jongkok, K. Mandi Luar, Ember mandi, Bak mandi","WiFi, Kulkas, R. Tamu, Penjaga Kos, R. Jemur, R. Makan, Dispenser, Dapur, Jemuran, Rice Cooker",Parkir Motor & Sepeda,,https://mamikos.com/room/kost-kota-bandung-kost-putra-murah-kost-apik-antapani-xiv-12-tipe-b-bandung-2?redirection_source=landing%20area
Kost Apik Antapani XIV 12 Tipe A Bandung,Rp850.000,Antapani,"3 x 3 meter, Termasuk listrik","Kasur, Meja, Lemari / Storage, Ventilasi, Jendela, Bantal, Kursi","Kloset Jongkok, K. Mandi Luar, Ember mandi, Bak mandi","WiFi, Kulkas, R. Tamu, Penjaga Kos, R. Jemur, R. Makan, Dispenser, Dapur, Jemuran, Rice Cooker",Parkir Motor & Sepeda,,https://mamikos.com/room/kost-kota-bandung-kost-putra-murah-kost-apik-antapani-xiv-12-tipe-a-bandung-2?redirection_source=landing%20area
Kost Hema Tipe 1 Cibeunying Kidul Bandung,Rp1.000.000,Cibeunying Kidul,"3 x 8 meter, Tidak termasuk listrik",Dapur Pribadi,"K. Mandi Dalam, Kloset Jongkok","Jemuran, CCTV",Parkir Motor,,https://mamikos.com/room/kost-kota-bandung-kost-campur-eksklusif-kost-hema-kost-cibeunying-kidul-bandung?redirection_source=landing%20area
Kost Gang Bojong Mekar Cibeunying Kaler Bandung,Rp1.200.000,Kecamatan Cibeunying Kaler,"3 x 6 meter, Termasuk listrik",Wastafel,"K. Mandi Dalam, Kloset Jongkok","R. Cuci, R. Tamu, R. Jemur, R. Makan, R. Santai, Dapur, R. Keluarga",Parkir Motor,,https://mamikos.com/room/kost-kota-bandung-kost-campur-eksklusif-kost-gang-bojong-mekar-cibeunying-kaler-bandung?redirection_source=landing%20area
Kost Boarding House Tipe E Cibeunying Kidul Bandung,Rp1.600.000,Cibeunying Kidul,"4 x 10 meter, Tidak termasuk listrik","Jendela, Dapur Pribadi","K. Mandi Dalam, Kloset Jongkok","WiFi, Penjaga Kos, Pengurus Kos, CCTV","Parkir Mobil, Parkir Motor, Parkir Sepeda",,https://mamikos.com/room/kost-kota-bandung-kost-campur-eksklusif-kost-boarding-house-tipe-e-cibeunying-kidul-bandung-1?redirection_source=landing%20area
Kost Pak Edi Tipe A Cibeunying Kidul Bandung,Rp1.250.000,Kecamatan Cibeunying Kidul,"3 x 4 meter, Tidak termasuk listrik","Kasur, Lemari / Storage, Ventilasi, Jendela, Dapur Pribadi, Cermin, Wastafel","K. Mandi Dalam, Kloset Jongkok, Ember mandi","WiFi, Dapur, Jemuran, Jual Makanan, CCTV",Parkir Motor & Sepeda,,https://mamikos.com/room/kost-kota-bandung-kost-putri-eksklusif-kost-pak-edi-tipe-a-cibeunying-kidul-bandung?redirection_source=landing%20area
Kost Winn Tipe B Cimenyan Bandung,Rp750.000,Cimenyan,"3 x 4 meter, Tidak termasuk listrik","Kasur, Lemari / Storage, Jendela, Dapur Pribadi, Bantal, Wastafel","K. Mandi Dalam, Kloset Jongkok, Wastafel, Ember mandi","WiFi, R. Jemur, Dapur, Jemuran, Pengurus Kos, Jual Makanan","Parkir Motor, Parkir Motor & Sepeda",,https://mamikos.com/room/kost-kabupaten-bandung-kost-campur-murah-kost-winn-tipe-b-cimenyan-bandung?redirection_source=landing%20area
Kost Apik Mekar II Padasuka Tipe B Cibeunying Kidul Bandung,Rp925.000,Cibeunying Kidul,"3 x 3 meter, Tidak termasuk listrik","Kasur, Meja, Lemari / Storage, Jendela, Bantal, Kursi","Kloset Duduk, Kloset Jongkok, K. Mandi Luar, Ember mandi, Shower","WiFi, Kulkas, R. Tamu, Penjaga Kos, R. Jemur, Dapur, Jemuran, K. Mandi Luar",Parkir Motor & Sepeda,,https://mamikos.com/room/kost-kota-bandung-kost-campur-murah-kost-apik-mekar-ii-padasuka-tipe-b-cibeunying-kidul-bandung-2?redirection_source=landing%20area
Kost Rumah Sepuluh Cibeunying Kidul Bandung,Rp850.000,Kecamatan Cibeunying Kidul,"3 x 3 meter, Tidak termasuk listrik","Kasur, Meja, Lemari / Storage, Ventilasi, Jendela, Guling, Cermin, Bantal, Kursi, Kipas Angin","Kloset Duduk, K. Mandi Luar, Ember mandi","WiFi, Kulkas, Dapur, Jemuran, CCTV",Parkir Motor,,https://mamikos.com/room/kost-kota-bandung-kost-putra-murah-kost-rumah-sepuluh-cibeunying-kidul-bandung-2?redirection_source=landing%20area
Kost Palapa Cibeunying Kidul Bandung,Rp1.100.000,Kecamatan Cibeunying Kidul,"3 x 4 meter, Termasuk listrik","Kasur, Lemari / Storage","K. Mandi Dalam, Kloset Jongkok, Ember mandi, Shower","R. Jemur, Jemuran, CCTV, Balcon, K. Mandi Luar",Parkir Motor,,https://mamikos.com/room/kost-kota-bandung-kost-putra-eksklusif-kost-palapa-cibeunying-kidul-bandung?redirection_source=landing%20area
Kost Divara Luxury Kamar Utama Cibeunying Kaler Bandung,Rp1.600.000,Kecamatan Cibeunying Kaler,"3 x 3 meter, Tidak termasuk listrik","AC, Kasur, Meja, TV, Lemari / Storage, Ventilasi, Jendela, Bantal, Kursi","K. Mandi Dalam, Kloset Duduk, Shower, Air panas","WiFi, Kulkas, Laundry, Penjaga Kos, R. Jemur, R. Santai, Dapur, Jemuran, CCTV, Kartu Akses","Parkir Motor, Parkir Motor & Sepeda",,https://mamikos.com/room/kost-kota-bandung-kost-campur-eksklusif-kost-divara-luxury-kamar-utama-cibeunying-kaler-bandung-2?redirection_source=landing%20area
Kost Bu Enita Cibeunying Kaler Bandung,Rp550.000,Cibeunying Kaler,"3 x 5 meter, Termasuk listrik","Kasur, Lemari / Storage, Jendela, Cleaning service","Kloset Jongkok, K. Mandi Luar, Ember mandi, Bak mandi","R. Cuci, Penjaga Kos, Mushola, Dapur, Pengurus Kos, K. Mandi Luar","Parkir Motor, Parkir Sepeda",,https://mamikos.com/room/kost-kota-bandung-kost-campur-murah-kost-bu-enita-cibeunying-kaler-bandung?redirection_source=landing%20area
Kost Apik Bintang Kumeli Tipe D Cibeunying Kaler Bandung,Rp875.000,Bojongloa Kaler,"2.5 x 2.5 meter, Tidak termasuk listrik","Kasur, Meja, Lemari / Storage, Jendela, Bantal, Kursi","Kloset Duduk, Shower","WiFi, Kulkas, R. Tamu, Penjaga Kos, R. Jemur, Dapur, Jemuran, Rooftop","Parkir Mobil, Parkir Motor & Sepeda",,https://mamikos.com/room/kost-kota-bandung-kost-putra-murah-kost-apik-bintang-kumeli-tipe-d-cibeunying-kaler-bandung-2?redirection_source=landing%20area
Kost Apik Bintang Kumeli Tipe A Cibeunying Kaler Bandung,Rp1.375.000,Cibeunying Kaler,"4 x 4 meter, Tidak termasuk listrik","Kasur, Meja, Lemari / Storage, Ventilasi, Jendela, Cermin, Bantal, Kursi","K. Mandi Dalam, Kloset Duduk, Shower","WiFi, Kulkas, R. Tamu, Penjaga Kos, R. Jemur, Dapur, Jemuran, Rooftop","Parkir Mobil, Parkir Motor & Sepeda",,https://mamikos.com/room/kost-kota-bandung-kost-putra-eksklusif-kost-apik-bintang-kumeli-tipe-a-cibeunying-kaler-bandung-2?redirection_source=landing%20area
Kost Apik Antapani XIV 12 Tipe B Bandung,Rp800.000,Antapani,"2.5 x 1.8 meter, Termasuk listrik","Kasur, Meja, Lemari / Storage, Jendela, Bantal","Kloset Jongkok, K. Mandi Luar, Ember mandi, Bak mandi","WiFi, Kulkas, R. Tamu, Penjaga Kos, R. Jemur, R. Makan, Dispenser, Dapur, Jemuran, Rice Cooker",Parkir Motor & Sepeda,,https://mamikos.com/room/kost-kota-bandung-kost-putra-murah-kost-apik-antapani-xiv-12-tipe-b-bandung-2?redirection_source=landing%20area
Kost Apik Antapani XIV 12 Tipe A Bandung,Rp850.000,Antapani,"3 x 3 meter, Termasuk listrik","Kasur, Meja, Lemari / Storage, Ventilasi, Jendela, Bantal, Kursi","Kloset Jongkok, K. Mandi Luar, Ember mandi, Bak mandi","WiFi, Kulkas, R. Tamu, Penjaga Kos, R. Jemur, R. Makan, Dispenser, Dapur, Jemuran, Rice Cooker",Parkir Motor & Sepeda,,https://mamikos.com/room/kost-kota-bandung-kost-putra-murah-kost-apik-antapani-xiv-12-tipe-a-bandung-2?redirection_source=landing%20area
Kost Hema Tipe 1 Cibeunying Kidul Bandung,Rp1.000.000,Cibeunying Kidul,"3 x 8 meter, Tidak termasuk listrik",Dapur Pribadi,"K. Mandi Dalam, Kloset Jongkok","Jemuran, CCTV",Parkir Motor,,https://mamikos.com/room/kost-kota-bandung-kost-campur-eksklusif-kost-hema-kost-cibeunying-kidul-bandung?redirection_source=landing%20area
Kost Gang Bojong Mekar Cibeunying Kaler Bandung,Rp1.200.000,Kecamatan Cibeunying Kaler,"3 x 6 meter, Termasuk listrik",Wastafel,"K. Mandi Dalam, Kloset Jongkok","R. Cuci, R. Tamu, R. Jemur, R. Makan, R. Santai, Dapur, R. Keluarga",Parkir Motor,,https://mamikos.com/room/kost-kota-bandung-kost-campur-eksklusif-kost-gang-bojong-mekar-cibeunying-kaler-bandung?redirection_source=landing%20area
Kost Boarding House Tipe E Cibeunying Kidul Bandung,Rp1.600.000,Cibeunying Kidul,"4 x 10 meter, Tidak termasuk listrik","Jendela, Dapur Pribadi","K. Mandi Dalam, Kloset Jongkok","WiFi, Penjaga Kos, Pengurus Kos, CCTV","Parkir Mobil, Parkir Motor, Parkir Sepeda",,https://mamikos.com/room/kost-kota-bandung-kost-campur-eksklusif-kost-boarding-house-tipe-e-cibeunying-kidul-bandung-1?redirection_source=landing%20area
Kost Pak Edi Tipe A Cibeunying Kidul Bandung,Rp1.250.000,Kecamatan Cibeunying Kidul,"3 x 4 meter, Tidak termasuk listrik","Kasur, Lemari / Storage, Ventilasi, Jendela, Dapur Pribadi, Cermin, Wastafel","K. Mandi Dalam, Kloset Jongkok, Ember mandi","WiFi, Dapur, Jemuran, Jual Makanan, CCTV",Parkir Motor & Sepeda,,https://mamikos.com/room/kost-kota-bandung-kost-putri-eksklusif-kost-pak-edi-tipe-a-cibeunying-kidul-bandung?redirection_source=landing%20area
Kost Winn Tipe B Cimenyan Bandung,Rp750.000,Cimenyan,"3 x 4 meter, Tidak termasuk listrik","Kasur, Lemari / Storage, Jendela, Dapur Pribadi, Bantal, Wastafel","K. Mandi Dalam, Kloset Jongkok, Wastafel, Ember mandi","WiFi, R. Jemur, Dapur, Jemuran, Pengurus Kos, Jual Makanan","Parkir Motor, Parkir Motor & Sepeda",,https://mamikos.com/room/kost-kabupaten-bandung-kost-campur-murah-kost-winn-tipe-b-cimenyan-bandung?redirection_source=landing%20area
Kost Boemi Mangga 1 Tipe A Cimenyan Bandung,Rp1.550.000,Kecamatan Cimenyan,"3 x 3 meter, Tidak termasuk listrik","Ventilasi, Jendela, Dapur Pribadi, Cermin","K. Mandi Dalam, Kloset Jongkok, Shower","Mushola, Dapur, Balcon",Parkir Mobil,,https://mamikos.com/room/kost-kabupaten-bandung-kost-campur-eksklusif-kost-boemi-mangga-1-tipe-a-cimenyan-bandung?redirection_source=landing%20area
Kost LQA Kiaracondong Bandung,Rp700.000,Kiaracondong,"3 x 3 meter, Tidak termasuk listrik","Meja, Lemari / Storage, Kursi","Kloset Jongkok, K. Mandi Luar, Bak mandi",Jemuran,Parkir Motor,,https://mamikos.com/room/kost-bandung-kost-putri-murah-kost-lqa-kiaracondong-bandung-1?redirection_source=landing%20area
Kost Raden Executive Lengkong Bandung,Rp2.100.000,Lengkong,"7.1 x 4 meter, Tidak termasuk listrik","Kasur, Meja, Lemari / Storage, Ventilasi, Jendela, Guling, Cermin, Bantal, Kursi","K. Mandi Dalam, Kloset Duduk, K. Mandi Luar, Shower","R. Cuci, R. Jemur, Jemuran, Pengurus Kos, CCTV, Balcon",Parkir Motor,,https://mamikos.com/room/kost-kota-bandung-kost-putra-eksklusif-kost-raden-executive-lengkong-bandung-2?redirection_source=landing%20area
Kost Pak Slamet Tipe C Antapani Bandung,Rp650.000,Antapani,"3 x 4 meter, Termasuk listrik","Kasur, Lemari / Storage","K. Mandi Dalam, Kloset Jongkok, Ember mandi","R. Jemur, Dispenser, Dapur","Parkir Motor, Parkir Sepeda",,https://mamikos.com/room/kost-kota-bandung-kost-putri-eksklusif-kost-pak-slamet-tipe-c-antapani-bandung?redirection_source=landing%20area
Kost Sukma Antapani Bandung,Rp550.000,Antapani,"2 x 3 meter, Tidak termasuk listrik","Kasur, Lemari / Storage, Bantal","Kloset Jongkok, K. Mandi Luar","WiFi, R. Tamu, Penjaga Kos, R. Jemur, R. Santai, Jemuran, Pengurus Kos","Parkir Mobil, Parkir Motor",,https://mamikos.com/room/kost-bandung-kost-putri-murah-kost-sukma-antapani-bandung?redirection_source=landing%20area
Kost Pondok Caraka Cibeunying Kidul Bandung,Rp600.000,Kecamatan Cibeunying Kidul,"3 x 3 meter, Termasuk listrik","Kasur, Meja, Lemari / Storage, Jendela, Bantal","Kloset Jongkok, K. Mandi Luar, Shower","Kulkas, Laundry, R. Tamu, Penjaga Kos, R. Jemur, R. Santai, Dapur, Jemuran, Rooftop, K. Mandi Luar","Parkir Motor, Parkir Motor & Sepeda",,https://mamikos.com/room/kost-kota-bandung-kost-campur-murah-kost-pondok-caraka-cibeunying-kidul-bandung-2?redirection_source=landing%20area
Kost Kilsha Sma Yas Cibeunying Kidul Bandung,Rp900.000,Cibeunying Kidul,"3 x 4 meter, Termasuk listrik","Kasur, Meja, Lemari / Storage, Ventilasi, Jendela, Kursi","K. Mandi Dalam, Kloset Duduk, Kloset Jongkok, Ember mandi, Shower","WiFi, R. Cuci, Laundry, R. Tamu, R. Jemur, R. Makan, R. Santai, Dapur, Jual Makanan, Balcon","Parkir Motor, Parkir Sepeda",,https://mamikos.com/room/kost-bandung-kost-putra-murah-kost-kilsha-sma-yas-cibeunying-kidul-bandung?redirection_source=landing%20area
Kost Pak Resmana Cibeunying Kidul Bandung,Rp750.000,Kecamatan Cibeunying Kidul,"3.5 x 2 meter, Termasuk listrik","Kasur, Lemari / Storage","K. Mandi Dalam, Kloset Jongkok, Ember mandi","WiFi, Penjaga Kos, R. Jemur, Dispenser, Dapur, Jemuran, Pengurus Kos, Jual Makanan, Rooftop, Gazebo",,,https://mamikos.com/room/kost-kota-bandung-kost-putri-murah-kos-pak-resmana-cibeunying-kidul-bandung-2?redirection_source=landing%20area
Kost Evelyn Home Tipe 2 Cibeunying Kidul Bandung,Rp750.000,Cibeunying Kidul,"3 x 4 meter, Termasuk listrik","Kasur, Lemari / Storage, Cermin","K. Mandi Dalam, Kloset Jongkok, Ember mandi","WiFi, R. Jemur, Dapur",,,https://mamikos.com/room/kost-kota-bandung-kost-putri-murah-kost-evelyn-home-tipe-2-cibeunying-kidul-bandung?redirection_source=landing%20area
Kost Itenas Widyatama Ekuitas 1 Tipe B Cibeunying Kidul Bandung,Rp850.000,Cibeunying Kidul,"3 x 4 meter, Termasuk listrik","Kasur, Lemari / Storage, Ventilasi, Jendela, Bantal","K. Mandi Dalam, Kloset Jongkok, Ember mandi","WiFi, Penjaga Kos, R. Jemur, Dapur, Jemuran, Pengurus Kos, CCTV","Parkir Motor, Parkir Sepeda",,https://mamikos.com/room/kost-kota-bandung-kost-putra-murah-kost-itenas-widyatama-ekuitas-1-tipe-b-cibeunying-kidul-bandung?redirection_source=landing%20area
Kost Sidomukti 30 Tipe A Cibeunying Kaler Bandung,Rp925.000,Kecamatan Cibeunying Kaler,"3 x 3 meter, Termasuk listrik","Kasur, Meja, Lemari / Storage, Jendela, Bantal, Kursi","Kloset Duduk, Kloset Jongkok, K. Mandi Luar, Wastafel, Shower, Air panas, Bak mandi","WiFi, R. Cuci, Kulkas, Mesin Cuci, R. Tamu, R. Jemur, Jemuran, R. Keluarga, K. Mandi Luar","Parkir Mobil, Parkir Motor, Parkir Sepeda, Parkir Motor & Sepeda",,https://mamikos.com/room/kost-kota-bandung-kost-putra-murah-kost-sidomukti-30-tipe-a-cibeunying-kaler-bandung-2?redirection_source=landing%20area
Kost Sindang Sari Tipe B Antapani Bandung,Rp700.000,Antapani,"3 x 4 meter, Termasuk listrik","Kasur, Meja, Lemari / Storage, Ventilasi, Guling, Cermin, Bantal, Wastafel","Kloset Jongkok, K. Mandi Luar, Wastafel, Ember mandi, Bak mandi","WiFi, Laundry, Penjaga Kos, R. Jemur, R. Santai, Dapur, Jemuran, Pengurus Kos, Jual Makanan, CCTV","Parkir Mobil, Parkir Motor, Parkir Sepeda",,https://mamikos.com/room/kost-kota-bandung-kost-putra-murah-kost-sindang-sari-tipe-b-antapani-bandung?redirection_source=landing%20area
Kost Ase Maria Tipe A Antapani Bandung,Rp750.000,Antapani,"3 x 4 meter, Termasuk listrik","Kasur, Meja, Lemari / Storage, Jendela, Bantal","Kloset Duduk, Kloset Jongkok, K. Mandi Luar, Ember mandi, Bak mandi","WiFi, R. Makan, R. Santai, Dispenser, Dapur, Jemuran, K. Mandi Luar",Parkir Motor,,https://mamikos.com/room/kost-kota-bandung-kost-campur-murah-kost-ase-maria-tipe-a-antapani-bandung?redirection_source=landing%20area
Kost Sazara Cibeunying Kidul Bandung,Rp1.000.000,Cibeunying Kidul,"3 x 4 meter, Termasuk listrik","Kasur, Meja, Lemari / Storage, Jendela, Bantal","K. Mandi Dalam, Kloset Jongkok, K. Mandi Luar, Ember mandi","WiFi, R. Cuci, Kulkas, Penjaga Kos, R. Jemur, Mushola, Dapur, Jemuran, CCTV, Balcon","Parkir Mobil, Parkir Motor, Parkir Sepeda, Parkir Motor & Sepeda",,https://mamikos.com/room/kost-kota-bandung-kost-putri-murah-kost-sazara-cibeunying-kidul-bandung-2?redirection_source=landing%20area
Kost Anyer Batununggal Bandung,Rp750.000,Kecamatan Batununggal,"3 x 3 meter, Termasuk listrik","Kasur, Guling, Bantal","Kloset Duduk, K. Mandi Luar, Bak mandi","WiFi, R. Jemur, Dispenser, Dapur, Jemuran, K. Mandi Luar","Parkir Mobil, Parkir Motor, Parkir Sepeda",,https://mamikos.com/room/kost-kota-bandung-kost-putri-murah-kost-anyer-batununggal-bandung?redirection_source=landing%20area
Kost No 73 Tipe A Cibeunying Kaler Bandung,Rp1.000.000,Cibeunying Kaler,"3 x 3 meter, Tidak termasuk listrik","Kasur, Meja, Lemari / Storage, Kursi","Kloset Duduk, K. Mandi Luar, Ember mandi, Bak mandi","WiFi, Laundry, R. Jemur, R. Santai, Dapur","Parkir Mobil, Parkir Motor, Parkir Sepeda",,https://mamikos.com/room/kost-kota-bandung-kost-putra-eksklusif-kost-no-73-tipe-a-cibeunying-kaler-bandung?redirection_source=landing%20area
Kost Casseyo Tipe B Kiaracondong Bandung,Rp750.000,Kecamatan Kiaracondong,"4 x 5 meter, Tidak termasuk listrik","Ventilasi, Jendela, Dapur Pribadi, Wastafel","K. Mandi Dalam, Kloset Jongkok, Ember mandi","R. Jemur, Jemuran","Parkir Motor, Parkir Sepeda",,https://mamikos.com/room/kost-kota-bandung-kost-campur-murah-kost-casseyo-tipe-b-terusan-jl-jakarta-kecamatan-kiaracondong-bandung?redirection_source=landing%20area
Kost Sumitra Tipe A Cibeunying Kaler Bandung,Rp1.200.000,Kecamatan Cibeunying Kaler,"3 x 2.5 meter, Tidak termasuk listrik","Kasur, Meja, Kursi","K. Mandi Dalam, Kloset Duduk, Shower","WiFi, R. Cuci, R. Jemur, R. Santai",Parkir Motor,,https://mamikos.com/room/kost-kota-bandung-kost-putri-eksklusif-kost-sumitra-tipe-a-cibeunying-kaler-bandung?redirection_source=landing%20area
Kost Bale Sunda Besar Cibeunying Kaler Bandung,Rp1.200.000,Cibeunying Kaler,"3 x 4 meter, Termasuk listrik","Kasur, Dispenser, Meja, Lemari / Storage, Kursi, Cleaning service","K. Mandi Dalam, Kloset Duduk, Wastafel, Ember mandi","WiFi, Penjaga Kos, R. Jemur, Mushola, Dispenser, Dapur, K. Mandi Luar","Parkir Mobil, Parkir Motor, Parkir Sepeda",,https://mamikos.com/room/kost-kota-bandung-kost-campur-eksklusif-kost-bale-sunda-besar-cibeunying-kaler-bandung-1?redirection_source=landing%20area
Kost Pinta Pahlawan Cibeunying Kidul Bandung,Rp600.000,Kecamatan Cibeunying Kidul,"3 x 4 meter, Termasuk listrik","Kasur, Lemari / Storage, Ventilasi","Kloset Jongkok, K. Mandi Luar, Ember mandi, Bak mandi","WiFi, Jemuran, CCTV, Balcon, K. Mandi Luar",,,https://mamikos.com/room/kost-kota-bandung-kost-putri-murah-kost-pinta-pahlawan-cibeunying-kidul-bandung-2?redirection_source=landing%20area
Kost Batik Ayu Cibeunying Kaler Bandung,Rp1.300.000,Cibeunying Kaler,"3 x 4 meter, Termasuk listrik","Kasur, Meja, Lemari / Storage, Ventilasi, Jendela, Cermin, Bantal, Kursi","K. Mandi Dalam, Kloset Duduk, Shower","WiFi, Kulkas, R. Tamu, R. Jemur, R. Santai, Dapur, Jemuran","Parkir Mobil, Parkir Motor, Parkir Sepeda",,https://mamikos.com/room/kost-bandung-kost-putra-eksklusif-kost-batik-ayu-cibeunying-kaler-bandung?redirection_source=landing%20area
Kost Rengganis Standar Cibeunying Kaler Bandung,Rp650.000,Cibeunying Kaler,"3 x 3 meter, Termasuk listrik",Kasur,"Kloset Jongkok, K. Mandi Luar, Wastafel, Ember mandi","WiFi, R. Jemur, R. Santai, Dapur, Jemuran, Pengurus Kos, CCTV, R. Keluarga, K. Mandi Luar","Parkir Motor, Parkir Motor & Sepeda",,https://mamikos.com/room/kost-kota-bandung-kost-putri-murah-kost-rengganis-standar-cibeunying-kaler-bandung-2?redirection_source=landing%20area
Kost Patma Tipe C Cibeunying Kaler Bandung,Rp1.080.000,Kecamatan Cibeunying Kaler,"2.5 x 3 meter, Tidak termasuk listrik","Kasur, Meja, Lemari / Storage, Cermin, Bantal",K. Mandi Dalam,"Kulkas, R. Tamu, Dapur, Pengurus Kos",Parkir Motor & Sepeda,,https://mamikos.com/room/kost-kota-bandung-kost-putri-eksklusif-kost-patma-tipe-c-cibeunying-kaler-bandung-2?redirection_source=landing%20area
Kost Widyatama Tipe Vip Cibeunying Kidul Bandung,Rp750.000,Cibeunying Kidul,"3 x 4 meter, Termasuk listrik","Kasur, Meja, Lemari / Storage, Ventilasi, Jendela, Bantal","Kloset Duduk, Kloset Jongkok, K. Mandi Luar, Ember mandi, Bak mandi","Kulkas, Penjaga Kos, R. Jemur, R. Makan, R. Santai, Dapur, Jemuran, Balcon, Taman, K. Mandi Luar","Parkir Motor, Parkir Sepeda, Parkir Motor & Sepeda",,https://mamikos.com/room/kost-kota-bandung-kost-putri-murah-kost-widyatama-tipe-vip-cibeunying-kidul-bandung?redirection_source=landing%20area
Kost Pondok Salsabila Tipe 1 Cibeunying Kidul Bandung,Rp750.000,Cibeunying Kidul,"3 x 3 meter, Tidak termasuk listrik","Kasur, Bantal","K. Mandi Dalam, Kloset Jongkok, K. Mandi Luar, Shower","R. Jemur, Mushola, R. Santai, Jemuran, Pengurus Kos, K. Mandi Luar","Parkir Motor, Parkir Sepeda",,https://mamikos.com/room/kost-kota-bandung-kost-campur-murah-kost-pondok-salsabila-tipe-1-cibeunying-kidul-bandung?redirection_source=landing%20area
Kost Bengawan 83 Tipe C1 Bandung Wetan Bandung,Rp1.250.000,Kecamatan Bandung Wetan,"3.2 x 3.2 meter, Termasuk listrik","Kasur, Meja, Lemari / Storage, Ventilasi, Jendela, Cermin, Bantal, Kursi, Kipas Angin, Cleaning service","Kloset Duduk, K. Mandi Luar, Shower, Air panas","WiFi, R. Cuci, Kulkas, Mesin Cuci, R. Tamu, Penjaga Kos, R. Jemur, R. Makan, R. Santai, Dispenser","Parkir Mobil, Parkir Motor, Parkir Sepeda",,https://mamikos.com/room/kost-kota-bandung-kost-campur-eksklusif-kost-bengawan-83-tipe-c1-bandung-wetan-bandung-2?redirection_source=landing%20area
Kost Puri Fbp Cibeunying Kidul Bandung,Rp800.000,Kecamatan Cibeunying Kidul,"3 x 3 meter, Termasuk listrik","Kasur, Meja, Lemari / Storage, Ventilasi, Jendela, Bantal, Sofa, Wastafel","Kloset Duduk, K. Mandi Luar","WiFi, R. Tamu, Penjaga Kos, R. Santai, Dapur, Pengurus Kos, CCTV, Balcon, Taman, TV","Parkir Mobil, Parkir Motor",,https://mamikos.com/room/kost-kota-bandung-kost-putra-murah-kost-puri-fbp-cibeunying-kidul-bandung?redirection_source=landing%20area
Kost Cikampek Antapani Bandung,Rp900.000,Antapani,"3 x 3 meter, Termasuk listrik","Kasur, Meja, Lemari / Storage, Ventilasi, Kursi, Kipas Angin","Kloset Duduk, K. Mandi Luar, Shower","WiFi, Kulkas, R. Tamu, R. Jemur, R. Makan, Dapur, Jemuran, Pengurus Kos, Balcon, K. Mandi Luar","Parkir Motor, Parkir Sepeda",,https://mamikos.com/room/kost-kota-bandung-kost-putri-murah-kost-cikampek-antapani-bandung-2?redirection_source=landing%20area
Kost J22 Tipe A Cibeunying Kaler Bandung,Rp650.000,Kecamatan Cibeunying Kaler,"3 x 3 meter, Termasuk listrik","Kasur, Wastafel, Cleaning service","Kloset Jongkok, K. Mandi Luar, Wastafel, Bak mandi","R. Jemur, Rooftop, K. Mandi Luar","Parkir Motor, Parkir Sepeda, Parkir Motor & Sepeda",,https://mamikos.com/room/kost-kota-bandung-kost-putri-murah-kost-j22-tipe-a-cibeunying-kaler-bandung?redirection_source=landing%20area
Kost Mardi Tipe A Antapani Bandung,Rp1.100.000,Antapani,"3 x 3 meter, Tidak termasuk listrik","Kasur, Lemari / Storage, Jendela, Bantal, Kipas Angin","K. Mandi Dalam, Kloset Duduk, Ember mandi","WiFi, R. Cuci, Mesin Cuci, Penjaga Kos, R. Jemur, Dapur, Jemuran, Pengurus Kos, CCTV",Parkir Motor,,https://mamikos.com/room/kost-kota-bandung-kost-putra-murah-kost-mardi-tipe-a-antapani-bandung?redirection_source=landing%20area
Kost Depok Tipe B Antapani Bandung,Rp1.300.000,Kecamatan Antapani,"4.5 x 4.5 meter, Termasuk listrik","Kasur, Meja, Lemari / Storage, Ventilasi, Jendela, Guling, Cermin, Bantal, Wastafel, Kursi","Kloset Jongkok, K. Mandi Luar, Wastafel, Ember mandi, Shower, Bak mandi","WiFi, R. Cuci, Penjaga Kos, R. Jemur, Dapur, Jemuran, Pengurus Kos, CCTV, Kartu Akses, Locker","Parkir Motor, Parkir Sepeda, Parkir Motor & Sepeda",,https://mamikos.com/room/kost-kota-bandung-kost-campur-eksklusif-kost-depok-tipe-b-antapani-bandung?redirection_source=landing%20area
Kost Apik Mekar II Padasuka Tipe B Cibeunying Kidul Bandung,Rp925.000,Cibeunying Kidul,"3 x 3 meter, Tidak termasuk listrik","Kasur, Meja, Lemari / Storage, Jendela, Bantal, Kursi","Kloset Duduk, Kloset Jongkok, K. Mandi Luar, Ember mandi, Shower","WiFi, Kulkas, R. Tamu, Penjaga Kos, R. Jemur, Dapur, Jemuran, K. Mandi Luar",Parkir Motor & Sepeda,,https://mamikos.com/room/kost-kota-bandung-kost-campur-murah-kost-apik-mekar-ii-padasuka-tipe-b-cibeunying-kidul-bandung-2?redirection_source=landing%20area
Kost Rumah Sepuluh Cibeunying Kidul Bandung,Rp850.000,Kecamatan Cibeunying Kidul,"3 x 3 meter, Tidak termasuk listrik","Kasur, Meja, Lemari / Storage, Ventilasi, Jendela, Guling, Cermin, Bantal, Kursi, Kipas Angin","Kloset Duduk, K. Mandi Luar, Ember mandi","WiFi, Kulkas, Dapur, Jemuran, CCTV",Parkir Motor,,https://mamikos.com/room/kost-kota-bandung-kost-putra-murah-kost-rumah-sepuluh-cibeunying-kidul-bandung-2?redirection_source=landing%20area
Kost Divara Luxury Kamar Utama Cibeunying Kaler Bandung,Rp1.600.000,Kecamatan Cibeunying Kaler,"3 x 3 meter, Tidak termasuk listrik","AC, Kasur, Meja, TV, Lemari / Storage, Ventilasi, Jendela, Bantal, Kursi","K. Mandi Dalam, Kloset Duduk, Shower, Air panas","WiFi, Kulkas, Laundry, Penjaga Kos, R. Jemur, R. Santai, Dapur, Jemuran, CCTV, Kartu Akses","Parkir Motor, Parkir Motor & Sepeda",,https://mamikos.com/room/kost-kota-bandung-kost-campur-eksklusif-kost-divara-luxury-kamar-utama-cibeunying-kaler-bandung-2?redirection_source=landing%20area
Kost Bu Enita Cibeunying Kaler Bandung,Rp550.000,Cibeunying Kaler,"3 x 5 meter, Termasuk listrik","Kasur, Lemari / Storage, Jendela, Cleaning service","Kloset Jongkok, K. Mandi Luar, Ember mandi, Bak mandi","R. Cuci, Penjaga Kos, Mushola, Dapur, Pengurus Kos, K. Mandi Luar","Parkir Motor, Parkir Sepeda",,https://mamikos.com/room/kost-kota-bandung-kost-campur-murah-kost-bu-enita-cibeunying-kaler-bandung?redirection_source=landing%20area
Kost Apik Bintang Kumeli Tipe D Cibeunying Kaler Bandung,Rp875.000,Bojongloa Kaler,"2.5 x 2.5 meter, Tidak termasuk listrik","Kasur, Meja, Lemari / Storage, Jendela, Bantal, Kursi","Kloset Duduk, Shower","WiFi, Kulkas, R. Tamu, Penjaga Kos, R. Jemur, Dapur, Jemuran, Rooftop","Parkir Mobil, Parkir Motor & Sepeda",,https://mamikos.com/room/kost-kota-bandung-kost-putra-murah-kost-apik-bintang-kumeli-tipe-d-cibeunying-kaler-bandung-2?redirection_source=landing%20area
Kost Apik Bintang Kumeli Tipe A Cibeunying Kaler Bandung,Rp1.375.000,Cibeunying Kaler,"4 x 4 meter, Tidak termasuk listrik","Kasur, Meja, Lemari / Storage, Ventilasi, Jendela, Cermin, Bantal, Kursi","K. Mandi Dalam, Kloset Duduk, Shower","WiFi, Kulkas, R. Tamu, Penjaga Kos, R. Jemur, Dapur, Jemuran, Rooftop","Parkir Mobil, Parkir Motor & Sepeda",,https://mamikos.com/room/kost-kota-bandung-kost-putra-eksklusif-kost-apik-bintang-kumeli-tipe-a-cibeunying-kaler-bandung-2?redirection_source=landing%20area
Kost Apik Antapani XIV 12 Tipe B Bandung,Rp800.000,Antapani,"2.5 x 1.8 meter, Termasuk listrik","Kasur, Meja, Lemari / Storage, Jendela, Bantal","Kloset Jongkok, K. Mandi Luar, Ember mandi, Bak mandi","WiFi, Kulkas, R. Tamu, Penjaga Kos, R. Jemur, R. Makan, Dispenser, Dapur, Jemuran, Rice Cooker",Parkir Motor & Sepeda,,https://mamikos.com/room/kost-kota-bandung-kost-putra-murah-kost-apik-antapani-xiv-12-tipe-b-bandung-2?redirection_source=landing%20area
Kost Apik Antapani XIV 12 Tipe A Bandung,Rp850.000,Antapani,"3 x 3 meter, Termasuk listrik","Kasur, Meja, Lemari / Storage, Ventilasi, Jendela, Bantal, Kursi","Kloset Jongkok, K. Mandi Luar, Ember mandi, Bak mandi","WiFi, Kulkas, R. Tamu, Penjaga Kos, R. Jemur, R. Makan, Dispenser, Dapur, Jemuran, Rice Cooker",Parkir Motor & Sepeda,,https://mamikos.com/room/kost-kota-bandung-kost-putra-murah-kost-apik-antapani-xiv-12-tipe-a-bandung-2?redirection_source=landing%20area
Kost Hema Tipe 1 Cibeunying Kidul Bandung,Rp1.000.000,Cibeunying Kidul,"3 x 8 meter, Tidak termasuk listrik",Dapur Pribadi,"K. Mandi Dalam, Kloset Jongkok","Jemuran, CCTV",Parkir Motor,,https://mamikos.com/room/kost-kota-bandung-kost-campur-eksklusif-kost-hema-kost-cibeunying-kidul-bandung?redirection_source=landing%20area
Kost Gang Bojong Mekar Cibeunying Kaler Bandung,Rp1.200.000,Kecamatan Cibeunying Kaler,"3 x 6 meter, Termasuk listrik",Wastafel,"K. Mandi Dalam, Kloset Jongkok","R. Cuci, R. Tamu, R. Jemur, R. Makan, R. Santai, Dapur, R. Keluarga",Parkir Motor,,https://mamikos.com/room/kost-kota-bandung-kost-campur-eksklusif-kost-gang-bojong-mekar-cibeunying-kaler-bandung?redirection_source=landing%20area
Kost Boarding House Tipe E Cibeunying Kidul Bandung,Rp1.600.000,Cibeunying Kidul,"4 x 10 meter, Tidak termasuk listrik","Jendela, Dapur Pribadi","K. Mandi Dalam, Kloset Jongkok","WiFi, Penjaga Kos, Pengurus Kos, CCTV","Parkir Mobil, Parkir Motor, Parkir Sepeda",,https://mamikos.com/room/kost-kota-bandung-kost-campur-eksklusif-kost-boarding-house-tipe-e-cibeunying-kidul-bandung-1?redirection_source=landing%20area
Kost Pak Edi Tipe A Cibeunying Kidul Bandung,Rp1.250.000,Kecamatan Cibeunying Kidul,"3 x 4 meter, Tidak termasuk listrik","Kasur, Lemari / Storage, Ventilasi, Jendela, Dapur Pribadi, Cermin, Wastafel","K. Mandi Dalam, Kloset Jongkok, Ember mandi","WiFi, Dapur, Jemuran, Jual Makanan, CCTV",Parkir Motor & Sepeda,,https://mamikos.com/room/kost-kota-bandung-kost-putri-eksklusif-kost-pak-edi-tipe-a-cibeunying-kidul-bandung?redirection_source=landing%20area
Kost Winn Tipe B Cimenyan Bandung,Rp750.000,Cimenyan,"3 x 4 meter, Tidak termasuk listrik","Kasur, Lemari / Storage, Jendela, Dapur Pribadi, Bantal, Wastafel","K. Mandi Dalam, Kloset Jongkok, Wastafel, Ember mandi","WiFi, R. Jemur, Dapur, Jemuran, Pengurus Kos, Jual Makanan","Parkir Motor, Parkir Motor & Sepeda",,https://mamikos.com/room/kost-kabupaten-bandung-kost-campur-murah-kost-winn-tipe-b-cimenyan-bandung?redirection_source=landing%20area
Kost Boemi Mangga 1 Tipe A Cimenyan Bandung,Rp1.550.000,Kecamatan Cimenyan,"3 x 3 meter, Tidak termasuk listrik","Ventilasi, Jendela, Dapur Pribadi, Cermin","K. Mandi Dalam, Kloset Jongkok, Shower","Mushola, Dapur, Balcon",Parkir Mobil,,https://mamikos.com/room/kost-kabupaten-bandung-kost-campur-eksklusif-kost-boemi-mangga-1-tipe-a-cimenyan-bandung?redirection_source=landing%20area
Kost LQA Kiaracondong Bandung,Rp700.000,Kiaracondong,"3 x 3 meter, Tidak termasuk listrik","Meja, Lemari / Storage, Kursi","Kloset Jongkok, K. Mandi Luar, Bak mandi",Jemuran,Parkir Motor,,https://mamikos.com/room/kost-bandung-kost-putri-murah-kost-lqa-kiaracondong-bandung-1?redirection_source=landing%20area
Kost Paviliun Surya Bj Kaler Cibeunying Kaler Bandung,Rp750.000,Kecamatan Cibeunying Kaler,"3 x 4 meter, Tidak termasuk listrik",Wastafel,K. Mandi Dalam,"R. Cuci, R. Jemur, R. Makan, Dapur, Jemuran, R. Keluarga","Parkir Mobil, Parkir Motor & Sepeda",,https://mamikos.com/room/kost-kota-bandung-kost-campur-eksklusif-kost-paviliun-surya-bj-kaler-cibeunying-kaler-bandung?redirection_source=landing%20area
Kost Yosi Tipe A Cibeunying Kaler Bandung,Rp650.000,Cibeunying Kaler,"3 x 3 meter, Termasuk listrik","Kasur, Lemari / Storage, Jendela, Guling, Cermin, Bantal","Kloset Jongkok, K. Mandi Luar, Ember mandi, Bak mandi","WiFi, R. Jemur, K. Mandi Luar","Parkir Motor, Parkir Sepeda",,https://mamikos.com/room/kost-kota-bandung-kost-campur-murah-kost-yosi-tipe-a-cibeunying-kaler-bandung-2?redirection_source=landing%20area
Kost Baru Cibeunying Kaler Bandung,Rp1.800.000,Kecamatan Cibeunying Kaler,"3 x 4.5 meter, Tidak termasuk listrik","AC, Kasur, Meja, Lemari / Storage, Ventilasi, Jendela, Cermin, Bantal, Kursi","K. Mandi Dalam, Kloset Duduk, Wastafel, Shower, Air panas","WiFi, Kulkas, Laundry, R. Jemur, Dapur, Jemuran, Pengurus Kos, Jual Makanan, CCTV, Rooftop",Parkir Motor & Sepeda,,https://mamikos.com/room/kost-kota-bandung-kost-campur-eksklusif-kost-baru-cibeunying-kaler-bandung-2?redirection_source=landing%20area
Kost Merenah I Cibeunying Kidul Bandung,Rp1.000.000,Kecamatan Cibeunying Kidul,"3.5 x 4.5 meter, Tidak termasuk listrik","Kasur, Lemari / Storage","Kloset Jongkok, Ember mandi","WiFi, Kulkas, Dapur, Jemuran, CCTV",Parkir Motor & Sepeda,,https://mamikos.com/room/kost-kota-bandung-kost-campur-eksklusif-kost-merenah-i-cibeunying-kidul-bandung?redirection_source=landing%20area
Kost Orange Tipe D Cikondang Coblong Bandung,Rp900.000,Coblong,"4 x 5 meter, Termasuk listrik","Kasur, Meja, Lemari / Storage, TV Kabel, Kursi","K. Mandi Dalam, Kloset Jongkok, Ember mandi","WiFi, Kulkas, R. Jemur, Dispenser, Dapur, CCTV, Balcon, TV",Parkir Motor,,https://mamikos.com/room/kost-kota-bandung-kost-campur-murah-kost-orange-tipe-d-cikondang-coblong-bandung?redirection_source=landing%20area
Kost Cikajang Raya Tipe A Antapani Bandung,Rp750.000,Kecamatan Antapani,"3 x 4 meter, Termasuk listrik","Kasur, Meja, Lemari / Storage, Bantal, Kursi","Kloset Jongkok, K. Mandi Luar, Ember mandi","WiFi, Penjaga Kos, Pengurus Kos, CCTV, Balcon, K. Mandi Luar","Parkir Motor, Parkir Sepeda, Parkir Motor & Sepeda",,https://mamikos.com/room/kost-kota-bandung-kost-putri-murah-kost-cikajang-raya-tipe-a-antapani-bandung-2?redirection_source=landing%20area
Kost Kirana Tipe A Cibeunying Kidul Bandung,Rp600.000,Kecamatan Cibeunying Kidul,"3 x 3 meter, Termasuk listrik","Kasur, Lemari / Storage, Ventilasi, Jendela, Guling, Bantal","Kloset Duduk, Kloset Jongkok, K. Mandi Luar, Ember mandi","WiFi, R. Cuci, R. Tamu, R. Jemur, R. Santai, Dapur, Jemuran, Pengurus Kos, CCTV, Balcon","Parkir Motor, Parkir Sepeda, Parkir Motor & Sepeda",,https://mamikos.com/room/kost-kota-bandung-kost-campur-murah-kost-kirana-tipe-a-cibeunying-kidul-bandung?redirection_source=landing%20area
Kost Bekarbon Cibeunying Kidul Bandung,Rp1.100.000,Cibeunying Kidul,"3 x 3 meter, Tidak termasuk listrik","Kasur, Lemari / Storage, Ventilasi, Jendela","K. Mandi Dalam, Kloset Jongkok, Shower","WiFi, R. Tamu, Penjaga Kos, R. Jemur, Dapur, Jemuran, Pengurus Kos, CCTV, Balcon, K. Mandi Luar","Parkir Motor, Parkir Sepeda",,https://mamikos.com/room/kost-kota-bandung-kost-putra-eksklusif-kost-bekarbon-cibeunying-kidul-bandung?redirection_source=landing%20area
Kost Harmoni Abadi Kiaracondong Bandung,Rp700.000,Kecamatan Kiaracondong,"3 x 4 meter, Tidak termasuk listrik","Kasur, Lemari / Storage, Jendela, Bantal","K. Mandi Dalam, Kloset Jongkok, Ember mandi",Taman,"Parkir Motor, Parkir Sepeda, Parkir Motor & Sepeda",,https://mamikos.com/room/kost-kota-bandung-kost-campur-murah-kost-harmoni-abadi-kiaracondong-bandung?redirection_source=landing%20area
Kost Urban Residence Tipe A Kiaracondong Bandung,Rp600.000,Kiaracondong,"3 x 3 meter, Termasuk listrik","Kasur, Lemari / Storage, Jendela, Dapur Pribadi, Bantal","K. Mandi Dalam, Kloset Jongkok, Ember mandi, Bak mandi","WiFi, Laundry, Penjaga Kos, Pengurus Kos, CCTV",Parkir Motor,,https://mamikos.com/room/kost-kota-bandung-kost-campur-murah-kost-urban-residence-tipe-a-kiaracondong-bandung?redirection_source=landing%20area
Kost Sidomukti 65 Tipe A Cibeunying Kaler Bandung,Rp950.000,Kecamatan Cibeunying Kaler,"3 x 4 meter, Tidak termasuk listrik",Kasur,"K. Mandi Dalam, Kloset Duduk, Kloset Jongkok, Shower, Air panas","WiFi, R. Makan, Dapur, Jemuran, Pengurus Kos, Rooftop, Balcon","Parkir Mobil, Parkir Motor, Parkir Sepeda, Parkir Motor & Sepeda",,https://mamikos.com/room/kost-kota-bandung-kost-campur-murah-kost-sidomukti-65-tipe-a-cibeunying-kaler-bandung-2?redirection_source=landing%20area
Kost Patma Tipe F Cibeunying Kaler Bandung,Rp600.000,Kecamatan Cibeunying Kaler,"2.7 x 3.5 meter, Tidak termasuk listrik","Kasur, Lemari / Storage, Jendela, Bantal","Kloset Jongkok, K. Mandi Luar, Ember mandi","Kulkas, Dapur, Jemuran, Pengurus Kos",Parkir Motor & Sepeda,,https://mamikos.com/room/kost-kota-bandung-kost-putri-murah-kost-patma-tipe-f-cibeunying-kaler-bandung-2?redirection_source=landing%20area
Kost Kumeli 30 Standart Cibeunying Kaler Bandung,Rp950.000,Kecamatan Cibeunying Kaler,"3 x 4 meter, Termasuk listrik","Kasur, Meja, Lemari / Storage, Jendela, Guling, Bantal, Kursi","Kloset Duduk, K. Mandi Luar, Shower","WiFi, Kulkas, Mesin Cuci, Laundry, R. Tamu, Penjaga Kos, R. Jemur, R. Makan, Dispenser, Dapur",Parkir Motor,,https://mamikos.com/room/kost-kota-bandung-kost-putri-murah-kost-kumeli-30-standart-cibeunying-kaler-bandung-1?redirection_source=landing%20area
Kost Keys Co Living Suites Cibeunying Kidul Bandung,Rp4.500.000,Cibeunying Kidul,"5 x 5 meter, Tidak termasuk listrik","AC, Kasur, Lemari / Storage, Meja makan, Jendela, Guling, Dapur Pribadi, Cermin, Bantal, Kursi","K. Mandi Dalam, Kloset Duduk, Shower, Air panas","WiFi, R. Cuci, Kulkas, Penjaga Kos, R. Jemur, R. Makan, Mushola, Dispenser, Dapur, Jemuran","Parkir Mobil, Parkir Motor",,https://mamikos.com/room/kost-kota-bandung-kost-campur-eksklusif-kost-keys-co-living-suites-cibeunying-kidul-bandung?redirection_source=landing%20area
Kost Sukamulya 74 Bandung,Rp950.000,Kecamatan Cibeunying Kidul,"3 x 3 meter, Tidak termasuk listrik","Kasur, Meja Rias, Lemari / Storage, Jendela, Bantal","K. Mandi Dalam, Kloset Jongkok, Ember mandi, Shower","WiFi, R. Jemur, R. Santai, Dispenser, Dapur, Jemuran","Parkir Motor, Parkir Sepeda",,https://mamikos.com/room/kost-kota-bandung-kost-campur-murah-kost-sukamulya-74-bandung?redirection_source=landing%20area
Kost Cibatu Raya Tipe A Antapani Bandung,Rp1.200.000,Antapani,"3 x 4 meter, Termasuk listrik","Kasur, Meja, Meja Rias, Ventilasi, Jendela, Guling, Bantal","K. Mandi Dalam, Kloset Duduk, Ember mandi","WiFi, R. Jemur, Dapur, Pengurus Kos, CCTV, K. Mandi Luar",Parkir Motor,,https://mamikos.com/room/kost-kota-bandung-kost-campur-eksklusif-kost-cibatu-raya-tipe-a-antapani-bandung-2?redirection_source=landing%20area
Kost Rizal Cimenyan Bandung,Rp1.200.000,Kecamatan Cimenyan,"3 x 4 meter, Tidak termasuk listrik","Kasur, Lemari / Storage, Jendela, Dapur Pribadi","K. Mandi Dalam, Kloset Duduk, Wastafel, Ember mandi, Shower",Dapur,Parkir Motor,,https://mamikos.com/room/kost-kabupaten-bandung-kost-putri-eksklusif-kost-rizal-cimenyan-bandung?redirection_source=landing%20area
Kost Orange Marhaban Cibeunying Kidul Bandung,Rp750.000,Kecamatan Cibeunying Kidul,"4 x 5 meter, Tidak termasuk listrik","Kasur, Meja, Lemari / Storage, Jendela, Guling, Bantal","K. Mandi Dalam, Kloset Jongkok, K. Mandi Luar, Ember mandi","WiFi, Dapur, Jemuran, CCTV, Rooftop, Balcon","Parkir Motor, Parkir Sepeda, Parkir Motor & Sepeda",,https://mamikos.com/room/kost-kota-bandung-kost-campur-murah-kost-orange-marhaban-cibeunying-kidul-bandung-2?redirection_source=landing%20area
Kost 84 Antapani Bandung,Rp850.000,Antapani,"6 x 3 meter, Tidak termasuk listrik","Ventilasi, Jendela, Dapur Pribadi","K. Mandi Dalam, Kloset Jongkok, Ember mandi","WiFi, R. Jemur, Dapur, Jemuran, Balcon, Gazebo","Parkir Motor, Parkir Sepeda",,https://mamikos.com/room/kost-kota-bandung-kost-putri-murah-kost-84-antapani-bandung-2?redirection_source=landing%20area
Kost Moluska By Ibu Susi Tipe A Cibeunying Kidul Bandung,Rp600.000,Cibeunying Kidul,"3 x 2 meter, Termasuk listrik","Kasur, Bantal","Kloset Jongkok, Shower","WiFi, R. Cuci, R. Tamu, R. Jemur, R. Makan, R. Santai, Dispenser, Dapur, Jemuran, Rice Cooker",,,https://mamikos.com/room/kost-kota-bandung-kost-putri-murah-kost-moluska-by-ibu-susi-tipe-a-cibeunying-kidul-bandung?redirection_source=landing%20area
Kost Elroi Bojong Koneng Atas Cikutra Tipe D Cimenyan Bandung,Rp1.250.000,Cimenyan,"3 x 4 meter, Tidak termasuk listrik","Kasur, Meja, Lemari / Storage, Ventilasi, Jendela, Guling, Cermin, Bantal, Kursi","K. Mandi Dalam, Kloset Duduk, Ember mandi, Shower, Air panas","WiFi, Kulkas, R. Tamu, Penjaga Kos, R. Jemur, R. Makan, R. Santai, Dispenser, Dapur, Jemuran","Parkir Motor, Parkir Motor & Sepeda",,https://mamikos.com/room/kost-kabupaten-bandung-kost-putra-eksklusif-kost-elroi-bojong-koneng-atas-cikutra-tipe-d-cimenyan-bandung?redirection_source=landing%20area
Kost Pondok Sidoluhur 28 Tipe A Cibeunying Kaler Bandung,Rp1.500.000,Kecamatan Cibeunying Kaler,"3 x 4 meter, Tidak termasuk listrik","AC, Kasur, Meja, Lemari / Storage, Ventilasi, Jendela, Cermin, Bantal, TV Kabel, Cleaning service","K. Mandi Dalam, Kloset Duduk, Ember mandi, Shower, Air panas","WiFi, R. Cuci, Kulkas, Mesin Cuci, R. Tamu, R. Jemur, R. Makan, R. Santai, Dispenser, Dapur","Parkir Mobil, Parkir Motor, Parkir Sepeda, Parkir Motor & Sepeda",,https://mamikos.com/room/kost-kota-bandung-kost-campur-eksklusif-kost-pondok-sidoluhur-28-tipe-a-cibeunying-kaler-bandung?redirection_source=landing%20area
Kost Anthurium Cimenyan Bandung,Rp1.500.000,Kecamatan Cimenyan,"4 x 5 meter, Tidak termasuk listrik","Kasur, Meja, Ventilasi, Jendela, Guling, Cermin, Bantal, Sofa, Kursi","K. Mandi Dalam, Kloset Duduk, Shower, Air panas","WiFi, R. Cuci, Kulkas, R. Tamu, Penjaga Kos, R. Jemur, R. Makan, Mushola, R. Santai, Dispenser","Parkir Mobil, Parkir Motor, Parkir Sepeda",,https://mamikos.com/room/kost-kabupaten-bandung-kost-putri-eksklusif-kost-anthurium-cimenyan-bandung?redirection_source=landing%20area
Kost Batik Jogja 7 Sukaluyu Cibeunying Kaler Bandung,Rp1.100.000,Kecamatan Cibeunying Kaler,"3 x 3 meter, Tidak termasuk listrik","Kasur, Meja, Lemari / Storage, Jendela, Guling, Cermin, Bantal","K. Mandi Dalam, Kloset Duduk, Shower","WiFi, R. Jemur, Dispenser, Dapur, Jemuran, Pengurus Kos, Taman",Parkir Motor,,https://mamikos.com/room/kost-kota-bandung-kost-putra-eksklusif-kost-batik-jogja-7-sukaluyu-cibeunying-kaler-bandung?redirection_source=landing%20area
Kost Bidan Maria 1 Antapani Bandung,Rp1.000.000,Antapani,"3 x 4 meter, Tidak termasuk listrik","Kasur, Meja, Lemari / Storage, Ventilasi, Jendela, Bantal","K. Mandi Dalam, Kloset Jongkok, Ember mandi","WiFi, Kulkas, R. Tamu, Penjaga Kos, R. Jemur, Dapur, Jemuran, Pengurus Kos, CCTV, K. Mandi Luar","Parkir Motor, Parkir Sepeda",,https://mamikos.com/room/kost-kota-bandung-kost-putri-eksklusif-kost-bidan-maria-1-antapani-bandung?redirection_source=landing%20area
Kost Muararajeun Lama 2 Tipe D Cibeunying Kaler Bandung,Rp740.000,Cibeunying Kaler,"3 x 3 meter, Termasuk listrik","Kasur, Meja, Lemari / Storage, Ventilasi, Jendela, Bantal, Kursi","Kloset Jongkok, K. Mandi Luar, Ember mandi","WiFi, R. Cuci, Penjaga Kos, R. Jemur, Jemuran, Pengurus Kos, CCTV, Rooftop, K. Mandi Luar","Parkir Motor, Parkir Sepeda, Parkir Motor & Sepeda",,https://mamikos.com/room/kost-kota-bandung-kost-campur-eksklusif-kost-muararajeun-lama-2-tipe-d-cibeunying-kaler-bandung?redirection_source=landing%20area
Kost Wawan Tipe A Cibeunying Kidul Bandung,Rp1.700.000,Cibeunying Kidul,"3 x 3 meter, Tidak termasuk listrik","Kasur, Meja, TV, Lemari / Storage, Kursi","K. Mandi Dalam, Kloset Duduk, Air panas","WiFi, Kulkas, Dapur",Parkir Motor,,https://mamikos.com/room/kost-kota-bandung-kost-putri-eksklusif-kost-wawan-tipe-a-cibeunying-kidul-bandung?redirection_source=landing%20area
Kost Pin Residence Tipe A Cibeunying Kaler Bandung,Rp1.500.000,Kecamatan Cibeunying Kaler,"3 x 3 meter, Tidak termasuk listrik","AC, Kasur, Meja, TV, Lemari / Storage, Ventilasi, Jendela, Bantal, TV Kabel, Kursi","K. Mandi Dalam, Kloset Duduk, Shower, Air panas","WiFi, Kulkas, Laundry, Penjaga Kos, CCTV, Kartu Akses","Parkir Motor, Parkir Motor & Sepeda",,https://mamikos.com/room/kost-kota-bandung-kost-campur-eksklusif-kost-pin-residence-tipe-a-cibeunying-kaler-bandung?redirection_source=landing%20area
Kost Pondok Cisokan Baru 8 Cibeunying Kaler Bandung,Rp1.500.000,Cibeunying Kaler,"3 x 3 meter, Tidak termasuk listrik","Kasur, Meja, Lemari / Storage, Ventilasi, Jendela, Guling, Cermin, Bantal, Kursi","K. Mandi Dalam, Kloset Duduk, K. Mandi Luar, Shower, Air panas","WiFi, Kulkas, Mesin Cuci, R. Tamu, Penjaga Kos, R. Jemur, R. Santai, Dispenser, Dapur, Jemuran","Parkir Mobil, Parkir Motor, Parkir Sepeda",,https://mamikos.com/room/kost-bandung-kost-campur-eksklusif-kost-pondok-cisokan-baru-8-cibeunying-kaler-bandung?redirection_source=landing%20area
Kost Sukapada Cibeunying Kidul Bandung,Rp750.000,Cibeunying Kidul,"3 x 3 meter, Termasuk listrik","Kasur, Meja, Lemari / Storage, Ventilasi, Jendela, Cermin","Kloset Jongkok, K. Mandi Luar, Shower","R. Cuci, Kulkas, Penjaga Kos, R. Jemur, Dapur, Jemuran, Pengurus Kos, Balcon, Taman, K. Mandi Luar","Parkir Motor, Parkir Sepeda",,https://mamikos.com/room/kost-kota-bandung-kost-putri-murah-kost-sukapada-cibeunying-kidul-bandung?redirection_source=landing%20area
403 Forbidden,0,-,,,,,,,https://mamikos.com/room/kost-kota-bandung-kost-putra-eksklusif-kost-manteron-tipe-a-cibeunying-kaler-bandung?redirection_source=landing%20area
Kost Bjk 04 Tipe A Cibeunying Kaler Bandung,Rp600.000,Kecamatan Cibeunying Kaler,"3 x 3 meter, Termasuk listrik","Kasur, Meja, Lemari / Storage, Jendela, Cermin, Kursi","Kloset Jongkok, K. Mandi Luar, Ember mandi, Bak mandi","WiFi, Kulkas, R. Tamu, Dapur, CCTV, K. Mandi Luar",Parkir Motor & Sepeda,,https://mamikos.com/room/kost-kota-bandung-kost-putra-murah-kost-bjk-04-tipe-a-cibeunying-kaler-bandung-2?redirection_source=landing%20area
Kost Sukamulus Cibeunying Kidul Bandung,Rp450.000,Cibeunying Kidul,"3 x 3 meter, Termasuk listrik","Kasur, Meja, Ventilasi, Jendela, Cermin, Bantal, Cleaning service","Kloset Jongkok, K. Mandi Luar, Ember mandi, Shower, Bak mandi","WiFi, R. Cuci, Penjaga Kos, R. Jemur, Dispenser, Dapur, Jemuran, Pengurus Kos, CCTV, Gazebo","Parkir Mobil, Parkir Motor, Parkir Sepeda",,https://mamikos.com/room/kost-kota-bandung-kost-campur-murah-kost-sukamulus-cibeunying-kidul-bandung?redirection_source=landing%20area
Kost Elroi Bojong Koneng Atas Cikutra Tipe B Cimenyan Bandung,Rp1.600.000,Cimenyan,"3 x 4 meter, Tidak termasuk listrik","AC, Kasur, Meja, Lemari / Storage, Ventilasi, Jendela, Guling, Cermin, Bantal, Kursi","K. Mandi Dalam, Kloset Duduk, Ember mandi, Shower, Air panas","WiFi, Kulkas, R. Tamu, Penjaga Kos, R. Jemur, R. Makan, R. Santai, Dispenser, Dapur, Jemuran","Parkir Motor, Parkir Motor & Sepeda",,https://mamikos.com/room/kost-kabupaten-bandung-kost-putra-eksklusif-kost-elroi-bojong-koneng-atas-cikutra-tipe-b-cimenyan-bandung?redirection_source=landing%20area
Kost Kilsha Sma Yas Cibeunying Kidul Bandung,Rp900.000,Cibeunying Kidul,"3 x 4 meter, Termasuk listrik","Kasur, Meja, Lemari / Storage, Ventilasi, Jendela, Kursi","K. Mandi Dalam, Kloset Duduk, Kloset Jongkok, Ember mandi, Shower","WiFi, R. Cuci, Laundry, R. Tamu, R. Jemur, R. Makan, R. Santai, Dapur, Jual Makanan, Balcon","Parkir Motor, Parkir Sepeda",,https://mamikos.com/room/kost-bandung-kost-putra-murah-kost-kilsha-sma-yas-cibeunying-kidul-bandung?redirection_source=landing%20area
Kost Pak Resmana Cibeunying Kidul Bandung,Rp750.000,Kecamatan Cibeunying Kidul,"3.5 x 2 meter, Termasuk listrik","Kasur, Lemari / Storage","K. Mandi Dalam, Kloset Jongkok, Ember mandi","WiFi, Penjaga Kos, R. Jemur, Dispenser, Dapur, Jemuran, Pengurus Kos, Jual Makanan, Rooftop, Gazebo",,,https://mamikos.com/room/kost-kota-bandung-kost-putri-murah-kos-pak-resmana-cibeunying-kidul-bandung-2?redirection_source=landing%20area
Kost Evelyn Home Tipe 2 Cibeunying Kidul Bandung,Rp750.000,Cibeunying Kidul,"3 x 4 meter, Termasuk listrik","Kasur, Lemari / Storage, Cermin","K. Mandi Dalam, Kloset Jongkok, Ember mandi","WiFi, R. Jemur, Dapur",,,https://mamikos.com/room/kost-kota-bandung-kost-putri-murah-kost-evelyn-home-tipe-2-cibeunying-kidul-bandung?redirection_source=landing%20area
Kost Itenas Widyatama Ekuitas 1 Tipe B Cibeunying Kidul Bandung,Rp850.000,Cibeunying Kidul,"3 x 4 meter, Termasuk listrik","Kasur, Lemari / Storage, Ventilasi, Jendela, Bantal","K. Mandi Dalam, Kloset Jongkok, Ember mandi","WiFi, Penjaga Kos, R. Jemur, Dapur, Jemuran, Pengurus Kos, CCTV","Parkir Motor, Parkir Sepeda",,https://mamikos.com/room/kost-kota-bandung-kost-putra-murah-kost-itenas-widyatama-ekuitas-1-tipe-b-cibeunying-kidul-bandung?redirection_source=landing%20area
Kost Sidomukti 30 Tipe A Cibeunying Kaler Bandung,Rp925.000,Kecamatan Cibeunying Kaler,"3 x 3 meter, Termasuk listrik","Kasur, Meja, Lemari / Storage, Jendela, Bantal, Kursi","Kloset Duduk, Kloset Jongkok, K. Mandi Luar, Wastafel, Shower, Air panas, Bak mandi","WiFi, R. Cuci, Kulkas, Mesin Cuci, R. Tamu, R. Jemur, Jemuran, R. Keluarga, K. Mandi Luar","Parkir Mobil, Parkir Motor, Parkir Sepeda, Parkir Motor & Sepeda",,https://mamikos.com/room/kost-kota-bandung-kost-putra-murah-kost-sidomukti-30-tipe-a-cibeunying-kaler-bandung-2?redirection_source=landing%20area
Kost Sindang Sari Tipe B Antapani Bandung,Rp700.000,Antapani,"3 x 4 meter, Termasuk listrik","Kasur, Meja, Lemari / Storage, Ventilasi, Guling, Cermin, Bantal, Wastafel","Kloset Jongkok, K. Mandi Luar, Wastafel, Ember mandi, Bak mandi","WiFi, Laundry, Penjaga Kos, R. Jemur, R. Santai, Dapur, Jemuran, Pengurus Kos, Jual Makanan, CCTV","Parkir Mobil, Parkir Motor, Parkir Sepeda",,https://mamikos.com/room/kost-kota-bandung-kost-putra-murah-kost-sindang-sari-tipe-b-antapani-bandung?redirection_source=landing%20area
Kost Murba Satu Tipe A Cibeunying Kaler Bandung,Rp700.000,Cibeunying Kaler,"3 x 3 meter, Tidak termasuk listrik","Kasur, Meja, Lemari / Storage, Ventilasi, Jendela","Kloset Jongkok, K. Mandi Luar, Bak mandi","R. Cuci, R. Jemur, Dapur, Pengurus Kos, K. Mandi Luar","Parkir Motor, Parkir Sepeda",,https://mamikos.com/room/kost-kota-bandung-kost-campur-murah-kost-murba-satu-tipe-a-cibeunying-kaler-bandung?redirection_source=landing%20area
Kost Antapani Cikajang Tipe Single Antapani Bandung,Rp1.650.000,Kecamatan Antapani,"3 x 3 meter, Tidak termasuk listrik","AC, Kasur, Meja, Lemari / Storage, Ventilasi, Jendela, Guling, Cermin, Bantal, Wastafel","K. Mandi Dalam, Kloset Duduk, Wastafel, Shower, Air panas","WiFi, Kulkas, R. Tamu, Penjaga Kos, R. Jemur, R. Makan, Dispenser, Dapur, Jemuran, Pengurus Kos",Parkir Motor & Sepeda,,https://mamikos.com/room/kost-kota-bandung-kost-campur-eksklusif-kost-antapani-cikajang-tipe-single-antapani-bandung?redirection_source=landing%20area
Kost Nur Muhaji Tipe A Batununggal Bandung,Rp1.200.000,Batununggal,"4 x 4 meter, Tidak termasuk listrik","Kasur, Lemari / Storage, Ventilasi, Jendela, Guling, Bantal","K. Mandi Dalam, Kloset Duduk, Ember mandi","WiFi, Laundry, Penjaga Kos, Jemuran, Pengurus Kos, CCTV","Parkir Motor, Parkir Motor & Sepeda",,https://mamikos.com/room/kost-kota-bandung-kost-campur-eksklusif-kost-nur-muhaji-tipe-a-batununggal-bandung-2?redirection_source=landing%20area
Kost Saung Bambu Muda Tipe B Cibeunying Kaler Bandung,Rp1.350.000,Cibeunying Kaler,"3.2 x 2.5 meter, Termasuk listrik","Kasur, Meja, Lemari / Storage, Ventilasi, Jendela, Guling, Cermin, Bantal, Kursi","Kloset Duduk, K. Mandi Luar, Wastafel, Ember mandi, Shower, Air panas","WiFi, Kulkas, Mesin Cuci, R. Jemur, R. Santai, Dapur, Jemuran, Rice Cooker, Taman, K. Mandi Luar",Parkir Motor & Sepeda,,https://mamikos.com/room/kost-kota-bandung-kost-putri-eksklusif-kost-saung-bambu-muda-tipe-b-cibeunying-kaler-bandung-2?redirection_source=landing%20area
Kost Keys Co Living Standard Deluxe Cibeunying Kidul Bandung,Rp2.250.000,Cibeunying Kidul,"3 x 2.7 meter, Tidak termasuk listrik","AC, Kasur, Meja, Lemari / Storage, Jendela, Guling, Cermin, Bantal, Kursi","K. Mandi Dalam, Kloset Duduk, Shower, Air panas","WiFi, R. Cuci, Kulkas, Mesin Cuci, Penjaga Kos, R. Jemur, R. Makan, Mushola, Dispenser, Dapur","Parkir Mobil, Parkir Motor",,https://mamikos.com/room/kost-kota-bandung-kost-campur-eksklusif-kost-keys-co-living-standard-deluxe-cibeunying-kidul-bandung-2?redirection_source=landing%20area
Kost Titik Awal Cikaso Tipe A Cibeunying Kidul Bandung,Rp2.100.000,Cibeunying Kidul,"4 x 5 meter, Tidak termasuk listrik","AC, Kasur, Meja, Lemari / Storage, Ventilasi, Jendela, Guling, Cermin, Bantal, Wastafel","K. Mandi Dalam, Kloset Duduk, Ember mandi, Shower, Air panas","WiFi, R. Cuci, Kulkas, Mesin Cuci, R. Tamu, Penjaga Kos, R. Jemur, Dispenser, Dapur, Jemuran","Parkir Mobil, Parkir Motor, Parkir Sepeda",,https://mamikos.com/room/kost-kota-bandung-kost-putri-eksklusif-kost-titik-awal-cikaso-tipe-a-cibeunying-kidul-bandung?redirection_source=landing%20area
Kost Icha Cikutra Tipe A Cibeunying Kidul Bandung,Rp900.000,Cibeunying Kidul,"3 x 3 meter, Termasuk listrik","Kasur, Meja, Lemari / Storage, Ventilasi, Jendela, Guling, Cermin, Bantal","K. Mandi Dalam, Kloset Jongkok, K. Mandi Luar, Ember mandi","WiFi, R. Cuci, R. Tamu, Penjaga Kos, R. Jemur, Dispenser, Dapur, Jemuran, Pengurus Kos, CCTV",Parkir Motor,,https://mamikos.com/room/kost-kota-bandung-kost-putri-murah-kost-icha-cikutra-tipe-a-cibeunying-kidul-bandung?redirection_source=landing%20area
Kost Palm Bridge Tipe E Cimenyan Bandung,Rp850.000,Cimenyan,,,,,,,https://mamikos.com/room/kost-kabupaten-bandung-kost-putra-eksklusif-kost-palm-bridge-tipe-e-cimenyan-bandung-1?redirection_source=landing%20area
403 Forbidden,0,-,,,,,,,https://mamikos.com/room/kost-kabupaten-bandung-kost-campur-eksklusif-kost-alshab-tipe-a-cimenyan-bandung?redirection_source=landing%20area
Kost Orange Tipe A Cikondang Bandung,Rp650.000,Coblong,"4 x 3 meter, Termasuk listrik","Kasur, Meja, Lemari / Storage, Kursi","Kloset Jongkok, K. Mandi Luar, Ember mandi, Shower","WiFi, Kulkas, R. Jemur, Dispenser, Dapur, Balcon, TV",Parkir Motor,,https://mamikos.com/room/kost-kost-campur-eksklusif-kostan-orange-cikondang?redirection_source=landing%20area
Kost Pondok Audit Double Deluxe Cimenyan Bandung,Rp1.350.000,Cimenyan,"4 x 4 meter, Termasuk listrik","Kasur, Meja, Jendela, Cermin, Bantal, Kursi","Kloset Duduk, K. Mandi Luar, Ember mandi, Shower, Air panas","WiFi, R. Cuci, Kulkas, Mesin Cuci, R. Tamu, Penjaga Kos, R. Jemur, R. Santai, Dispenser, Dapur","Parkir Motor, Parkir Sepeda, Parkir Motor & Sepeda",,https://mamikos.com/room/kost-kabupaten-bandung-kost-putri-eksklusif-kost-pondok-audit-double-deluxe-cimenyan-bandung?redirection_source=landing%20area
Kost Murba 2 Cibeunying Kaler Bandung,Rp1.000.000,Kecamatan Cibeunying Kaler,"3 x 3 meter, Termasuk listrik","Kasur, Meja, Lemari / Storage, Ventilasi, Jendela, Bantal","Kloset Jongkok, K. Mandi Luar, Ember mandi","WiFi, R. Cuci, Kulkas, R. Jemur, Dapur, Jemuran, Pengurus Kos, CCTV, Balcon, Taman","Parkir Motor, Parkir Sepeda, Parkir Motor & Sepeda",,https://mamikos.com/room/kost-kota-bandung-kost-campur-eksklusif-kost-murba-2-cibeunying-kaler-bandung?redirection_source=landing%20area
Kost Cikutra Nyaman 2 Cibeunying Kaler Bandung,Rp700.000,Cibeunying Kaler,"3 x 3 meter, Tidak termasuk listrik","Meja, Lemari / Storage, Cleaning service","K. Mandi Dalam, Kloset Jongkok, Ember mandi","WiFi, Jemuran, CCTV",Parkir Motor,,https://mamikos.com/room/kost-kota-bandung-kost-campur-murah-kost-cikutra-nyaman-2-cibeunying-kaler-bandung?redirection_source=landing%20area
Kost Rereng Barong Cibeunying Kaler Bandung,Rp900.000,Cibeunying Kaler,"3 x 3 meter, Tidak termasuk listrik","Kasur, Meja, Lemari / Storage, Kursi","Kloset Duduk, K. Mandi Luar, Shower","WiFi, Kulkas, R. Tamu, R. Jemur, R. Makan, Dispenser, Dapur, R. Keluarga, TV, K. Mandi Luar",Parkir Motor,,https://mamikos.com/room/kost-bandung-kost-putri-murah-kost-rereng-barong-cibeunying-kaler-bandung-1?redirection_source=landing%20area
Kost Sunrise Tipe B Cibeunying Kidul Bandung,Rp675.000,Cibeunying Kidul,"3 x 3 meter, Termasuk listrik","Kasur, Lemari / Storage, Ventilasi, Jendela, Bantal","K. Mandi Dalam, Kloset Jongkok, K. Mandi Luar","WiFi, R. Jemur, Dispenser, Dapur, Jemuran, K. Mandi Luar","Parkir Motor, Parkir Sepeda",,https://mamikos.com/room/kost-kota-bandung-kost-putri-murah-kost-sunrise-tipe-b-cibeunying-kidul-bandung-1?redirection_source=landing%20area
Kost Galuh Putriana Cibeunying Kidul Bandung,Rp750.000,Kecamatan Cibeunying Kidul,"3 x 4 meter, Tidak termasuk listrik","Kasur, Jendela",Ember mandi,"Penjaga Kos, Jemuran, Pengurus Kos, Jual Makanan, Balcon, Gazebo","Parkir Motor, Parkir Sepeda, Parkir Motor & Sepeda",,https://mamikos.com/room/kost-kota-bandung-kost-campur-murah-kost-galuh-putriana-cibeunying-kidul-bandung?redirection_source=landing%20area
Kost Shelvi Home Tipe 2 Cibeunying Kidul Bandung,Rp1.000.000,Cibeunying Kidul,"3 x 4 meter, Termasuk listrik","Kasur, Lemari / Storage, Cermin","K. Mandi Dalam, Kloset Jongkok, Ember mandi","WiFi, R. Jemur, R. Makan, Dapur",Parkir Motor,,https://mamikos.com/room/kost-kota-bandung-kost-putri-eksklusif-kost-shelvi-home-tipe-2-cibeunying-kidul-bandung?redirection_source=landing%20area
Kost Little Spring Rooms Rosie 1 Antapani Bandung,Rp1.400.000,Antapani,"2 x 2 meter, Tidak termasuk listrik","AC, Kasur, Meja, Lemari / Storage, Jendela, Guling, Cermin, Bantal","K. Mandi Dalam, Kloset Duduk, Ember mandi, Shower, Air panas","Kulkas, R. Tamu, Penjaga Kos, R. Jemur, R. Makan, R. Santai, Dispenser, Dapur, Jemuran, Pengurus Kos","Parkir Mobil, Parkir Motor, Parkir Sepeda, Parkir Motor & Sepeda",,https://mamikos.com/room/kost-kota-bandung-kost-putri-eksklusif-kost-little-spring-rooms-rosie-1-antapani-bandung-2?redirection_source=landing%20area
Kost Reigna Stay Cibeunying Kaler Bandung,Rp2.000.000,Kecamatan Cibeunying Kaler,"3.5 x 4.5 meter, Tidak termasuk listrik","Kasur, Dispenser, Meja, Lemari / Storage, Ventilasi, Jendela, Dapur Pribadi, Bantal, Wastafel, Kursi","K. Mandi Dalam, Kloset Duduk, Shower","Dispenser, Dapur, Jemuran, Pengurus Kos, CCTV","Parkir Mobil, Parkir Motor, Parkir Sepeda",,https://mamikos.com/room/kost-kota-bandung-kost-campur-eksklusif-kost-reigna-stay-cibeunying-kaler-bandung-2?redirection_source=landing%20area
Kost Asri Tipe B Batununggal Bandung,Rp1.200.000,Batununggal,"3 x 4 meter, Tidak termasuk listrik","Kasur, Meja, Lemari / Storage, Kursi","K. Mandi Dalam, Kloset Duduk",,,,https://mamikos.com/room/kost-bandung-kost-putra-eksklusif-kost-asri-tipe-b-batununggal-bandung?redirection_source=landing%20area
