Nama Kost,Tipe,Harga,Harga_Int,Lokasi,Lokasi Clean,Deskripsi,Spesifikasi Kamar,Fasilitas Kamar,Fasilitas Kamar Mandi,Fasilitas Umum,Fasilitas Parkir,Fasilitas Lain,Link,lat,lon
Kost Singgahsini Rumah Kita Tipe A Cibeunying Kaler Bandung,Putra,Rp1.015.000,1015000,Cibeunying Kaler,Cibeunying Kaler,"Kost ini berlokasi dekat dengan jalan raya dengan akses masuk mobil, berlokasi dekat dengan Warteg Aero (1.9 km), Alfamart Bojong Koneng (1.5 km), Christian Church Pasundan Awiligar (1.3 km), Bank BJB Weekend Banking (2.1 km), Institut Teknologi Bandung (2.2 km), RS Ibu dan Anak Al Islam (2.2 km).","3 x 3 meter, Tidak termasuk listrik","Kasur, Ventilasi, Jendela, Bantal","K. Mandi Dalam, Kloset Duduk, Ember mandi, Shower","WiFi, Penjaga Kos, R. Jemur, Dapur, K. Mandi Luar","Parkir Motor, Parkir Sepeda",,https://mamikos.com/room/kost-kota-bandung-kost-putra-murah-kost-singgahsini-rumah-kita-tipe-a-cibeunying-kaler-bandung?redirection_source=landing%20area,-6.887936965838179,107.62796318077442
Kost Apik Mekar II Padasuka Tipe A Cibeunying Kidul Bandung,Campur,Rp1.015.000,1015000,Cibeunying Kidul,Cibeunying Kidul,"Kost ini berlokasi dekat dengan jalan raya dengan akses masuk mobil, berlokasi dekat dengan Alfamart Cimuncang 2 (2.0 km), Christian Church Pasundan Awiligar (2.9 km), Universitas Widyatama (2.2 km), RS Umum Hermina Arcamanik (2.1 km).","3 x 3 meter, Tidak termasuk listrik","Kasur, Meja, Lemari / Storage, Jendela, Bantal, Kursi","K. Mandi Dalam, Kloset Duduk, Ember mandi, Shower","WiFi, Kulkas, R. Tamu, Penjaga Kos, R. Jemur, Dapur, Jemuran",Parkir Motor & Sepeda,,https://mamikos.com/room/kost-kota-bandung-kost-campur-murah-kost-apik-mekar-ii-padasuka-tipe-a-cibeunying-kidul-bandung-2?redirection_source=landing%20area,-6.8970895229550155,107.65202225206447
Kost Apik Bintang Kumeli Tipe C Cibeunying Kaler Bandung,Putra,Rp975.000,975000,Cibeunying Kaler,Cibeunying Kaler,"Kost ini berlokasi dekat dengan jalan raya dengan akses masuk mobil, berlokasi dekat dengan Warteg Aero (2.4 km), Alfamart (821 m), Christian Church Pasundan Awiligar (1.9 km), Bank BJB Weekend Banking (1.6 km), Institut Teknologi Nasional Bandung (454 m), RS Ibu dan Anak Al Islam (1.5 km).","3 x 3 meter, Tidak termasuk listrik","Kasur, Meja, Lemari / Storage, Cermin, Bantal, Kursi","Kloset Duduk, K. Mandi Luar, Shower","WiFi, Kulkas, R. Tamu, Penjaga Kos, R. Jemur, Dapur, Jemuran, Rooftop","Parkir Mobil, Parkir Motor & Sepeda",,https://mamikos.com/room/kost-kota-bandung-kost-putra-murah-kost-apik-bintang-kumeli-tipe-c-cibeunying-kaler-bandung-2?redirection_source=landing%20area,-6.8857594724434605,107.62739491476799
Kost Apik Bintang Kumeli Tipe B Cibeunying Kaler Bandung,Putra,Rp1.025.000,1025000,Cibeunying Kaler,Cibeunying Kaler,"Kost ini berlokasi dekat dengan jalan raya dengan akses masuk mobil, berlokasi dekat dengan Warteg Aero (2.4 km), Alfamart (821 m), Christian Church Pasundan Awiligar (1.9 km), Bank BJB Weekend Banking (1.6 km), Institut Teknologi Nasional Bandung (454 m), RS Ibu dan Anak Al Islam (1.5 km).","4 x 4 meter, Tidak termasuk listrik","Kasur, Meja, Lemari / Storage, Ventilasi, Jendela, Cermin, Bantal, Kursi","Kloset Duduk, K. Mandi Luar, Shower","WiFi, Kulkas, R. Tamu, Penjaga Kos, R. Jemur, Dapur, Jemuran, Rooftop","Parkir Mobil, Parkir Motor & Sepeda",,https://mamikos.com/room/kost-kota-bandung-kost-putra-eksklusif-kost-apik-bintang-kumeli-tipe-b-cibeunying-kaler-bandung-2?redirection_source=landing%20area,-6.888303880677236,107.62799616627184
Kost Sukapada Cibeunying Kidul Bandung,Putri,Rp750.000,750000,Cibeunying Kidul,Cibeunying Kidul,"Kost ini berlokasi dekat dengan jalan raya dengan akses yang hanya bisa dilalui oleh motor/sepeda, berlokasi dekat dengan Alfamart Cimuncang 2 (589 m), Christian Church Pasundan Awiligar (2.5 km), Universitas Widyatama (415 m), RS Umum Santo Yusup (590 m).","3 x 3 meter, Termasuk listrik","Kasur, Meja, Lemari / Storage, Ventilasi, Jendela, Cermin","Kloset Jongkok, K. Mandi Luar, Shower","R. Cuci, Kulkas, Penjaga Kos, R. Jemur, Dapur, Jemuran, Pengurus Kos, Balcon, Taman, K. Mandi Luar","Parkir Motor, Parkir Sepeda",,https://mamikos.com/room/kost-kota-bandung-kost-putri-murah-kost-sukapada-cibeunying-kidul-bandung?redirection_source=landing%20area,-6.898004778710901,107.6506837763726
Kost Apik Mekar II Padasuka Tipe B Cibeunying Kidul Bandung,Campur,Rp925.000,925000,Cibeunying Kidul,Cibeunying Kidul,"Kost ini berlokasi dekat dengan jalan raya dengan akses masuk mobil, berlokasi dekat dengan Alfamart Cimuncang 2 (2.0 km), Christian Church Pasundan Awiligar (2.9 km), Universitas Widyatama (2.2 km), RS Umum Hermina Arcamanik (2.1 km).","3 x 3 meter, Tidak termasuk listrik","Kasur, Meja, Lemari / Storage, Jendela, Bantal, Kursi","Kloset Duduk, Kloset Jongkok, K. Mandi Luar, Ember mandi, Shower","WiFi, Kulkas, R. Tamu, Penjaga Kos, R. Jemur, Dapur, Jemuran, K. Mandi Luar",Parkir Motor & Sepeda,,https://mamikos.com/room/kost-kota-bandung-kost-campur-murah-kost-apik-mekar-ii-padasuka-tipe-b-cibeunying-kidul-bandung-2?redirection_source=landing%20area,-6.897403154799906,107.64989699802183
Kost Apik Bintang Kumeli Tipe A Cibeunying Kaler Bandung,Putra,Rp1.375.000,1375000,Cibeunying Kaler,Cibeunying Kaler,"Kost ini berlokasi dekat dengan jalan raya dengan akses masuk mobil, berlokasi dekat dengan Warteg Aero (2.4 km), Alfamart (821 m), Christian Church Pasundan Awiligar (1.9 km), Bank BJB Weekend Banking (1.6 km), Institut Teknologi Nasional Bandung (454 m), RS Ibu dan Anak Al Islam (1.5 km).","4 x 4 meter, Tidak termasuk listrik","Kasur, Meja, Lemari / Storage, Ventilasi, Jendela, Cermin, Bantal, Kursi","K. Mandi Dalam, Kloset Duduk, Shower","WiFi, Kulkas, R. Tamu, Penjaga Kos, R. Jemur, Dapur, Jemuran, Rooftop","Parkir Mobil, Parkir Motor & Sepeda",,https://mamikos.com/room/kost-kota-bandung-kost-putra-eksklusif-kost-apik-bintang-kumeli-tipe-a-cibeunying-kaler-bandung-2?redirection_source=landing%20area,-6.886725458053514,107.62871766299023
Kost Bu Sur Tipe A Cibeunying Kidul Bandung,Putri,Rp600.000,600000,Kecamatan Cibeunying Kidul,Cibeunying Kidul,"Kost ini berlokasi dekat dengan jalan raya dengan akses yang hanya bisa dilalui oleh motor/sepeda, berlokasi dekat dengan .","2 x 2 meter, Termasuk listrik","Kasur, Meja, Lemari / Storage, Ventilasi, Jendela, Cermin, Bantal, Kursi","Kloset Duduk, Kloset Jongkok, K. Mandi Luar, Ember mandi, Shower, Bak mandi","WiFi, R. Jemur, R. Santai, Dispenser, Dapur, Jemuran, Pengurus Kos, Balcon, Taman, TV","Parkir Motor, Parkir Sepeda",,https://mamikos.com/room/kost-kota-bandung-kost-putri-murah-kost-bu-sur-tipe-a-cibeunying-kidul-bandung?redirection_source=landing%20area,-6.896863639497611,107.65124706595466
Kost Rkm Tipe B Cibeunying Kidul Bandung,Campur,Rp2.250.000,2250000,Cibeunying Kidul,Cibeunying Kidul,"Kost ini berlokasi dekat dengan jalan raya dengan akses masuk mobil, berlokasi dekat dengan Warteg Cintaasih (2.5 km), Alfamart (2.7 km), Masjid Al Barokah (751 m), Bank BJB Weekend Banking (2.5 km), Universitas Widyatama (869 m), RS Ibu dan Anak Grha Bunda (886 m).","2.8 x 3 meter, Tidak termasuk listrik","AC, Kasur, Meja, TV, Lemari / Storage, Ventilasi, Jendela, Guling, Cermin, Bantal","K. Mandi Dalam, Kloset Duduk, Shower, Air panas","WiFi, R. Tamu, Penjaga Kos, R. Santai, Jemuran, Pengurus Kos, CCTV, Rooftop, Balcon, TV","Parkir Mobil, Parkir Motor, Parkir Motor & Sepeda",,https://mamikos.com/room/kost-kota-bandung-kost-campur-eksklusif-kost-rkm-tipe-b-cibeunying-kidul-bandung-2?redirection_source=landing%20area,-6.900468757733514,107.65035710058318
Kost Apik Antapani XIV 12 Tipe A Bandung,Putra,Rp850.000,850000,Antapani,Antapani,"Kost ini berlokasi dekat dengan jalan raya dengan akses masuk mobil, berlokasi dekat dengan Warteg Permata (1.9 km), PT. Indomarco Prismatama (1.5 km), Masjid Al Barokah (1.1 km), Bank Syariah Indonesia KK Bandung RS Al Islam (2.9 km), Universitas Widyatama (2.5 km), RS Ibu dan Anak Grha Bunda (1.7 km).","3 x 3 meter, Termasuk listrik","Kasur, Meja, Lemari / Storage, Ventilasi, Jendela, Bantal, Kursi","Kloset Jongkok, K. Mandi Luar, Ember mandi, Bak mandi","WiFi, Kulkas, R. Tamu, Penjaga Kos, R. Jemur, R. Makan, Dispenser, Dapur, Jemuran, Rice Cooker",Parkir Motor & Sepeda,,https://mamikos.com/room/kost-kota-bandung-kost-putra-murah-kost-apik-antapani-xiv-12-tipe-a-bandung-2?redirection_source=landing%20area,-6.917031200015419,107.66013289810999
Kost Apik Bintang Kumeli Tipe D Cibeunying Kaler Bandung,Putra,Rp875.000,875000,Bojongloa Kaler,Bojongloa Kaler,"Kost ini berlokasi dekat dengan jalan raya dengan akses masuk mobil, berlokasi dekat dengan Warteg Aero (2.4 km), Alfamart (821 m), Christian Church Pasundan Awiligar (1.9 km), Bank BJB Weekend Banking (1.6 km), Institut Teknologi Nasional Bandung (454 m), RS Ibu dan Anak Al Islam (1.5 km).","2.5 x 2.5 meter, Tidak termasuk listrik","Kasur, Meja, Lemari / Storage, Jendela, Bantal, Kursi","Kloset Duduk, Shower","WiFi, Kulkas, R. Tamu, Penjaga Kos, R. Jemur, Dapur, Jemuran, Rooftop","Parkir Mobil, Parkir Motor & Sepeda",,https://mamikos.com/room/kost-kota-bandung-kost-putra-murah-kost-apik-bintang-kumeli-tipe-d-cibeunying-kaler-bandung-2?redirection_source=landing%20area,-6.930777507039295,107.58900221964568
Kost Little Spring Rooms Rosie 1 Antapani Bandung,Putri,Rp1.300.000,1300000,Antapani,Antapani,"Kost ini berlokasi dekat dengan jalan raya dengan akses masuk mobil, berlokasi dekat dengan Warteg Permata (1.2 km), Indomaret Ahmad Yani (2.8 km), Masjid Al Barokah (186 m), Bank BJB Weekend Banking (3.1 km), Universitas Widyatama (1.8 km), RS Ibu dan Anak Grha Bunda (796 m).","2 x 2 meter, Tidak termasuk listrik","AC, Kasur, Meja, Lemari / Storage, Jendela, Guling, Cermin, Bantal","K. Mandi Dalam, Kloset Duduk, Ember mandi, Shower, Air panas","Kulkas, R. Tamu, Penjaga Kos, R. Jemur, R. Makan, R. Santai, Dispenser, Dapur, Jemuran, Pengurus Kos","Parkir Mobil, Parkir Motor, Parkir Sepeda, Parkir Motor & Sepeda",,https://mamikos.com/room/kost-kota-bandung-kost-putri-eksklusif-kost-little-spring-rooms-rosie-1-antapani-bandung-2?redirection_source=landing%20area,-6.916014655381146,107.65883217209783
Kost Merenah I Cibeunying Kidul Bandung,Campur,Rp1.000.000,1000000,Kecamatan Cibeunying Kidul,Cibeunying Kidul,"Kost ini berlokasi dekat dengan jalan raya dengan akses yang hanya bisa dilalui oleh motor/sepeda, berlokasi dekat dengan Warteg Permata (2.3 km), Alfamart Cimuncang 2 (368 m), Masjid Al Barokah (1.5 km), Bank BJB Weekend Banking (2.8 km), Universitas Widyatama (278 m), RS Ibu dan Anak Al Islam (1.6 km).","3.5 x 4.5 meter, Tidak termasuk listrik","Kasur, Lemari / Storage","Kloset Jongkok, Ember mandi","WiFi, Kulkas, Dapur, Jemuran, CCTV",Parkir Motor & Sepeda,,https://mamikos.com/room/kost-kota-bandung-kost-campur-eksklusif-kost-merenah-i-cibeunying-kidul-bandung?redirection_source=landing%20area,-6.899852872165081,107.64880903941707
Kost Wijaya Kusuma Standar Grade A Kiaracondong Bandung,Campur,Rp900.000,900000,Kecamatan Kiaracondong,Kiaracondong,"Kost ini berlokasi dekat dengan jalan raya dengan akses yang hanya bisa dilalui oleh motor/sepeda, berlokasi dekat dengan Warteg Cintaasih (1.8 km), Alfamart (2.9 km), Masjid Al Barokah (766 m), Bank BJB Weekend Banking (2.1 km), Universitas Widyatama (1.4 km), RS Ibu dan Anak Grha Bunda (287 m).","4 x 4.5 meter, Tidak termasuk listrik","Kasur, Lemari / Storage, Ventilasi, Dapur Pribadi, Cermin, Bantal","K. Mandi Dalam, Kloset Jongkok, Ember mandi","WiFi, R. Jemur, Jemuran, Pengurus Kos",Parkir Motor,,https://mamikos.com/room/kost-kota-bandung-kost-campur-murah-kost-wijaya-kusuma-standar-grade-a-kiaracondong-bandung-2?redirection_source=landing%20area,-6.926584921489492,107.6448681427024
Kost Apik Antapani XIV 12 Tipe B Bandung,Putra,Rp800.000,800000,Antapani,Antapani,"Kost ini berlokasi dekat dengan jalan raya dengan akses masuk mobil, berlokasi dekat dengan Warteg Permata (1.9 km), PT. Indomarco Prismatama (1.5 km), Masjid Al Barokah (1.1 km), Bank Syariah Indonesia KK Bandung RS Al Islam (2.9 km), Universitas Widyatama (2.5 km), RS Ibu dan Anak Grha Bunda (1.7 km).","2.5 x 1.8 meter, Termasuk listrik","Kasur, Meja, Lemari / Storage, Jendela, Bantal","Kloset Jongkok, K. Mandi Luar, Ember mandi, Bak mandi","WiFi, Kulkas, R. Tamu, Penjaga Kos, R. Jemur, R. Makan, Dispenser, Dapur, Jemuran, Rice Cooker",Parkir Motor & Sepeda,,https://mamikos.com/room/kost-kota-bandung-kost-putra-murah-kost-apik-antapani-xiv-12-tipe-b-bandung-2?redirection_source=landing%20area,-6.919300250913178,107.66180969440643
Kost Bapak Andry Tipe Vvip Executive Cibeunying Kidul Bandung,Campur,Rp2.100.000,2100000,Cibeunying Kidul,Cibeunying Kidul,"Kost ini berlokasi dekat dengan jalan raya dengan akses yang hanya bisa dilalui oleh motor/sepeda, berlokasi dekat dengan Warteg Cintaasih (2.3 km), Alfamart (2.7 km), Masjid Al Barokah (700 m), Bank BJB Weekend Banking (2.4 km), Universitas Widyatama (970 m), RS Ibu dan Anak Grha Bunda (757 m).","10 x 2.5 meter, Tidak termasuk listrik","AC, Kasur, Dispenser, TV, Lemari / Storage, Ventilasi, Jendela, Dapur Pribadi, Bantal, Wastafel","K. Mandi Dalam, Kloset Jongkok, Wastafel, Shower, Air panas","WiFi, R. Cuci, Kulkas, Mesin Cuci, R. Jemur, Dapur, Jemuran, Pengurus Kos, CCTV, TV",Parkir Motor,,https://mamikos.com/room/kost-kota-bandung-kost-campur-eksklusif-kost-bapak-andry-tipe-vvip-executive-cibeunying-kidul-bandung?redirection_source=landing%20area,-6.897556050783258,107.64984465384592
Kost Pak Reza Cibeunying Kidul Bandung,Putri,Rp650.000,650000,Cibeunying Kidul,Cibeunying Kidul,"Kost ini berlokasi dekat dengan jalan raya dengan akses masuk mobil, berlokasi dekat dengan Alfamart (1.4 km), Christian Church Pasundan Awiligar (2.8 km), Universitas Widyatama (2.2 km), RS Umum Hermina Arcamanik (2.1 km).","3 x 3 meter, Termasuk listrik","Kasur, Lemari / Storage, Ventilasi, Jendela, Cermin","K. Mandi Dalam, Kloset Duduk, Ember mandi","WiFi, R. Cuci, Kulkas, Mesin Cuci, R. Tamu, Penjaga Kos, R. Jemur, R. Santai, Dapur, Jemuran","Parkir Mobil, Parkir Motor, Parkir Sepeda, Parkir Motor & Sepeda",,https://mamikos.com/room/kost-kota-bandung-kost-putri-murah-kost-pak-reza-cibeunying-kidul-bandung-2?redirection_source=landing%20area,-6.899592710144725,107.65179759841257
Kost Rumah Sarwestri Deluxe Cibeunying Kaler Bandung,Putri,Rp2.250.000,2250000,Kecamatan Cibeunying Kaler,Cibeunying Kaler,"Kost ini berlokasi dekat dengan jalan raya dengan akses yang hanya bisa dilalui oleh motor/sepeda, berlokasi dekat dengan Warteg Aero (2.1 km), Alfamart (3.0 km), Christian Church Pasundan Awiligar (1.6 km), Bank BJB Weekend Banking (1.8 km), Institut Teknologi Nasional Bandung (750 m), RS Ibu dan Anak Al Islam (1.9 km).","3 x 4 meter, Tidak termasuk listrik","AC, Meja, Lemari / Storage, Jendela, Cermin, Bantal","K. Mandi Dalam, Kloset Duduk, Wastafel, Shower, Air panas","WiFi, Penjaga Kos, R. Santai, Balcon","Parkir Mobil, Parkir Motor & Sepeda",,https://mamikos.com/room/kost-kota-bandung-kost-putri-eksklusif-kost-rumah-sarwestri-deluxe-cibeunying-kaler-bandung-2?redirection_source=landing%20area,-6.886053192336728,107.62705871406811
Kost Rumah Kita 2 Antapani Bandung,Campur,Rp1.050.000,1050000,Antapani,Antapani,"Kost ini berlokasi dekat dengan jalan raya dengan akses yang hanya bisa dilalui oleh motor/sepeda, berlokasi dekat dengan Alfamart Cimuncang 2 (1.9 km), Masjid Al Barokah (958 m), Sekolah Tinggi Ilmu Kesehatan Dharma Husada (931 m).","3 x 3 meter, Termasuk listrik","Kasur, Lemari / Storage, Cleaning service",K. Mandi Dalam,"WiFi, R. Tamu, Penjaga Kos, R. Makan, Mushola, Balcon",Parkir Mobil,,https://mamikos.com/room/kost-kota-bandung-kost-campur-eksklusif-kost-rumah-kita-2-antapani-bandung?redirection_source=landing%20area,-6.917225529345739,107.66043936600214
Kost Rumah Hijau Nur Cibeunying Kaler Bandung,Putri,Rp600.000,600000,Kecamatan Cibeunying Kaler,Cibeunying Kaler,"Kost ini berlokasi dekat dengan jalan raya dengan akses yang hanya bisa dilalui oleh motor/sepeda, berlokasi dekat dengan Rumah Makan Boemi Mitoha (2.1 km), Alfamart Bojong Koneng (204 m), Christian Church Pasundan Awiligar (1.8 km), Bank BJB Weekend Banking (2.5 km), Universitas Widyatama (420 m), RS Ibu dan Anak Al Islam (1.5 km).","2.5 x 3 meter, Tidak termasuk listrik",Jendela,"Kloset Jongkok, K. Mandi Luar, Ember mandi, Bak mandi","R. Santai, Dapur, Jemuran, Balcon","Parkir Motor, Parkir Sepeda",,https://mamikos.com/room/kost-kota-bandung-kost-putri-murah-kost-rumah-hijau-nur-cibeunying-kaler-bandung-2?redirection_source=landing%20area,-6.886012659605767,107.62850315044659
Kost Elroi Bojong Koneng Atas Cikutra Tipe D Cimenyan Bandung,Putra,Rp1.250.000,1250000,Cimenyan,Cimenyan,"Kost ini berlokasi dekat dengan jalan raya dengan akses yang hanya bisa dilalui oleh motor/sepeda, berlokasi dekat dengan Rumah Makan Pondok (3.0 km), Alfamart Bojong Koneng (838 m), Christian Church Pasundan Awiligar (1.4 km), Bank BJB Weekend Banking (3.4 km), Universitas Widyatama (1.1 km), RS Ibu dan Anak Al Islam (2.5 km).","3 x 4 meter, Tidak termasuk listrik","Kasur, Meja, Lemari / Storage, Ventilasi, Jendela, Guling, Cermin, Bantal, Kursi","K. Mandi Dalam, Kloset Duduk, Ember mandi, Shower, Air panas","WiFi, Kulkas, R. Tamu, Penjaga Kos, R. Jemur, R. Makan, R. Santai, Dispenser, Dapur, Jemuran","Parkir Motor, Parkir Motor & Sepeda",,https://mamikos.com/room/kost-kabupaten-bandung-kost-putra-eksklusif-kost-elroi-bojong-koneng-atas-cikutra-tipe-d-cimenyan-bandung?redirection_source=landing%20area,-6.881692594018928,107.66501698111549
Kost Puri Fbp Cibeunying Kidul Bandung,Putra,Rp800.000,800000,Kecamatan Cibeunying Kidul,Cibeunying Kidul,"Kost ini berlokasi dekat dengan jalan raya dengan akses yang hanya bisa dilalui oleh motor/sepeda, berlokasi dekat dengan .","3 x 3 meter, Termasuk listrik","Kasur, Meja, Lemari / Storage, Ventilasi, Jendela, Bantal, Sofa, Wastafel",,,,,https://mamikos.com/room/kost-kota-bandung-kost-putra-murah-kost-puri-fbp-cibeunying-kidul-bandung?redirection_source=landing%20area,-6.899382894810024,107.64931608306136
Kost Pondok Cisokan Baru 8 Cibeunying Kaler Bandung,Campur,Rp1.500.000,1500000,Cibeunying Kaler,Cibeunying Kaler,"Kost ini berlokasi dekat dengan jalan raya dengan akses jalan raya, berlokasi dekat dengan Rumah Makan Boemi Mitoha (867 m), Alfamart A Yani 419 (1.2 km), Masjid Pusdai (815 m), Institut Teknologi Nasional Bandung (547 m), Sinar Abadi Balubur Town Square (2.6 km).","3 x 3 meter, Tidak termasuk listrik","Kasur, Meja, Lemari / Storage, Ventilasi, Jendela, Guling, Cermin, Bantal, Kursi","K. Mandi Dalam, Kloset Duduk, K. Mandi Luar, Shower, Air panas","WiFi, Kulkas, Mesin Cuci, R. Tamu, Penjaga Kos, R. Jemur, R. Santai, Dispenser, Dapur, Jemuran","Parkir Mobil, Parkir Motor, Parkir Sepeda",,https://mamikos.com/room/kost-bandung-kost-campur-eksklusif-kost-pondok-cisokan-baru-8-cibeunying-kaler-bandung?redirection_source=landing%20area,-6.887293187523632,107.62828209507562
Kost Naumanda Cikaso Cibeunying Kidul Bandung,Putri,Rp1.333.333,1333333,Kecamatan Cibeunying Kidul,Cibeunying Kidul,"Kost ini berlokasi dekat dengan jalan raya dengan akses masuk mobil, berlokasi dekat dengan Warteg Abadi (2.8 km), Alfamart A Yani 419 (465 m), Masjid Al Barokah (1.8 km), Bank BJB - Cabang Utama Bandung (2.9 km), Institut Teknologi Nasional Bandung (1.4 km), RS Ibu dan Anak Al Islam (477 m).","3 x 4 meter, Tidak termasuk listrik","Kasur, Meja, Lemari / Storage, Ventilasi, Jendela, Guling, Bantal, Kursi","K. Mandi Dalam, Kloset Duduk, Shower, Air panas","WiFi, R. Cuci, Kulkas, Mesin Cuci, R. Tamu, Penjaga Kos, R. Jemur, R. Santai, Dapur, Jemuran",Parkir Motor & Sepeda,,https://mamikos.com/room/kost-kota-bandung-kost-putri-eksklusif-kost-naumanda-cikaso-cibeunying-kidul-bandung?redirection_source=landing%20area,-6.900445294205471,107.64859514984663
Kost Batik Jogja 7 Sukaluyu Cibeunying Kaler Bandung,Putra,Rp1.100.000,1100000,Kecamatan Cibeunying Kaler,Cibeunying Kaler,"Kost ini berlokasi dekat dengan jalan raya dengan akses yang hanya bisa dilalui oleh motor/sepeda, berlokasi dekat dengan Rumah Makan Pondok (952 m), Alfamart Bojong Koneng (1.4 km), Masjid Pusdai (727 m), Institut Teknologi Nasional Bandung (655 m), Sinar Abadi Balubur Town Square (2.3 km).","3 x 3 meter, Tidak termasuk listrik","Kasur, Meja, Lemari / Storage, Jendela, Guling, Cermin, Bantal","K. Mandi Dalam, Kloset Duduk, Shower","WiFi, R. Jemur, Dispenser, Dapur, Jemuran, Pengurus Kos, Taman",Parkir Motor,,https://mamikos.com/room/kost-kota-bandung-kost-putra-eksklusif-kost-batik-jogja-7-sukaluyu-cibeunying-kaler-bandung?redirection_source=landing%20area,-6.885294813898641,107.62713376712945
Kost Rengganis Type A Cibeunying Kaler Bandung,Putri,Rp750.000,750000,Cibeunying Kaler,Cibeunying Kaler,"Kost ini berlokasi dekat dengan jalan raya dengan akses yang hanya bisa dilalui oleh motor/sepeda, berlokasi dekat dengan Warteg Cintaasih (2.2 km), Alfamart (1.2 km), Christian Church Pasundan Awiligar (2.2 km), Bank BJB Weekend Banking (1.3 km), Institut Teknologi Nasional Bandung (475 m), RS Ibu dan Anak Al Islam (1.2 km).","3 x 3 meter, Termasuk listrik","Kasur, Lemari / Storage, Jendela, Bantal","K. Mandi Dalam, Kloset Jongkok, Wastafel, Ember mandi","WiFi, R. Jemur, R. Santai, Dapur, Jemuran, Pengurus Kos, CCTV, R. Keluarga, K. Mandi Luar","Parkir Motor, Parkir Motor & Sepeda",,https://mamikos.com/room/kost-kota-bandung-kost-putri-murah-kost-rengganis-type-a-cibeunying-kaler-bandung-2?redirection_source=landing%20area,-6.887879166776771,107.63086949263125
Kost 99 Pusat Kota Standard Cimenyan Bandung,Campur,Rp1.500.000,1500000,Cimenyan,Cimenyan,"Kost ini berlokasi dekat dengan jalan raya dengan akses yang hanya bisa dilalui oleh motor/sepeda, berlokasi dekat dengan Alfamart Bojong Koneng (1.4 km), Christian Church Pasundan Awiligar (685 m), Universitas Padjadjaran Kampus Dipatiukur (2.1 km), Sinar Abadi Balubur Town Square (3.0 km).","3 x 4 meter, Tidak termasuk listrik","AC, Kasur, Meja, TV, Lemari / Storage, Ventilasi, Jendela, Cermin, Bantal","K. Mandi Dalam, Kloset Duduk, Shower, Air panas","WiFi, Kulkas, Laundry, R. Santai, Dapur, Pengurus Kos, CCTV, Kartu Akses, Taman, TV","Parkir Motor, Parkir Sepeda",,https://mamikos.com/room/kost-kabupaten-bandung-kost-campur-eksklusif-kost-99-pusat-kota-standard-cimenyan-bandung?redirection_source=landing%20area,-6.878521783179884,107.66544246541783
Kost Sant In Residence Executive Cibeunying Kaler Bandung,Campur,Rp1.700.000,1700000,Kecamatan Cibeunying Kaler,Cibeunying Kaler,"Kost ini berlokasi dekat dengan jalan raya dengan akses yang hanya bisa dilalui oleh motor/sepeda, berlokasi dekat dengan .","3 x 4 meter, Tidak termasuk listrik","AC, Kasur, Meja, TV, Lemari / Storage, Jendela, Bantal, Kursi","K. Mandi Dalam, Kloset Duduk, Shower, Air panas",,,,https://mamikos.com/room/kost-kota-bandung-kost-campur-eksklusif-kost-sant-in-residence-executive-cibeunying-kaler-bandung?redirection_source=landing%20area,-6.887368939285465,107.62908480074046
Kost Wawan Tipe A Cibeunying Kidul Bandung,Putri,Rp1.700.000,1700000,Cibeunying Kidul,Cibeunying Kidul,"Kost ini berlokasi dekat dengan jalan raya dengan akses yang hanya bisa dilalui oleh motor/sepeda, berlokasi dekat dengan Alfamart A Yani 419 (864 m), Christian Church Pasundan Awiligar (2.5 km), Universitas Padjadjaran Kampus Dipatiukur (2.6 km), Sinar Abadi Balubur Town Square (3.3 km).","3 x 3 meter, Tidak termasuk listrik","Kasur, Meja, TV, Lemari / Storage, Kursi","K. Mandi Dalam, Kloset Duduk, Air panas","WiFi, Kulkas, Dapur",Parkir Motor,,https://mamikos.com/room/kost-kota-bandung-kost-putri-eksklusif-kost-wawan-tipe-a-cibeunying-kidul-bandung?redirection_source=landing%20area,-6.898001716013716,107.64863024388603
Kost Pondok Sidoluhur 28 Tipe A Cibeunying Kaler Bandung,Campur,Rp1.500.000,1500000,Kecamatan Cibeunying Kaler,Cibeunying Kaler,"Kost ini berlokasi dekat dengan jalan raya dengan akses yang hanya bisa dilalui oleh motor/sepeda, berlokasi dekat dengan Warteg Aero (2.2 km), Alfamart (3.2 km), Christian Church Pasundan Awiligar (1.6 km), Bank BJB Weekend Banking (1.9 km), Institut Teknologi Nasional Bandung (639 m), RS Ibu dan Anak Al Islam (1.9 km).","3 x 4 meter, Tidak termasuk listrik","AC, Kasur, Meja, Lemari / Storage, Ventilasi, Jendela, Cermin, Bantal, TV Kabel, Cleaning service","K. Mandi Dalam, Kloset Duduk, Ember mandi, Shower, Air panas","WiFi, R. Cuci, Kulkas, Mesin Cuci, R. Tamu, R. Jemur, R. Makan, R. Santai, Dispenser, Dapur","Parkir Mobil, Parkir Motor, Parkir Sepeda, Parkir Motor & Sepeda",,https://mamikos.com/room/kost-kota-bandung-kost-campur-eksklusif-kost-pondok-sidoluhur-28-tipe-a-cibeunying-kaler-bandung?redirection_source=landing%20area,-6.8851329017933605,107.63011440159966
Kost Crysant House Tipe A Cibeunying Kaler Bandung,Campur,Rp1.600.000,1600000,Cibeunying Kaler,Cibeunying Kaler,"Kost ini berlokasi dekat dengan jalan raya dengan akses yang hanya bisa dilalui oleh motor/sepeda, berlokasi dekat dengan Warteg Abadi (2.2 km), Alfamart (854 m), Christian Church Pasundan Awiligar (2.2 km), Bank BJB Weekend Banking (1.3 km), Institut Teknologi Nasional Bandung (724 m), RS Ibu dan Anak Al Islam (1.5 km).","3 x 3 meter, Tidak termasuk listrik","Kasur, Meja, Ventilasi, Jendela, Bantal, Wastafel, Kursi","K. Mandi Dalam, Kloset Duduk, Wastafel, Shower, Air panas","WiFi, Penjaga Kos, R. Jemur, R. Santai, Dapur, Jemuran, Pengurus Kos, CCTV, Joglo","Parkir Mobil, Parkir Motor, Parkir Sepeda",,https://mamikos.com/room/kost-kota-bandung-kost-campur-eksklusif-kost-crysant-house-tipe-a-cibeunying-kaler-bandung?redirection_source=landing%20area,-6.885129639066335,107.62920536131789
Kost Wardah Cibeunying Kaler Bandung,Pasutri,Rp1.400.000,1400000,Cibeunying Kaler,Cibeunying Kaler,"Kost ini berlokasi dekat dengan jalan raya dengan akses yang hanya bisa dilalui oleh motor/sepeda, berlokasi dekat dengan Alfamart Bojong Koneng (1.5 km), Masjid MUI Kota Bandung (687 m), Institut Teknologi Nasional Bandung (1.0 km), Sinar Abadi Balubur Town Square (2.6 km).","4 x 4 meter, Tidak termasuk listrik","AC, Kasur, Meja, TV, Lemari / Storage, Ventilasi, Jendela, Guling, Dapur Pribadi, Cermin","K. Mandi Dalam, Kloset Duduk, Ember mandi, Shower, Air panas","WiFi, Penjaga Kos, R. Jemur, Mushola, R. Santai, Dispenser, Jemuran, Pengurus Kos, CCTV, Kartu Akses","Parkir Mobil, Parkir Motor, Parkir Sepeda",,https://mamikos.com/room/kost-bandung-kost-campur-eksklusif-kost-wardah-khusus-pasutri-cibeunying-kaler-bandung?redirection_source=landing%20area,-6.8849469496326465,107.62848514066101
Kost Bekarbon Cibeunying Kidul Bandung,Putra,Rp1.100.000,1100000,Cibeunying Kidul,Cibeunying Kidul,"Kost ini berlokasi dekat dengan jalan raya dengan akses masuk mobil, berlokasi dekat dengan Alfamart Bojong Koneng (731 m), Christian Church Pasundan Awiligar (2.3 km), Universitas Widyatama (471 m).","3 x 3 meter, Tidak termasuk listrik","Kasur, Lemari / Storage, Ventilasi, Jendela","K. Mandi Dalam, Kloset Jongkok, Shower","WiFi, R. Tamu, Penjaga Kos, R. Jemur, Dapur, Jemuran, Pengurus Kos, CCTV, Balcon, K. Mandi Luar","Parkir Motor, Parkir Sepeda",,https://mamikos.com/room/kost-kota-bandung-kost-putra-eksklusif-kost-bekarbon-cibeunying-kidul-bandung?redirection_source=landing%20area,-6.899931607808991,107.64942631673946
Kost Imah Incu Antapani Bandung,Putri,Rp850.000,850000,Antapani,Antapani,"Kost ini berlokasi dekat dengan jalan raya dengan akses yang hanya bisa dilalui oleh motor/sepeda, berlokasi dekat dengan Alfamart Cimuncang 2 (1.0 km), Masjid Al Barokah (336 m), Akademi Pariwisata BSI Bandung (460 m).","3 x 4 meter, Termasuk listrik","Kasur, Lemari / Storage, Ventilasi, Jendela, Guling, Bantal","K. Mandi Dalam, Kloset Jongkok, Ember mandi","WiFi, Jemuran, Pengurus Kos","Parkir Motor, Parkir Sepeda",,https://mamikos.com/room/kost-kota-bandung-kost-putri-murah-kost-imah-incu-antapani-bandung-2?redirection_source=landing%20area,-6.918877479993325,107.65808539042945
Kost Anthurium Cimenyan Bandung,Putri,Rp1.500.000,1500000,Kecamatan Cimenyan,Cimenyan,"Kost ini berlokasi dekat dengan jalan raya dengan akses masuk mobil, berlokasi dekat dengan Warteg Gaul (2.5 km), Alfamart Bojong Koneng (1.4 km), Christian Church Pasundan Awiligar (296 m), Bank Mandiri Bandung Priority Banking Soerapatti (2.9 km), Universitas Padjadjaran Kampus Dipatiukur (2.6 km), RS Khusus Ginjal NY R.A. Habibie (2.0 km).","4 x 5 meter, Tidak termasuk listrik","Kasur, Meja, Ventilasi, Jendela, Guling, Cermin, Bantal, Sofa, Kursi","K. Mandi Dalam, Kloset Duduk, Shower, Air panas","WiFi, R. Cuci, Kulkas, R. Tamu, Penjaga Kos, R. Jemur, R. Makan, Mushola, R. Santai, Dispenser","Parkir Mobil, Parkir Motor, Parkir Sepeda",,https://mamikos.com/room/kost-kabupaten-bandung-kost-putri-eksklusif-kost-anthurium-cimenyan-bandung?redirection_source=landing%20area,-6.878761156338936,107.66281909829458
Kost Saung Bambu Muda Tipe A Cibeunying Kaler Bandung,Putri,Rp1.400.000,1400000,Cibeunying Kaler,Cibeunying Kaler,"Kost ini berlokasi dekat dengan jalan raya dengan akses yang hanya bisa dilalui oleh motor/sepeda, berlokasi dekat dengan Warteg Aero (2.1 km), Alfamart (3.0 km), Christian Church Pasundan Awiligar (1.8 km), Bank BJB Weekend Banking (1.7 km), Institut Teknologi Nasional Bandung (726 m), RS Ibu dan Anak Al Islam (1.8 km).","3.2 x 3.7 meter, Termasuk listrik","Kasur, Meja, Lemari / Storage, Ventilasi, Jendela, Guling, Cermin, Bantal, Kursi","Kloset Duduk, K. Mandi Luar, Wastafel, Ember mandi, Shower, Air panas","WiFi, Kulkas, Mesin Cuci, R. Jemur, R. Santai, Dispenser, Dapur, Jemuran, Rice Cooker, Taman",Parkir Motor & Sepeda,,https://mamikos.com/room/kost-kota-bandung-kost-putri-eksklusif-kost-saung-bambu-muda-tipe-a-cibeunying-kaler-bandung?redirection_source=landing%20area,-6.88554756644793,107.6285464030084
Kost Pin Residence Tipe A Cibeunying Kaler Bandung,Campur,Rp1.500.000,1500000,Kecamatan Cibeunying Kaler,Cibeunying Kaler,"Kost ini berlokasi dekat dengan jalan raya dengan akses masuk mobil, berlokasi dekat dengan Warteg Abadi (2.4 km), Alfamart (787 m), Christian Church Pasundan Awiligar (1.9 km), Bank BJB Weekend Banking (1.5 km), Institut Teknologi Nasional Bandung (540 m), RS Ibu dan Anak Al Islam (1.5 km).","3 x 3 meter, Tidak termasuk listrik","AC, Kasur, Meja, TV, Lemari / Storage, Ventilasi, Jendela, Bantal, TV Kabel, Kursi","K. Mandi Dalam, Kloset Duduk, Shower, Air panas","WiFi, Kulkas, Laundry, Penjaga Kos, CCTV, Kartu Akses","Parkir Motor, Parkir Motor & Sepeda",,https://mamikos.com/room/kost-kota-bandung-kost-campur-eksklusif-kost-pin-residence-tipe-a-cibeunying-kaler-bandung?redirection_source=landing%20area,-6.88531008314811,107.62699625835111
Kost Rengganis Standar Cibeunying Kaler Bandung,Putri,Rp650.000,650000,Cibeunying Kaler,Cibeunying Kaler,"Kost ini berlokasi dekat dengan jalan raya dengan akses yang hanya bisa dilalui oleh motor/sepeda, berlokasi dekat dengan Warteg Cintaasih (2.2 km), Alfamart (1.2 km), Christian Church Pasundan Awiligar (2.2 km), Bank BJB Weekend Banking (1.3 km), Institut Teknologi Nasional Bandung (475 m), RS Ibu dan Anak Al Islam (1.2 km).","3 x 3 meter, Termasuk listrik",Kasur,"Kloset Jongkok, K. Mandi Luar, Wastafel, Ember mandi","WiFi, R. Jemur, R. Santai, Dapur, Jemuran, Pengurus Kos, CCTV, R. Keluarga, K. Mandi Luar","Parkir Motor, Parkir Motor & Sepeda",,https://mamikos.com/room/kost-kota-bandung-kost-putri-murah-kost-rengganis-standar-cibeunying-kaler-bandung-2?redirection_source=landing%20area,-6.885407532191808,107.62976325154057
Kost Rumah Surya Cibeunying Kaler Bandung,Putra,Rp550.000,550000,Kecamatan Cibeunying Kaler,Cibeunying Kaler,"Kost ini berlokasi dekat dengan jalan raya dengan akses yang hanya bisa dilalui oleh motor/sepeda, berlokasi dekat dengan Warteg Aero (2.0 km), Alfamart (2.7 km), Christian Church Pasundan Awiligar (1.1 km), Bank BJB Weekend Banking (2.4 km), Institut Teknologi Bandung (2.3 km), RS Ibu dan Anak Al Islam (2.4 km).","3 x 4 meter, Tidak termasuk listrik","Kasur, Lemari / Storage","Kloset Duduk, Kloset Jongkok, Ember mandi, Bak mandi","WiFi, R. Cuci, R. Tamu",Parkir Motor & Sepeda,,https://mamikos.com/room/kost-kota-bandung-kost-putra-murah-kost-rumah-surya-cibeunying-kaler-bandung-2?redirection_source=landing%20area,-6.884866209664246,107.62901642704253
Kost Sidomulyo 2 Cibeunying Kaler Bandung,Putra,Rp1.000.000,1000000,Cibeunying Kaler,Cibeunying Kaler,"Kost ini berlokasi dekat dengan jalan raya dengan akses yang hanya bisa dilalui oleh motor/sepeda, berlokasi dekat dengan Alfamart Bojong Koneng (1.4 km), Masjid MUI Kota Bandung (679 m), Institut Teknologi Nasional Bandung (720 m), Sinar Abadi Balubur Town Square (2.4 km).","3 x 3 meter, Termasuk listrik","Kasur, Meja, Lemari / Storage, Jendela, Kursi, Cleaning service","K. Mandi Dalam, Kloset Duduk, Kloset Jongkok, K. Mandi Luar, Ember mandi, Shower, Air panas, Bak mandi","WiFi, Kulkas, R. Tamu, Penjaga Kos, R. Jemur, R. Makan, Mushola, Dapur, Taman, K. Mandi Luar","Parkir Mobil, Parkir Motor, Parkir Sepeda",,https://mamikos.com/room/kost-kota-bandung-kost-putra-eksklusif-kost-sidomulyo-2-cibeunying-kaler-bandung?redirection_source=landing%20area,-6.887478864393912,107.6280264260423
Kost Elroi Bojong Koneng Atas Cikutra Tipe A Cimenyan Bandung,Putra,Rp1.700.000,1700000,Cimenyan,Cimenyan,"Kost ini berlokasi dekat dengan jalan raya dengan akses yang hanya bisa dilalui oleh motor/sepeda, berlokasi dekat dengan Rumah Makan Pondok (3.0 km), Alfamart Bojong Koneng (838 m), Christian Church Pasundan Awiligar (1.4 km), Bank BJB Weekend Banking (3.4 km), Universitas Widyatama (1.1 km), RS Ibu dan Anak Al Islam (2.5 km).","3 x 4 meter, Tidak termasuk listrik","AC, Kasur, Meja, Lemari / Storage, Ventilasi, Jendela, Guling, Cermin, Bantal, Kursi","K. Mandi Dalam, Kloset Duduk, Ember mandi, Shower, Air panas","WiFi, Kulkas, R. Tamu, Penjaga Kos, R. Jemur, R. Makan, R. Santai, Dispenser, Dapur, Jemuran","Parkir Motor, Parkir Motor & Sepeda",,https://mamikos.com/room/kost-kabupaten-bandung-kost-putra-eksklusif-kost-elroi-bojong-koneng-atas-cikutra-tipe-a-cimenyan-bandung?redirection_source=landing%20area,-6.8789998074168945,107.66189729583606
Kost Puri Artha Sony n Sist 2 Cibeunying Kidul Bandung,Putri,Rp650.000,650000,Cibeunying Kidul,Cibeunying Kidul,"Kost ini berlokasi dekat dengan jalan raya dengan akses yang hanya bisa dilalui oleh motor/sepeda, berlokasi dekat dengan .","3 x 4 meter, Tidak termasuk listrik",,,,,,https://mamikos.com/room/kost-bandung-kost-putri-murah-kost-puri-artha-sony-n-sist-2-cibeunying-kidul-bandung?redirection_source=landing%20area,-6.897908674869827,107.65002364571005
Kost Rukun Cibeunying Kidul Bandung,Campur,Rp950.000,950000,Cibeunying Kidul,Cibeunying Kidul,"Kost ini berlokasi dekat dengan jalan raya dengan akses yang hanya bisa dilalui oleh motor/sepeda, berlokasi dekat dengan Alfamart Bojong Koneng (593 m), Christian Church Pasundan Awiligar (1.5 km), Universitas Padjadjaran Kampus Dipatiukur (3.2 km).","3 x 4 meter, Tidak termasuk listrik","Ventilasi, Jendela, Dapur Pribadi","K. Mandi Dalam, Kloset Jongkok","Jemuran, CCTV","Parkir Motor, Parkir Sepeda",,https://mamikos.com/room/kost-bandung-kost-campur-murah-kost-rukun-cibeunying-kidul-bandung?redirection_source=landing%20area,-6.898571325923122,107.64972125149019
Kost Karambia Cimenyan Bandung,Putri,Rp2.250.000,2250000,Cimenyan,Cimenyan,"Kost ini berlokasi dekat dengan jalan raya dengan akses yang hanya bisa dilalui oleh motor/sepeda, berlokasi dekat dengan Alfamart Bojong Koneng (1.4 km), Christian Church Pasundan Awiligar (1.7 km), Sekolah Tinggi Ilmu Komunikasi Bandung (867 m).","3 x 7 meter, Termasuk listrik","Kasur, Meja, Lemari / Storage, Ventilasi, Meja makan, Jendela, Guling, Cermin, Bantal, Wastafel","K. Mandi Dalam, Kloset Duduk, Wastafel, Ember mandi, Shower, Air panas","WiFi, R. Cuci, Kulkas, Mesin Cuci, R. Jemur, R. Santai, Dapur, Jemuran, Rice Cooker, Balcon","Parkir Motor, Parkir Sepeda",,https://mamikos.com/room/kost-kabupaten-bandung-kost-putri-eksklusif-kost-karambia-cimenyan-bandung-2?redirection_source=landing%20area,-6.879688031569073,107.66273035339894
Kost Dela Tipe A Antapani Bandung,Campur,Rp1.750.000,1750000,Antapani,Antapani,"Kost ini berlokasi dekat dengan jalan raya dengan akses masuk mobil, berlokasi dekat dengan Alfamart Cimuncang 2 (2.7 km), Masjid Al-Muhajirin (491 m).","4 x 5 meter, Tidak termasuk listrik","AC, Kasur, Meja, TV, Lemari / Storage, Jendela, Bantal, Kursi","K. Mandi Dalam, Kloset Duduk, Shower, Air panas","WiFi, Kulkas, Mesin Cuci, R. Tamu, Penjaga Kos, Mushola, Dispenser, Dapur, Jemuran, CCTV","Parkir Mobil, Parkir Motor",,https://mamikos.com/room/kost-kota-bandung-kost-campur-eksklusif-kost-dela-tipe-a-antapani-bandung?redirection_source=landing%20area,-6.919713267467046,107.65871439286069
Kost Keys Co Living Superior Balcony K 03 Cibeunying Kidul Bandung,Campur,Rp2.850.000,2850000,Cibeunying Kidul,Cibeunying Kidul,"Kost ini berlokasi dekat dengan jalan raya dengan akses masuk mobil, berlokasi dekat dengan Warteg Cintaasih (2.4 km), Alfamart (2.0 km), Masjid Al Barokah (1.5 km), Bank BJB Weekend Banking (2.1 km), Universitas Widyatama (571 m), RS Ibu dan Anak Al Islam (891 m).","3 x 4 meter, Tidak termasuk listrik","AC, Kasur, Meja, Lemari / Storage, microwave, Jendela, Guling, Cermin, Bantal, Kursi","K. Mandi Dalam, Kloset Duduk, Shower, Air panas","WiFi, R. Cuci, Kulkas, Penjaga Kos, R. Jemur, R. Makan, Mushola, Dispenser, Dapur, Jemuran","Parkir Mobil, Parkir Motor",,https://mamikos.com/room/kost-kota-bandung-kost-campur-eksklusif-kost-keys-co-living-superior-balcony-k-03-cibeunying-kidul-bandung-2?redirection_source=landing%20area,-6.900199572998565,107.65166042837733
Kost Gemilang Berkah Tipe B Cimenyan Bandung,Putra,Rp750.000,750000,Kecamatan Cimenyan,Cimenyan,"Kost ini berlokasi dekat dengan jalan raya dengan akses yang hanya bisa dilalui oleh motor/sepeda, berlokasi dekat dengan Alfamart Bojong Koneng (1.4 km), Christian Church Pasundan Awiligar (826 m), Universitas Padjadjaran Kampus Dipatiukur (1.9 km), Sinar Abadi Balubur Town Square (2.9 km).","3 x 3 meter, Termasuk listrik","Kasur, Meja, Lemari / Storage, Ventilasi, Jendela","Kloset Jongkok, Bak mandi","WiFi, Dapur, Jemuran, K. Mandi Luar","Parkir Motor, Parkir Sepeda",,https://mamikos.com/room/kost-bandung-kost-putra-murah-kost-gemilang-berkah-tipe-b-cimenyan-bandung-1?redirection_source=landing%20area,-6.878010608931699,107.6628649671248
Kost 99 Pusat Kota Tipe Mezanine 2 Cimenyan Bandung,Campur,Rp1.700.000,1700000,Kecamatan Cimenyan,Cimenyan,"Kost ini berlokasi dekat dengan jalan raya dengan akses yang hanya bisa dilalui oleh motor/sepeda, berlokasi dekat dengan Rumah Makan Pondok (1.9 km), Alfamart Bojong Koneng (1.4 km), Christian Church Pasundan Awiligar (791 m), Bank Mandiri Bandung Priority Banking Soerapatti (2.3 km), Institut Teknologi Nasional Bandung (1.2 km), RS Umum Santo Borromeus (2.4 km).","2 x 4 meter, Tidak termasuk listrik","AC, Kasur, Meja, TV, Lemari / Storage, Jendela, Bantal, Sofa","K. Mandi Dalam, Kloset Duduk, Shower, Air panas","Kulkas, Laundry, Penjaga Kos, Dapur, Pengurus Kos, CCTV",Parkir Motor,,https://mamikos.com/room/kost-kabupaten-bandung-kost-campur-eksklusif-kost-99-pusat-kota-tipe-mezanine-2-cimenyan-bandung?redirection_source=landing%20area,-6.878803870188348,107.6641858059068
Kost Palapa Cibeunying Kidul Bandung,Putra,Rp1.100.000,1100000,Kecamatan Cibeunying Kidul,Cibeunying Kidul,"Kost ini berlokasi dekat dengan jalan raya dengan akses yang hanya bisa dilalui oleh motor/sepeda, berlokasi dekat dengan Rumah Makan Boemi Mitoha (760 m), Alfamart A Yani 419 (791 m), Masjid Al Jihad (985 m), Bank BJB Weekend Banking (791 m), Universitas Padjadjaran Kampus Dipatiukur (2.4 km), RS Ibu dan Anak Al Islam (751 m).","3 x 4 meter, Termasuk listrik","Kasur, Lemari / Storage","K. Mandi Dalam, Kloset Jongkok, Ember mandi, Shower","R. Jemur, Jemuran, CCTV, Balcon, K. Mandi Luar",Parkir Motor,,https://mamikos.com/room/kost-kota-bandung-kost-putra-eksklusif-kost-palapa-cibeunying-kidul-bandung?redirection_source=landing%20area,-6.897103804211934,107.64932512033779
Kost Patma Tipe D Cibeunying Kaler Bandung,Putri,Rp835.000,835000,Kecamatan Cibeunying Kaler,Cibeunying Kaler,"Kost ini berlokasi dekat dengan jalan raya dengan akses yang hanya bisa dilalui oleh motor/sepeda, berlokasi dekat dengan Warteg Aero (2.1 km), Alfamart (2.9 km), Christian Church Pasundan Awiligar (1.8 km), Bank BJB Weekend Banking (1.7 km), Institut Teknologi Nasional Bandung (782 m), RS Ibu dan Anak Al Islam (1.9 km).","2.7 x 3.5 meter, Termasuk listrik","Kasur, Meja, Lemari / Storage, Bantal","Kloset Duduk, Kloset Jongkok, K. Mandi Luar, Ember mandi","WiFi, Kulkas, Dapur, Jemuran, Pengurus Kos",Parkir Motor & Sepeda,,https://mamikos.com/room/kost-kota-bandung-kost-putri-eksklusif-kost-patma-tipe-d-cibeunying-kaler-bandung?redirection_source=landing%20area,-6.884426481791695,107.63029870308446
Kost Bale Sunda Besar Cibeunying Kaler Bandung,Campur,Rp1.200.000,1200000,Cibeunying Kaler,Cibeunying Kaler,"Kost ini berlokasi dekat dengan jalan raya dengan akses yang hanya bisa dilalui oleh motor/sepeda, berlokasi dekat dengan Alfamart Bojong Koneng (1.2 km), Masjid MUI Kota Bandung (826 m), Institut Teknologi Nasional Bandung (812 m), Sinar Abadi Balubur Town Square (2.7 km).","3 x 4 meter, Termasuk listrik","Kasur, Dispenser, Meja, Lemari / Storage, Kursi, Cleaning service","K. Mandi Dalam, Kloset Duduk, Wastafel, Ember mandi","WiFi, Penjaga Kos, R. Jemur, Mushola, Dispenser, Dapur, K. Mandi Luar","Parkir Mobil, Parkir Motor, Parkir Sepeda",,https://mamikos.com/room/kost-kota-bandung-kost-campur-eksklusif-kost-bale-sunda-besar-cibeunying-kaler-bandung-1?redirection_source=landing%20area,-6.8875010376838555,107.62834564969423
Kost Sukamulus Cibeunying Kidul Bandung,Campur,Rp450.000,450000,Cibeunying Kidul,Cibeunying Kidul,"Kost ini berlokasi dekat dengan jalan raya dengan akses yang hanya bisa dilalui oleh motor/sepeda, berlokasi dekat dengan Warteg Abadi (3.1 km), Alfamart A Yani 419 (284 m), Masjid Pusdai (1.6 km), Bank Mandiri Bandung Priority Banking Soerapatti (2.6 km), Institut Teknologi Nasional Bandung (1.2 km), RS Umum Santo Yusup (583 m).","3 x 3 meter, Termasuk listrik","Kasur, Meja, Ventilasi, Jendela, Cermin, Bantal, Cleaning service","Kloset Jongkok, K. Mandi Luar, Ember mandi, Shower, Bak mandi","WiFi, R. Cuci, Penjaga Kos, R. Jemur, Dispenser, Dapur, Jemuran, Pengurus Kos, CCTV, Gazebo","Parkir Mobil, Parkir Motor, Parkir Sepeda",,https://mamikos.com/room/kost-kota-bandung-kost-campur-murah-kost-sukamulus-cibeunying-kidul-bandung?redirection_source=landing%20area,-6.89887049096046,107.65074990001955
Kost A H Nasution Tipe A Mandalajati Bandung,Campur,Rp950.000,950000,Mandalajati,Mandalajati,"Kost ini berlokasi dekat dengan jalan raya dengan akses yang hanya bisa dilalui oleh motor/sepeda, berlokasi dekat dengan Alfamart Cimuncang 2 (1.8 km).","4 x 4 meter, Tidak termasuk listrik","AC, Kasur, Meja, Lemari / Storage, Ventilasi, Jendela, Kursi, Kipas Angin","K. Mandi Dalam, Kloset Duduk, Shower, Air panas",CCTV,"Parkir Motor, Parkir Sepeda",,https://mamikos.com/room/kost-kota-bandung-kost-campur-eksklusif-kost-a-h-nasution-tipe-a-mandalajati-bandung?redirection_source=landing%20area,-6.895412785112644,107.67273258990323
Kost Bengawan 83 Tipe B Bandung Wetan Bandung,Campur,Rp1.350.000,1350000,Bandung Wetan,Bandung Wetan,"Kost ini berlokasi dekat dengan jalan raya dengan akses yang hanya bisa dilalui oleh motor/sepeda, berlokasi dekat dengan Rumah Makan Boemi Mitoha (746 m), Alfamart A Yani 419 (988 m), Masjid Al Jihad (748 m), Bank BJB Weekend Banking (554 m), Universitas Padjadjaran Kampus Dipatiukur (2.4 km), RS Ibu dan Anak Limijati (1.9 km).","3.5 x 3.5 meter, Termasuk listrik","Kasur, Meja, Lemari / Storage, Ventilasi, Jendela, Cermin, Bantal, Kursi, Kipas Angin, Cleaning service","Kloset Duduk, K. Mandi Luar, Shower, Air panas","WiFi, R. Cuci, Kulkas, Mesin Cuci, R. Tamu, Penjaga Kos, R. Jemur, R. Makan, R. Santai, Dispenser","Parkir Mobil, Parkir Motor, Parkir Sepeda",,https://mamikos.com/room/kost-kota-bandung-kost-campur-eksklusif-kost-bengawan-83-tipe-b-bandung-wetan-bandung-2?redirection_source=landing%20area,-6.903179051725495,107.61778204497452
Kost Pelangi Cimenyan Bandung,Campur,Rp950.000,950000,Kecamatan Cimenyan,Cimenyan,"Kost ini berlokasi dekat dengan jalan raya dengan akses masuk mobil, berlokasi dekat dengan Rumah Makan Pondok (3.5 km), Alfamart Bojong Koneng (1.3 km), Christian Church Pasundan Awiligar (1.7 km), Universitas Widyatama (1.5 km), RS Umum Santo Yusup (2.5 km).","3 x 4 meter, Tidak termasuk listrik","Ventilasi, Jendela","K. Mandi Dalam, Kloset Jongkok, Ember mandi","R. Jemur, Dapur, Jemuran, Balcon","Parkir Motor, Parkir Sepeda",,https://mamikos.com/room/kost-kabupaten-bandung-kost-campur-murah-kost-pelangi-cimenyan-bandung?redirection_source=landing%20area,-6.878700606663113,107.66236626778452
Kost Cikajang Raya Tipe A Antapani Bandung,Putri,Rp750.000,750000,Kecamatan Antapani,Antapani,"Kost ini berlokasi dekat dengan jalan raya dengan akses yang hanya bisa dilalui oleh motor/sepeda, berlokasi dekat dengan Warteg Permata (2.3 km), PT. Indomarco Prismatama (2.0 km), Masjid Al-Muhajirin (790 m), Bank Syariah Indonesia KK Bandung RS Al Islam (2.5 km), Universitas Widyatama (3.1 km), RS Ibu dan Anak Grha Bunda (2.2 km).","3 x 4 meter, Termasuk listrik","Kasur, Meja, Lemari / Storage, Bantal, Kursi","Kloset Jongkok, K. Mandi Luar, Ember mandi","WiFi, Penjaga Kos, Pengurus Kos, CCTV, Balcon, K. Mandi Luar","Parkir Motor, Parkir Sepeda, Parkir Motor & Sepeda",,https://mamikos.com/room/kost-kota-bandung-kost-putri-murah-kost-cikajang-raya-tipe-a-antapani-bandung-2?redirection_source=landing%20area,-6.917098720227528,107.66175566076521
Kost Abizar Batununggal Bandung,Campur,Rp1.500.000,1500000,Kecamatan Batununggal,Batununggal,"Kost ini berlokasi dekat dengan jalan raya dengan akses masuk mobil, berlokasi dekat dengan Warteg Bahari (2.4 km), Alfamart A Yani 419 (925 m), Church In Bandung (1.7 km), Citibank Indonesia (2.1 km), Institut Teknologi Nasional Bandung (2.2 km), RS Khusus Mata Cicendo (3.4 km).","3 x 4 meter, Tidak termasuk listrik","Kasur, Meja, Lemari / Storage, Ventilasi, Jendela, Guling, Cermin, Bantal, Wastafel, Kursi","K. Mandi Dalam, Kloset Duduk, Wastafel, Ember mandi, Shower, Air panas","WiFi, R. Cuci, Kulkas, Mesin Cuci, Penjaga Kos, R. Jemur, R. Santai, Dapur, Jemuran, CCTV","Parkir Motor, Parkir Sepeda",,https://mamikos.com/room/kost-kota-bandung-kost-campur-eksklusif-kost-abizar-batununggal-bandung-2?redirection_source=landing%20area,-6.928641804695282,107.63851373745953
Kost Itenas Widyatama Ekuitas 1 Tipe C Cibeunying Kidul Bandung,Putra,Rp650.000,650000,Kecamatan Cibeunying Kidul,Cibeunying Kidul,"Kost ini berlokasi dekat dengan jalan raya dengan akses yang hanya bisa dilalui oleh motor/sepeda, berlokasi dekat dengan Warteg Abadi (3.2 km), Alfamart A Yani 419 (832 m), Masjid Al Barokah (1.6 km), Bank BJB Weekend Banking (1.7 km), Institut Teknologi Nasional Bandung (702 m), RS Ibu dan Anak Al Islam (658 m).","3 x 3 meter, Termasuk listrik","Kasur, Lemari / Storage, Ventilasi","Kloset Jongkok, K. Mandi Luar, Ember mandi","WiFi, Penjaga Kos, R. Jemur, Dapur, Jemuran, Pengurus Kos, CCTV","Parkir Motor, Parkir Sepeda",,https://mamikos.com/room/kost-kota-bandung-kost-putra-murah-kost-itenas-widyatama-ekuitas-1-tipe-c-cibeunying-kidul-bandung?redirection_source=landing%20area,-6.8984338843126585,107.651147002991
Kost Palm Bridge Tipe D Cimenyan Bandung,Putra,Rp950.000,950000,Cimenyan,Cimenyan,"Kost ini berlokasi dekat dengan jalan raya dengan akses masuk mobil, berlokasi dekat dengan Alfamart Bojong Koneng (1.4 km), Christian Church Pasundan Awiligar (860 m), Universitas Padjadjaran Kampus Dipatiukur (1.9 km), Sinar Abadi Balubur Town Square (2.9 km).","3 x 5 meter, Termasuk listrik","Kasur, Meja, Lemari / Storage","Kloset Duduk, K. Mandi Luar",WiFi,,,https://mamikos.com/room/kost-kabupaten-bandung-kost-putra-eksklusif-kost-palm-bridge-tipe-d-cimenyan-bandung-1?redirection_source=landing%20area,-6.878619983555248,107.66400023390814
Kost Ase Maria Tipe A Antapani Bandung,Campur,Rp750.000,750000,Antapani,Antapani,"Kost ini berlokasi dekat dengan jalan raya dengan akses yang hanya bisa dilalui oleh motor/sepeda, berlokasi dekat dengan Warteg Permata (2.3 km), Alfamart Cimuncang 2 (2.5 km), Masjid Al-Muhajirin (805 m), Bank Syariah Indonesia KK Bandung RS Al Islam (2.5 km), Universitas Widyatama (3.1 km), RS Ibu dan Anak Grha Bunda (2.2 km).","3 x 4 meter, Termasuk listrik","Kasur, Meja, Lemari / Storage, Jendela, Bantal","Kloset Duduk, Kloset Jongkok, K. Mandi Luar, Ember mandi, Bak mandi","WiFi, R. Makan, R. Santai, Dispenser, Dapur, Jemuran, K. Mandi Luar",Parkir Motor,,https://mamikos.com/room/kost-kota-bandung-kost-campur-murah-kost-ase-maria-tipe-a-antapani-bandung?redirection_source=landing%20area,-6.916342524643925,107.6612818477714
Kost Casseyo Tipe B Kiaracondong Bandung,Campur,Rp750.000,750000,Kecamatan Kiaracondong,Kiaracondong,"Kost ini berlokasi dekat dengan jalan raya dengan akses yang hanya bisa dilalui oleh motor/sepeda, berlokasi dekat dengan Warteg Permata (683 m), Alfamart A Yani 419 (1.3 km), Masjid Al Barokah (565 m), Sekolah Tinggi Ilmu Kesehatan Dharma Husada (401 m), RS Ibu dan Anak Grha Bunda (521 m).","4 x 5 meter, Tidak termasuk listrik","Ventilasi, Jendela, Dapur Pribadi, Wastafel","K. Mandi Dalam, Kloset Jongkok, Ember mandi","R. Jemur, Jemuran","Parkir Motor, Parkir Sepeda",,https://mamikos.com/room/kost-kota-bandung-kost-campur-murah-kost-casseyo-tipe-b-terusan-jl-jakarta-kecamatan-kiaracondong-bandung?redirection_source=landing%20area,-6.923927347412669,107.6455113221246
Kost Paviliun Surya Bj Kaler Cibeunying Kaler Bandung,Campur,Rp750.000,750000,Kecamatan Cibeunying Kaler,Cibeunying Kaler,"Kost ini berlokasi dekat dengan jalan raya dengan akses yang hanya bisa dilalui oleh motor/sepeda, berlokasi dekat dengan Warteg Aero (1.8 km), Alfamart (2.7 km), Christian Church Pasundan Awiligar (1.2 km), Bank BJB Weekend Banking (2.3 km), Institut Teknologi Bandung (2.2 km), RS Ibu dan Anak Al Islam (2.4 km).","3 x 4 meter, Tidak termasuk listrik",Wastafel,K. Mandi Dalam,"R. Cuci, R. Jemur, R. Makan, Dapur, Jemuran, R. Keluarga","Parkir Mobil, Parkir Motor & Sepeda",,https://mamikos.com/room/kost-kota-bandung-kost-campur-eksklusif-kost-paviliun-surya-bj-kaler-cibeunying-kaler-bandung?redirection_source=landing%20area,-6.884480415464577,107.63004508684519
Kost Harmoni Abadi Kiaracondong Bandung,Campur,Rp700.000,700000,Kecamatan Kiaracondong,Kiaracondong,"Kost ini berlokasi dekat dengan jalan raya dengan akses yang hanya bisa dilalui oleh motor/sepeda, berlokasi dekat dengan Warteg Bahari (2.9 km), Alfamart (3.3 km), Gereja Isa Almasih (1.1 km), Bank BJB Weekend Banking (2.5 km), Universitas Widyatama (2.4 km), RS Ibu dan Anak Grha Bunda (735 m).","3 x 4 meter, Tidak termasuk listrik","Kasur, Lemari / Storage, Jendela, Bantal","K. Mandi Dalam, Kloset Jongkok, Ember mandi",Taman,"Parkir Motor, Parkir Sepeda, Parkir Motor & Sepeda",,https://mamikos.com/room/kost-kota-bandung-kost-campur-murah-kost-harmoni-abadi-kiaracondong-bandung?redirection_source=landing%20area,-6.9267122574865105,107.64727573599858
Kost Elroi Bojong Koneng Atas Cikutra Tipe C Cimenyan Bandung,Putra,Rp1.500.000,1500000,Cimenyan,Cimenyan,"Kost ini berlokasi dekat dengan jalan raya dengan akses yang hanya bisa dilalui oleh motor/sepeda, berlokasi dekat dengan Rumah Makan Pondok (3.0 km), Alfamart Bojong Koneng (838 m), Christian Church Pasundan Awiligar (1.4 km), Bank BJB Weekend Banking (3.4 km), Universitas Widyatama (1.1 km), RS Ibu dan Anak Al Islam (2.5 km).","4 x 4 meter, Tidak termasuk listrik","Kasur, Meja, Lemari / Storage, Ventilasi, Jendela, Guling, Cermin, Bantal, Kursi, Kipas Angin","K. Mandi Dalam, Kloset Duduk, Ember mandi, Shower, Air panas","WiFi, Kulkas, R. Tamu, Penjaga Kos, R. Jemur, R. Makan, R. Santai, Dispenser, Dapur, Jemuran","Parkir Motor, Parkir Motor & Sepeda",,https://mamikos.com/room/kost-kabupaten-bandung-kost-putra-eksklusif-kost-elroi-bojong-koneng-atas-cikutra-tipe-c-cimenyan-bandung-2?redirection_source=landing%20area,-6.87911871393715,107.66445857889087
Kost Patma Tipe F Cibeunying Kaler Bandung,Putri,Rp650.000,650000,Kecamatan Cibeunying Kaler,Cibeunying Kaler,"Kost ini berlokasi dekat dengan jalan raya dengan akses yang hanya bisa dilalui oleh motor/sepeda, berlokasi dekat dengan Warteg Aero (2.1 km), Alfamart (2.9 km), Christian Church Pasundan Awiligar (1.8 km), Bank BJB Weekend Banking (1.7 km), Institut Teknologi Nasional Bandung (782 m), RS Ibu dan Anak Al Islam (1.9 km).","2.7 x 3.5 meter, Tidak termasuk listrik","Kasur, Lemari / Storage, Jendela, Bantal","Kloset Jongkok, K. Mandi Luar, Ember mandi","WiFi, Kulkas, R. Jemur, Dapur, Jemuran, Pengurus Kos",Parkir Motor & Sepeda,,https://mamikos.com/room/kost-kota-bandung-kost-putri-murah-kost-patma-tipe-f-cibeunying-kaler-bandung-2?redirection_source=landing%20area,-6.887483961994454,107.62835864283817
Kost Shan House Cimenyan Bandung,Campur,Rp1.050.000,1050000,Cimenyan,Cimenyan,"Kost ini berlokasi dekat dengan jalan raya dengan akses yang hanya bisa dilalui oleh motor/sepeda, berlokasi dekat dengan Alfamart Bojong Koneng (1.0 km), Christian Church Pasundan Awiligar (2.1 km), Sekolah Tinggi Ilmu Komunikasi Bandung (647 m).","3 x 3 meter, Tidak termasuk listrik","Kasur, Meja, Lemari / Storage, Ventilasi, Jendela, Guling, Cermin, Bantal, Wastafel, Kursi","K. Mandi Dalam, Kloset Jongkok, Wastafel, Shower","WiFi, R. Tamu, Penjaga Kos, R. Jemur, Dapur, CCTV","Parkir Motor, Parkir Sepeda",,https://mamikos.com/room/kost-kost-campur-eksklusif-kost-shan-house-cimenyan-bandung-1?redirection_source=landing%20area,-6.878245005352571,107.66282106850926
Kost Pak Resmana Cibeunying Kidul Bandung,Putri,Rp750.000,750000,Kecamatan Cibeunying Kidul,Cibeunying Kidul,"Kost ini berlokasi dekat dengan jalan raya dengan akses yang hanya bisa dilalui oleh motor/sepeda, berlokasi dekat dengan Warteg Cintaasih (2.9 km), Alfamart (2.0 km), Masjid Al Barokah (1.7 km), Bank BJB Weekend Banking (2.5 km), Universitas Widyatama (141 m), RS Ibu dan Anak Al Islam (1.4 km).","3.5 x 2 meter, Termasuk listrik","Kasur, Lemari / Storage","K. Mandi Dalam, Kloset Jongkok, Ember mandi","WiFi, Penjaga Kos, R. Jemur, Dispenser, Dapur, Jemuran, Pengurus Kos, Jual Makanan, Rooftop, Gazebo",,,https://mamikos.com/room/kost-kota-bandung-kost-putri-murah-kos-pak-resmana-cibeunying-kidul-bandung-2?redirection_source=landing%20area,-6.89989881073148,107.64850051004794
Kost No 73 Tipe A Cibeunying Kaler Bandung,Putra,Rp1.000.000,1000000,Cibeunying Kaler,Cibeunying Kaler,"Kost ini berlokasi dekat dengan jalan raya dengan akses yang hanya bisa dilalui oleh motor/sepeda, berlokasi dekat dengan Rumah Makan Boemi Mitoha (786 m), Alfamart A Yani 419 (1.3 km), Masjid Pusdai (725 m), Institut Teknologi Nasional Bandung (612 m), Sinar Abadi Balubur Town Square (2.5 km).","3 x 3 meter, Tidak termasuk listrik","Kasur, Meja, Lemari / Storage, Kursi","Kloset Duduk, K. Mandi Luar, Ember mandi, Bak mandi","WiFi, Laundry, R. Jemur, R. Santai, Dapur","Parkir Mobil, Parkir Motor, Parkir Sepeda",,https://mamikos.com/room/kost-kota-bandung-kost-putra-eksklusif-kost-no-73-tipe-a-cibeunying-kaler-bandung?redirection_source=landing%20area,-6.887562555911792,107.62850731808379
Kost Keys Co Living Deluxe Balcony Cibeunying Kidul Bandung,Campur,Rp2.500.000,2500000,Cibeunying Kidul,Cibeunying Kidul,"Kost ini berlokasi dekat dengan jalan raya dengan akses masuk mobil, berlokasi dekat dengan Warteg Cintaasih (2.4 km), Alfamart (2.0 km), Masjid Al Barokah (1.5 km), Bank BJB Weekend Banking (2.1 km), Universitas Widyatama (571 m), RS Ibu dan Anak Al Islam (891 m).","3 x 4 meter, Tidak termasuk listrik","AC, Kasur, Meja, Lemari / Storage, microwave, Jendela, Guling, Cermin, Bantal, Kursi","K. Mandi Dalam, Kloset Duduk, Shower, Air panas","WiFi, R. Cuci, Kulkas, Mesin Cuci, Penjaga Kos, R. Jemur, R. Makan, Mushola, Dispenser, Dapur","Parkir Mobil, Parkir Motor",,https://mamikos.com/room/kost-kota-bandung-kost-campur-eksklusif-kost-keys-co-living-deluxe-balcony-cibeunying-kidul-bandung-2?redirection_source=landing%20area,-6.897660022966349,107.65061279835768
Kost Ibu Ria Bekatonik Cibeunying Kidul Bandung,Putri,Rp600.000,600000,Cibeunying Kidul,Cibeunying Kidul,"Kost ini berlokasi dekat dengan jalan raya dengan akses yang hanya bisa dilalui oleh motor/sepeda, berlokasi dekat dengan Alfamart Bojong Koneng (739 m), Christian Church Pasundan Awiligar (2.3 km), Universitas Padjadjaran Kampus Dipatiukur (2.8 km), Sinar Abadi Balubur Town Square (3.5 km).","3 x 4 meter, Termasuk listrik","Kasur, Meja, Lemari / Storage, Kursi","Kloset Jongkok, K. Mandi Luar, Ember mandi, Air panas, Bak mandi","WiFi, R. Cuci, R. Tamu, Penjaga Kos, R. Jemur, R. Santai, Dapur, Balcon, R. Keluarga, K. Mandi Luar","Parkir Motor, Parkir Sepeda",,https://mamikos.com/room/kost-kota-bandung-kost-putri-murah-kost-ibu-ria-bekatonik-cibeunying-kidul-bandung?redirection_source=landing%20area,-6.897108359003718,107.650574100413
Kost Cahaya Nodibel Mandalajati Bandung,Campur,Rp1.300.000,1300000,Kecamatan Mandalajati,Mandalajati,"Kost ini berlokasi dekat dengan jalan raya dengan akses yang hanya bisa dilalui oleh motor/sepeda, berlokasi dekat dengan Christian Church Pasundan Awiligar (3.5 km), RS Umum Hermina Arcamanik (893 m).","9 x 3 meter, Tidak termasuk listrik",Jendela,"K. Mandi Dalam, Kloset Duduk","Jemuran, Pengurus Kos, Balcon",Parkir Motor,,https://mamikos.com/room/kost-kota-bandung-kost-campur-eksklusif-kost-cahaya-nodibel-mandalajati-bandung-2?redirection_source=landing%20area,-6.895566161122721,107.67247577732891
Kost Divara Luxury Kamar Utama Cibeunying Kaler Bandung,Campur,Rp1.600.000,1600000,Kecamatan Cibeunying Kaler,Cibeunying Kaler,"Kost ini berlokasi dekat dengan jalan raya dengan akses masuk mobil, berlokasi dekat dengan Warteg Aero (2.2 km), Alfamart (2.9 km), Christian Church Pasundan Awiligar (1.2 km), Bank BJB Weekend Banking (2.3 km), Institut Teknologi Nasional Bandung (872 m), RS Ibu dan Anak Al Islam (2.2 km).","3 x 3 meter, Tidak termasuk listrik","AC, Kasur, Meja, TV, Lemari / Storage, Ventilasi, Jendela, Bantal, Kursi","K. Mandi Dalam, Kloset Duduk, Shower, Air panas","WiFi, Kulkas, Laundry, Penjaga Kos, R. Jemur, R. Santai, Dapur, Jemuran, CCTV, Kartu Akses","Parkir Motor, Parkir Motor & Sepeda",,https://mamikos.com/room/kost-kota-bandung-kost-campur-eksklusif-kost-divara-luxury-kamar-utama-cibeunying-kaler-bandung-2?redirection_source=landing%20area,-6.886401694588339,107.62937208363708
Kost Bjk 04 Tipe A Cibeunying Kaler Bandung,Putra,Rp600.000,600000,Kecamatan Cibeunying Kaler,Cibeunying Kaler,"Kost ini berlokasi dekat dengan jalan raya dengan akses yang hanya bisa dilalui oleh motor/sepeda, berlokasi dekat dengan Warteg Aero (2.0 km), Alfamart Bojong Koneng (1.5 km), Christian Church Pasundan Awiligar (1.3 km), Bank BJB Weekend Banking (2.2 km), Institut Teknologi Bandung (2.3 km), RS Ibu dan Anak Al Islam (2.2 km).","3 x 3 meter, Termasuk listrik","Kasur, Meja, Lemari / Storage, Jendela, Cermin, Kursi","Kloset Jongkok, K. Mandi Luar, Ember mandi, Bak mandi","WiFi, Kulkas, R. Tamu, Dapur, CCTV, K. Mandi Luar",Parkir Motor & Sepeda,,https://mamikos.com/room/kost-kota-bandung-kost-putra-murah-kost-bjk-04-tipe-a-cibeunying-kaler-bandung-2?redirection_source=landing%20area,-6.884792450139132,107.62780809190777
Kost Sidomukti 30 Tipe A Cibeunying Kaler Bandung,Putra,Rp925.000,925000,Kecamatan Cibeunying Kaler,Cibeunying Kaler,"Kost ini berlokasi dekat dengan jalan raya dengan akses yang hanya bisa dilalui oleh motor/sepeda, berlokasi dekat dengan Warteg Aero (2.0 km), Alfamart (2.9 km), Christian Church Pasundan Awiligar (1.7 km), Bank BJB Weekend Banking (1.8 km), Institut Teknologi Bandung (2.1 km), RS Ibu dan Anak Al Islam (1.9 km).","3 x 3 meter, Termasuk listrik","Kasur, Meja, Lemari / Storage, Jendela, Bantal, Kursi","Kloset Duduk, Kloset Jongkok, K. Mandi Luar, Wastafel, Shower, Air panas, Bak mandi","WiFi, R. Cuci, Kulkas, Mesin Cuci, R. Tamu, R. Jemur, Jemuran, R. Keluarga, K. Mandi Luar","Parkir Mobil, Parkir Motor, Parkir Sepeda, Parkir Motor & Sepeda",,https://mamikos.com/room/kost-kota-bandung-kost-putra-murah-kost-sidomukti-30-tipe-a-cibeunying-kaler-bandung-2?redirection_source=landing%20area,-6.886298869155638,107.62849657733163
Kost Evelyn Home 1 Cibeunying Kidul Bandung,Putri,Rp800.000,800000,Cibeunying Kidul,Cibeunying Kidul,"Kost ini berlokasi dekat dengan jalan raya dengan akses yang hanya bisa dilalui oleh motor/sepeda, berlokasi dekat dengan Alfamart Bojong Koneng (351 m), Christian Church Pasundan Awiligar (2.0 km), Universitas Widyatama (180 m).","3 x 4 meter, Termasuk listrik","Kasur, Lemari / Storage, Cermin","K. Mandi Dalam, Kloset Jongkok, Ember mandi","WiFi, R. Jemur, Dapur",,,https://mamikos.com/room/kost-bandung-kost-putri-eksklusif-kost-evelyn-home-1-cibeunying-kidul-bandung-1?redirection_source=landing%20area,-6.897516070675631,107.6481867966597
Kost Shelvi Home Tipe 1 Cibeunying Kidul Bandung,Putri,Rp1.350.000,1350000,Cibeunying Kidul,Cibeunying Kidul,"Kost ini berlokasi dekat dengan jalan raya dengan akses yang hanya bisa dilalui oleh motor/sepeda, berlokasi dekat dengan Alfamart Bojong Koneng (245 m), Christian Church Pasundan Awiligar (1.9 km), Universitas Widyatama (210 m).","3 x 5 meter, Termasuk listrik","Kasur, Lemari / Storage","K. Mandi Dalam, Kloset Duduk, Ember mandi, Shower","WiFi, R. Jemur, R. Makan, Dapur",Parkir Motor,,https://mamikos.com/room/kost-kota-bandung-kost-putri-eksklusif-kost-shelvi-home-tipe-1-cibeunying-kidul-bandung?redirection_source=landing%20area,-6.8966749833792855,107.64986630661406
Kost Anyer Batununggal Bandung,Putri,Rp750.000,750000,Kecamatan Batununggal,Batununggal,"Kost ini berlokasi dekat dengan jalan raya dengan akses yang hanya bisa dilalui oleh motor/sepeda, berlokasi dekat dengan Warteg Bahari (2.6 km), Alfamart A Yani 419 (809 m), Church In Bandung (2.1 km), Citibank Indonesia (2.5 km), Institut Teknologi Nasional Bandung (2.2 km), RS Umum Santo Yusup (1.4 km).","3 x 3 meter, Termasuk listrik","Kasur, Guling, Bantal","Kloset Duduk, K. Mandi Luar, Bak mandi","WiFi, R. Jemur, Dispenser, Dapur, Jemuran, K. Mandi Luar","Parkir Mobil, Parkir Motor, Parkir Sepeda",,https://mamikos.com/room/kost-kota-bandung-kost-putri-murah-kost-anyer-batununggal-bandung?redirection_source=landing%20area,-6.926322067927246,107.6417843484813
Kost Wisma Amanah Cibeunying kidul Bandung,Campur,Rp1.900.000,1900000,Cibeunying Kidul,Cibeunying Kidul,"Kost ini berlokasi dekat dengan jalan raya dengan akses jalan raya, berlokasi dekat dengan Alfamart Cimuncang 2 (698 m), Christian Church Pasundan Awiligar (2.5 km), Universitas Widyatama (509 m).","3 x 5 meter, Termasuk listrik","AC, Kasur, Dispenser, Meja, TV, Meja Rias, Lemari / Storage, Kursi","K. Mandi Dalam, Kloset Duduk, Wastafel, Shower, Air panas","WiFi, Laundry, R. Tamu, Penjaga Kos, R. Makan, R. Santai, Dispenser, Dapur, R. Keluarga, Taman","Parkir Mobil, Parkir Motor, Parkir Sepeda",,https://mamikos.com/room/kost-bandung-kost-campur-eksklusif-kost-wisma-amanah-cibeunying-kidul-bandung-1?redirection_source=landing%20area,-6.897157476189053,107.649216241447
Kost Sidomukti Tipe A Cibeunying Kaler Bandung,Putri,Rp850.000,850000,Cibeunying Kaler,Cibeunying Kaler,"Kost ini berlokasi dekat dengan jalan raya dengan akses yang hanya bisa dilalui oleh motor/sepeda, berlokasi dekat dengan Alfamart Bojong Koneng (1.5 km), Masjid MUI Kota Bandung (601 m), Institut Teknologi Nasional Bandung (801 m), Sinar Abadi Balubur Town Square (2.4 km).","3 x 3 meter, Termasuk listrik","Kasur, Meja, Lemari / Storage, Jendela, Bantal, Kursi","Kloset Duduk, Kloset Jongkok, K. Mandi Luar, Bak mandi","WiFi, R. Cuci, R. Tamu, R. Jemur, Dapur, K. Mandi Luar","Parkir Mobil, Parkir Motor, Parkir Sepeda, Parkir Motor & Sepeda",,https://mamikos.com/room/kost-kota-bandung-kost-putri-murah-kost-sidomukti-tipe-a-cibeunying-kaler-bandung-2?redirection_source=landing%20area,-6.888309916840726,107.63030540234466
Kost Evelyn Home Tipe 3 Cibeunying Kidul Bandung,Putri,Rp500.000,500000,Cibeunying Kidul,Cibeunying Kidul,"Kost ini berlokasi dekat dengan jalan raya dengan akses yang hanya bisa dilalui oleh motor/sepeda, berlokasi dekat dengan Alfamart Bojong Koneng (351 m), Christian Church Pasundan Awiligar (2.0 km), Universitas Widyatama (180 m).","3 x 3 meter, Termasuk listrik","Kasur, Lemari / Storage, Cermin","Kloset Jongkok, K. Mandi Luar, Ember mandi","WiFi, R. Jemur, Dapur, K. Mandi Luar",,,https://mamikos.com/room/kost-kota-bandung-kost-putri-murah-kost-evelyn-home-tipe-3-cibeunying-kidul-bandung?redirection_source=landing%20area,-6.899073760324191,107.65112202943317
Kost Widyatama Tipe Vip Cibeunying Kidul Bandung,Putri,Rp750.000,750000,Cibeunying Kidul,Cibeunying Kidul,"Kost ini berlokasi dekat dengan jalan raya dengan akses masuk mobil, berlokasi dekat dengan Warteg Abadi (3.1 km), Alfamart (1.7 km), Masjid Al Barokah (1.7 km), Bank BJB Weekend Banking (1.7 km), Institut Teknologi Nasional Bandung (549 m), RS Ibu dan Anak Al Islam (768 m).","3 x 4 meter, Termasuk listrik","Kasur, Meja, Lemari / Storage, Ventilasi, Jendela, Bantal","Kloset Duduk, Kloset Jongkok, K. Mandi Luar, Ember mandi, Bak mandi","Kulkas, Penjaga Kos, R. Jemur, R. Makan, R. Santai, Dapur, Jemuran, Balcon, Taman, K. Mandi Luar","Parkir Motor, Parkir Sepeda, Parkir Motor & Sepeda",,https://mamikos.com/room/kost-kota-bandung-kost-putri-murah-kost-widyatama-tipe-vip-cibeunying-kidul-bandung?redirection_source=landing%20area,-6.899618637892756,107.6515854533523
Kost Elroi Bojong Koneng Atas Cikutra Tipe A2 Cimenyan Bandung,Putra,Rp1.600.000,1600000,Cimenyan,Cimenyan,"Kost ini berlokasi dekat dengan jalan raya dengan akses yang hanya bisa dilalui oleh motor/sepeda, berlokasi dekat dengan Rumah Makan Pondok (3.0 km), Alfamart (2.3 km), Christian Church Pasundan Awiligar (1.4 km), Bank BJB Weekend Banking (3.4 km), Universitas Widyatama (1.1 km), RS Ibu dan Anak Al Islam (2.5 km).","3 x 4 meter, Tidak termasuk listrik","AC, Kasur, Meja, Lemari / Storage, Ventilasi, Jendela, Guling, Cermin, Bantal, Kursi","K. Mandi Dalam, Kloset Duduk, Ember mandi, Shower, Air panas","WiFi, Kulkas, R. Tamu, Penjaga Kos, R. Jemur, R. Makan, R. Santai, Dispenser, Dapur, Jemuran","Parkir Motor, Parkir Motor & Sepeda",,https://mamikos.com/room/kost-kabupaten-bandung-kost-putra-eksklusif-kost-elroi-bojong-koneng-atas-cikutra-tipe-a2-cimenyan-bandung-2?redirection_source=landing%20area,-6.881198923372047,107.66531513967634
Kost Patma Tipe C Cibeunying Kaler Bandung,Putri,Rp1.080.000,1080000,Kecamatan Cibeunying Kaler,Cibeunying Kaler,"Kost ini berlokasi dekat dengan jalan raya dengan akses yang hanya bisa dilalui oleh motor/sepeda, berlokasi dekat dengan Warteg Aero (2.1 km), Alfamart (2.9 km), Christian Church Pasundan Awiligar (1.8 km), Bank BJB Weekend Banking (1.7 km), Institut Teknologi Nasional Bandung (782 m), RS Ibu dan Anak Al Islam (1.9 km).","2.5 x 3 meter, Tidak termasuk listrik","Kasur, Meja, Lemari / Storage, Cermin, Bantal",K. Mandi Dalam,"Kulkas, R. Tamu, Dapur, Pengurus Kos",Parkir Motor & Sepeda,,https://mamikos.com/room/kost-kota-bandung-kost-putri-eksklusif-kost-patma-tipe-c-cibeunying-kaler-bandung-2?redirection_source=landing%20area,-6.885609332384196,107.62823306649747
Kost Rezky Ahmad Yani Kiaracondong Bandung,Campur,Rp850.000,850000,Kiaracondong,Kiaracondong,"Kost ini berlokasi dekat dengan jalan raya dengan akses yang hanya bisa dilalui oleh motor/sepeda, berlokasi dekat dengan Rumah Makan Amanah (2.8 km), Alfamart Cimuncang 2 (524 m), Masjid Al Barokah (836 m), Akademi Pariwisata BSI Bandung (887 m).","3 x 4 meter, Termasuk listrik","Kasur, Lemari / Storage, Jendela","K. Mandi Dalam, Kloset Duduk, Kloset Jongkok, Ember mandi, Shower","WiFi, R. Cuci, R. Tamu, R. Jemur, Dapur, Jemuran, CCTV",Parkir Motor,,https://mamikos.com/room/kost-kota-bandung-kost-campur-murah-kost-rezky-ahmad-yani-kiaracondong-bandung-2?redirection_source=landing%20area,-6.924898838524563,107.64761315749456
Kost Irma Dan Nia Cimenyan Bandung,Putra,Rp600.000,600000,Kecamatan Cimenyan,Cimenyan,"Kost ini berlokasi dekat dengan jalan raya dengan akses yang hanya bisa dilalui oleh motor/sepeda, berlokasi dekat dengan Warteg Gaul (2.4 km), Alfamart (1.4 km), Christian Church Pasundan Awiligar (412 m), Bank Mandiri Bandung Priority Banking Soerapatti (2.8 km), Institut Teknologi Nasional Bandung (1.5 km), RS Khusus Ginjal NY R.A. Habibie (1.9 km).","4 x 5 meter, Termasuk listrik","Kasur, Lemari / Storage","K. Mandi Dalam, Kloset Jongkok, K. Mandi Luar, Ember mandi","WiFi, Dapur, Pengurus Kos, Jual Makanan, Rooftop, Balcon",Parkir Motor & Sepeda,,https://mamikos.com/room/kost-kabupaten-bandung-kost-putra-murah-kost-irma-dan-nia-cimenyan-bandung?redirection_source=landing%20area,-6.879856927531077,107.66472375296416
Kost Cikampek Antapani Bandung,Putri,Rp900.000,900000,Antapani,Antapani,"Kost ini berlokasi dekat dengan jalan raya dengan akses yang hanya bisa dilalui oleh motor/sepeda, berlokasi dekat dengan Alfamart Cimuncang 2 (1.7 km), Masjid Al Barokah (631 m), Sekolah Tinggi Ilmu Kesehatan Dharma Husada (559 m).","3 x 3 meter, Termasuk listrik","Kasur, Meja, Lemari / Storage, Ventilasi, Kursi, Kipas Angin","Kloset Duduk, K. Mandi Luar, Shower","WiFi, Kulkas, R. Tamu, R. Jemur, R. Makan, Dapur, Jemuran, Pengurus Kos, Balcon, K. Mandi Luar","Parkir Motor, Parkir Sepeda",,https://mamikos.com/room/kost-kota-bandung-kost-putri-murah-kost-cikampek-antapani-bandung-2?redirection_source=landing%20area,-6.916315999852696,107.66013996009806
Kost Pinta Pahlawan Cibeunying Kidul Bandung,Putri,Rp600.000,600000,Kecamatan Cibeunying Kidul,Cibeunying Kidul,"Kost ini berlokasi dekat dengan jalan raya dengan akses yang hanya bisa dilalui oleh motor/sepeda, berlokasi dekat dengan Warteg Cintaasih (2.4 km), Alfamart (1.1 km), Christian Church Pasundan Awiligar (2.0 km), Bank BJB Weekend Banking (1.6 km), Institut Teknologi Nasional Bandung (175 m), RS Ibu dan Anak Al Islam (1.3 km).","3 x 4 meter, Termasuk listrik","Kasur, Lemari / Storage, Ventilasi","Kloset Jongkok, K. Mandi Luar, Ember mandi, Bak mandi","WiFi, Jemuran, CCTV, Balcon, K. Mandi Luar",,,https://mamikos.com/room/kost-kota-bandung-kost-putri-murah-kost-pinta-pahlawan-cibeunying-kidul-bandung-2?redirection_source=landing%20area,-6.900349243473591,107.65123815505584
Kost Bidan Maria 1 Antapani Bandung,Putri,Rp1.000.000,1000000,Antapani,Antapani,"Kost ini berlokasi dekat dengan jalan raya dengan akses yang hanya bisa dilalui oleh motor/sepeda, berlokasi dekat dengan Alfamart Cimuncang 2 (1.6 km), Masjid Al Barokah (454 m), Sekolah Tinggi Ilmu Kesehatan Dharma Husada (385 m), RS Ibu dan Anak Grha Bunda (931 m).","3 x 4 meter, Tidak termasuk listrik","Kasur, Meja, Lemari / Storage, Ventilasi, Jendela, Bantal","K. Mandi Dalam, Kloset Jongkok, Ember mandi","WiFi, Kulkas, R. Tamu, Penjaga Kos, R. Jemur, Dapur, Jemuran, Pengurus Kos, CCTV, K. Mandi Luar","Parkir Motor, Parkir Sepeda",,https://mamikos.com/room/kost-kota-bandung-kost-putri-eksklusif-kost-bidan-maria-1-antapani-bandung?redirection_source=landing%20area,-6.916664179275784,107.66087928822986
Kost Vgh II Vvip Antapani Bandung,Campur,Rp1.090.000,1090000,Antapani,Antapani,"Kost ini berlokasi dekat dengan jalan raya dengan akses yang hanya bisa dilalui oleh motor/sepeda, berlokasi dekat dengan Warteg Cintaasih (2.7 km), PT. Indomarco Prismatama (1.4 km), Masjid Al Barokah (632 m), Bank Mandiri Bandung MTC (3.0 km), Universitas Widyatama (2.2 km), RS Ibu dan Anak Grha Bunda (1.1 km).","3 x 4 meter, Tidak termasuk listrik","Kasur, Meja, Lemari / Storage, Guling, Bantal","K. Mandi Dalam, Kloset Duduk, Shower","WiFi, Kulkas, Penjaga Kos, Dapur, Jemuran, CCTV, Kartu Akses","Parkir Mobil, Parkir Motor",,https://mamikos.com/room/kost-kota-bandung-kost-campur-eksklusif-kost-vgh-ii-vvip-antapani-bandung-2?redirection_source=landing%20area,-6.916508488908775,107.66093186697813
Kost Tutu Cibeunying Kidul Bandung,Putri,Rp1.000.000,1000000,Cibeunying Kidul,Cibeunying Kidul,"Kost ini berlokasi dekat dengan jalan raya dengan akses yang hanya bisa dilalui oleh motor/sepeda, berlokasi dekat dengan Alfamart Bojong Koneng (30 m), Christian Church Pasundan Awiligar (1.7 km), Universitas Widyatama (406 m).","3 x 4 meter, Tidak termasuk listrik","Kasur, Lemari / Storage, Ventilasi, Jendela","K. Mandi Dalam, Kloset Jongkok, Shower","WiFi, R. Santai, Dapur, TV",Parkir Motor,,https://mamikos.com/room/kost-kota-bandung-kost-putri-eksklusif-kost-tutu-cibeunying-kidul-bandung?redirection_source=landing%20area,-6.899362719438494,107.65196878321733
Kost Berry Budi Tipe A Cibeunying Kidul Bandung,Campur,Rp650.000,650000,Kecamatan Cibeunying Kidul,Cibeunying Kidul,"Kost ini berlokasi dekat dengan jalan raya dengan akses yang hanya bisa dilalui oleh motor/sepeda, berlokasi dekat dengan Warteg Cintaasih (2.4 km), Alfamart (1.8 km), Masjid Al Barokah (1.7 km), Bank BJB Weekend Banking (2.0 km), Institut Teknologi Nasional Bandung (569 m), RS Ibu dan Anak Al Islam (980 m).","3 x 3 meter, Termasuk listrik","Kasur, Meja, Lemari / Storage","Kloset Duduk, Kloset Jongkok, K. Mandi Luar, Bak mandi","WiFi, Kulkas, R. Jemur, R. Santai, Dapur, CCTV, Kartu Akses, TV, K. Mandi Luar","Parkir Motor, Parkir Sepeda, Parkir Motor & Sepeda",,https://mamikos.com/room/kost-kota-bandung-kost-campur-murah-kost-berry-budi-tipe-a-cibeunying-kidul-bandung?redirection_source=landing%20area,-6.897702908519944,107.64893267819988
Kost Kilsha Sma Yas Cibeunying Kidul Bandung,Putra,Rp900.000,900000,Cibeunying Kidul,Cibeunying Kidul,"Kost ini berlokasi dekat dengan jalan raya dengan akses yang hanya bisa dilalui oleh motor/sepeda, berlokasi dekat dengan Alfamart Cimuncang 2 (366 m), Christian Church Pasundan Awiligar (2.5 km), Universitas Widyatama (317 m).","3 x 4 meter, Termasuk listrik","Kasur, Meja, Lemari / Storage, Ventilasi, Jendela, Kursi","K. Mandi Dalam, Kloset Duduk, Kloset Jongkok, Ember mandi, Shower","WiFi, R. Cuci, Laundry, R. Tamu, R. Jemur, R. Makan, R. Santai, Dapur, Jual Makanan, Balcon","Parkir Motor, Parkir Sepeda",,https://mamikos.com/room/kost-bandung-kost-putra-murah-kost-kilsha-sma-yas-cibeunying-kidul-bandung?redirection_source=landing%20area,-6.8978149868190295,107.65126118027261
Kost Ibu Restu A Tipe Standart Cibeunying Kidul Bandung,Putra,Rp800.000,800000,Kecamatan Cibeunying Kidul,Cibeunying Kidul,"Kost ini berlokasi dekat dengan jalan raya dengan akses yang hanya bisa dilalui oleh motor/sepeda, berlokasi dekat dengan Warteg Cintaasih (2.2 km), Alfamart A Yani 419 (824 m), Masjid Al Barokah (1.2 km), Bank BJB Weekend Banking (2.1 km), Universitas Widyatama (780 m), RS Khusus Gigi dan Mulut UNPAD (3.0 km).","3 x 4 meter, Termasuk listrik","Kasur, Ventilasi, Jendela, Cermin, Bantal","K. Mandi Dalam, Kloset Jongkok, Ember mandi","WiFi, Jemuran, Pengurus Kos, Jual Makanan, Balcon, Joglo","Parkir Motor, Parkir Sepeda",,https://mamikos.com/room/kost-kota-bandung-kost-putra-murah-kost-ibu-restu-a-tipe-standart-cibeunying-kidul-bandung?redirection_source=landing%20area,-6.897360476489718,107.65053821713408
Kost Moluska By Ibu Susi Tipe A Cibeunying Kidul Bandung,Putri,Rp600.000,600000,Cibeunying Kidul,Cibeunying Kidul,"Kost ini berlokasi dekat dengan jalan raya dengan akses yang hanya bisa dilalui oleh motor/sepeda, berlokasi dekat dengan Warteg Aero (2.8 km), Alfamart (1.2 km), Christian Church Pasundan Awiligar (1.4 km), Bank BJB Weekend Banking (2.4 km), Institut Teknologi Nasional Bandung (594 m), RS Ibu dan Anak Al Islam (1.8 km).","3 x 2 meter, Termasuk listrik","Kasur, Bantal","Kloset Jongkok, Shower","WiFi, R. Cuci, R. Tamu, R. Jemur, R. Makan, R. Santai, Dispenser, Dapur, Jemuran, Rice Cooker",,,https://mamikos.com/room/kost-kota-bandung-kost-putri-murah-kost-moluska-by-ibu-susi-tipe-a-cibeunying-kidul-bandung?redirection_source=landing%20area,-6.900245637821999,107.64987808446728
Kost Mamah Sigit 1 Cibeunying Kidul Bandung,Campur,Rp750.000,750000,Kecamatan Cibeunying Kidul,Cibeunying Kidul,"Kost ini berlokasi dekat dengan jalan raya dengan akses yang hanya bisa dilalui oleh motor/sepeda, berlokasi dekat dengan Alfamart Cimuncang 2 (506 m), Christian Church Pasundan Awiligar (2.4 km), Universitas Padjadjaran Kampus Dipatiukur (3.2 km).","3 x 3 meter, Termasuk listrik","Kasur, Meja, Lemari / Storage, Jendela, Guling, Bantal","K. Mandi Dalam, Kloset Jongkok, Ember mandi, Shower","WiFi, Penjaga Kos, R. Jemur, Jemuran, Pengurus Kos","Parkir Motor, Parkir Sepeda",,https://mamikos.com/room/kost-kota-bandung-kost-campur-murah-kost-mamah-sigit-1-cibeunying-kidul-bandung?redirection_source=landing%20area,-6.896516361674116,107.65032812816497
Kost Elroi Bojong Koneng Atas Cikutra Tipe B Cimenyan Bandung,Putra,Rp1.600.000,1600000,Cimenyan,Cimenyan,"Kost ini berlokasi dekat dengan jalan raya dengan akses yang hanya bisa dilalui oleh motor/sepeda, berlokasi dekat dengan Rumah Makan Pondok (3.0 km), Alfamart Bojong Koneng (838 m), Christian Church Pasundan Awiligar (1.4 km), Bank BJB Weekend Banking (3.4 km), Universitas Widyatama (1.1 km), RS Ibu dan Anak Al Islam (2.5 km).","3 x 4 meter, Tidak termasuk listrik","AC, Kasur, Meja, Lemari / Storage, Ventilasi, Jendela, Guling, Cermin, Bantal, Kursi","K. Mandi Dalam, Kloset Duduk, Ember mandi, Shower, Air panas","WiFi, Kulkas, R. Tamu, Penjaga Kos, R. Jemur, R. Makan, R. Santai, Dispenser, Dapur, Jemuran","Parkir Motor, Parkir Motor & Sepeda",,https://mamikos.com/room/kost-kabupaten-bandung-kost-putra-eksklusif-kost-elroi-bojong-koneng-atas-cikutra-tipe-b-cimenyan-bandung?redirection_source=landing%20area,-6.8787088141169415,107.6650115135461
Kost Ibu Alit Kiaracondong Bandung,Campur,Rp715.000,715000,Kiaracondong,Kiaracondong,"Kost ini berlokasi dekat dengan jalan raya dengan akses yang hanya bisa dilalui oleh motor/sepeda, berlokasi dekat dengan Warteg Permata (728 m), Alfamart A Yani 419 (1.6 km), Masjid Al Barokah (883 m), Sekolah Tinggi Ilmu Kesehatan Dharma Husada (721 m), RS Ibu dan Anak Grha Bunda (847 m).","7 x 3 meter, Termasuk listrik","Kasur, Lemari / Storage, Jendela, Wastafel","K. Mandi Dalam, Kloset Jongkok, Wastafel, Ember mandi","Dapur, Jemuran",Parkir Motor,,https://mamikos.com/room/kost-bandung-kost-campur-murah-kost-ibu-alit-kiaracondong-bandung-1?redirection_source=landing%20area,-6.925670294619507,107.64622307950943
Kost Anggrek Barokah Bandung Wetan Bandung,Campur,Rp1.700.000,1700000,Kecamatan Bandung Wetan,Bandung Wetan,"Kost ini berlokasi dekat dengan jalan raya dengan akses yang hanya bisa dilalui oleh motor/sepeda, berlokasi dekat dengan Warteg Abadi (2.3 km), Alfamart A Yani 419 (971 m), Masjid Al Kautsar (1.5 km), Citibank Indonesia (2.0 km), Universitas Padjadjaran Kampus Dipatiukur (2.4 km), RS Umum Bungsu (2.1 km).","3 x 4 meter, Termasuk listrik","Kasur, Dispenser, Meja, TV, Lemari / Storage, Ventilasi, Jendela, Guling, Cermin, Bantal","K. Mandi Dalam, Kloset Duduk, Shower, Air panas","WiFi, R. Cuci, Kulkas, Penjaga Kos, R. Jemur, Dispenser, Dapur, Jemuran, Pengurus Kos, CCTV","Parkir Mobil, Parkir Motor, Parkir Sepeda",,https://mamikos.com/room/kost-kota-bandung-kost-campur-eksklusif-kost-anggrek-barokah-bandung-wetan-bandung?redirection_source=landing%20area,-6.90614676552724,107.61824326451868
Kost Pondok Audit Tipe A Cimenyan Bandung,Putri,Rp975.000,975000,Cimenyan,Cimenyan,"Kost ini berlokasi dekat dengan jalan raya dengan akses yang hanya bisa dilalui oleh motor/sepeda, berlokasi dekat dengan Alfamart Cimuncang 2 (1.1 km), Christian Church Pasundan Awiligar (2.1 km), Sekolah Tinggi Ilmu Komunikasi Bandung (721 m).","3 x 3 meter, Termasuk listrik","Kasur, Meja, Lemari / Storage, Ventilasi, Jendela, Guling, Cermin, Bantal, Kursi","Kloset Duduk, K. Mandi Luar, Ember mandi, Shower, Air panas","WiFi, R. Cuci, Kulkas, Mesin Cuci, R. Tamu, Penjaga Kos, R. Jemur, R. Santai, Dispenser, Dapur","Parkir Motor, Parkir Sepeda",,https://mamikos.com/room/kost-kabupaten-bandung-kost-putri-eksklusif-kost-pondok-audit-tipe-a-cimenyan-bandung-2?redirection_source=landing%20area,-6.878692012630508,107.66380644928091
Kost Hdci Tipe B Coblong Bandung,Putra,Rp1.000.000,1000000,Kecamatan Coblong,Coblong,"Kost ini berlokasi dekat dengan jalan raya dengan akses yang hanya bisa dilalui oleh motor/sepeda, berlokasi dekat dengan Warteg Gaul (1.6 km), Alfamart Bojong Koneng (1.6 km), Masjid MUI Kota Bandung (464 m), BSI KCP Bandung Dago (1.9 km), Universitas Padjadjaran Kampus Dipatiukur (1.4 km), RS Umum Santo Borromeus (1.8 km).","3 x 4 meter, Tidak termasuk listrik","Kasur, Lemari / Storage, Jendela","K. Mandi Dalam, Kloset Jongkok, Ember mandi","WiFi, Penjaga Kos, Jemuran, Pengurus Kos, Jual Makanan, Kartu Akses, Balcon",Parkir Motor,,https://mamikos.com/room/kost-kota-bandung-kost-putra-eksklusif-kost-hdci-tipe-b-coblong-bandung?redirection_source=landing%20area,-6.881846471960994,107.61377761447147
Kost Sazara Cibeunying Kidul Bandung,Putri,Rp1.000.000,1000000,Cibeunying Kidul,Cibeunying Kidul,"Kost ini berlokasi dekat dengan jalan raya dengan akses yang hanya bisa dilalui oleh motor/sepeda, berlokasi dekat dengan Alfamart Bojong Koneng (944 m), Christian Church Pasundan Awiligar (2.1 km), Institut Teknologi Nasional Bandung (234 m), Sinar Abadi Balubur Town Square (3.0 km).","3 x 4 meter, Termasuk listrik","Kasur, Meja, Lemari / Storage, Jendela, Bantal","K. Mandi Dalam, Kloset Jongkok, K. Mandi Luar, Ember mandi","WiFi, R. Cuci, Kulkas, Penjaga Kos, R. Jemur, Mushola, Dapur, Jemuran, CCTV, Balcon","Parkir Mobil, Parkir Motor, Parkir Sepeda, Parkir Motor & Sepeda",,https://mamikos.com/room/kost-kota-bandung-kost-putri-murah-kost-sazara-cibeunying-kidul-bandung-2?redirection_source=landing%20area,-6.898946182250673,107.64844486472072
Kost Baru Cibeunying Kaler Bandung,Campur,Rp1.800.000,1800000,Kecamatan Cibeunying Kaler,Cibeunying Kaler,"Kost ini berlokasi dekat dengan jalan raya dengan akses yang hanya bisa dilalui oleh motor/sepeda, berlokasi dekat dengan Warteg Aero (3.0 km), Alfamart (1.4 km), Christian Church Pasundan Awiligar (1.5 km), Bank BJB Weekend Banking (2.3 km), Institut Teknologi Nasional Bandung (524 m), RS Ibu dan Anak Al Islam (1.6 km).","3 x 4.5 meter, Tidak termasuk listrik","AC, Kasur, Meja, Lemari / Storage, Ventilasi, Jendela, Cermin, Bantal, Kursi","K. Mandi Dalam, Kloset Duduk, Wastafel, Shower, Air panas","WiFi, Kulkas, Laundry, R. Jemur, Dapur, Jemuran, Pengurus Kos, Jual Makanan, CCTV, Rooftop",Parkir Motor & Sepeda,,https://mamikos.com/room/kost-kota-bandung-kost-campur-eksklusif-kost-baru-cibeunying-kaler-bandung-2?redirection_source=landing%20area,-6.886252587931775,107.62703886035025
Kost DGreen Cibeunying Kaler Bandung,Putri,Rp1.100.000,1100000,Cibeunying Kaler,Cibeunying Kaler,"Kost ini berlokasi dekat dengan jalan raya dengan akses yang hanya bisa dilalui oleh motor/sepeda, berlokasi dekat dengan Warteg Permata (2.2 km), Alfamart Bojong Koneng (513 m), Masjid Pusdai (1.9 km), Bank BJB Weekend Banking (2.3 km), Universitas Widyatama (307 m), RS Ibu dan Anak Al Islam (1.2 km).","3 x 4 meter, Tidak termasuk listrik","Kasur, Lemari / Storage","K. Mandi Dalam, Ember mandi, Bak mandi","WiFi, Dapur, Pengurus Kos",Parkir Motor,,https://mamikos.com/room/kost-kota-bandung-kost-putri-eksklusif-kost-dgreen-cibeunying-kaler-bandung?redirection_source=landing%20area,-6.884543470301066,107.62977456891073
Kost Itenas Widyatama Ekuitas 1 Tipe B Cibeunying Kidul Bandung,Putra,Rp850.000,850000,Cibeunying Kidul,Cibeunying Kidul,"Kost ini berlokasi dekat dengan jalan raya dengan akses yang hanya bisa dilalui oleh motor/sepeda, berlokasi dekat dengan Warteg Abadi (3.2 km), Alfamart A Yani 419 (832 m), Masjid Al Barokah (1.6 km), Bank BJB Weekend Banking (1.7 km), Institut Teknologi Nasional Bandung (702 m), RS Ibu dan Anak Al Islam (658 m).","3 x 4 meter, Termasuk listrik","Kasur, Lemari / Storage, Ventilasi, Jendela, Bantal","K. Mandi Dalam, Kloset Jongkok, Ember mandi","WiFi, Penjaga Kos, R. Jemur, Dapur, Jemuran, Pengurus Kos, CCTV","Parkir Motor, Parkir Sepeda",,https://mamikos.com/room/kost-kota-bandung-kost-putra-murah-kost-itenas-widyatama-ekuitas-1-tipe-b-cibeunying-kidul-bandung?redirection_source=landing%20area,-6.898749550861221,107.64862006451801
Kost Cikutra Baru 1 Cibeunying Kaler Bandung,Putri,Rp1.000.000,1000000,Cibeunying Kaler,Cibeunying Kaler,"Kost ini berlokasi dekat dengan jalan raya dengan akses yang hanya bisa dilalui oleh motor/sepeda, berlokasi dekat dengan Alfamart Bojong Koneng (606 m), Masjid Pusdai (1.5 km), Institut Teknologi Nasional Bandung (373 m), Sinar Abadi Balubur Town Square (3.2 km).","2 x 4 meter, Termasuk listrik","Kasur, Meja, Lemari / Storage","Kloset Duduk, K. Mandi Luar, Shower, Bak mandi","WiFi, Kulkas, R. Tamu, R. Jemur, R. Santai, Dispenser, Dapur, R. Keluarga","Parkir Mobil, Parkir Motor",,https://mamikos.com/room/kost-kost-putri-eksklusif-kost-cikutra-baru-1-cibeunying-kaler-bandung?redirection_source=landing%20area,-6.88566774898328,107.63015648495022
Kost Gemilang Berkah Tipe A Cimenyan Bandung,Putra,Rp750.000,750000,Kecamatan Cimenyan,Cimenyan,"Kost ini berlokasi dekat dengan jalan raya dengan akses yang hanya bisa dilalui oleh motor/sepeda, berlokasi dekat dengan Alfamart Bojong Koneng (1.4 km), Christian Church Pasundan Awiligar (826 m), Universitas Padjadjaran Kampus Dipatiukur (1.9 km), Sinar Abadi Balubur Town Square (2.9 km).","3 x 3 meter, Termasuk listrik","Kasur, Lemari / Storage, Ventilasi, Jendela","Kloset Jongkok, Ember mandi, Bak mandi","WiFi, R. Cuci, R. Tamu, R. Santai, Dapur, Jemuran, R. Keluarga, K. Mandi Luar","Parkir Motor, Parkir Sepeda",,https://mamikos.com/room/kost-bandung-kost-putra-murah-kost-gemilang-berkah-tipe-a-cimenyan-bandung?redirection_source=landing%20area,-6.880296579937466,107.6621496490949
Kost Pondok Salsabila Tipe 1 Cibeunying Kidul Bandung,Campur,Rp750.000,750000,Cibeunying Kidul,Cibeunying Kidul,"Kost ini berlokasi dekat dengan jalan raya dengan akses yang hanya bisa dilalui oleh motor/sepeda, berlokasi dekat dengan Warteg Berkah Bahari (3.2 km), Alfamart A Yani 419 (768 m), Masjid Pusdai (1.9 km), Bank Mandiri Bandung Martadinata (2.3 km), Universitas Widyatama (826 m), RS Khusus Gigi dan Mulut UNPAD (2.9 km).","3 x 3 meter, Tidak termasuk listrik","Kasur, Bantal","K. Mandi Dalam, Kloset Jongkok, K. Mandi Luar, Shower","R. Jemur, Mushola, R. Santai, Jemuran, Pengurus Kos, K. Mandi Luar","Parkir Motor, Parkir Sepeda",,https://mamikos.com/room/kost-kota-bandung-kost-campur-murah-kost-pondok-salsabila-tipe-1-cibeunying-kidul-bandung?redirection_source=landing%20area,-6.896875967224635,107.65066400275003
Kost Mardi Tipe A Antapani Bandung,Putra,Rp1.000.000,1000000,Antapani,Antapani,"Kost ini berlokasi dekat dengan jalan raya dengan akses yang hanya bisa dilalui oleh motor/sepeda, berlokasi dekat dengan Warteg Cintaasih (2.8 km), PT. Indomarco Prismatama (1.4 km), Masjid Al Barokah (724 m), Bank Mandiri Bandung MTC (2.9 km), Universitas Widyatama (2.3 km), RS Ibu dan Anak Grha Bunda (1.2 km).","3 x 3 meter, Tidak termasuk listrik","Kasur, Lemari / Storage, Jendela, Bantal, Kipas Angin","K. Mandi Dalam, Kloset Duduk, Ember mandi","WiFi, R. Cuci, Mesin Cuci, Penjaga Kos, R. Jemur, Dapur, Jemuran, Pengurus Kos, CCTV",Parkir Motor,,https://mamikos.com/room/kost-kota-bandung-kost-putra-eksklusif-kost-mardi-tipe-a-antapani-bandung?redirection_source=landing%20area,-6.9194225615178,107.66128506925739
Kost Urban Residence Tipe A Kiaracondong Bandung,Campur,Rp600.000,600000,Kiaracondong,Kiaracondong,"Kost ini berlokasi dekat dengan jalan raya dengan akses yang hanya bisa dilalui oleh motor/sepeda, berlokasi dekat dengan Warteg Permata (1.5 km), Alfamart Cimuncang 2 (683 m), Masjid Al Barokah (492 m), Bank BJB Weekend Banking (2.9 km), Universitas Widyatama (1.1 km), RS Ibu dan Anak Grha Bunda (921 m).","3 x 3 meter, Termasuk listrik","Kasur, Lemari / Storage, Jendela, Dapur Pribadi, Bantal","K. Mandi Dalam, Kloset Jongkok, Ember mandi, Bak mandi","WiFi, Laundry, Penjaga Kos, Pengurus Kos, CCTV",Parkir Motor,,https://mamikos.com/room/kost-kota-bandung-kost-campur-murah-kost-urban-residence-tipe-a-kiaracondong-bandung?redirection_source=landing%20area,-6.92367283828003,107.6472475535242
Kost Pondok Mahmudah Antapani Bandung,Campur,Rp800.000,800000,Kecamatan Antapani,Antapani,"Kost ini berlokasi dekat dengan jalan raya dengan akses yang hanya bisa dilalui oleh motor/sepeda, berlokasi dekat dengan Alfamart Cimuncang 2 (1.7 km), Masjid Al Barokah (885 m), Sekolah Tinggi Ilmu Kesehatan Dharma Husada (914 m).","2.5 x 3 meter, Termasuk listrik","Kasur, Lemari / Storage, Ventilasi, Jendela, Bantal","K. Mandi Dalam, Kloset Jongkok, Ember mandi","WiFi, Kulkas, R. Tamu, R. Jemur, R. Santai, Dapur, Jemuran, Pengurus Kos, Jual Makanan, CCTV","Parkir Motor, Parkir Sepeda",,https://mamikos.com/room/kost-kota-bandung-kost-campur-murah-kost-pondok-mahmudah-antapani-bandung?redirection_source=landing%20area,-6.9174748588203245,107.6584825173523
Kost Evelyn Home Tipe 2 Cibeunying Kidul Bandung,Putri,Rp750.000,750000,Cibeunying Kidul,Cibeunying Kidul,"Kost ini berlokasi dekat dengan jalan raya dengan akses yang hanya bisa dilalui oleh motor/sepeda, berlokasi dekat dengan Alfamart Bojong Koneng (351 m), Christian Church Pasundan Awiligar (2.0 km), Universitas Widyatama (180 m), RS Umum Santo Yusup (992 m).","3 x 4 meter, Termasuk listrik","Kasur, Lemari / Storage, Cermin","K. Mandi Dalam, Kloset Jongkok, Ember mandi","WiFi, R. Jemur, Dapur",,,https://mamikos.com/room/kost-kota-bandung-kost-putri-murah-kost-evelyn-home-tipe-2-cibeunying-kidul-bandung?redirection_source=landing%20area,-6.900367977315747,107.64936831697725
Kost Crysant House Tipe B Cibeunying Kaler Bandung,Campur,Rp1.350.000,1350000,Cibeunying Kaler,Cibeunying Kaler,"Kost ini berlokasi dekat dengan jalan raya dengan akses yang hanya bisa dilalui oleh motor/sepeda, berlokasi dekat dengan Warteg Abadi (2.2 km), Alfamart (854 m), Christian Church Pasundan Awiligar (2.2 km), Bank BJB Weekend Banking (1.3 km), Institut Teknologi Nasional Bandung (724 m), RS Ibu dan Anak Al Islam (1.5 km).","3 x 4 meter, Tidak termasuk listrik","Kasur, Meja, Lemari / Storage, Ventilasi, Jendela, Kursi","K. Mandi Dalam, Kloset Duduk, Wastafel, Shower, Air panas","WiFi, Penjaga Kos, R. Jemur, R. Santai, Dapur, Jemuran, Pengurus Kos, CCTV, Joglo","Parkir Mobil, Parkir Motor, Parkir Sepeda",,https://mamikos.com/room/kost-kota-bandung-kost-campur-eksklusif-kost-crysant-house-tipe-b-cibeunying-kaler-bandung?redirection_source=landing%20area,-6.887401619000374,107.6277878869058
Kost Manteron Tipe A Cibeunying Kaler Bandung,Putra,Rp900.000,900000,Kecamatan Cibeunying Kaler,Cibeunying Kaler,"Kost ini berlokasi dekat dengan jalan raya dengan akses yang hanya bisa dilalui oleh motor/sepeda, berlokasi dekat dengan Rumah Makan Pondok (909 m), Alfamart Bojong Koneng (1.5 km), Masjid Pusdai (681 m), Institut Teknologi Nasional Bandung (630 m), Sinar Abadi Balubur Town Square (2.3 km).","2 x 3 meter, Tidak termasuk listrik","Kasur, Meja, Lemari / Storage, Cermin, Bantal","Kloset Jongkok, K. Mandi Luar, Ember mandi","WiFi, Mushola, Dapur, Jemuran, Pengurus Kos, Jual Makanan, Balcon, K. Mandi Luar",Parkir Motor,,https://mamikos.com/room/kost-kota-bandung-kost-putra-eksklusif-kost-manteron-tipe-a-cibeunying-kaler-bandung?redirection_source=landing%20area,-6.885957836617897,107.62827702292003
Kost Depok Tipe B Antapani Bandung,Campur,Rp1.300.000,1300000,Kecamatan Antapani,Antapani,"Kost ini berlokasi dekat dengan jalan raya dengan akses yang hanya bisa dilalui oleh motor/sepeda, berlokasi dekat dengan Warteg Cintaasih (3.0 km), PT. Indomarco Prismatama (1.3 km), Masjid Al Barokah (693 m), Bank Mandiri Bandung MTC (3.1 km), Universitas Widyatama (2.2 km), RS Ibu dan Anak Grha Bunda (1.3 km).","4.5 x 4.5 meter, Termasuk listrik","Kasur, Meja, Lemari / Storage, Ventilasi, Jendela, Guling, Cermin, Bantal, Wastafel, Kursi","Kloset Jongkok, K. Mandi Luar, Wastafel, Ember mandi, Shower, Bak mandi","WiFi, R. Cuci, Penjaga Kos, R. Jemur, Dapur, Jemuran, Pengurus Kos, CCTV, Kartu Akses, Locker","Parkir Motor, Parkir Sepeda, Parkir Motor & Sepeda",,https://mamikos.com/room/kost-kota-bandung-kost-campur-eksklusif-kost-depok-tipe-b-antapani-bandung?redirection_source=landing%20area,-6.916639863206992,107.65958894274779
Kost Kirana Tipe A Cibeunying Kidul Bandung,Campur,Rp600.000,600000,Kecamatan Cibeunying Kidul,Cibeunying Kidul,"Kost ini berlokasi dekat dengan jalan raya dengan akses yang hanya bisa dilalui oleh motor/sepeda, berlokasi dekat dengan Warteg Permata (2.3 km), Alfamart Cimuncang 2 (713 m), Masjid Al-Muhajirin (2.6 km), Universitas Widyatama (1.3 km), RS Umum Hermina Arcamanik (1.2 km).","3 x 3 meter, Termasuk listrik","Kasur, Lemari / Storage, Ventilasi, Jendela, Guling, Bantal","Kloset Duduk, Kloset Jongkok, K. Mandi Luar, Ember mandi","WiFi, R. Cuci, R. Tamu, R. Jemur, R. Santai, Dapur, Jemuran, Pengurus Kos, CCTV, Balcon","Parkir Motor, Parkir Sepeda, Parkir Motor & Sepeda",,https://mamikos.com/room/kost-kota-bandung-kost-campur-murah-kost-kirana-tipe-a-cibeunying-kidul-bandung?redirection_source=landing%20area,-6.900226377775208,107.6495901290904
Kost Bumi Putri Sukasenang Tipe B Cibeunying Kidul Bandung,Putri,Rp1.450.000,1450000,Cibeunying Kidul,Cibeunying Kidul,"Kost ini berlokasi dekat dengan jalan raya dengan akses yang hanya bisa dilalui oleh motor/sepeda, berlokasi dekat dengan Alfamart Bojong Koneng (1.1 km), Institut Teknologi Nasional Bandung (229 m), Sinar Abadi Balubur Town Square (2.8 km).","3 x 4 meter, Termasuk listrik","Kasur, Meja, Lemari / Storage, Kursi","K. Mandi Dalam, Kloset Duduk, Wastafel, Air panas","WiFi, Kulkas, Penjaga Kos, R. Jemur, R. Makan, Dapur","Parkir Mobil, Parkir Motor, Parkir Sepeda",,https://mamikos.com/room/kost-kota-bandung-kost-putri-eksklusif-kost-bumi-putri-sukasenang-tipe-b-cibeunying-kidul-bandung?redirection_source=landing%20area,-6.900092477219904,107.64953291416167
Kost Bengawan 83 Tipe C1 Bandung Wetan Bandung,Campur,Rp1.250.000,1250000,Kecamatan Bandung Wetan,Bandung Wetan,"Kost ini berlokasi dekat dengan jalan raya dengan akses yang hanya bisa dilalui oleh motor/sepeda, berlokasi dekat dengan Rumah Makan Boemi Mitoha (746 m), Alfamart A Yani 419 (988 m), Masjid Al Jihad (748 m), Bank BJB Weekend Banking (554 m), Universitas Padjadjaran Kampus Dipatiukur (2.4 km), RS Ibu dan Anak Limijati (1.9 km).","3.2 x 3.2 meter, Termasuk listrik","Kasur, Meja, Lemari / Storage, Ventilasi, Jendela, Cermin, Bantal, Kursi, Kipas Angin, Cleaning service","Kloset Duduk, K. Mandi Luar, Shower, Air panas","WiFi, R. Cuci, Kulkas, Mesin Cuci, R. Tamu, Penjaga Kos, R. Jemur, R. Makan, R. Santai, Dispenser","Parkir Mobil, Parkir Motor, Parkir Sepeda",,https://mamikos.com/room/kost-kota-bandung-kost-campur-eksklusif-kost-bengawan-83-tipe-c1-bandung-wetan-bandung-2?redirection_source=landing%20area,-6.904771189401974,107.6183008670252
Kost Sidomukti 65 Tipe A Cibeunying Kaler Bandung,Campur,Rp950.000,950000,Kecamatan Cibeunying Kaler,Cibeunying Kaler,"Kost ini berlokasi dekat dengan jalan raya dengan akses yang hanya bisa dilalui oleh motor/sepeda, berlokasi dekat dengan Warteg Aero (2.1 km), Alfamart (3.1 km), Christian Church Pasundan Awiligar (1.5 km), Bank BJB Weekend Banking (2.0 km), Institut Teknologi Nasional Bandung (786 m), RS Ibu dan Anak Al Islam (2.0 km).","3 x 4 meter, Tidak termasuk listrik",Kasur,"K. Mandi Dalam, Kloset Duduk, Kloset Jongkok, Shower, Air panas","WiFi, R. Makan, Dapur, Jemuran, Pengurus Kos, Rooftop, Balcon","Parkir Mobil, Parkir Motor, Parkir Sepeda, Parkir Motor & Sepeda",,https://mamikos.com/room/kost-kota-bandung-kost-campur-murah-kost-sidomukti-65-tipe-a-cibeunying-kaler-bandung-2?redirection_source=landing%20area,-6.885133004931299,107.63050603281509
Kost Terusan Cisokan Cibeunying Kaler Bandung,Putri,Rp1.350.000,1350000,Cibeunying Kaler,Cibeunying Kaler,"Kost ini berlokasi dekat dengan jalan raya dengan akses yang hanya bisa dilalui oleh motor/sepeda, berlokasi dekat dengan Rumah Makan Boemi Mitoha (804 m), Alfamart A Yani 419 (1.1 km), Masjid Pusdai (834 m), Institut Teknologi Nasional Bandung (652 m), Sinar Abadi Balubur Town Square (2.6 km).","3 x 4 meter, Tidak termasuk listrik","Kasur, Meja, Lemari / Storage, Kursi","K. Mandi Dalam, Kloset Duduk, Shower, Air panas","WiFi, Kulkas, Mesin Cuci, R. Jemur, R. Makan, R. Santai, Dapur, TV",Parkir Motor,,https://mamikos.com/room/kost-kota-bandung-kost-putri-eksklusif-kost-terusan-cisokan-cibeunying-kaler-bandung-2?redirection_source=landing%20area,-6.886232962717579,107.6302775421718
Kost Orange Tipe D Cikondang Coblong Bandung,Campur,Rp900.000,900000,Coblong,Coblong,"Kost ini berlokasi dekat dengan jalan raya dengan akses yang hanya bisa dilalui oleh motor/sepeda, berlokasi dekat dengan Warteg Gaul (1.7 km), Alfamart Bojong Koneng (1.5 km), Masjid MUI Kota Bandung (518 m), BSI KCP Bandung Dago (2.0 km), Universitas Padjadjaran Kampus Dipatiukur (1.5 km), RS Umum Santo Borromeus (1.9 km).","4 x 5 meter, Termasuk listrik","Kasur, Meja, Lemari / Storage, TV Kabel, Kursi","K. Mandi Dalam, Kloset Jongkok, Ember mandi","WiFi, Kulkas, R. Jemur, Dispenser, Dapur, CCTV, Balcon, TV",Parkir Motor,,https://mamikos.com/room/kost-kota-bandung-kost-campur-murah-kost-orange-tipe-d-cikondang-coblong-bandung?redirection_source=landing%20area,-6.881541209505195,107.6157694667673
Kost Pondok Ina 2 Kiaracondong Bandung,Campur,Rp1.600.000,1600000,Kiaracondong,Kiaracondong,"Kost ini berlokasi dekat dengan jalan raya dengan akses yang hanya bisa dilalui oleh motor/sepeda, berlokasi dekat dengan Warteg Cintaasih (2.0 km), Alfamart West Cikutra (2.7 km), Masjid Al Barokah (528 m), Bank BJB Weekend Banking (2.4 km), Universitas Widyatama (1.6 km), RS Ibu dan Anak Grha Bunda (159 m).","3.9 x 3.3 meter, Tidak termasuk listrik","Kasur, TV, Lemari / Storage, Ventilasi, Jendela, Dapur Pribadi, Bantal, TV Kabel, Wastafel","K. Mandi Dalam, Kloset Duduk, Shower","WiFi, R. Cuci, Laundry, R. Tamu, Penjaga Kos, R. Jemur, R. Makan, Mushola, R. Santai, Jemuran","Parkir Mobil, Parkir Motor, Parkir Sepeda, Parkir Motor & Sepeda",,https://mamikos.com/room/kost-kota-bandung-kost-campur-eksklusif-kost-pondok-ina-2-kiaracondong-bandung-2?redirection_source=landing%20area,-6.923054295421413,107.64604879407425
Kost Batik Ayu Cibeunying Kaler Bandung,Putra,Rp1.300.000,1300000,Cibeunying Kaler,Cibeunying Kaler,"Kost ini berlokasi dekat dengan jalan raya dengan akses yang hanya bisa dilalui oleh motor/sepeda, berlokasi dekat dengan Alfamart Bojong Koneng (1.5 km), Masjid MUI Kota Bandung (527 m), Institut Teknologi Nasional Bandung (865 m), Sinar Abadi Balubur Town Square (2.3 km).","3 x 4 meter, Termasuk listrik","Kasur, Meja, Lemari / Storage, Ventilasi, Jendela, Cermin, Bantal, Kursi","K. Mandi Dalam, Kloset Duduk, Shower","WiFi, Kulkas, R. Tamu, R. Jemur, R. Santai, Dapur, Jemuran","Parkir Mobil, Parkir Motor, Parkir Sepeda",,https://mamikos.com/room/kost-bandung-kost-putra-eksklusif-kost-batik-ayu-cibeunying-kaler-bandung?redirection_source=landing%20area,-6.886660772352446,107.62738572392414
Kost Ibu Tina Tipe B Cibeunying Kidul Bandung,Putri,Rp750.000,750000,Kecamatan Cibeunying Kidul,Cibeunying Kidul,"Kost ini berlokasi dekat dengan jalan raya dengan akses yang hanya bisa dilalui oleh motor/sepeda, berlokasi dekat dengan Warteg Abadi (3.1 km), Alfamart A Yani 419 (282 m), Masjid Pusdai (1.6 km), Bank Mandiri Bandung Priority Banking Soerapatti (2.5 km), Institut Teknologi Nasional Bandung (1.2 km), RS Umum Santo Yusup (625 m).","3 x 3 meter, Tidak termasuk listrik","Kasur, Lemari / Storage, Ventilasi, Jendela, Guling, Bantal, Wastafel","Kloset Jongkok, K. Mandi Luar, Wastafel, Ember mandi","WiFi, R. Cuci, R. Jemur, R. Santai, Dapur, Jemuran, Pengurus Kos, Rooftop, Balcon, K. Mandi Luar","Parkir Motor, Parkir Sepeda, Parkir Motor & Sepeda",,https://mamikos.com/room/kost-kota-bandung-kost-putri-murah-kost-ibu-tina-tipe-b-cibeunying-kidul-bandung-2?redirection_source=landing%20area,-6.900114786895178,107.65141292464902
Kost Studio G4 Tipe B Cibeunying Kaler Bandung,Putra,Rp960.000,960000,Kecamatan Cibeunying Kaler,Cibeunying Kaler,"Kost ini berlokasi dekat dengan jalan raya dengan akses yang hanya bisa dilalui oleh motor/sepeda, berlokasi dekat dengan Warteg Aero (2.2 km), Alfamart Bojong Koneng (1.5 km), Masjid Pusdai (673 m), BSI KCP Bandung Dago (2.4 km), Universitas Padjadjaran Kampus Dipatiukur (1.5 km), RS Khusus Gigi dan Mulut UNPAD (1.3 km).","3 x 2 meter, Termasuk listrik","Kasur, Meja, Lemari / Storage, Ventilasi, Jendela, Guling, Cermin, Bantal, Kursi","Kloset Jongkok, K. Mandi Luar, Wastafel, Ember mandi","WiFi, R. Jemur, R. Makan, R. Santai, Dapur, Jemuran, Rice Cooker, Balcon, K. Mandi Luar","Parkir Motor, Parkir Sepeda",,https://mamikos.com/room/kost-kota-bandung-kost-putra-eksklusif-kost-studio-g4-tipe-b-cibeunying-kaler-bandung?redirection_source=landing%20area,-6.885104398830893,107.63052791509499
Kost Komplek Puri Indah Jatinangor Sumedang,Campur,Rp900.000,900000,Jatinangor,Jatinangor,"Kost ini berlokasi dekat dengan jalan raya dengan akses masuk mobil, berlokasi dekat dengan Purbasari II Rumah Makan (15.9 km), Alfamart Bojong Koneng (1.3 km), Christian Church Pasundan Awiligar (875 m), BNI Jatinangor (16.3 km), Universitas Padjadjaran Kampus Dipatiukur (1.9 km), Sinar Abadi Balubur Town Square (2.9 km).","3 x 3 meter, Tidak termasuk listrik","Kasur, Meja, Lemari / Storage, Jendela","K. Mandi Dalam, Kloset Duduk, Shower","R. Tamu, Dapur, Jemuran, Taman, K. Mandi Luar",Parkir Mobil,,https://mamikos.com/room/kost-kabupaten-sumedang-kost-campur-murah-kost-komplek-puri-indah-jatinangor-sumedang?redirection_source=landing%20area,-6.93564199634732,107.77034870114652
Kost Menimurah Tipe Standart Cibeunying Kaler Bandung,Putri,Rp500.000,500000,Cibeunying Kaler,Cibeunying Kaler,"Kost ini berlokasi dekat dengan jalan raya dengan akses yang hanya bisa dilalui oleh motor/sepeda, berlokasi dekat dengan Warteg Cintaasih (2.3 km), Alfamart Bojong Koneng (1.3 km), Christian Church Pasundan Awiligar (2.1 km), Bank BJB Weekend Banking (1.4 km), Institut Teknologi Nasional Bandung (408 m), RS Ibu dan Anak Al Islam (1.3 km).","2 x 3 meter, Termasuk listrik","Kasur, Meja, Lemari / Storage, Ventilasi, Jendela, Kursi","Kloset Jongkok, K. Mandi Luar, Ember mandi, Bak mandi","WiFi, R. Cuci, R. Tamu, R. Jemur, R. Makan, Dapur, Jemuran, Pengurus Kos, Balcon, R. Keluarga",Parkir Motor,,https://mamikos.com/room/kost-kota-bandung-kost-putri-murah-kost-menimurah-tipe-standart-cibeunying-kaler-bandung?redirection_source=landing%20area,-6.88476319401112,107.62919389298126
Kost Ibu Sri Antapani Bandung,Putra,Rp1.200.000,1200000,Antapani,Antapani,"Kost ini berlokasi dekat dengan jalan raya dengan akses yang hanya bisa dilalui oleh motor/sepeda, berlokasi dekat dengan Alfamart Cimuncang 2 (2.2 km), Masjid Al-Muhajirin (867 m).","3 x 3 meter, Termasuk listrik","Kasur, Dispenser, Meja, Meja Rias, Lemari / Storage","Kloset Duduk, K. Mandi Luar, Shower, Air panas","WiFi, R. Cuci, Kulkas, Mesin Cuci, Laundry, R. Tamu, R. Jemur, R. Makan, R. Santai, Dispenser","Parkir Motor, Parkir Sepeda",,https://mamikos.com/room/kost-bandung-kost-putra-eksklusif-kost-ibu-sri-antapani-bandung-1?redirection_source=landing%20area,-6.918973690622685,107.66045441842166
Kost Mahameru Co Living Suite Cibeunying Kidul Bandung,Campur,Rp2.500.000,2500000,Kecamatan Cibeunying Kidul,Cibeunying Kidul,"Kost ini berlokasi dekat dengan jalan raya dengan akses masuk mobil, berlokasi dekat dengan Warteg Bahari (2.8 km), Alfamart (2.4 km), Masjid Al Jihad (592 m), Bank BJB - Cabang Utama Bandung (2.8 km), Institut Teknologi Nasional Bandung (1.6 km), RS Ibu dan Anak Al Islam (642 m).","3 x 4 meter, Tidak termasuk listrik","AC, Kasur, Dispenser, Meja, TV, Lemari / Storage, Jendela, Guling, Cermin, Bantal","Kloset Duduk, Kloset Jongkok, K. Mandi Luar, Wastafel, Shower, Air panas","WiFi, R. Cuci, Kulkas, Penjaga Kos, R. Jemur, R. Santai, Dispenser, Dapur, Jemuran, Pengurus Kos","Parkir Mobil, Parkir Motor & Sepeda",,https://mamikos.com/room/kost-kota-bandung-kost-campur-eksklusif-kost-mahameru-co-living-suite-cibeunying-kidul-bandung?redirection_source=landing%20area,-6.9005086346508735,107.65009791024777
Kost Nur Muhaji Tipe A Batununggal Bandung,Campur,Rp1.200.000,1200000,Batununggal,Batununggal,"Kost ini berlokasi dekat dengan jalan raya dengan akses yang hanya bisa dilalui oleh motor/sepeda, berlokasi dekat dengan Warteg Bahari (2.0 km), Alfamart (2.6 km), Masjid Al Jihad (264 m), Bank BJB - Cabang Utama Bandung (2.2 km), Institut Teknologi Nasional Bandung (2.4 km), RS Ibu dan Anak Al Islam (1.5 km).","4 x 4 meter, Tidak termasuk listrik","Kasur, Lemari / Storage, Ventilasi, Jendela, Guling, Bantal","K. Mandi Dalam, Kloset Duduk, Ember mandi","WiFi, Laundry, Penjaga Kos, Jemuran, Pengurus Kos, CCTV","Parkir Motor, Parkir Motor & Sepeda",,https://mamikos.com/room/kost-kota-bandung-kost-campur-eksklusif-kost-nur-muhaji-tipe-a-batununggal-bandung-2?redirection_source=landing%20area,-6.926121254423586,107.64027438863823
Kost Keys Co Living Superior Balcony K 08 Cibeunying Kidul Bandung,Campur,Rp2.850.000,2850000,Cibeunying Kidul,Cibeunying Kidul,"Kost ini berlokasi dekat dengan jalan raya dengan akses masuk mobil, berlokasi dekat dengan Warteg Cintaasih (2.4 km), Alfamart (2.0 km), Masjid Al Barokah (1.5 km), Bank BJB Weekend Banking (2.1 km), Universitas Widyatama (571 m), RS Ibu dan Anak Al Islam (891 m).","3 x 4 meter, Tidak termasuk listrik","AC, Kasur, Meja, Lemari / Storage, microwave, Jendela, Guling, Cermin, Bantal, Kursi","K. Mandi Dalam, Kloset Duduk, Shower, Air panas","WiFi, R. Cuci, Kulkas, Penjaga Kos, R. Jemur, R. Makan, Mushola, Dispenser, Dapur, Jemuran","Parkir Mobil, Parkir Motor",,https://mamikos.com/room/kost-kota-bandung-kost-campur-eksklusif-kost-keys-co-living-superior-balcony-k-08-cibeunying-kidul-bandung?redirection_source=landing%20area,-6.899386390354863,107.64996704145105
Kost Sindang Sari Tipe A Antapani Bandung,Campur,Rp750.000,750000,Antapani,Antapani,"Kost ini berlokasi dekat dengan jalan raya dengan akses yang hanya bisa dilalui oleh motor/sepeda, berlokasi dekat dengan Warteg Permata (2.4 km), Alfamart Cimuncang 2 (1.8 km), Masjid Al Barokah (1.4 km), Bank Syariah Indonesia KK Bandung RS Al Islam (3.4 km), Universitas Widyatama (2.4 km), RS Umum Hermina Arcamanik (600 m).","3 x 4 meter, Termasuk listrik","Kasur, Meja, Lemari / Storage, Ventilasi, Jendela, Guling, Cermin, Bantal, Wastafel","Kloset Jongkok, K. Mandi Luar, Wastafel, Ember mandi, Bak mandi","WiFi, R. Cuci, Laundry, Laundry, R. Tamu, Penjaga Kos, R. Jemur, R. Makan, R. Santai, Dapur","Parkir Mobil, Parkir Motor, Parkir Sepeda",,https://mamikos.com/room/kost-kota-bandung-kost-campur-murah-kost-sindang-sari-tipe-a-antapani-bandung?redirection_source=landing%20area,-6.917151260817081,107.66004008123426
Kost Boarding House Naga Malim With Kitchen Outside Tipe B Cibeunying Kidul Bandung,Campur,Rp900.000,900000,Cibeunying Kidul,Cibeunying Kidul,"Kost ini berlokasi dekat dengan jalan raya dengan akses yang hanya bisa dilalui oleh motor/sepeda, berlokasi dekat dengan Alfamart A Yani 419 (763 m), Christian Church Pasundan Awiligar (2.8 km), Universitas Widyatama (854 m).","3 x 3 meter, Tidak termasuk listrik",Jendela,Kloset Jongkok,"R. Tamu, R. Santai, Dapur, Pengurus Kos, CCTV, Balcon, K. Mandi Luar","Parkir Motor, Parkir Sepeda",,https://mamikos.com/room/kost-bandung-kost-campur-murah-kost-boarding-house-naga-malim-with-kitchen-outside-tipe-b-cibeunying-kidul-bandung?redirection_source=landing%20area,-6.899546271475909,107.64983450532426
Kost Icha Cikutra Tipe A Cibeunying Kidul Bandung,Putri,Rp900.000,900000,Cibeunying Kidul,Cibeunying Kidul,"Kost ini berlokasi dekat dengan jalan raya dengan akses yang hanya bisa dilalui oleh motor/sepeda, berlokasi dekat dengan Warteg Cintaasih (2.2 km), Alfamart (2.2 km), Masjid Al Barokah (1.3 km), Bank BJB Weekend Banking (2.0 km), Universitas Widyatama (734 m), RS Ibu dan Anak Al Islam (713 m).","3 x 3 meter, Termasuk listrik","Kasur, Meja, Lemari / Storage, Ventilasi, Jendela, Guling, Cermin, Bantal","K. Mandi Dalam, Kloset Jongkok, K. Mandi Luar, Ember mandi","WiFi, R. Cuci, R. Tamu, Penjaga Kos, R. Jemur, Dispenser, Dapur, Jemuran, Pengurus Kos, CCTV",Parkir Motor,,https://mamikos.com/room/kost-kota-bandung-kost-putri-murah-kost-icha-cikutra-tipe-a-cibeunying-kidul-bandung?redirection_source=landing%20area,-6.897008842878001,107.65108602576865
Kost Awiligar 54 Tipe A Cibeunying Cimenyan Bandung,Putra,Rp600.000,600000,Cimenyan,Cimenyan,"Kost ini berlokasi dekat dengan jalan raya dengan akses yang hanya bisa dilalui oleh motor/sepeda, berlokasi dekat dengan Alfamart Bojong Koneng (1.4 km), Christian Church Pasundan Awiligar (827 m), Universitas Padjadjaran Kampus Dipatiukur (1.9 km), Sinar Abadi Balubur Town Square (2.9 km).","3 x 3 meter, Termasuk listrik","Kasur, Meja, Lemari / Storage","Kloset Jongkok, K. Mandi Luar, Ember mandi, Bak mandi","WiFi, R. Jemur, Dapur, Jemuran",Parkir Motor,,https://mamikos.com/room/kost-bandung-kost-putra-murah-kost-awiligar-54-tipe-a-cibeunying-cimenyan-bandung?redirection_source=landing%20area,-6.880659131812087,107.66331362222871
Kost Nevy Tipe A Cibeunying Kidul Bandung,Putra,Rp550.000,550000,Kecamatan Cibeunying Kidul,Cibeunying Kidul,"Kost ini berlokasi dekat dengan jalan raya dengan akses yang hanya bisa dilalui oleh motor/sepeda, berlokasi dekat dengan Warteg Permata (2.3 km), Alfamart Cimuncang 2 (419 m), Masjid Al Barokah (1.5 km), Bank BJB Weekend Banking (2.7 km), Universitas Widyatama (192 m), RS Ibu dan Anak Al Islam (1.5 km).","3 x 4 meter, Termasuk listrik","Kasur, Lemari / Storage, Jendela, Bantal","Kloset Jongkok, K. Mandi Luar, Ember mandi, Bak mandi","WiFi, Penjaga Kos, Dispenser, Jemuran, Pengurus Kos, CCTV, K. Mandi Luar","Parkir Motor, Parkir Sepeda, Parkir Motor & Sepeda",,https://mamikos.com/room/kost-kota-bandung-kost-putra-murah-kost-nevy-tipe-a-cibeunying-kidul-bandung-2?redirection_source=landing%20area,-6.900298470439031,107.65168988600105
Kost LQA Kiaracondong Bandung,Putri,Rp700.000,700000,Kiaracondong,Kiaracondong,"Kost ini berlokasi dekat dengan jalan raya dengan akses jalan raya, berlokasi dekat dengan Warteg Permata (524 m), Alfamart A Yani 419 (1.1 km), Masjid Al Barokah (644 m), Sekolah Tinggi Ilmu Kesehatan Dharma Husada (499 m).","3 x 3 meter, Tidak termasuk listrik","Meja, Lemari / Storage, Kursi","Kloset Jongkok, K. Mandi Luar, Bak mandi",Jemuran,Parkir Motor,,https://mamikos.com/room/kost-bandung-kost-putri-murah-kost-lqa-kiaracondong-bandung-1?redirection_source=landing%20area,-6.925638432192586,107.64532786529979
Kost Bu Enita Cibeunying Kaler Bandung,Campur,Rp550.000,550000,Cibeunying Kaler,Cibeunying Kaler,"Kost ini berlokasi dekat dengan jalan raya dengan akses yang hanya bisa dilalui oleh motor/sepeda, berlokasi dekat dengan Rumah Makan Pondok (796 m), Alfamart Bojong Koneng (1.5 km), Masjid Pusdai (569 m), Universitas Padjadjaran Kampus Dipatiukur (1.6 km), Sinar Abadi Balubur Town Square (2.3 km).","3 x 5 meter, Termasuk listrik","Kasur, Lemari / Storage, Jendela, Cleaning service","Kloset Jongkok, K. Mandi Luar, Ember mandi, Bak mandi","R. Cuci, Penjaga Kos, Mushola, Dapur, Pengurus Kos, K. Mandi Luar","Parkir Motor, Parkir Sepeda",,https://mamikos.com/room/kost-kota-bandung-kost-campur-murah-kost-bu-enita-cibeunying-kaler-bandung?redirection_source=landing%20area,-6.885326894194477,107.62778798608831
Kost Jl Sekemerak Cimenyan Bandung,Campur,Rp850.000,850000,Cimenyan,Cimenyan,"Kost ini berlokasi dekat dengan jalan raya dengan akses yang hanya bisa dilalui oleh motor/sepeda, berlokasi dekat dengan Rumah Makan Pondok (2.8 km), Alfamart Bojong Koneng (510 m), Christian Church Pasundan Awiligar (1.7 km), Bank BJB Weekend Banking (3.2 km), Universitas Widyatama (738 m), RS Ibu dan Anak Al Islam (2.2 km).","3 x 4 meter, Tidak termasuk listrik","Ventilasi, Jendela, Dapur Pribadi",Kloset Jongkok,"Dapur, Jemuran, Balcon",Parkir Motor,,https://mamikos.com/room/kost-kabupaten-bandung-kost-campur-murah-kost-jl-sekemerak-cimenyan-bandung-1?redirection_source=landing%20area,-6.880150154938758,107.66423477354802
Kost Sofy Tipe A Mandalajati Bandung,Putri,Rp650.000,650000,Kecamatan Mandalajati,Mandalajati,"Kost ini berlokasi dekat dengan jalan raya dengan akses yang hanya bisa dilalui oleh motor/sepeda, berlokasi dekat dengan Warteg Permata (2.6 km), PT. Indomarco Prismatama (507 m), Masjid Al Barokah (1.5 km), Universitas Widyatama (1.4 km), RS Umum Hermina Arcamanik (1.2 km).","3 x 4 meter, Tidak termasuk listrik","Ventilasi, Jendela, Dapur Pribadi","K. Mandi Dalam, Kloset Jongkok, Ember mandi","WiFi, R. Jemur, Dapur, CCTV",Parkir Motor,,https://mamikos.com/room/kost-kota-bandung-kost-putri-murah-kost-sofy-tipe-a-mandalajati-bandung?redirection_source=landing%20area,-6.893953635174458,107.67275202462159
Kost Paras Tipe A Cibeunying Kaler Bandung,Campur,Rp1.500.000,1500000,Cibeunying Kaler,Cibeunying Kaler,"Kost ini berlokasi dekat dengan jalan raya dengan akses yang hanya bisa dilalui oleh motor/sepeda, berlokasi dekat dengan Warteg Gaul (1.6 km), Alfamart Bojong Koneng (1.7 km), Christian Church Pasundan Awiligar (1.1 km), Bank BJB Weekend Banking (2.4 km), Institut Teknologi Bandung (2.2 km), RS Ibu dan Anak Al Islam (2.5 km).","3 x 4 meter, Termasuk listrik","Kasur, Meja, Lemari / Storage, Ventilasi, Jendela, Cermin, Kursi","K. Mandi Dalam, Kloset Duduk, Ember mandi, Shower","WiFi, Kulkas, R. Tamu, Penjaga Kos, R. Makan, R. Santai, Dapur, Jemuran, Rice Cooker, Pengurus Kos","Parkir Mobil, Parkir Motor, Parkir Sepeda, Parkir Motor & Sepeda",,https://mamikos.com/room/kost-kota-bandung-kost-campur-eksklusif-kost-paras-tipe-a-cibeunying-kaler-bandung?redirection_source=landing%20area,-6.885552733198465,107.63046617204613
Kost Galuh Putriana Cibeunying Kidul Bandung,Putri,Rp750.000,750000,Kecamatan Cibeunying Kidul,Cibeunying Kidul,"Kost ini berlokasi dekat dengan jalan raya dengan akses yang hanya bisa dilalui oleh motor/sepeda, berlokasi dekat dengan Warteg Permata (2.4 km), PT. Indomarco Prismatama (264 m), Masjid Al Barokah (1.2 km), Universitas Widyatama (1.4 km), RS Umum Hermina Arcamanik (1.1 km), Trans Studio Mall Bandung (3.5 km).","3 x 4 meter, Tidak termasuk listrik","Kasur, Jendela",Ember mandi,"Penjaga Kos, Jemuran, Pengurus Kos, Jual Makanan, Balcon, Gazebo","Parkir Motor, Parkir Sepeda, Parkir Motor & Sepeda",,https://mamikos.com/room/kost-kota-bandung-kost-campur-murah-kost-galuh-putriana-cibeunying-kidul-bandung?redirection_source=landing%20area,-6.896689778941977,107.64986251892431
Kost Orange Tipe A Cikondang Bandung,Campur,Rp650.000,650000,Coblong,Coblong,"Kost ini berlokasi dekat dengan jalan raya dengan akses yang hanya bisa dilalui oleh motor/sepeda, berlokasi dekat dengan Warteg Gaul (1.7 km), Alfamart Bojong Koneng (1.5 km), Masjid MUI Kota Bandung (518 m), BSI KCP Bandung Dago (2.0 km), Universitas Padjadjaran Kampus Dipatiukur (1.5 km), RS Umum Santo Borromeus (1.9 km).","4 x 3 meter, Termasuk listrik","Kasur, Meja, Lemari / Storage, Kursi","Kloset Jongkok, K. Mandi Luar, Ember mandi, Shower","WiFi, Kulkas, R. Jemur, Dispenser, Dapur, Balcon, TV",Parkir Motor,,https://mamikos.com/room/kost-kost-campur-eksklusif-kostan-orange-cikondang?redirection_source=landing%20area,-6.879445009559282,107.61232979409255
Kost Atlas Kiaracondong Bandung,Campur,Rp850.000,850000,Kiaracondong,Kiaracondong,"Kost ini berlokasi dekat dengan jalan raya dengan akses jalan raya, berlokasi dekat dengan Warteg Permata (566 m), Alfamart A Yani 419 (870 m), Masjid Al Barokah (671 m), STMIK Amik Bandung (867 m).","3 x 3 meter, Tidak termasuk listrik",,K. Mandi Dalam,WiFi,Parkir Mobil,,https://mamikos.com/room/kost-bandung-kost-campur-murah-kost-atlas-kiaracondong-bandung?redirection_source=landing%20area,-6.924786866558217,107.647900796409
Kost Pondok Salsabila Tipe 2 Cibeunying Kidul Bandung,Campur,Rp800.000,800000,Kecamatan Cibeunying Kidul,Cibeunying Kidul,"Kost ini berlokasi dekat dengan jalan raya dengan akses yang hanya bisa dilalui oleh motor/sepeda, berlokasi dekat dengan Warteg Permata (1.6 km), Alfamart A Yani 419 (776 m), Masjid Pusdai (1.9 km), Bank Mandiri Bandung Martadinata (2.4 km), Universitas Widyatama (818 m), RS Khusus Gigi dan Mulut UNPAD (2.9 km).","2 x 3 meter, Tidak termasuk listrik","Kasur, Bantal","K. Mandi Dalam, Kloset Jongkok, K. Mandi Luar, Ember mandi, Shower, Bak mandi","WiFi, R. Cuci, Penjaga Kos, R. Jemur, Mushola, R. Santai, Dapur, Jemuran, Pengurus Kos, K. Mandi Luar",Parkir Motor,,https://mamikos.com/room/kost-kota-bandung-kost-campur-murah-kost-pondok-salsabila-tipe-2-cibeunying-kidul-bandung-2?redirection_source=landing%20area,-6.899285585281502,107.65142186041057
Kost Asrama Cibeunying Kaler Bandung,Putri,Rp250.000,250000,Kecamatan Cibeunying Kaler,Cibeunying Kaler,"Kost ini berlokasi dekat dengan jalan raya dengan akses yang hanya bisa dilalui oleh motor/sepeda, berlokasi dekat dengan Warteg Abadi (2.3 km), Alfamart Bojong Koneng (1.5 km), Masjid Pusdai (559 m), BSI KCP Bandung Dago (2.6 km), Universitas Padjadjaran Kampus Dipatiukur (1.6 km), RS Umum Santo Borromeus (1.9 km).","3 x 4 meter, Termasuk listrik","Kasur, Bantal","K. Mandi Dalam, Kloset Jongkok, Wastafel","WiFi, Kulkas, R. Jemur, R. Santai, Dispenser, Dapur, Jemuran, CCTV",,,https://mamikos.com/room/kost-kota-bandung-kost-putri-murah-kost-asrama-cibeunying-kaler-bandung-1?redirection_source=landing%20area,-6.888321902441114,107.62957485020445
Kost Sunrise Tipe A Cibeunying Kidul Bandung,Putri,Rp575.000,575000,Cibeunying Kidul,Cibeunying Kidul,"Kost ini berlokasi dekat dengan jalan raya dengan akses yang hanya bisa dilalui oleh motor/sepeda, berlokasi dekat dengan Alfamart Bojong Koneng (885 m), Christian Church Pasundan Awiligar (2.4 km), Universitas Padjadjaran Kampus Dipatiukur (2.8 km), RS Umum Santo Yusup (555 m).","2.5 x 3 meter, Termasuk listrik","Kasur, Lemari / Storage, Ventilasi, Jendela, Bantal","Kloset Jongkok, K. Mandi Luar, Ember mandi","WiFi, R. Jemur, Dispenser, Dapur, Jemuran, K. Mandi Luar","Parkir Motor, Parkir Sepeda",,https://mamikos.com/room/kost-kota-bandung-kost-putri-murah-kost-sunrise-tipe-a-cibeunying-kidul-bandung?redirection_source=landing%20area,-6.897459772417708,107.64991319038428
Kost Kumeli 30 Tipe B Cibeunying Kaler Bandung,Putri,Rp1.350.000,1350000,Kecamatan Cibeunying Kaler,Cibeunying Kaler,"Kost ini berlokasi dekat dengan jalan raya dengan akses yang hanya bisa dilalui oleh motor/sepeda, berlokasi dekat dengan Warteg Aero (2.5 km), Alfamart Bojong Koneng (1.2 km), Masjid Pusdai (871 m), BSI KCP Bandung Dago (2.7 km), Universitas Padjadjaran Kampus Dipatiukur (1.8 km), RS Khusus Gigi dan Mulut UNPAD (1.7 km).","3 x 4 meter, Termasuk listrik","Kasur, Meja, Lemari / Storage, Jendela, Guling, Bantal, Kursi","K. Mandi Dalam, Kloset Duduk, K. Mandi Luar, Shower","WiFi, Kulkas, Mesin Cuci, Laundry, R. Tamu, Penjaga Kos, R. Jemur, R. Makan, Dispenser, Dapur",Parkir Motor,,https://mamikos.com/room/kost-kota-bandung-kost-putri-eksklusif-kost-kumeli-30-tipe-b-cibeunying-kaler-bandung-2?redirection_source=landing%20area,-6.887303314481203,107.62847607379476
Kost Muararajeun Lama 1 Tipe C Cibeunying Kaler Bandung,Campur,Rp750.000,750000,Cibeunying Kaler,Cibeunying Kaler,"Kost ini berlokasi dekat dengan jalan raya dengan akses yang hanya bisa dilalui oleh motor/sepeda, berlokasi dekat dengan Warteg Abadi (2.2 km), Alfamart A Yani 419 (1.3 km), Masjid Al Kautsar (2.0 km), Bank Mandiri Bandung Priority Banking Soerapatti (1.5 km), Universitas Padjadjaran Kampus Dipatiukur (1.8 km), RS Umum Santo Borromeus (2.1 km).","3.5 x 2 meter, Termasuk listrik","Kasur, Meja, Lemari / Storage, Ventilasi, Jendela, Bantal","Kloset Jongkok, K. Mandi Luar, Ember mandi","WiFi, R. Cuci, Penjaga Kos, R. Jemur, Jemuran, Pengurus Kos, Jual Makanan, K. Mandi Luar","Parkir Motor, Parkir Sepeda, Parkir Motor & Sepeda",,https://mamikos.com/room/kost-kota-bandung-kost-campur-eksklusif-kost-muararajeun-lama-1-tipe-c-cibeunying-kaler-bandung-2?redirection_source=landing%20area,-6.887552425927778,107.62793062517026
Kost Fenfen Premium Mandalajati Bandung,Campur,Rp1.500.000,1500000,Kecamatan Mandalajati,Mandalajati,"Kost ini berlokasi dekat dengan jalan raya dengan akses yang hanya bisa dilalui oleh motor/sepeda, berlokasi dekat dengan Warmindo Tongkrongan (3.1 km), PT. Indomarco Prismatama (952 m), Masjid Al Barokah (2.0 km), Universitas Widyatama (1.5 km), RS Umum Hermina Arcamanik (1.4 km).","9 x 8 meter, Tidak termasuk listrik","Jendela, Dapur Pribadi","K. Mandi Dalam, Kloset Jongkok, Wastafel, Ember mandi, Shower","WiFi, R. Jemur, Dapur, Jemuran, CCTV, Balcon","Parkir Mobil, Parkir Motor",,https://mamikos.com/room/kost-kota-bandung-kost-campur-eksklusif-kost-fenfen-premium-mandalajati-bandung?redirection_source=landing%20area,-6.895973122188499,107.67189473221092
Kost Mahameru Co Living Deluxe Cibeunying Kidul Bandung,Campur,Rp1.350.000,1350000,Kecamatan Cibeunying Kidul,Cibeunying Kidul,"Kost ini berlokasi dekat dengan jalan raya dengan akses masuk mobil, berlokasi dekat dengan Warteg Bahari (2.8 km), Alfamart (2.4 km), Masjid Al Jihad (592 m), Bank BJB - Cabang Utama Bandung (2.8 km), Institut Teknologi Nasional Bandung (1.6 km), RS Ibu dan Anak Al Islam (642 m).","3 x 3 meter, Tidak termasuk listrik","Kasur, Meja, Lemari / Storage, Jendela, Guling, Bantal, Kursi, Kipas Angin","Kloset Duduk, Kloset Jongkok, K. Mandi Luar, Wastafel, Shower, Air panas","WiFi, R. Cuci, Kulkas, Penjaga Kos, R. Jemur, R. Santai, Dispenser, Dapur, Jemuran, Pengurus Kos","Parkir Mobil, Parkir Motor & Sepeda",,https://mamikos.com/room/kost-kota-bandung-kost-campur-eksklusif-kost-mahameru-co-living-deluxe-cibeunying-kidul-bandung?redirection_source=landing%20area,-6.898294034821723,107.64959068336613
Kost Megumi Cikutra 4 Cibeunying Kidul Bandung,Putri,Rp1.100.000,1100000,Kecamatan Cibeunying Kidul,Cibeunying Kidul,"Kost ini berlokasi dekat dengan jalan raya dengan akses masuk mobil, berlokasi dekat dengan Warteg Cintaasih (2.4 km), Alfamart (2.0 km), Masjid Al Barokah (1.5 km), Bank BJB Weekend Banking (2.1 km), Universitas Widyatama (568 m), RS Ibu dan Anak Al Islam (896 m).","3 x 4 meter, Tidak termasuk listrik","Kasur, Meja, Lemari / Storage, Jendela, Guling, Bantal, Kursi","K. Mandi Dalam, Kloset Duduk, Ember mandi, Shower, Air panas","WiFi, Kulkas, R. Tamu, Penjaga Kos, R. Jemur, R. Makan, R. Santai, Dispenser, Dapur, Jemuran","Parkir Mobil, Parkir Motor, Parkir Sepeda, Parkir Motor & Sepeda",,https://mamikos.com/room/kost-kota-bandung-kost-putri-eksklusif-kost-megumi-cikutra-4-cibeunying-kidul-bandung?redirection_source=landing%20area,-6.900385215576431,107.64985147270394
Kost Nin Ae Tipe A Mandalajati Bandung,Campur,Rp1.800.000,1800000,Kecamatan Mandalajati,Mandalajati,"Kost ini berlokasi dekat dengan jalan raya dengan akses yang hanya bisa dilalui oleh motor/sepeda, berlokasi dekat dengan Warteg Permata (2.8 km), PT. Indomarco Prismatama (661 m), Masjid Al Barokah (1.7 km), Universitas Widyatama (1.4 km), RS Umum Hermina Arcamanik (1.2 km).","6 x 4 meter, Termasuk listrik","AC, Kasur, Lemari / Storage, Bantal, Kursi","K. Mandi Dalam, Kloset Duduk, K. Mandi Luar, Wastafel, Shower, Air panas","WiFi, Kulkas, Penjaga Kos, Dapur, Jemuran, Pengurus Kos, Jual Makanan, CCTV, Kartu Akses, K. Mandi Luar","Parkir Mobil, Parkir Motor, Parkir Sepeda, Parkir Motor & Sepeda",,https://mamikos.com/room/kost-kota-bandung-kost-campur-eksklusif-kost-nin-ae-tipe-a-mandalajati-bandung?redirection_source=landing%20area,-6.894969786628975,107.67275713693272
Kost Amanah Cikutra Tipe C Cibeunying Kaler Bandung,Putri,Rp700.000,700000,Kecamatan Cibeunying Kaler,Cibeunying Kaler,"Kost ini berlokasi dekat dengan jalan raya dengan akses yang hanya bisa dilalui oleh motor/sepeda, berlokasi dekat dengan Warteg Cintaasih (3.0 km), Alfamart (1.5 km), Christian Church Pasundan Awiligar (1.6 km), Bank BJB Weekend Banking (2.4 km), Institut Teknologi Nasional Bandung (627 m), RS Ibu dan Anak Al Islam (1.6 km).","2.5 x 3 meter, Tidak termasuk listrik","Kasur, Meja, Lemari / Storage, Bantal","Kloset Jongkok, K. Mandi Luar, Ember mandi, Bak mandi","WiFi, R. Tamu, Penjaga Kos, R. Jemur, R. Makan, R. Santai, Dapur, Jemuran, Pengurus Kos, Rooftop","Parkir Motor, Parkir Sepeda, Parkir Motor & Sepeda",,https://mamikos.com/room/kost-kota-bandung-kost-putri-murah-kost-amanah-cikutra-tipe-c-cibeunying-kaler-bandung?redirection_source=landing%20area,-6.887285081573127,107.62755854323837
Kost Keys Co Living Suites Cibeunying Kidul Bandung,Campur,Rp4.500.000,4500000,Cibeunying Kidul,Cibeunying Kidul,"Kost ini berlokasi dekat dengan jalan raya dengan akses masuk mobil, berlokasi dekat dengan Warteg Cintaasih (2.4 km), Alfamart (2.0 km), Masjid Al Barokah (1.5 km), Bank BJB Weekend Banking (2.1 km), Universitas Widyatama (571 m), RS Ibu dan Anak Al Islam (891 m).","5 x 5 meter, Tidak termasuk listrik","AC, Kasur, Lemari / Storage, Meja makan, Jendela, Guling, Dapur Pribadi, Cermin, Bantal, Kursi","K. Mandi Dalam, Kloset Duduk, Shower, Air panas","WiFi, R. Cuci, Kulkas, Penjaga Kos, R. Jemur, R. Makan, Mushola, Dispenser, Dapur, Jemuran","Parkir Mobil, Parkir Motor",,https://mamikos.com/room/kost-kota-bandung-kost-campur-eksklusif-kost-keys-co-living-suites-cibeunying-kidul-bandung?redirection_source=landing%20area,-6.898863665088795,107.65184706981124
Kost Rereng Barong Cibeunying Kaler Bandung,Putri,Rp900.000,900000,Cibeunying Kaler,Cibeunying Kaler,"Kost ini berlokasi dekat dengan jalan raya dengan akses yang hanya bisa dilalui oleh motor/sepeda, berlokasi dekat dengan Rumah Makan Pondok (959 m), Alfamart Bojong Koneng (1.5 km), Masjid MUI Kota Bandung (588 m), Institut Teknologi Nasional Bandung (801 m), Sinar Abadi Balubur Town Square (2.2 km).","3 x 3 meter, Tidak termasuk listrik","Kasur, Meja, Lemari / Storage, Kursi","Kloset Duduk, K. Mandi Luar, Shower","WiFi, Kulkas, R. Tamu, R. Jemur, R. Makan, Dispenser, Dapur, R. Keluarga, TV, K. Mandi Luar",Parkir Motor,,https://mamikos.com/room/kost-bandung-kost-putri-murah-kost-rereng-barong-cibeunying-kaler-bandung-1?redirection_source=landing%20area,-6.8855345977068225,107.62836535316045
Kost Dela Tipe B Antapani Bandung,Campur,Rp1.600.000,1600000,Antapani,Antapani,"Kost ini berlokasi dekat dengan jalan raya dengan akses masuk mobil, berlokasi dekat dengan Alfamart Cimuncang 2 (2.7 km), Masjid Al-Muhajirin (491 m).","4 x 5 meter, Tidak termasuk listrik","AC, Kasur, Meja, TV, Lemari / Storage, Jendela, Bantal, Kursi","K. Mandi Dalam, Kloset Duduk, Shower","WiFi, Kulkas, R. Tamu, Penjaga Kos, Mushola, Dispenser, Dapur, Jemuran, CCTV, TV","Parkir Mobil, Parkir Motor",,https://mamikos.com/room/kost-kota-bandung-kost-campur-eksklusif-kost-dela-tipe-b-antapani-bandung-4?redirection_source=landing%20area,-6.918976535964461,107.65935659612171
Kost Fira Tipe B Cibeunying Kaler Bandung,Campur,Rp1.000.000,1000000,Cibeunying Kaler,Cibeunying Kaler,"Kost ini berlokasi dekat dengan jalan raya dengan akses yang hanya bisa dilalui oleh motor/sepeda, berlokasi dekat dengan Warteg Abadi (2.2 km), Alfamart A Yani 419 (1.3 km), Masjid Pusdai (602 m), Bank Permata (2.3 km), Universitas Padjadjaran Kampus Dipatiukur (1.8 km), RS Umum Santo Borromeus (2.1 km).","3 x 3 meter, Termasuk listrik","Kasur, Meja, Lemari / Storage, Ventilasi, Jendela, Bantal, Kursi","K. Mandi Dalam, Kloset Duduk, Ember mandi","WiFi, R. Cuci, Laundry, Penjaga Kos, R. Jemur, Jemuran, Pengurus Kos, CCTV, Kartu Akses","Parkir Motor, Parkir Sepeda, Parkir Motor & Sepeda",,https://mamikos.com/room/kost-kota-bandung-kost-campur-eksklusif-kost-fira-tipe-b-cibeunying-kaler-bandung?redirection_source=landing%20area,-6.887029969825105,107.63048853290549
Kost Strategis Batununggal Bandung,Campur,Rp750.000,750000,Batununggal,Batununggal,"Kost ini berlokasi dekat dengan jalan raya dengan akses yang hanya bisa dilalui oleh motor/sepeda, berlokasi dekat dengan Warteg Permata (1.0 km), Alfamart A Yani 419 (399 m), Masjid Al Jihad (1.5 km), Universitas Padjadjaran Kampus Dipatiukur (3.3 km).","3 x 3 meter, Tidak termasuk listrik","Kasur, Meja, TV, Lemari / Storage, Ventilasi, Jendela, Guling, Bantal","Kloset Jongkok, K. Mandi Luar, Ember mandi","WiFi, R. Jemur, Pengurus Kos, TV, K. Mandi Luar","Parkir Motor, Parkir Sepeda",,https://mamikos.com/room/kost-bandung-kost-campur-eksklusif-kost-strategis-batununggal-bandung-1?redirection_source=landing%20area,-6.927726704675643,107.6385312734641
Kost Kantin Tipe A Antapani Bandung,Campur,Rp600.000,600000,Kecamatan Antapani,Antapani,"Kost ini berlokasi dekat dengan jalan raya dengan akses yang hanya bisa dilalui oleh motor/sepeda, berlokasi dekat dengan Warteg Cintaasih (2.8 km), PT. Indomarco Prismatama (1.6 km), Masjid Al Barokah (831 m), Bank Mandiri Bandung MTC (2.8 km), Universitas Widyatama (2.4 km), RS Ibu dan Anak Grha Bunda (1.2 km).","3 x 3 meter, Termasuk listrik","Kasur, Meja, Lemari / Storage, Bantal, Kursi","Kloset Jongkok, K. Mandi Luar","Laundry, Jemuran, Jual Makanan, Taman, K. Mandi Luar",Parkir Motor,,https://mamikos.com/room/kost-kota-bandung-kost-campur-murah-kost-kantin-tipe-a-antapani-bandung?redirection_source=landing%20area,-6.919339912781759,107.66185365923204
Kost Shelvi Home Tipe 2 Cibeunying Kidul Bandung,Putri,Rp1.000.000,1000000,Cibeunying Kidul,Cibeunying Kidul,"Kost ini berlokasi dekat dengan jalan raya dengan akses yang hanya bisa dilalui oleh motor/sepeda, berlokasi dekat dengan Alfamart Bojong Koneng (245 m), Christian Church Pasundan Awiligar (1.9 km), Universitas Widyatama (210 m).","3 x 4 meter, Termasuk listrik","Kasur, Lemari / Storage, Cermin","K. Mandi Dalam, Kloset Jongkok, Ember mandi","WiFi, R. Jemur, R. Makan, Dapur",Parkir Motor,,https://mamikos.com/room/kost-kota-bandung-kost-putri-eksklusif-kost-shelvi-home-tipe-2-cibeunying-kidul-bandung?redirection_source=landing%20area,-6.8999651620352545,107.64868920709444
Kost Palm Bridge Tipe B Cimenyan Bandung,Putra,Rp875.000,875000,Cimenyan,Cimenyan,"Kost ini berlokasi dekat dengan jalan raya dengan akses yang hanya bisa dilalui oleh motor/sepeda, berlokasi dekat dengan Alfamart Bojong Koneng (1.3 km), Christian Church Pasundan Awiligar (875 m), Universitas Padjadjaran Kampus Dipatiukur (1.9 km), Sinar Abadi Balubur Town Square (2.9 km).","3 x 3.5 meter, Termasuk listrik","Kasur, Meja, Lemari / Storage","Kloset Duduk, K. Mandi Luar, Ember mandi","WiFi, Mesin Cuci, R. Tamu, R. Jemur, R. Santai, Balcon","Parkir Motor, Parkir Sepeda",,https://mamikos.com/room/kost-bandung-kost-putra-eksklusif-kost-palm-bridge-cimenyan-bandung-1?redirection_source=landing%20area,-6.881270998314705,107.66563102101716
Kost Seke In 2 Cibeunying Kidul Bandung,Campur,Rp700.000,700000,Cibeunying Kidul,Cibeunying Kidul,"Kost ini berlokasi dekat dengan jalan raya dengan akses yang hanya bisa dilalui oleh motor/sepeda, berlokasi dekat dengan Warteg Cintaasih (2.2 km), Alfamart Cimuncang 2 (851 m), Masjid Al Barokah (1.1 km), Bank BJB Weekend Banking (2.1 km), Universitas Widyatama (761 m), RS Ibu dan Anak Al Islam (730 m).","3 x 4 meter, Tidak termasuk listrik","Kasur, Meja, Lemari / Storage, Jendela, Guling, Cermin, Bantal","K. Mandi Dalam, Kloset Duduk, Ember mandi","WiFi, Kulkas, Penjaga Kos, Dispenser, Dapur, Jemuran, Pengurus Kos, CCTV, Rooftop, Balcon","Parkir Motor, Parkir Sepeda, Parkir Motor & Sepeda",,https://mamikos.com/room/kost-kota-bandung-kost-campur-murah-kost-seke-in-2-cibeunying-kidul-bandung-2?redirection_source=landing%20area,-6.897221141262303,107.64834821317383
Kost Pondok Audit Double Deluxe Cimenyan Bandung,Putri,Rp1.350.000,1350000,Cimenyan,Cimenyan,"Kost ini berlokasi dekat dengan jalan raya dengan akses yang hanya bisa dilalui oleh motor/sepeda, berlokasi dekat dengan Warteg Permata (3.2 km), Alfamart Cimuncang 2 (1.1 km), Christian Church Pasundan Awiligar (2.1 km), Universitas Widyatama (1.2 km), RS Umum Hermina Arcamanik (2.2 km).","4 x 4 meter, Termasuk listrik","Kasur, Meja, Jendela, Cermin, Bantal, Kursi","Kloset Duduk, K. Mandi Luar, Ember mandi, Shower, Air panas","WiFi, R. Cuci, Kulkas, Mesin Cuci, R. Tamu, Penjaga Kos, R. Jemur, R. Santai, Dispenser, Dapur","Parkir Motor, Parkir Sepeda, Parkir Motor & Sepeda",,https://mamikos.com/room/kost-kabupaten-bandung-kost-putri-eksklusif-kost-pondok-audit-double-deluxe-cimenyan-bandung?redirection_source=landing%20area,-6.879475476836892,107.6636533254134
Kost Nin Ae Tife F Mandalajati Bandung,Campur,Rp1.100.000,1100000,Kecamatan Mandalajati,Mandalajati,"Kost ini berlokasi dekat dengan jalan raya dengan akses yang hanya bisa dilalui oleh motor/sepeda, berlokasi dekat dengan Warteg Permata (2.8 km), PT. Indomarco Prismatama (661 m), Masjid Al Barokah (1.7 km), Universitas Widyatama (1.4 km), RS Umum Hermina Arcamanik (1.2 km).","3 x 4 meter, Termasuk listrik","Kasur, Meja, Lemari / Storage, Ventilasi, Cermin, Bantal, Kursi, Cleaning service","Kloset Duduk, K. Mandi Luar, Wastafel, Shower, Air panas","WiFi, Penjaga Kos, Jemuran, Pengurus Kos, Jual Makanan, CCTV, Kartu Akses, K. Mandi Luar","Parkir Mobil, Parkir Motor, Parkir Sepeda, Parkir Motor & Sepeda",,https://mamikos.com/room/kost-kota-bandung-kost-campur-eksklusif-kost-nin-ae-tife-f-mandalajati-bandung?redirection_source=landing%20area,-6.89533949169199,107.67183110353139
Kost Saung Bambu Muda Tipe B Cibeunying Kaler Bandung,Putri,Rp1.350.000,1350000,Cibeunying Kaler,Cibeunying Kaler,"Kost ini berlokasi dekat dengan jalan raya dengan akses yang hanya bisa dilalui oleh motor/sepeda, berlokasi dekat dengan Rumah Makan Pondok (942 m), Alfamart Bojong Koneng (1.5 km), Masjid MUI Kota Bandung (670 m), Universitas Padjadjaran Kampus Dipatiukur (1.5 km), Sinar Abadi Balubur Town Square (2.3 km).","3.2 x 2.5 meter, Termasuk listrik","Kasur, Meja, Lemari / Storage, Ventilasi, Jendela, Guling, Cermin, Bantal, Kursi","Kloset Duduk, K. Mandi Luar, Wastafel, Ember mandi, Shower, Air panas","WiFi, Kulkas, Mesin Cuci, R. Jemur, R. Santai, Dapur, Jemuran, Rice Cooker, Taman, K. Mandi Luar",Parkir Motor & Sepeda,,https://mamikos.com/room/kost-kota-bandung-kost-putri-eksklusif-kost-saung-bambu-muda-tipe-b-cibeunying-kaler-bandung-2?redirection_source=landing%20area,-6.884722008720911,107.62910170419825
Kost Huni Hijau Cibeunying Kidul Bandung,Putri,Rp1.250.000,1250000,Kecamatan Cibeunying Kidul,Cibeunying Kidul,"Kost ini berlokasi dekat dengan jalan raya dengan akses yang hanya bisa dilalui oleh motor/sepeda, berlokasi dekat dengan Warteg Abadi (3.2 km), Alfamart (1.8 km), Masjid Al Barokah (1.6 km), Bank BJB Weekend Banking (1.8 km), Institut Teknologi Nasional Bandung (652 m), RS Ibu dan Anak Al Islam (733 m).","3 x 3 meter, Termasuk listrik","Kasur, Meja, Lemari / Storage, Jendela, Cermin, Bantal, Kursi","Kloset Duduk, K. Mandi Luar, Wastafel, Shower","WiFi, Kulkas, R. Jemur, Dispenser, Dapur, Jemuran, Pengurus Kos, CCTV, Balcon","Parkir Motor, Parkir Sepeda",,https://mamikos.com/room/kost-kota-bandung-kost-putri-eksklusif-kost-huni-hijau-cibeunying-kidul-bandung?redirection_source=landing%20area,-6.896584910933138,107.64908772342446
Kost Kumeli 30 Standart Cibeunying Kaler Bandung,Putri,Rp950.000,950000,Kecamatan Cibeunying Kaler,Cibeunying Kaler,"Kost ini berlokasi dekat dengan jalan raya dengan akses yang hanya bisa dilalui oleh motor/sepeda, berlokasi dekat dengan Warteg Aero (2.5 km), Alfamart Bojong Koneng (1.2 km), Masjid Pusdai (871 m), BSI KCP Bandung Dago (2.7 km), Universitas Padjadjaran Kampus Dipatiukur (1.8 km), RS Khusus Gigi dan Mulut UNPAD (1.7 km).","3 x 4 meter, Termasuk listrik","Kasur, Meja, Lemari / Storage, Jendela, Guling, Bantal, Kursi","Kloset Duduk, K. Mandi Luar, Shower","WiFi, Kulkas, Mesin Cuci, Laundry, R. Tamu, Penjaga Kos, R. Jemur, R. Makan, Dispenser, Dapur",Parkir Motor,,https://mamikos.com/room/kost-kota-bandung-kost-putri-murah-kost-kumeli-30-standart-cibeunying-kaler-bandung-1?redirection_source=landing%20area,-6.885375556810349,107.62821703917959
Kost Pondok Salsabila Antapani Bandung,Putri,Rp650.000,650000,Antapani,Antapani,"Kost ini berlokasi dekat dengan jalan raya dengan akses yang hanya bisa dilalui oleh motor/sepeda, berlokasi dekat dengan Warteg Cintaasih (2.7 km), PT. Indomarco Prismatama (1.7 km), Masjid Al Barokah (890 m), Bank Mandiri Bandung MTC (2.7 km), Universitas Widyatama (2.5 km), RS Ibu dan Anak Grha Bunda (1.2 km).","3 x 4 meter, Termasuk listrik","Kasur, Lemari / Storage","K. Mandi Dalam, Kloset Duduk, Ember mandi","R. Cuci, Laundry, R. Jemur, Dapur","Parkir Motor, Parkir Sepeda",,https://mamikos.com/room/kost-kota-bandung-kost-putri-eksklusif-kost-pondok-salsabila-antapani-bandung-2?redirection_source=landing%20area,-6.9188276904800805,107.66039446771079
Kost Cikampek 16 Antapani Bandung,Putri,Rp650.000,650000,Antapani,Antapani,"Kost ini berlokasi dekat dengan jalan raya dengan akses yang hanya bisa dilalui oleh motor/sepeda, berlokasi dekat dengan Warteg Cintaasih (2.7 km), Alfamart Cimuncang 2 (1.8 km), Masjid Al Barokah (653 m), Bank Mandiri Bandung MTC (2.9 km), Universitas Widyatama (2.2 km), RS Ibu dan Anak Grha Bunda (1.1 km).","3 x 3 meter, Termasuk listrik","Kasur, Lemari / Storage, Guling, Bantal","Kloset Duduk, K. Mandi Luar, Ember mandi","WiFi, R. Cuci, Kulkas, Mesin Cuci, R. Jemur, R. Makan, R. Santai, Dapur, Jemuran, Pengurus Kos","Parkir Motor, Parkir Sepeda",,https://mamikos.com/room/kost-kota-bandung-kost-putri-murah-kost-cikampek-16-antapani-bandung-1?redirection_source=landing%20area,-6.9178819095452475,107.65867985634749
Kost Sunrise Tipe B Cibeunying Kidul Bandung,Putri,Rp675.000,675000,Cibeunying Kidul,Cibeunying Kidul,"Kost ini berlokasi dekat dengan jalan raya dengan akses yang hanya bisa dilalui oleh motor/sepeda, berlokasi dekat dengan Alfamart Bojong Koneng (885 m), Christian Church Pasundan Awiligar (2.4 km), Universitas Padjadjaran Kampus Dipatiukur (2.8 km), RS Umum Santo Yusup (555 m).","3 x 3 meter, Termasuk listrik","Kasur, Lemari / Storage, Ventilasi, Jendela, Bantal","K. Mandi Dalam, Kloset Jongkok, K. Mandi Luar","WiFi, R. Jemur, Dispenser, Dapur, Jemuran, K. Mandi Luar","Parkir Motor, Parkir Sepeda",,https://mamikos.com/room/kost-kota-bandung-kost-putri-murah-kost-sunrise-tipe-b-cibeunying-kidul-bandung-1?redirection_source=landing%20area,-6.899946565385625,107.65083528150876
Kost Wahjoewono Tipe A Antapani Bandung,Putri,Rp800.000,800000,Antapani,Antapani,"Kost ini berlokasi dekat dengan jalan raya dengan akses yang hanya bisa dilalui oleh motor/sepeda, berlokasi dekat dengan Alfamart Cimuncang 2 (925 m), Masjid Al Barokah (530 m), Akademi Pariwisata BSI Bandung (642 m).","3.2 x 3.6 meter, Termasuk listrik","Kasur, Meja, Lemari / Storage, Meja makan, Jendela, Bantal, Wastafel, Kursi","Kloset Jongkok, K. Mandi Luar, Wastafel, Ember mandi, Shower","WiFi, R. Cuci, R. Tamu, Penjaga Kos, R. Jemur, R. Makan, Dapur, Jemuran, Pengurus Kos, K. Mandi Luar",Parkir Motor,,https://mamikos.com/room/kost-kota-bandung-kost-putri-murah-kost-wahjoewono-tipe-a-antapani-bandung?redirection_source=landing%20area,-6.91733198158149,107.66002704016344
Kost Nyaman Murah Cimenyan Bandung,Campur,Rp600.000,600000,Kecamatan Cimenyan,Cimenyan,"Kost ini berlokasi dekat dengan jalan raya dengan akses yang hanya bisa dilalui oleh motor/sepeda, berlokasi dekat dengan Warteg Gaul (2.0 km), Alfamart (1.2 km), Christian Church Pasundan Awiligar (528 m), Bank Mandiri Bandung Priority Banking Soerapatti (2.5 km), Institut Teknologi Nasional Bandung (1.7 km), RS Khusus Ginjal NY R.A. Habibie (1.4 km).","3 x 3 meter, Termasuk listrik",Kasur,"Kloset Jongkok, K. Mandi Luar, Ember mandi","WiFi, R. Jemur, Pengurus Kos, CCTV",Parkir Motor & Sepeda,,https://mamikos.com/room/kost-kabupaten-bandung-kost-campur-murah-kost-nyaman-murah-cimenyan-bandung?redirection_source=landing%20area,-6.879699550696266,107.66401977372814
Kost Roemah Way Cibeunying Kaler Bandung,Putri,Rp1.500.000,1500000,Kecamatan Cibeunying Kaler,Cibeunying Kaler,"Kost ini berlokasi dekat dengan jalan raya dengan akses masuk mobil, berlokasi dekat dengan Warteg Gaul (1.8 km), Alfamart (2.3 km), Christian Church Pasundan Awiligar (788 m), Bank BJB Weekend Banking (2.8 km), Institut Teknologi Bandung (2.4 km), RS Ibu dan Anak Al Islam (2.8 km).","3 x 3 meter, Tidak termasuk listrik","Kasur, Lemari / Storage, Ventilasi, Jendela, Guling, Bantal","K. Mandi Dalam, Kloset Duduk, Ember mandi, Shower","WiFi, R. Santai, Dapur, Jemuran, Pengurus Kos, CCTV, Rooftop, Gazebo","Parkir Mobil, Parkir Motor",,https://mamikos.com/room/kost-kota-bandung-kost-putri-eksklusif-kost-roemah-way-cibeunying-kaler-bandung?redirection_source=landing%20area,-6.887457214807884,107.62943217186029
Kost Boarding House Naga Malim With Bathroom Tipe A Cibeunying Kidul Bandung,Campur,Rp1.400.000,1400000,Cibeunying Kidul,Cibeunying Kidul,"Kost ini berlokasi dekat dengan jalan raya dengan akses yang hanya bisa dilalui oleh motor/sepeda, berlokasi dekat dengan Alfamart A Yani 419 (763 m), Christian Church Pasundan Awiligar (2.8 km), Universitas Widyatama (854 m).","4 x 9 meter, Tidak termasuk listrik","Jendela, Dapur Pribadi","K. Mandi Dalam, Kloset Jongkok","WiFi, Pengurus Kos, CCTV","Parkir Motor, Parkir Sepeda",,https://mamikos.com/room/kost-bandung-kost-campur-eksklusif-kost-boarding-house-naga-malim-with-bathroom-tipe-a-cibeunying-kidul-bandung?redirection_source=landing%20area,-6.898454359077163,107.65143651608042
Kost Cikaso 86E Cibeunying Kidul Bandung,Putra,Rp1.350.000,1350000,Cibeunying Kidul,Cibeunying Kidul,"Kost ini berlokasi dekat dengan jalan raya dengan akses yang hanya bisa dilalui oleh motor/sepeda, berlokasi dekat dengan Rumah Makan Boemi Mitoha (925 m), Alfamart A Yani 419 (657 m), Masjid Al Jihad (839 m), Bank BJB Weekend Banking (879 m), Universitas Padjadjaran Kampus Dipatiukur (2.5 km), RS Ibu dan Anak Al Islam (652 m).","3 x 3 meter, Tidak termasuk listrik","AC, Kasur, Meja, Lemari / Storage, Ventilasi","K. Mandi Dalam, Kloset Duduk, Shower, Air panas","R. Cuci, Penjaga Kos, R. Makan, R. Santai, Dapur, TV","Parkir Mobil, Parkir Motor",,https://mamikos.com/room/kost-kota-bandung-kost-putra-eksklusif-kost-cikaso-86e-cibeunying-kidul-bandung-?redirection_source=landing%20area,-6.899751797247646,107.64822058549903
Kost Alshab Tipe C Cimenyan Bandung,Campur,Rp775.000,775000,Cimenyan,Cimenyan,"Kost ini berlokasi dekat dengan jalan raya dengan akses yang hanya bisa dilalui oleh motor/sepeda, berlokasi dekat dengan Warmindo Tongkrongan (2.2 km), Alfamart West Cikutra (1.7 km), Christian Church Pasundan Awiligar (1.5 km), Universitas Widyatama (1.2 km), RS Ibu dan Anak Al Islam (2.7 km).","3 x 4 meter, Tidak termasuk listrik","Kasur, Lemari / Storage, Ventilasi, Jendela, Bantal","K. Mandi Dalam, Kloset Jongkok, Ember mandi, Shower","WiFi, R. Jemur, Dapur, Jemuran, Pengurus Kos",Parkir Motor,,https://mamikos.com/room/kost-kabupaten-bandung-kost-campur-eksklusif-kost-alshab-tipe-c-cimenyan-bandung?redirection_source=landing%20area,-6.879749289415309,107.66221017576235
Kost Amanda Tipe A Antapani Bandung,Putri,Rp1.600.000,1600000,Kecamatan Antapani,Antapani,"Kost ini berlokasi dekat dengan jalan raya dengan akses yang hanya bisa dilalui oleh motor/sepeda, berlokasi dekat dengan Warteg Cintaasih (1.8 km), Alfamart A Yani 419 (808 m), Masjid Al Barokah (650 m), Bank BJB Weekend Banking (2.3 km), Universitas Widyatama (1.7 km), RS Ibu dan Anak Grha Bunda (34 m).","3 x 3 meter, Tidak termasuk listrik","AC, Kasur, Meja, Lemari / Storage, Ventilasi, Jendela, Guling, Bantal","K. Mandi Dalam, Kloset Duduk, Shower","WiFi, Kulkas, R. Tamu, Dispenser, Dapur, Jemuran, Pengurus Kos, CCTV",Parkir Motor,,https://mamikos.com/room/kost-kota-bandung-kost-putri-eksklusif-kost-amanda-tipe-a-antapani-bandung?redirection_source=landing%20area,-6.916233079041574,107.65883532888036
Kost Rumah Sepuluh Cibeunying Kidul Bandung,Putra,Rp850.000,850000,Kecamatan Cibeunying Kidul,Cibeunying Kidul,"Kost ini berlokasi dekat dengan jalan raya dengan akses yang hanya bisa dilalui oleh motor/sepeda, berlokasi dekat dengan Warteg Cintaasih (2.4 km), Alfamart (1.7 km), Masjid Al Barokah (1.7 km), Bank BJB Weekend Banking (1.9 km), Institut Teknologi Nasional Bandung (505 m), RS Ibu dan Anak Al Islam (968 m).","3 x 3 meter, Tidak termasuk listrik","Kasur, Meja, Lemari / Storage, Ventilasi, Jendela, Guling, Cermin, Bantal, Kursi, Kipas Angin","Kloset Duduk, K. Mandi Luar, Ember mandi","WiFi, Kulkas, Dapur, Jemuran, CCTV",Parkir Motor,,https://mamikos.com/room/kost-kota-bandung-kost-putra-murah-kost-rumah-sepuluh-cibeunying-kidul-bandung-2?redirection_source=landing%20area,-6.8993209484999545,107.65145713167807
Kost Orange Tipe G Cikondang Coblong Bandung,Campur,Rp1.300.000,1300000,Coblong,Coblong,"Kost ini berlokasi dekat dengan jalan raya dengan akses yang hanya bisa dilalui oleh motor/sepeda, berlokasi dekat dengan Warteg Gaul (1.7 km), Alfamart Bojong Koneng (1.5 km), Masjid MUI Kota Bandung (518 m), BSI KCP Bandung Dago (2.0 km), Universitas Padjadjaran Kampus Dipatiukur (1.5 km), RS Umum Santo Borromeus (1.9 km).","4 x 6 meter, Termasuk listrik","Kasur, Meja, Lemari / Storage, Kursi","K. Mandi Dalam, Kloset Jongkok, Ember mandi, Shower","WiFi, Kulkas, R. Jemur, Dispenser, Dapur, Balcon, TV",Parkir Motor,,https://mamikos.com/room/kost-kota-bandung-kost-campur-eksklusif-kost-orange-tipe-g-cikondang-coblong-bandung?redirection_source=landing%20area,-6.879264167968261,107.61285660022628
Kost Guyub Tipe A Cibeunying Kaler Bandung,Campur,Rp600.000,600000,Cibeunying Kaler,Cibeunying Kaler,"Kost ini berlokasi dekat dengan jalan raya dengan akses yang hanya bisa dilalui oleh motor/sepeda, berlokasi dekat dengan Warteg Abadi (2.2 km), Alfamart (1.3 km), Church In Bandung (2.5 km), Bank BJB Weekend Banking (984 m), Institut Teknologi Nasional Bandung (808 m), RS Ibu dan Anak Al Islam (1.2 km).","3 x 3 meter, Termasuk listrik","Kasur, Lemari / Storage, Guling, Cermin","Kloset Jongkok, K. Mandi Luar, Ember mandi","WiFi, R. Jemur, Jemuran, Pengurus Kos, CCTV, Balcon, K. Mandi Luar",Parkir Motor & Sepeda,,https://mamikos.com/room/kost-kota-bandung-kost-campur-murah-kost-guyub-tipe-a-cibeunying-kaler-bandung?redirection_source=landing%20area,-6.884337006126502,107.62878949445323
Kost Alshab Tipe A Cimenyan Bandung,Campur,Rp775.000,775000,Cimenyan,Cimenyan,"Kost ini berlokasi dekat dengan jalan raya dengan akses yang hanya bisa dilalui oleh motor/sepeda, berlokasi dekat dengan Rumah Makan Pondok (3.1 km), Circle K Cisangkuy (3.4 km), Masjid Asy Syamsi (1.8 km), Universitas Widyatama (1.2 km), RS Ibu dan Anak Al Islam (2.7 km).","3 x 4 meter, Tidak termasuk listrik","Kasur, Lemari / Storage, Ventilasi, Jendela, Bantal","K. Mandi Dalam, Kloset Jongkok, Ember mandi, Shower","WiFi, R. Jemur, Dapur, Jemuran, Pengurus Kos",Parkir Motor,,https://mamikos.com/room/kost-kabupaten-bandung-kost-campur-eksklusif-kost-alshab-tipe-a-cimenyan-bandung?redirection_source=landing%20area,-6.880938959507643,107.66430512557982
Kost BP52 Cibeunying Kaler Bandung,Putri,Rp700.000,700000,Kecamatan Cibeunying Kaler,Cibeunying Kaler,"Kost ini berlokasi dekat dengan jalan raya dengan akses yang hanya bisa dilalui oleh motor/sepeda, berlokasi dekat dengan Alfamart Bojong Koneng (1.5 km), Masjid MUI Kota Bandung (639 m), Universitas Padjadjaran Kampus Dipatiukur (1.5 km), Sinar Abadi Balubur Town Square (2.3 km).","3 x 4 meter, Termasuk listrik","Kasur, Ventilasi, Jendela","K. Mandi Dalam, Kloset Duduk, K. Mandi Luar","WiFi, R. Jemur, Dapur, Jemuran, Pengurus Kos, CCTV, K. Mandi Luar",Parkir Motor,,https://mamikos.com/room/kost-kota-bandung-kost-putri-murah-kost-bp52-cibeunying-kaler-bandung?redirection_source=landing%20area,-6.885091041810561,107.6272546552583
Kost Muararajeun Lama 2 Tipe C Cibeunying Kaler Bandung,Campur,Rp850.000,850000,Cibeunying Kaler,Cibeunying Kaler,"Kost ini berlokasi dekat dengan jalan raya dengan akses yang hanya bisa dilalui oleh motor/sepeda, berlokasi dekat dengan Rumah Makan Boemi Mitoha (593 m), Alfamart A Yani 419 (1.3 km), Masjid Pusdai (561 m), Universitas Padjadjaran Kampus Dipatiukur (1.8 km), Sinar Abadi Balubur Town Square (2.3 km).","3 x 3 meter, Termasuk listrik","Kasur, Meja, Lemari / Storage, Ventilasi, Jendela, Bantal","Kloset Jongkok, K. Mandi Luar, Ember mandi","WiFi, R. Cuci, R. Jemur, Dapur, Jemuran, Pengurus Kos, Jual Makanan, CCTV, K. Mandi Luar","Parkir Motor, Parkir Sepeda, Parkir Motor & Sepeda",,https://mamikos.com/room/kost-kota-bandung-kost-campur-eksklusif-kost-muararajeun-lama-2-tipe-c-cibeunying-kaler-bandung?redirection_source=landing%20area,-6.886994625750889,107.62836902579585
Kost Ibu Tina Tipe A Cibeunying Kidul Bandung,Putri,Rp900.000,900000,Kecamatan Cibeunying Kidul,Cibeunying Kidul,"Kost ini berlokasi dekat dengan jalan raya dengan akses yang hanya bisa dilalui oleh motor/sepeda, berlokasi dekat dengan Warteg Abadi (3.1 km), Alfamart A Yani 419 (282 m), Masjid Pusdai (1.6 km), Bank Mandiri Bandung Priority Banking Soerapatti (2.5 km), Institut Teknologi Nasional Bandung (1.2 km), RS Umum Santo Yusup (625 m).","3 x 4 meter, Tidak termasuk listrik","Kasur, Lemari / Storage, Ventilasi, Jendela, Guling, Dapur Pribadi, Bantal, Wastafel","K. Mandi Dalam, Kloset Jongkok, Wastafel, Ember mandi","WiFi, R. Cuci, R. Jemur, R. Santai, Dapur, Jemuran, Pengurus Kos, Rooftop, Balcon, Gazebo","Parkir Motor, Parkir Sepeda, Parkir Motor & Sepeda",,https://mamikos.com/room/kost-kota-bandung-kost-putri-murah-kost-ibu-tina-tipe-a-cibeunying-kidul-bandung?redirection_source=landing%20area,-6.896748764947244,107.65000053801933
Kost Cikutra Babakan Sukapada Bandung,Putra,Rp475.000,475000,Cibeunying Kidul,Cibeunying Kidul,"Kost ini berlokasi dekat dengan jalan raya dengan akses yang hanya bisa dilalui oleh motor/sepeda, berlokasi dekat dengan Alfamart Bojong Koneng (198 m), Christian Church Pasundan Awiligar (1.9 km), Universitas Widyatama (222 m).","2.3 x 3 meter, Termasuk listrik","Kasur, Meja, Lemari / Storage, Kursi","K. Mandi Dalam, Kloset Jongkok, Ember mandi","R. Jemur, Dapur","Parkir Motor, Parkir Sepeda",,https://mamikos.com/room/kost-kota-bandung-kost-putra-murah-kost-cikutra-babakan-sukapada-bandung?redirection_source=landing%20area,-6.8995376295397985,107.65052734956197
Kost Samz Cibeunying Kidul Bandung,Putri,Rp700.000,700000,Cibeunying Kidul,Cibeunying Kidul,"Kost ini berlokasi dekat dengan jalan raya dengan akses yang hanya bisa dilalui oleh motor/sepeda, berlokasi dekat dengan Alfamart A Yani 419 (198 m), Church In Bandung (2.5 km), Universitas Padjadjaran Kampus Dipatiukur (2.9 km), RS Ibu dan Anak Al Islam (76 m), Bandung Electronic Center (3.3 km).","2.5 x 2.5 meter, Termasuk listrik","Kasur, Dispenser, Meja, Lemari / Storage, Kursi, Kipas Angin","Kloset Jongkok, K. Mandi Luar, Wastafel, Ember mandi, Shower","WiFi, R. Tamu, R. Jemur, Dapur","Parkir Motor, Parkir Sepeda",,https://mamikos.com/room/kost-kota-bandung-kost-putri-eksklusif-kost-samz-cibeunying-kidul-bandung?redirection_source=landing%20area,-6.8974475539616,107.64819348201759
Kost Pondok Sarashe Antapani Bandung,Campur,Rp1.200.000,1200000,Antapani,Antapani,"Kost ini berlokasi dekat dengan jalan raya dengan akses yang hanya bisa dilalui oleh motor/sepeda, berlokasi dekat dengan Rumah Makan Murah (1.8 km), Alfamart Cimuncang 2 (2.2 km), Masjid Al-Muhajirin (826 m), Bank Mandiri Bandung MTC (2.6 km), Universitas Widyatama (2.7 km), RS Ibu dan Anak Grha Bunda (1.5 km).","4.5 x 3.5 meter, Termasuk listrik","Kasur, Lemari / Storage, Ventilasi, Jendela, Cermin","K. Mandi Dalam, Kloset Jongkok, Ember mandi","WiFi, Kulkas, R. Tamu, Penjaga Kos, R. Jemur, Dapur, Jemuran, Pengurus Kos, CCTV, R. Keluarga","Parkir Mobil, Parkir Motor, Parkir Sepeda",,https://mamikos.com/room/kost-bandung-kost-campur-eksklusif-kost-pondok-sarashe-antapani-bandung-2?redirection_source=landing%20area,-6.9165889331163815,107.65794897466004
Kost Bu Gundari Tipe A Cibeunying Kidul Bandung,Campur,Rp500.000,500000,Kecamatan Cibeunying Kidul,Cibeunying Kidul,"Kost ini berlokasi dekat dengan jalan raya dengan akses yang hanya bisa dilalui oleh motor/sepeda, berlokasi dekat dengan Warteg Permata (2.4 km), Alfamart (2.3 km), Masjid Al Barokah (1.6 km), Bank BJB Weekend Banking (2.7 km), Universitas Widyatama (133 m), RS Ibu dan Anak Al Islam (1.5 km).","3 x 4 meter, Tidak termasuk listrik","Kasur, Meja, Lemari / Storage, Ventilasi, Jendela","K. Mandi Dalam, Kloset Duduk, Kloset Jongkok, K. Mandi Luar, Ember mandi","WiFi, R. Jemur, Dapur, Jemuran, CCTV, Balcon, K. Mandi Luar","Parkir Motor, Parkir Sepeda, Parkir Motor & Sepeda",,https://mamikos.com/room/kost-kota-bandung-kost-campur-murah-kost-bu-gundari-tipe-a-cibeunying-kidul-bandung?redirection_source=landing%20area,-6.8984388707442195,107.64894673882729
Kost Sindang Sari Tipe A Antapani Bandung,Campur,Rp750.000,750000,Antapani,Antapani,"Kost ini berlokasi dekat dengan jalan raya dengan akses yang hanya bisa dilalui oleh motor/sepeda, berlokasi dekat dengan Warteg Permata (2.4 km), Alfamart Cimuncang 2 (1.8 km), Masjid Al Barokah (1.4 km), Bank Syariah Indonesia KK Bandung RS Al Islam (3.4 km), Universitas Widyatama (2.4 km), RS Umum Hermina Arcamanik (600 m).","3 x 4 meter, Termasuk listrik","Kasur, Meja, Lemari / Storage, Ventilasi, Jendela, Guling, Cermin, Bantal, Wastafel","Kloset Jongkok, K. Mandi Luar, Wastafel, Ember mandi, Bak mandi","WiFi, R. Cuci, Laundry, Laundry, R. Tamu, Penjaga Kos, R. Jemur, R. Makan, R. Santai, Dapur","Parkir Mobil, Parkir Motor, Parkir Sepeda",,https://mamikos.com/room/kost-kota-bandung-kost-campur-murah-kost-sindang-sari-tipe-a-antapani-bandung?redirection_source=landing%20area,-6.919764261522902,107.65859752716482
Kost Muararajeun Lama 2 Tipe A Cibeunying Kaler Bandung,Campur,Rp1.000.000,1000000,Cibeunying Kaler,Cibeunying Kaler,"Kost ini berlokasi dekat dengan jalan raya dengan akses yang hanya bisa dilalui oleh motor/sepeda, berlokasi dekat dengan Warteg Abadi (2.2 km), Alfamart A Yani 419 (1.3 km), Masjid Al Kautsar (2.0 km), Bank Mandiri Bandung Priority Banking Soerapatti (1.5 km), Universitas Padjadjaran Kampus Dipatiukur (1.8 km), RS Umum Santo Borromeus (2.1 km).","3.5 x 2.5 meter, Termasuk listrik","Kasur, Meja, Lemari / Storage, Ventilasi, Jendela, Dapur Pribadi, Bantal, Wastafel","K. Mandi Dalam, Kloset Jongkok, Ember mandi","WiFi, R. Cuci, Penjaga Kos, R. Jemur, Jemuran, Jual Makanan","Parkir Motor, Parkir Sepeda",,https://mamikos.com/room/kost-kota-bandung-kost-campur-eksklusif-kost-muararajeun-lama-2-tipe-a-cibeunying-kaler-bandung?redirection_source=landing%20area,-6.888077236887015,107.62809363042342
Kost Ai Eli Antapani Bandung,Campur,Rp800.000,800000,Antapani,Antapani,"Kost ini berlokasi dekat dengan jalan raya dengan akses yang hanya bisa dilalui oleh motor/sepeda, berlokasi dekat dengan Warteg Permata (2.3 km), PT. Indomarco Prismatama (2.3 km), Masjid Al-Muhajirin (530 m), Bank Syariah Indonesia KK Bandung RS Al Islam (2.2 km), Universitas Widyatama (3.3 km), RS Ibu dan Anak Humana Prima (2.3 km).","3 x 5 meter, Tidak termasuk listrik","Kasur, Lemari / Storage, Kulkas, Ventilasi, Jendela, Guling, Dapur Pribadi, Cermin, Bantal","K. Mandi Dalam, Kloset Jongkok, Ember mandi","Dapur, Jemuran, CCTV","Parkir Mobil, Parkir Motor",,https://mamikos.com/room/kost-kota-bandung-kost-campur-murah-kost-ai-eli-antapani-bandung?redirection_source=landing%20area,-6.919316333764706,107.65826276312342
Kost Boarding House Tipe E Cibeunying Kidul Bandung,Campur,Rp1.600.000,1600000,Cibeunying Kidul,Cibeunying Kidul,"Kost ini berlokasi dekat dengan jalan raya dengan akses yang hanya bisa dilalui oleh motor/sepeda, berlokasi dekat dengan Alfamart A Yani 419 (763 m), Christian Church Pasundan Awiligar (2.8 km), Universitas Widyatama (854 m).","4 x 10 meter, Tidak termasuk listrik","Jendela, Dapur Pribadi","K. Mandi Dalam, Kloset Jongkok","WiFi, Penjaga Kos, Pengurus Kos, CCTV","Parkir Mobil, Parkir Motor, Parkir Sepeda",,https://mamikos.com/room/kost-kota-bandung-kost-campur-eksklusif-kost-boarding-house-tipe-e-cibeunying-kidul-bandung-1?redirection_source=landing%20area,-6.8984196371941175,107.65006029793435
Kost Rumah Ileya Standar A Cibeunying Kaler Bandung,Campur,Rp750.000,750000,Kecamatan Cibeunying Kaler,Cibeunying Kaler,"Kost ini berlokasi dekat dengan jalan raya dengan akses yang hanya bisa dilalui oleh motor/sepeda, berlokasi dekat dengan Warteg Cintaasih (2.3 km), Alfamart (1.1 km), Christian Church Pasundan Awiligar (2.1 km), Bank BJB Weekend Banking (1.4 km), Institut Teknologi Nasional Bandung (403 m), RS Ibu dan Anak Al Islam (1.3 km).","2.8 x 3.2 meter, Termasuk listrik","Kasur, Meja, Meja Rias, Lemari / Storage, Ventilasi, Jendela","Kloset Duduk, Kloset Jongkok, K. Mandi Luar, Ember mandi","WiFi, R. Tamu, R. Makan, R. Santai, Dapur, Rice Cooker, Pengurus Kos, Jual Makanan, CCTV, Balcon","Parkir Motor, Parkir Motor & Sepeda",,https://mamikos.com/room/kost-kota-bandung-kost-campur-murah-kost-rumah-ileya-standar-a-cibeunying-kaler-bandung?redirection_source=landing%20area,-6.887852512594791,107.62857686953627
Kost Orange Tipe C Cikondang Coblong Bandung,Campur,Rp750.000,750000,Coblong,Coblong,"Kost ini berlokasi dekat dengan jalan raya dengan akses yang hanya bisa dilalui oleh motor/sepeda, berlokasi dekat dengan Warteg Gaul (1.7 km), Alfamart Bojong Koneng (1.5 km), Masjid MUI Kota Bandung (518 m), BSI KCP Bandung Dago (2.0 km), Universitas Padjadjaran Kampus Dipatiukur (1.5 km), RS Umum Santo Borromeus (1.9 km).","4 x 4 meter, Termasuk listrik","Kasur, Meja, Lemari / Storage, Kursi","Kloset Jongkok, K. Mandi Luar, Ember mandi, Shower","WiFi, Kulkas, R. Jemur, Dispenser, Dapur, Balcon, TV",Parkir Motor,,https://mamikos.com/room/kost-kota-bandung-kost-campur-murah-kost-orange-tipe-c-cikondang-coblong-bandung?redirection_source=landing%20area,-6.882731066922539,107.61291070691654
Kost Studio G4 Tipe A Cibeunying Kaler Bandung,Putra,Rp850.000,850000,Kecamatan Cibeunying Kaler,Cibeunying Kaler,"Kost ini berlokasi dekat dengan jalan raya dengan akses yang hanya bisa dilalui oleh motor/sepeda, berlokasi dekat dengan Warteg Aero (2.2 km), Alfamart Bojong Koneng (1.5 km), Masjid Pusdai (673 m), BSI KCP Bandung Dago (2.4 km), Universitas Padjadjaran Kampus Dipatiukur (1.5 km), RS Khusus Gigi dan Mulut UNPAD (1.3 km).","3 x 3 meter, Termasuk listrik","Kasur, Meja, Lemari / Storage, Ventilasi, Jendela, Guling, Bantal, Kursi","Kloset Jongkok, K. Mandi Luar, Wastafel, Ember mandi","WiFi, R. Tamu, R. Jemur, R. Makan, R. Santai, Dapur, Jemuran, Rice Cooker, K. Mandi Luar","Parkir Motor, Parkir Sepeda",,https://mamikos.com/room/kost-kota-bandung-kost-putra-eksklusif-kost-studio-g4-tipe-a-cibeunying-kaler-bandung-2?redirection_source=landing%20area,-6.886582059053631,107.62997787974228
Kost Nafaa Cibeunying Kidul Bandung,Campur,Rp700.000,700000,Kecamatan Cibeunying Kidul,Cibeunying Kidul,"Kost ini berlokasi dekat dengan jalan raya dengan akses yang hanya bisa dilalui oleh motor/sepeda, berlokasi dekat dengan Warteg Cintaasih (2.7 km), Alfamart (2.0 km), Masjid Al Barokah (1.6 km), Bank BJB Weekend Banking (2.4 km), Universitas Widyatama (222 m), RS Ibu dan Anak Al Islam (1.2 km).","3 x 3 meter, Termasuk listrik","Kasur, Meja, Lemari / Storage, Ventilasi, Jendela, Guling, Bantal","Kloset Jongkok, Ember mandi, Shower","WiFi, R. Jemur, Jemuran, Pengurus Kos, CCTV, K. Mandi Luar",Parkir Motor & Sepeda,,https://mamikos.com/room/kost-kota-bandung-kost-campur-murah-kost-nafaa-cibeunying-kidul-bandung-2?redirection_source=landing%20area,-6.897437263415877,107.65206112984296
Kost Sulaksana Tipe A Kiaracondong Bandung,Putra,Rp700.000,700000,Kecamatan Kiaracondong,Kiaracondong,"Kost ini berlokasi dekat dengan jalan raya dengan akses yang hanya bisa dilalui oleh motor/sepeda, berlokasi dekat dengan Warteg Permata (1.4 km), Alfamart West Cikutra (2.7 km), Masjid Al Barokah (278 m), Bank BJB Weekend Banking (2.9 km), Universitas Widyatama (1.3 km), RS Ibu dan Anak Grha Bunda (805 m).","3 x 3 meter, Termasuk listrik","Kasur, Meja, Lemari / Storage, Jendela, Cermin, Bantal, Kursi","Kloset Jongkok, K. Mandi Luar, Ember mandi","WiFi, R. Cuci, R. Tamu, R. Jemur, Dapur, Jemuran, Pengurus Kos, CCTV, Taman, TV","Parkir Motor, Parkir Sepeda",,https://mamikos.com/room/kost-kota-bandung-kost-putra-murah-kost-sulaksana-tipe-a-kiaracondong-bandung-2?redirection_source=landing%20area,-6.923027744584042,107.64745961288
Kost Bapak Saimin Cibeunying Kidul Bandung,Campur,Rp800.000,800000,Cibeunying Kidul,Cibeunying Kidul,"Kost ini berlokasi dekat dengan jalan raya dengan akses yang hanya bisa dilalui oleh motor/sepeda, berlokasi dekat dengan Alfamart Cimuncang 2 (617 m), Christian Church Pasundan Awiligar (2.5 km), Universitas Widyatama (394 m).","3 x 4 meter, Termasuk listrik","Kasur, Meja, Lemari / Storage, Ventilasi, Jendela, Bantal, Kursi","K. Mandi Dalam, Kloset Jongkok, Ember mandi","WiFi, R. Cuci, R. Jemur, Jual Makanan, Balcon, K. Mandi Luar","Parkir Motor, Parkir Sepeda",,https://mamikos.com/room/kost-kota-bandung-kost-campur-murah-kost-bapak-saimin-cibeunying-kidul-bandung?redirection_source=landing%20area,-6.90004572269318,107.65201469473111
Kost Pondok Salsabila Antapani Bandung,Putri,Rp650.000,650000,Antapani,Antapani,"Kost ini berlokasi dekat dengan jalan raya dengan akses yang hanya bisa dilalui oleh motor/sepeda, berlokasi dekat dengan Warteg Cintaasih (2.7 km), PT. Indomarco Prismatama (1.7 km), Masjid Al Barokah (890 m), Bank Mandiri Bandung MTC (2.7 km), Universitas Widyatama (2.5 km), RS Ibu dan Anak Grha Bunda (1.2 km).","3 x 4 meter, Termasuk listrik","Kasur, Lemari / Storage","K. Mandi Dalam, Kloset Duduk, Ember mandi","R. Cuci, Laundry, R. Jemur, Dapur","Parkir Motor, Parkir Sepeda",,https://mamikos.com/room/kost-kota-bandung-kost-putri-eksklusif-kost-pondok-salsabila-antapani-bandung-2?redirection_source=landing%20area,-6.919235414408187,107.6606152340901
Kost Humaira Cibeunying Kaler Bandung,Putri,Rp1.200.000,1200000,Kecamatan Cibeunying Kaler,Cibeunying Kaler,"Kost ini berlokasi dekat dengan jalan raya dengan akses yang hanya bisa dilalui oleh motor/sepeda, berlokasi dekat dengan Warteg Cintaasih (2.3 km), Alfamart (1.1 km), Christian Church Pasundan Awiligar (2.1 km), Bank BJB Weekend Banking (1.4 km), Institut Teknologi Nasional Bandung (374 m), RS Ibu dan Anak Al Islam (1.3 km).","2 x 3.5 meter, Tidak termasuk listrik","Kasur, Meja, Lemari / Storage, Ventilasi, Jendela, Cermin, Kursi","K. Mandi Dalam, Kloset Duduk, Wastafel, Shower","WiFi, R. Tamu, Penjaga Kos, R. Jemur, R. Makan, R. Santai, Dapur, Pengurus Kos, Jual Makanan, CCTV","Parkir Motor, Parkir Sepeda, Parkir Motor & Sepeda",,https://mamikos.com/room/kost-kota-bandung-kost-putri-eksklusif-humaira-kost-putri-cibeunying-kaler-bandung?redirection_source=landing%20area,-6.88626220227355,107.62754918185988
Kost Pondok Sarashe Antapani Bandung,Campur,Rp1.200.000,1200000,Antapani,Antapani,"Kost ini berlokasi dekat dengan jalan raya dengan akses yang hanya bisa dilalui oleh motor/sepeda, berlokasi dekat dengan Rumah Makan Murah (1.8 km), Alfamart Cimuncang 2 (2.2 km), Masjid Al-Muhajirin (826 m), Bank Mandiri Bandung MTC (2.6 km), Universitas Widyatama (2.7 km), RS Ibu dan Anak Grha Bunda (1.5 km).","4.5 x 3.5 meter, Termasuk listrik","Kasur, Lemari / Storage, Ventilasi, Jendela, Cermin","K. Mandi Dalam, Kloset Jongkok, Ember mandi","WiFi, Kulkas, R. Tamu, Penjaga Kos, R. Jemur, Dapur, Jemuran, Pengurus Kos, CCTV, R. Keluarga","Parkir Mobil, Parkir Motor, Parkir Sepeda",,https://mamikos.com/room/kost-bandung-kost-campur-eksklusif-kost-pondok-sarashe-antapani-bandung-2?redirection_source=landing%20area,-6.916675813633763,107.65806828587368
Kost Egy Tipe B Kiaracondong Bandung,Campur,Rp750.000,750000,Kiaracondong,Kiaracondong,"Kost ini berlokasi dekat dengan jalan raya dengan akses yang hanya bisa dilalui oleh motor/sepeda, berlokasi dekat dengan Warteg Permata (580 m), Alfamart A Yani 419 (1.2 km), Masjid Al Barokah (607 m), Sekolah Tinggi Ilmu Kesehatan Dharma Husada (452 m).","3 x 4 meter, Tidak termasuk listrik",Ventilasi,"K. Mandi Dalam, Kloset Jongkok, Ember mandi","WiFi, R. Cuci, R. Jemur, R. Santai","Parkir Motor, Parkir Sepeda",,https://mamikos.com/room/kost-bandung-kost-campur-murah-kost-egy-tipe-b-kiaracondong-bandung-1?redirection_source=landing%20area,-6.925882664202396,107.64470503543399
Kost Mahameru Co Living Deluxe Cibeunying Kidul Bandung,Campur,Rp1.350.000,1350000,Kecamatan Cibeunying Kidul,Cibeunying Kidul,"Kost ini berlokasi dekat dengan jalan raya dengan akses masuk mobil, berlokasi dekat dengan Warteg Bahari (2.8 km), Alfamart (2.4 km), Masjid Al Jihad (592 m), Bank BJB - Cabang Utama Bandung (2.8 km), Institut Teknologi Nasional Bandung (1.6 km), RS Ibu dan Anak Al Islam (642 m).","3 x 3 meter, Tidak termasuk listrik","Kasur, Meja, Lemari / Storage, Jendela, Guling, Bantal, Kursi, Kipas Angin","Kloset Duduk, Kloset Jongkok, K. Mandi Luar, Wastafel, Shower, Air panas","WiFi, R. Cuci, Kulkas, Penjaga Kos, R. Jemur, R. Santai, Dispenser, Dapur, Jemuran, Pengurus Kos","Parkir Mobil, Parkir Motor & Sepeda",,https://mamikos.com/room/kost-kota-bandung-kost-campur-eksklusif-kost-mahameru-co-living-deluxe-cibeunying-kidul-bandung?redirection_source=landing%20area,-6.897979157857097,107.64975160062566
Kost Ibu Emma Tipe Studio Antapani Bandung,Campur,Rp850.000,850000,Kecamatan Antapani,Antapani,"Kost ini berlokasi dekat dengan jalan raya dengan akses yang hanya bisa dilalui oleh motor/sepeda, berlokasi dekat dengan Warteg Permata (2.6 km), PT. Indomarco Prismatama (1.2 km), Masjid Al Barokah (1.5 km), Universitas Widyatama (2.4 km), RS Umum Hermina Arcamanik (419 m).","3 x 4 meter, Tidak termasuk listrik",Jendela,"K. Mandi Dalam, Kloset Jongkok, Wastafel","WiFi, Penjaga Kos, R. Jemur, Pengurus Kos, CCTV","Parkir Mobil, Parkir Motor, Parkir Motor & Sepeda",,https://mamikos.com/room/kost-kota-bandung-kost-campur-murah-kosan-ibu-emma-tipe-studio-san-tipe-1-bedroom-antapani-bandung-2?redirection_source=landing%20area,-6.9181084028823845,107.65843319905977
Kost Nur Muhaji Tipe A Batununggal Bandung,Campur,Rp1.200.000,1200000,Batununggal,Batununggal,"Kost ini berlokasi dekat dengan jalan raya dengan akses yang hanya bisa dilalui oleh motor/sepeda, berlokasi dekat dengan Warteg Bahari (2.0 km), Alfamart (2.6 km), Masjid Al Jihad (264 m), Bank BJB - Cabang Utama Bandung (2.2 km), Institut Teknologi Nasional Bandung (2.4 km), RS Ibu dan Anak Al Islam (1.5 km).","4 x 4 meter, Tidak termasuk listrik","Kasur, Lemari / Storage, Ventilasi, Jendela, Guling, Bantal","K. Mandi Dalam, Kloset Duduk, Ember mandi","WiFi, Laundry, Penjaga Kos, Jemuran, Pengurus Kos, CCTV","Parkir Motor, Parkir Motor & Sepeda",,https://mamikos.com/room/kost-kota-bandung-kost-campur-eksklusif-kost-nur-muhaji-tipe-a-batununggal-bandung-2?redirection_source=landing%20area,-6.928406630355821,107.64227918491454
Kost Studio G4 Tipe B Cibeunying Kaler Bandung,Putra,Rp960.000,960000,Kecamatan Cibeunying Kaler,Cibeunying Kaler,"Kost ini berlokasi dekat dengan jalan raya dengan akses yang hanya bisa dilalui oleh motor/sepeda, berlokasi dekat dengan Warteg Aero (2.2 km), Alfamart Bojong Koneng (1.5 km), Masjid Pusdai (673 m), BSI KCP Bandung Dago (2.4 km), Universitas Padjadjaran Kampus Dipatiukur (1.5 km), RS Khusus Gigi dan Mulut UNPAD (1.3 km).","3 x 2 meter, Termasuk listrik","Kasur, Meja, Lemari / Storage, Ventilasi, Jendela, Guling, Cermin, Bantal, Kursi","Kloset Jongkok, K. Mandi Luar, Wastafel, Ember mandi","WiFi, R. Jemur, R. Makan, R. Santai, Dapur, Jemuran, Rice Cooker, Balcon, K. Mandi Luar","Parkir Motor, Parkir Sepeda",,https://mamikos.com/room/kost-kota-bandung-kost-putra-eksklusif-kost-studio-g4-tipe-b-cibeunying-kaler-bandung?redirection_source=landing%20area,-6.887072393705234,107.62812055323518
Kost Flamingo Tipe B Cibeunying Kidul Bandung,Putra,Rp1.500.000,1500000,Kecamatan Cibeunying Kidul,Cibeunying Kidul,"Kost ini berlokasi dekat dengan jalan raya dengan akses yang hanya bisa dilalui oleh motor/sepeda, berlokasi dekat dengan Warteg Permata (2.7 km), Alfamart West Cikutra (2.2 km), Masjid Al Barokah (1.7 km), Bank BJB Weekend Banking (3.4 km), Universitas Widyatama (880 m), RS Umum Hermina Arcamanik (1.8 km).","3 x 4 meter, Tidak termasuk listrik","Kasur, Jendela, Dapur Pribadi","K. Mandi Dalam, Kloset Duduk","WiFi, R. Tamu, Dapur, Gazebo","Parkir Mobil, Parkir Motor",,https://mamikos.com/room/kost-kota-bandung-kost-putra-eksklusif-kost-flamingo-tipe-b-cibeunying-kidul-bandung?redirection_source=landing%20area,-6.897431206060096,107.65194798803402
Kost Pabu Ohim Executive Antapani Bandung,Putri,Rp800.000,800000,Kecamatan Antapani,Antapani,"Kost ini berlokasi dekat dengan jalan raya dengan akses masuk mobil, berlokasi dekat dengan Warteg Cintaasih (2.6 km), PT. Indomarco Prismatama (1.3 km), Masjid Al Barokah (423 m), Bank Mandiri Bandung MTC (3.1 km), Universitas Widyatama (2.0 km), RS Ibu dan Anak Grha Bunda (878 m).","3 x 4 meter, Termasuk listrik","Meja, Jendela","K. Mandi Dalam, Kloset Jongkok, K. Mandi Luar, Ember mandi","WiFi, R. Cuci, Kulkas, Mesin Cuci, R. Jemur, Jemuran, Rooftop, Balcon, Gazebo","Parkir Mobil, Parkir Motor, Parkir Sepeda, Parkir Motor & Sepeda",,https://mamikos.com/room/kost-kota-bandung-kost-putri-murah-kost-pabu-ohim-executive-antapani-bandung-2?redirection_source=landing%20area,-6.917380730559449,107.65886266443344
Kost Mukti Tipe C Cimenyan Bandung,Putra,Rp760.000,760000,Cimenyan,Cimenyan,"Kost ini berlokasi dekat dengan jalan raya dengan akses yang hanya bisa dilalui oleh motor/sepeda, berlokasi dekat dengan Alfamart Bojong Koneng (1.4 km), Christian Church Pasundan Awiligar (635 m), Universitas Padjadjaran Kampus Dipatiukur (2.1 km), Sinar Abadi Balubur Town Square (3.0 km).","3 x 3 meter, Termasuk listrik","Kasur, Meja, Lemari / Storage, Ventilasi, Jendela","K. Mandi Dalam, Kloset Duduk, Shower","WiFi, R. Jemur, Pengurus Kos","Parkir Motor, Parkir Sepeda",,https://mamikos.com/room/kost-bandung-kost-putra-murah-kost-mukti-tipe-c-cimenyan-bandung?redirection_source=landing%20area,-6.878519571391017,107.66407477699761
Kost Pondok Audit Double Deluxe Cimenyan Bandung,Putri,Rp1.350.000,1350000,Cimenyan,Cimenyan,"Kost ini berlokasi dekat dengan jalan raya dengan akses yang hanya bisa dilalui oleh motor/sepeda, berlokasi dekat dengan Warteg Permata (3.2 km), Alfamart Cimuncang 2 (1.1 km), Christian Church Pasundan Awiligar (2.1 km), Universitas Widyatama (1.2 km), RS Umum Hermina Arcamanik (2.2 km).","4 x 4 meter, Termasuk listrik","Kasur, Meja, Jendela, Cermin, Bantal, Kursi","Kloset Duduk, K. Mandi Luar, Ember mandi, Shower, Air panas","WiFi, R. Cuci, Kulkas, Mesin Cuci, R. Tamu, Penjaga Kos, R. Jemur, R. Santai, Dispenser, Dapur","Parkir Motor, Parkir Sepeda, Parkir Motor & Sepeda",,https://mamikos.com/room/kost-kabupaten-bandung-kost-putri-eksklusif-kost-pondok-audit-double-deluxe-cimenyan-bandung?redirection_source=landing%20area,-6.880681726624915,107.66458487793383
Kost Omah Harianja Cibeunying Kidul Bandung,Putri,Rp600.000,600000,Cibeunying Kidul,Cibeunying Kidul,"Kost ini berlokasi dekat dengan jalan raya dengan akses yang hanya bisa dilalui oleh motor/sepeda, berlokasi dekat dengan Warteg Permata (2.3 km), Alfamart (2.3 km), Masjid Al Barokah (1.5 km), Bank BJB Weekend Banking (2.7 km), Universitas Widyatama (151 m), RS Ibu dan Anak Al Islam (1.5 km).","3 x 3 meter, Termasuk listrik","Kasur, Meja, Ventilasi, Kursi",K. Mandi Luar,"WiFi, Kulkas, R. Jemur, R. Santai, Dapur, Jemuran, Balcon, TV, K. Mandi Luar",Parkir Motor,,https://mamikos.com/room/kost-kota-bandung-kost-putri-murah-kost-omah-harianja-cibeunying-kidul-bandung?redirection_source=landing%20area,-6.8972853437048505,107.6484183816527
Kost Humaira Cibeunying Kaler Bandung,Putri,Rp1.200.000,1200000,Kecamatan Cibeunying Kaler,Cibeunying Kaler,"Kost ini berlokasi dekat dengan jalan raya dengan akses yang hanya bisa dilalui oleh motor/sepeda, berlokasi dekat dengan Warteg Cintaasih (2.3 km), Alfamart (1.1 km), Christian Church Pasundan Awiligar (2.1 km), Bank BJB Weekend Banking (1.4 km), Institut Teknologi Nasional Bandung (374 m), RS Ibu dan Anak Al Islam (1.3 km).","2 x 3.5 meter, Tidak termasuk listrik","Kasur, Meja, Lemari / Storage, Ventilasi, Jendela, Cermin, Kursi","K. Mandi Dalam, Kloset Duduk, Wastafel, Shower","WiFi, R. Tamu, Penjaga Kos, R. Jemur, R. Makan, R. Santai, Dapur, Pengurus Kos, Jual Makanan, CCTV","Parkir Motor, Parkir Sepeda, Parkir Motor & Sepeda",,https://mamikos.com/room/kost-kota-bandung-kost-putri-eksklusif-humaira-kost-putri-cibeunying-kaler-bandung?redirection_source=landing%20area,-6.887928539127738,107.62872821895158
Kost Paras Tipe A Cibeunying Kaler Bandung,Campur,Rp1.500.000,1500000,Cibeunying Kaler,Cibeunying Kaler,"Kost ini berlokasi dekat dengan jalan raya dengan akses yang hanya bisa dilalui oleh motor/sepeda, berlokasi dekat dengan Warteg Gaul (1.6 km), Alfamart Bojong Koneng (1.7 km), Christian Church Pasundan Awiligar (1.1 km), Bank BJB Weekend Banking (2.4 km), Institut Teknologi Bandung (2.2 km), RS Ibu dan Anak Al Islam (2.5 km).","3 x 4 meter, Termasuk listrik","Kasur, Meja, Lemari / Storage, Ventilasi, Jendela, Cermin, Kursi","K. Mandi Dalam, Kloset Duduk, Ember mandi, Shower","WiFi, Kulkas, R. Tamu, Penjaga Kos, R. Makan, R. Santai, Dapur, Jemuran, Rice Cooker, Pengurus Kos","Parkir Mobil, Parkir Motor, Parkir Sepeda, Parkir Motor & Sepeda",,https://mamikos.com/room/kost-kota-bandung-kost-campur-eksklusif-kost-paras-tipe-a-cibeunying-kaler-bandung?redirection_source=landing%20area,-6.8849766599763536,107.6292053802857
Kost Muararajeun Lama 2 Tipe A Cibeunying Kaler Bandung,Campur,Rp1.000.000,1000000,Cibeunying Kaler,Cibeunying Kaler,"Kost ini berlokasi dekat dengan jalan raya dengan akses yang hanya bisa dilalui oleh motor/sepeda, berlokasi dekat dengan Warteg Abadi (2.2 km), Alfamart A Yani 419 (1.3 km), Masjid Al Kautsar (2.0 km), Bank Mandiri Bandung Priority Banking Soerapatti (1.5 km), Universitas Padjadjaran Kampus Dipatiukur (1.8 km), RS Umum Santo Borromeus (2.1 km).","3.5 x 2.5 meter, Termasuk listrik","Kasur, Meja, Lemari / Storage, Ventilasi, Jendela, Dapur Pribadi, Bantal, Wastafel","K. Mandi Dalam, Kloset Jongkok, Ember mandi","WiFi, R. Cuci, Penjaga Kos, R. Jemur, Jemuran, Jual Makanan","Parkir Motor, Parkir Sepeda",,https://mamikos.com/room/kost-kota-bandung-kost-campur-eksklusif-kost-muararajeun-lama-2-tipe-a-cibeunying-kaler-bandung?redirection_source=landing%20area,-6.8851290946408765,107.62854951961202
Kost Keys Co Living Suites Cibeunying Kidul Bandung,Campur,Rp4.500.000,4500000,Cibeunying Kidul,Cibeunying Kidul,"Kost ini berlokasi dekat dengan jalan raya dengan akses masuk mobil, berlokasi dekat dengan Warteg Cintaasih (2.4 km), Alfamart (2.0 km), Masjid Al Barokah (1.5 km), Bank BJB Weekend Banking (2.1 km), Universitas Widyatama (571 m), RS Ibu dan Anak Al Islam (891 m).","5 x 5 meter, Tidak termasuk listrik","AC, Kasur, Lemari / Storage, Meja makan, Jendela, Guling, Dapur Pribadi, Cermin, Bantal, Kursi","K. Mandi Dalam, Kloset Duduk, Shower, Air panas","WiFi, R. Cuci, Kulkas, Penjaga Kos, R. Jemur, R. Makan, Mushola, Dispenser, Dapur, Jemuran","Parkir Mobil, Parkir Motor",,https://mamikos.com/room/kost-kota-bandung-kost-campur-eksklusif-kost-keys-co-living-suites-cibeunying-kidul-bandung?redirection_source=landing%20area,-6.898177145747047,107.6506915472391
Kost Bu Linda Cikutra 1 Tipe VVIP Cibeunying Kaler Bandung,Putra,Rp850.000,850000,Kecamatan Cibeunying Kaler,Cibeunying Kaler,"Kost ini berlokasi dekat dengan jalan raya dengan akses yang hanya bisa dilalui oleh motor/sepeda, berlokasi dekat dengan Warteg Cintaasih (2.7 km), Alfamart (1.8 km), Masjid Al Barokah (1.8 km), Bank BJB Weekend Banking (2.2 km), Universitas Widyatama (437 m), RS Ibu dan Anak Al Islam (1.2 km).","3.2 x 2.5 meter, Tidak termasuk listrik","Kasur, Meja, Lemari / Storage, Ventilasi, Jendela","K. Mandi Dalam, Kloset Jongkok, Ember mandi","WiFi, Penjaga Kos, R. Jemur, Dapur, Jemuran, Jual Makanan, CCTV",Parkir Motor,,https://mamikos.com/room/kost-kota-bandung-kost-putra-murah-kost-bu-linda-cikutra-1-tipe-vvip-cibeunying-kaler-bandung-2?redirection_source=landing%20area,-6.885466806143237,107.63051137960434
Kost Seke In 2 Cibeunying Kidul Bandung,Campur,Rp700.000,700000,Cibeunying Kidul,Cibeunying Kidul,"Kost ini berlokasi dekat dengan jalan raya dengan akses yang hanya bisa dilalui oleh motor/sepeda, berlokasi dekat dengan Warteg Cintaasih (2.2 km), Alfamart Cimuncang 2 (851 m), Masjid Al Barokah (1.1 km), Bank BJB Weekend Banking (2.1 km), Universitas Widyatama (761 m), RS Ibu dan Anak Al Islam (730 m).","3 x 4 meter, Tidak termasuk listrik","Kasur, Meja, Lemari / Storage, Jendela, Guling, Cermin, Bantal","K. Mandi Dalam, Kloset Duduk, Ember mandi","WiFi, Kulkas, Penjaga Kos, Dispenser, Dapur, Jemuran, Pengurus Kos, CCTV, Rooftop, Balcon","Parkir Motor, Parkir Sepeda, Parkir Motor & Sepeda",,https://mamikos.com/room/kost-kota-bandung-kost-campur-murah-kost-seke-in-2-cibeunying-kidul-bandung-2?redirection_source=landing%20area,-6.896707689057721,107.65016230206673
Kost Sandra Cimenyan Bandung,Campur,Rp1.000.000,1000000,Cimenyan,Cimenyan,"Kost ini berlokasi dekat dengan jalan raya dengan akses yang hanya bisa dilalui oleh motor/sepeda, berlokasi dekat dengan Alfamart Cimuncang 2 (1.5 km), Christian Church Pasundan Awiligar (2.5 km), Sekolah Tinggi Ilmu Komunikasi Bandung (1.2 km).","4 x 6 meter, Termasuk listrik","Kasur, Lemari / Storage, Ventilasi, Jendela, Guling, Dapur Pribadi, Cermin, Bantal","K. Mandi Dalam, Kloset Jongkok, Wastafel, Ember mandi, Shower","WiFi, R. Jemur, Dapur, Jemuran, Pengurus Kos, Balcon","Parkir Motor, Parkir Sepeda",,https://mamikos.com/room/kost-kabupaten-bandung-kost-campur-murah-kost-sandra-cimenyan-bandung-1?redirection_source=landing%20area,-6.880659533177771,107.66295694023049
Kost Bu Sur Tipe C Cibeunying Kidul Bandung,Putri,Rp700.000,700000,Cibeunying Kidul,Cibeunying Kidul,"Kost ini berlokasi dekat dengan jalan raya dengan akses yang hanya bisa dilalui oleh motor/sepeda, berlokasi dekat dengan Warteg Cintaasih (2.3 km), Alfamart Cimuncang 2 (847 m), Masjid Al Barokah (1.2 km), Bank BJB Weekend Banking (2.1 km), Universitas Widyatama (678 m), RS Khusus Gigi dan Mulut UNPAD (3.0 km).","3 x 3 meter, Termasuk listrik","Kasur, Meja, Lemari / Storage, Jendela, Cermin, Bantal, Kursi","Kloset Duduk, Kloset Jongkok, K. Mandi Luar, Ember mandi, Shower, Bak mandi","WiFi, R. Jemur, R. Santai, Dispenser, Dapur, Jemuran, Pengurus Kos, Balcon, Taman, TV","Parkir Motor, Parkir Sepeda",,https://mamikos.com/room/kost-kota-bandung-kost-putri-murah-kost-bu-sur-tipe-c-cibeunying-kidul-bandung-2?redirection_source=landing%20area,-6.899680598002307,107.64854291379508
Kost Orange Tipe A Cikondang Bandung,Campur,Rp650.000,650000,Coblong,Coblong,"Kost ini berlokasi dekat dengan jalan raya dengan akses yang hanya bisa dilalui oleh motor/sepeda, berlokasi dekat dengan Warteg Gaul (1.7 km), Alfamart Bojong Koneng (1.5 km), Masjid MUI Kota Bandung (518 m), BSI KCP Bandung Dago (2.0 km), Universitas Padjadjaran Kampus Dipatiukur (1.5 km), RS Umum Santo Borromeus (1.9 km).","4 x 3 meter, Termasuk listrik","Kasur, Meja, Lemari / Storage, Kursi","Kloset Jongkok, K. Mandi Luar, Ember mandi, Shower","WiFi, Kulkas, R. Jemur, Dispenser, Dapur, Balcon, TV",Parkir Motor,,https://mamikos.com/room/kost-kost-campur-eksklusif-kostan-orange-cikondang?redirection_source=landing%20area,-6.881565418972456,107.61298600866678
Kost Icha Cikutra Tipe A Cibeunying Kidul Bandung,Putri,Rp900.000,900000,Cibeunying Kidul,Cibeunying Kidul,"Kost ini berlokasi dekat dengan jalan raya dengan akses yang hanya bisa dilalui oleh motor/sepeda, berlokasi dekat dengan Warteg Cintaasih (2.2 km), Alfamart (2.2 km), Masjid Al Barokah (1.3 km), Bank BJB Weekend Banking (2.0 km), Universitas Widyatama (734 m), RS Ibu dan Anak Al Islam (713 m).","3 x 3 meter, Termasuk listrik","Kasur, Meja, Lemari / Storage, Ventilasi, Jendela, Guling, Cermin, Bantal","K. Mandi Dalam, Kloset Jongkok, K. Mandi Luar, Ember mandi","WiFi, R. Cuci, R. Tamu, Penjaga Kos, R. Jemur, Dispenser, Dapur, Jemuran, Pengurus Kos, CCTV",Parkir Motor,,https://mamikos.com/room/kost-kota-bandung-kost-putri-murah-kost-icha-cikutra-tipe-a-cibeunying-kidul-bandung?redirection_source=landing%20area,-6.8971890376679355,107.64864518790822
Kost Boarding House Naga Malim With Balkon Outside Tipe C Cibeunying Kidul Bandung,Campur,Rp850.000,850000,Cibeunying Kidul,Cibeunying Kidul,"Kost ini berlokasi dekat dengan jalan raya dengan akses yang hanya bisa dilalui oleh motor/sepeda, berlokasi dekat dengan Alfamart A Yani 419 (763 m), Christian Church Pasundan Awiligar (2.8 km), Universitas Widyatama (854 m).","3 x 3 meter, Tidak termasuk listrik",Jendela,Kloset Jongkok,"R. Santai, Dapur, Pengurus Kos, CCTV, K. Mandi Luar","Parkir Motor, Parkir Sepeda",,https://mamikos.com/room/kost-bandung-kost-campur-murah-kost-boarding-house-naga-malim-with-balkon-outside-tipe-c-cibeunying-kidul-bandung?redirection_source=landing%20area,-6.898122750844965,107.64975968290126
Kost Kantin Tipe A Antapani Bandung,Campur,Rp600.000,600000,Kecamatan Antapani,Antapani,"Kost ini berlokasi dekat dengan jalan raya dengan akses yang hanya bisa dilalui oleh motor/sepeda, berlokasi dekat dengan Warteg Cintaasih (2.8 km), PT. Indomarco Prismatama (1.6 km), Masjid Al Barokah (831 m), Bank Mandiri Bandung MTC (2.8 km), Universitas Widyatama (2.4 km), RS Ibu dan Anak Grha Bunda (1.2 km).","3 x 3 meter, Termasuk listrik","Kasur, Meja, Lemari / Storage, Bantal, Kursi","Kloset Jongkok, K. Mandi Luar","Laundry, Jemuran, Jual Makanan, Taman, K. Mandi Luar",Parkir Motor,,https://mamikos.com/room/kost-kota-bandung-kost-campur-murah-kost-kantin-tipe-a-antapani-bandung?redirection_source=landing%20area,-6.918475510614883,107.65808641094783
Kost Boarding House Tipe E Cibeunying Kidul Bandung,Campur,Rp1.600.000,1600000,Cibeunying Kidul,Cibeunying Kidul,"Kost ini berlokasi dekat dengan jalan raya dengan akses yang hanya bisa dilalui oleh motor/sepeda, berlokasi dekat dengan Alfamart A Yani 419 (763 m), Christian Church Pasundan Awiligar (2.8 km), Universitas Widyatama (854 m).","4 x 10 meter, Tidak termasuk listrik","Jendela, Dapur Pribadi","K. Mandi Dalam, Kloset Jongkok","WiFi, Penjaga Kos, Pengurus Kos, CCTV","Parkir Mobil, Parkir Motor, Parkir Sepeda",,https://mamikos.com/room/kost-kota-bandung-kost-campur-eksklusif-kost-boarding-house-tipe-e-cibeunying-kidul-bandung-1?redirection_source=landing%20area,-6.900247068055146,107.6499977105128
Kost 19C Tipe D Kiaracondong Bandung,Campur,Rp1.500.000,1500000,Kiaracondong,Kiaracondong,"Kost ini berlokasi dekat dengan jalan raya dengan akses yang hanya bisa dilalui oleh motor/sepeda, berlokasi dekat dengan Warteg Berkah Bahari (2.4 km), Alfamart West Cikutra (3.0 km), Masjid Al Barokah (613 m), Bank BJB Weekend Banking (2.5 km), Universitas Widyatama (1.9 km), RS Ibu dan Anak Grha Bunda (277 m).","3 x 4 meter, Termasuk listrik","Kasur, Lemari / Storage, Ventilasi, Jendela, Cermin, Bantal","K. Mandi Dalam, Kloset Duduk, Wastafel, Shower, Air panas","WiFi, Jemuran, Pengurus Kos, CCTV, Balcon",Parkir Motor & Sepeda,,https://mamikos.com/room/kost-kota-bandung-kost-campur-eksklusif-kost-19c-tipe-d-kiaracondong-bandung?redirection_source=landing%20area,-6.92651027362619,107.64616648618741
Kost Rumah Ileya Standar A Cibeunying Kaler Bandung,Campur,Rp750.000,750000,Kecamatan Cibeunying Kaler,Cibeunying Kaler,"Kost ini berlokasi dekat dengan jalan raya dengan akses yang hanya bisa dilalui oleh motor/sepeda, berlokasi dekat dengan Warteg Cintaasih (2.3 km), Alfamart (1.1 km), Christian Church Pasundan Awiligar (2.1 km), Bank BJB Weekend Banking (1.4 km), Institut Teknologi Nasional Bandung (403 m), RS Ibu dan Anak Al Islam (1.3 km).","2.8 x 3.2 meter, Termasuk listrik","Kasur, Meja, Meja Rias, Lemari / Storage, Ventilasi, Jendela","Kloset Duduk, Kloset Jongkok, K. Mandi Luar, Ember mandi","WiFi, R. Tamu, R. Makan, R. Santai, Dapur, Rice Cooker, Pengurus Kos, Jual Makanan, CCTV, Balcon","Parkir Motor, Parkir Motor & Sepeda",,https://mamikos.com/room/kost-kota-bandung-kost-campur-murah-kost-rumah-ileya-standar-a-cibeunying-kaler-bandung?redirection_source=landing%20area,-6.887311260548675,107.62791591696224
Kost Pak Edi Tipe A Cibeunying Kidul Bandung,Putri,Rp1.250.000,1250000,Kecamatan Cibeunying Kidul,Cibeunying Kidul,"Kost ini berlokasi dekat dengan jalan raya dengan akses yang hanya bisa dilalui oleh motor/sepeda, berlokasi dekat dengan Warteg Permata (2.6 km), Alfamart Bojong Koneng (153 m), Christian Church Pasundan Awiligar (1.9 km), Bank BJB Weekend Banking (2.7 km), Universitas Widyatama (290 m), RS Ibu dan Anak Al Islam (1.7 km).","3 x 4 meter, Tidak termasuk listrik","Kasur, Lemari / Storage, Ventilasi, Jendela, Dapur Pribadi, Cermin, Wastafel","K. Mandi Dalam, Kloset Jongkok, Ember mandi","WiFi, Dapur, Jemuran, Jual Makanan, CCTV",Parkir Motor & Sepeda,,https://mamikos.com/room/kost-kota-bandung-kost-putri-eksklusif-kost-pak-edi-tipe-a-cibeunying-kidul-bandung?redirection_source=landing%20area,-6.898948991266047,107.64839362173548
Kost Asrama Cibeunying Kaler Bandung,Putri,Rp250.000,250000,Kecamatan Cibeunying Kaler,Cibeunying Kaler,"Kost ini berlokasi dekat dengan jalan raya dengan akses yang hanya bisa dilalui oleh motor/sepeda, berlokasi dekat dengan Warteg Abadi (2.3 km), Alfamart Bojong Koneng (1.5 km), Masjid Pusdai (559 m), BSI KCP Bandung Dago (2.6 km), Universitas Padjadjaran Kampus Dipatiukur (1.6 km), RS Umum Santo Borromeus (1.9 km).","3 x 4 meter, Termasuk listrik","Kasur, Bantal","K. Mandi Dalam, Kloset Jongkok, Wastafel","WiFi, Kulkas, R. Jemur, R. Santai, Dispenser, Dapur, Jemuran, CCTV",,,https://mamikos.com/room/kost-kota-bandung-kost-putri-murah-kost-asrama-cibeunying-kaler-bandung-1?redirection_source=landing%20area,-6.886774540173183,107.62749120997208
Kost Bidan Maria 2 Antapani Bandung,Campur,Rp850.000,850000,Antapani,Antapani,"Kost ini berlokasi dekat dengan jalan raya dengan akses yang hanya bisa dilalui oleh motor/sepeda, berlokasi dekat dengan Alfamart Cimuncang 2 (1.9 km), Masjid Al Barokah (838 m), Sekolah Tinggi Ilmu Kesehatan Dharma Husada (790 m).","3 x 4 meter, Tidak termasuk listrik","Lemari / Storage, Cleaning service",Ember mandi,"WiFi, R. Jemur, Dapur, Pengurus Kos, CCTV, K. Mandi Luar","Parkir Motor, Parkir Sepeda",,https://mamikos.com/room/kost-bandung-kost-campur-murah-kost-bidan-maria-antapani-bandung?redirection_source=landing%20area,-6.919143148407003,107.66147911363882
Kost Dmt Hemat Cibeunying Kidul Bandung,Putri,Rp399.000,399000,Cibeunying Kidul,Cibeunying Kidul,"Kost ini berlokasi dekat dengan jalan raya dengan akses yang hanya bisa dilalui oleh motor/sepeda, berlokasi dekat dengan Alfamart A Yani 419 (899 m), Christian Church Pasundan Awiligar (2.5 km), Universitas Padjadjaran Kampus Dipatiukur (2.7 km), Sinar Abadi Balubur Town Square (3.3 km).","3 x 4 meter, Tidak termasuk listrik","Kasur, Lemari / Storage, Meja makan, Wastafel, Kursi","Kloset Duduk, Ember mandi","WiFi, R. Tamu, Penjaga Kos, R. Jemur, R. Makan, R. Santai, Dapur, Balcon",Parkir Motor,,https://mamikos.com/room/kost-kota-bandung-kost-putri-murah-kost-dmt-hemat-cibeunying-kidul-bandung-2?redirection_source=landing%20area,-6.89946443046766,107.64898100452167
Kost Wida Antapani Bandung,Campur,Rp950.000,950000,Antapani,Antapani,"Kost ini berlokasi dekat dengan jalan raya dengan akses yang hanya bisa dilalui oleh motor/sepeda, berlokasi dekat dengan Alfamart Cimuncang 2 (1.7 km), Masjid Al Barokah (909 m), Sekolah Tinggi Ilmu Kesehatan Dharma Husada (940 m).","3 x 5 meter, Termasuk listrik","Kasur, Lemari / Storage, Ventilasi, Jendela, Bantal, Wastafel","K. Mandi Dalam, Kloset Duduk, Ember mandi","WiFi, R. Jemur, Dapur, Jemuran",Parkir Motor,,https://mamikos.com/room/kost-kota-bandung-kost-campur-eksklusif-kost-wida-antapani-bandung?redirection_source=landing%20area,-6.918108128162302,107.65942840270607
Kost Mami Lilis Tipe Large Kiaracondong Bandung,Campur,Rp900.000,900000,Kecamatan Kiaracondong,Kiaracondong,"Kost ini berlokasi dekat dengan jalan raya dengan akses yang hanya bisa dilalui oleh motor/sepeda, berlokasi dekat dengan Warteg Cintaasih (2.2 km), Alfamart West Cikutra (2.5 km), Masjid Al Barokah (437 m), Bank BJB Weekend Banking (2.5 km), Universitas Widyatama (1.3 km), RS Ibu dan Anak Grha Bunda (459 m).","4.5 x 4.5 meter, Tidak termasuk listrik","Kasur, Meja, Lemari / Storage, Jendela, Dapur Pribadi","K. Mandi Dalam, Kloset Jongkok, Ember mandi","R. Jemur, Dapur, Jemuran, CCTV",Parkir Motor & Sepeda,,https://mamikos.com/room/kost-kota-bandung-kost-campur-murah-kost-mami-lilis-tipe-large-kiaracondong-bandung-2?redirection_source=landing%20area,-6.926174835214387,107.6443597852374
Kost Keys Co Living Superior Balcony K 08 Cibeunying Kidul Bandung,Campur,Rp2.850.000,2850000,Cibeunying Kidul,Cibeunying Kidul,"Kost ini berlokasi dekat dengan jalan raya dengan akses masuk mobil, berlokasi dekat dengan Warteg Cintaasih (2.4 km), Alfamart (2.0 km), Masjid Al Barokah (1.5 km), Bank BJB Weekend Banking (2.1 km), Universitas Widyatama (571 m), RS Ibu dan Anak Al Islam (891 m).","3 x 4 meter, Tidak termasuk listrik","AC, Kasur, Meja, Lemari / Storage, microwave, Jendela, Guling, Cermin, Bantal, Kursi","K. Mandi Dalam, Kloset Duduk, Shower, Air panas","WiFi, R. Cuci, Kulkas, Penjaga Kos, R. Jemur, R. Makan, Mushola, Dispenser, Dapur, Jemuran","Parkir Mobil, Parkir Motor",,https://mamikos.com/room/kost-kota-bandung-kost-campur-eksklusif-kost-keys-co-living-superior-balcony-k-08-cibeunying-kidul-bandung?redirection_source=landing%20area,-6.897662382888844,107.65133215971602
Kost Palm Bridge Tipe E Cimenyan Bandung,Putra,Rp850.000,850000,Cimenyan,Cimenyan,"Kost ini berlokasi dekat dengan jalan raya dengan akses yang hanya bisa dilalui oleh motor/sepeda, berlokasi dekat dengan Alfamart Bojong Koneng (1.4 km), Christian Church Pasundan Awiligar (860 m), Universitas Padjadjaran Kampus Dipatiukur (1.9 km), Sinar Abadi Balubur Town Square (2.9 km).","3 x 3 meter, Termasuk listrik","Kasur, Meja, Lemari / Storage, Jendela","Kloset Duduk, K. Mandi Luar","WiFi, R. Cuci, R. Jemur, Dapur, Jemuran, Pengurus Kos, Balcon, R. Keluarga, K. Mandi Luar",Parkir Motor,,https://mamikos.com/room/kost-kabupaten-bandung-kost-putra-eksklusif-kost-palm-bridge-tipe-e-cimenyan-bandung-1?redirection_source=landing%20area,-6.878957026709539,107.66449388550284
Kost Nur Muhaji Tipe F Batununggal Bandung,Campur,Rp1.200.000,1200000,Batununggal,Batununggal,"Kost ini berlokasi dekat dengan jalan raya dengan akses yang hanya bisa dilalui oleh motor/sepeda, berlokasi dekat dengan Warteg Bahari (2.0 km), Alfamart (2.6 km), Masjid Al Jihad (264 m), Bank BJB - Cabang Utama Bandung (2.2 km), Institut Teknologi Nasional Bandung (2.4 km), RS Ibu dan Anak Al Islam (1.5 km).","3 x 4 meter, Tidak termasuk listrik","Kasur, Lemari / Storage, Ventilasi, Jendela, Guling, Bantal","K. Mandi Dalam, Kloset Duduk, Ember mandi","WiFi, Laundry, Penjaga Kos, Jemuran, Pengurus Kos, CCTV","Parkir Motor, Parkir Motor & Sepeda",,https://mamikos.com/room/kost-kota-bandung-kost-campur-eksklusif-kost-nur-muhaji-tipe-f-batununggal-bandung?redirection_source=landing%20area,-6.926176753026034,107.64084990511239
Kost Nin Ae Tipe C Mandalajati Bandung,Campur,Rp1.400.000,1400000,Kecamatan Mandalajati,Mandalajati,"Kost ini berlokasi dekat dengan jalan raya dengan akses yang hanya bisa dilalui oleh motor/sepeda, berlokasi dekat dengan Warteg Permata (2.8 km), PT. Indomarco Prismatama (661 m), Masjid Al Barokah (1.7 km), Universitas Widyatama (1.4 km), RS Umum Hermina Arcamanik (1.2 km).","3 x 4 meter, Termasuk listrik","AC, Kasur, Meja, Lemari / Storage, Jendela, Cermin, Bantal, Kursi","Kloset Duduk, K. Mandi Luar, Wastafel, Shower, Air panas","WiFi, Kulkas, Penjaga Kos, Dapur, Jemuran, Pengurus Kos, Jual Makanan, CCTV, Kartu Akses, K. Mandi Luar","Parkir Mobil, Parkir Motor, Parkir Sepeda, Parkir Motor & Sepeda",,https://mamikos.com/room/kost-kota-bandung-kost-campur-eksklusif-kost-nin-ae-tipe-c-mandalajati-bandung-2?redirection_source=landing%20area,-6.895996593525214,107.67313485162848
Kost Sunrise Tipe A Cibeunying Kidul Bandung,Putri,Rp575.000,575000,Cibeunying Kidul,Cibeunying Kidul,"Kost ini berlokasi dekat dengan jalan raya dengan akses yang hanya bisa dilalui oleh motor/sepeda, berlokasi dekat dengan Alfamart Bojong Koneng (885 m), Christian Church Pasundan Awiligar (2.4 km), Universitas Padjadjaran Kampus Dipatiukur (2.8 km), RS Umum Santo Yusup (555 m).","2.5 x 3 meter, Termasuk listrik","Kasur, Lemari / Storage, Ventilasi, Jendela, Bantal","Kloset Jongkok, K. Mandi Luar, Ember mandi","WiFi, R. Jemur, Dispenser, Dapur, Jemuran, K. Mandi Luar","Parkir Motor, Parkir Sepeda",,https://mamikos.com/room/kost-kota-bandung-kost-putri-murah-kost-sunrise-tipe-a-cibeunying-kidul-bandung?redirection_source=landing%20area,-6.900034479834602,107.64817974271432
Kost Muararajeun Lama 2 Tipe C Cibeunying Kaler Bandung,Campur,Rp850.000,850000,Cibeunying Kaler,Cibeunying Kaler,"Kost ini berlokasi dekat dengan jalan raya dengan akses yang hanya bisa dilalui oleh motor/sepeda, berlokasi dekat dengan Rumah Makan Boemi Mitoha (593 m), Alfamart A Yani 419 (1.3 km), Masjid Pusdai (561 m), Universitas Padjadjaran Kampus Dipatiukur (1.8 km), Sinar Abadi Balubur Town Square (2.3 km).","3 x 3 meter, Termasuk listrik","Kasur, Meja, Lemari / Storage, Ventilasi, Jendela, Bantal","Kloset Jongkok, K. Mandi Luar, Ember mandi","WiFi, R. Cuci, R. Jemur, Dapur, Jemuran, Pengurus Kos, Jual Makanan, CCTV, K. Mandi Luar","Parkir Motor, Parkir Sepeda, Parkir Motor & Sepeda",,https://mamikos.com/room/kost-kota-bandung-kost-campur-eksklusif-kost-muararajeun-lama-2-tipe-c-cibeunying-kaler-bandung?redirection_source=landing%20area,-6.887083488998203,107.62937116832144
Kost Icha Cikutra Tipe B Cibeunying Kidul Bandung,Putri,Rp750.000,750000,Kecamatan Cibeunying Kidul,Cibeunying Kidul,"Kost ini berlokasi dekat dengan jalan raya dengan akses yang hanya bisa dilalui oleh motor/sepeda, berlokasi dekat dengan Warteg Cintaasih (2.2 km), Alfamart (2.3 km), Masjid Al Barokah (1.2 km), Bank BJB Weekend Banking (2.1 km), Universitas Widyatama (777 m), RS Ibu dan Anak Al Islam (686 m).","3 x 3 meter, Termasuk listrik","Kasur, Meja, Lemari / Storage, Ventilasi, Jendela, Guling, Cermin, Bantal","Kloset Jongkok, K. Mandi Luar, Ember mandi, Bak mandi","WiFi, R. Cuci, R. Tamu, Penjaga Kos, R. Jemur, Dispenser, Dapur, Jemuran, Pengurus Kos, CCTV",Parkir Motor,,https://mamikos.com/room/kost-kota-bandung-kost-putri-murah-kost-icha-cikutra-tipe-b-cibeunying-kidul-bandung-2?redirection_source=landing%20area,-6.897596013665265,107.64954149407154
Kost Hdci Tipe A Coblong Bandung,Putra,Rp3.000.000,3000000,Coblong,Coblong,"Kost ini berlokasi dekat dengan jalan raya dengan akses yang hanya bisa dilalui oleh motor/sepeda, berlokasi dekat dengan Warteg Aero (1.8 km), Circle K (1.8 km), Masjid Pusdai (1.2 km), Bank Mandiri Bandung Priority Banking Soerapatti (1.8 km), Universitas Padjadjaran Kampus Dipatiukur (1.4 km), RS Khusus Gigi dan Mulut UNPAD (1.1 km).","3 x 4 meter, Tidak termasuk listrik","AC, Kasur, TV, Meja Rias, Lemari / Storage, Jendela, Guling, Cermin, Bantal","K. Mandi Dalam, Kloset Duduk, Ember mandi, Shower","WiFi, Kulkas, Mesin Cuci, Penjaga Kos, Dispenser, Dapur, Rice Cooker, Pengurus Kos, Jual Makanan, TV",Parkir Motor,,https://mamikos.com/room/kost-kota-bandung-kost-putra-eksklusif-kost-hdci-tipe-a-coblong-bandung?redirection_source=landing%20area,-6.879998470928612,107.61390821347482
Kost BP52 Cibeunying Kaler Bandung,Putri,Rp700.000,700000,Kecamatan Cibeunying Kaler,Cibeunying Kaler,"Kost ini berlokasi dekat dengan jalan raya dengan akses yang hanya bisa dilalui oleh motor/sepeda, berlokasi dekat dengan Alfamart Bojong Koneng (1.5 km), Masjid MUI Kota Bandung (639 m), Universitas Padjadjaran Kampus Dipatiukur (1.5 km), Sinar Abadi Balubur Town Square (2.3 km).","3 x 4 meter, Termasuk listrik","Kasur, Ventilasi, Jendela","K. Mandi Dalam, Kloset Duduk, K. Mandi Luar","WiFi, R. Jemur, Dapur, Jemuran, Pengurus Kos, CCTV, K. Mandi Luar",Parkir Motor,,https://mamikos.com/room/kost-kota-bandung-kost-putri-murah-kost-bp52-cibeunying-kaler-bandung?redirection_source=landing%20area,-6.886558365820345,107.62790184319154
Kost Galuh Putriana Cibeunying Kidul Bandung,Putri,Rp750.000,750000,Kecamatan Cibeunying Kidul,Cibeunying Kidul,"Kost ini berlokasi dekat dengan jalan raya dengan akses yang hanya bisa dilalui oleh motor/sepeda, berlokasi dekat dengan Warteg Permata (2.4 km), PT. Indomarco Prismatama (264 m), Masjid Al Barokah (1.2 km), Universitas Widyatama (1.4 km), RS Umum Hermina Arcamanik (1.1 km), Trans Studio Mall Bandung (3.5 km).","3 x 4 meter, Tidak termasuk listrik","Kasur, Jendela",Ember mandi,"Penjaga Kos, Jemuran, Pengurus Kos, Jual Makanan, Balcon, Gazebo","Parkir Motor, Parkir Sepeda, Parkir Motor & Sepeda",,https://mamikos.com/room/kost-kota-bandung-kost-campur-murah-kost-galuh-putriana-cibeunying-kidul-bandung?redirection_source=landing%20area,-6.898747607054268,107.64953047188071
Kost Dmt Cicadas Batununggal Bandung,Putri,Rp500.000,500000,Kecamatan Batununggal,Batununggal,"Kost ini berlokasi dekat dengan jalan raya dengan akses yang hanya bisa dilalui oleh motor/sepeda, berlokasi dekat dengan Warteg Berkah Bahari (2.6 km), Alfamart (2.6 km), Masjid Al Barokah (1.2 km), Bank BJB Weekend Banking (1.8 km), Universitas Widyatama (1.5 km), RS Ibu dan Anak Al Islam (270 m).","3 x 4 meter, Tidak termasuk listrik","Kasur, Lemari / Storage, Ventilasi, Jendela, Cermin, Bantal","Kloset Jongkok, Ember mandi, Bak mandi","WiFi, R. Cuci, Penjaga Kos, R. Jemur, Mushola, Dispenser, Dapur, Pengurus Kos, CCTV, Taman","Parkir Motor, Parkir Sepeda, Parkir Motor & Sepeda",,https://mamikos.com/room/kost-kota-bandung-kost-putri-murah-kost-dmt-cicadas-batununggal-bandung?redirection_source=landing%20area,-6.926648872797926,107.63940707334834
Kost Cikampek 16 Antapani Bandung,Putri,Rp650.000,650000,Antapani,Antapani,"Kost ini berlokasi dekat dengan jalan raya dengan akses yang hanya bisa dilalui oleh motor/sepeda, berlokasi dekat dengan Warteg Cintaasih (2.7 km), Alfamart Cimuncang 2 (1.8 km), Masjid Al Barokah (653 m), Bank Mandiri Bandung MTC (2.9 km), Universitas Widyatama (2.2 km), RS Ibu dan Anak Grha Bunda (1.1 km).","3 x 3 meter, Termasuk listrik","Kasur, Lemari / Storage, Guling, Bantal","Kloset Duduk, K. Mandi Luar, Ember mandi","WiFi, R. Cuci, Kulkas, Mesin Cuci, R. Jemur, R. Makan, R. Santai, Dapur, Jemuran, Pengurus Kos","Parkir Motor, Parkir Sepeda",,https://mamikos.com/room/kost-kota-bandung-kost-putri-murah-kost-cikampek-16-antapani-bandung-1?redirection_source=landing%20area,-6.917288751333137,107.65959696552899
Kost Ibu Sri Antapani Bandung,Putra,Rp1.200.000,1200000,Antapani,Antapani,"Kost ini berlokasi dekat dengan jalan raya dengan akses yang hanya bisa dilalui oleh motor/sepeda, berlokasi dekat dengan Alfamart Cimuncang 2 (2.2 km), Masjid Al-Muhajirin (867 m).","3 x 3 meter, Termasuk listrik","Kasur, Dispenser, Meja, Meja Rias, Lemari / Storage","Kloset Duduk, K. Mandi Luar, Shower, Air panas","WiFi, R. Cuci, Kulkas, Mesin Cuci, Laundry, R. Tamu, R. Jemur, R. Makan, R. Santai, Dispenser","Parkir Motor, Parkir Sepeda",,https://mamikos.com/room/kost-bandung-kost-putra-eksklusif-kost-ibu-sri-antapani-bandung-1?redirection_source=landing%20area,-6.918548531241808,107.65940124970949
Kost Amanah Cikutra Tipe C Cibeunying Kaler Bandung,Putri,Rp700.000,700000,Kecamatan Cibeunying Kaler,Cibeunying Kaler,"Kost ini berlokasi dekat dengan jalan raya dengan akses yang hanya bisa dilalui oleh motor/sepeda, berlokasi dekat dengan Warteg Cintaasih (3.0 km), Alfamart (1.5 km), Christian Church Pasundan Awiligar (1.6 km), Bank BJB Weekend Banking (2.4 km), Institut Teknologi Nasional Bandung (627 m), RS Ibu dan Anak Al Islam (1.6 km).","2.5 x 3 meter, Tidak termasuk listrik","Kasur, Meja, Lemari / Storage, Bantal","Kloset Jongkok, K. Mandi Luar, Ember mandi, Bak mandi","WiFi, R. Tamu, Penjaga Kos, R. Jemur, R. Makan, R. Santai, Dapur, Jemuran, Pengurus Kos, Rooftop","Parkir Motor, Parkir Sepeda, Parkir Motor & Sepeda",,https://mamikos.com/room/kost-kota-bandung-kost-putri-murah-kost-amanah-cikutra-tipe-c-cibeunying-kaler-bandung?redirection_source=landing%20area,-6.8852129387935355,107.62963441202075
Kost Ibu Parto Tipe D Antapani Bandung,Campur,Rp1.150.000,1150000,Kecamatan Antapani,Antapani,"Kost ini berlokasi dekat dengan jalan raya dengan akses yang hanya bisa dilalui oleh motor/sepeda, berlokasi dekat dengan Alfamart Cimuncang 2 (1.9 km), Masjid Al Barokah (821 m), Sekolah Tinggi Ilmu Kesehatan Dharma Husada (727 m).","3 x 5 meter, Tidak termasuk listrik","AC, Kasur, Lemari / Storage, Jendela, Bantal","Kloset Duduk, Ember mandi, Shower","R. Cuci, Kulkas, R. Jemur, Mushola, R. Santai, Dispenser, Dapur, Jemuran, CCTV, Gazebo",Parkir Motor,,https://mamikos.com/room/kost-kota-bandung-kost-campur-murah-kost-ibu-parto-type-b-antapani-bandung?redirection_source=landing%20area,-6.91748920112505,107.65908641999019
Kost Fenfen Premium Mandalajati Bandung,Campur,Rp1.500.000,1500000,Kecamatan Mandalajati,Mandalajati,"Kost ini berlokasi dekat dengan jalan raya dengan akses yang hanya bisa dilalui oleh motor/sepeda, berlokasi dekat dengan Warmindo Tongkrongan (3.1 km), PT. Indomarco Prismatama (952 m), Masjid Al Barokah (2.0 km), Universitas Widyatama (1.5 km), RS Umum Hermina Arcamanik (1.4 km).","9 x 8 meter, Tidak termasuk listrik","Jendela, Dapur Pribadi","K. Mandi Dalam, Kloset Jongkok, Wastafel, Ember mandi, Shower","WiFi, R. Jemur, Dapur, Jemuran, CCTV, Balcon","Parkir Mobil, Parkir Motor",,https://mamikos.com/room/kost-kota-bandung-kost-campur-eksklusif-kost-fenfen-premium-mandalajati-bandung?redirection_source=landing%20area,-6.8963891907575725,107.6730360363651
Kost Muararajeun Lama 1 Tipe C Cibeunying Kaler Bandung,Campur,Rp750.000,750000,Cibeunying Kaler,Cibeunying Kaler,"Kost ini berlokasi dekat dengan jalan raya dengan akses yang hanya bisa dilalui oleh motor/sepeda, berlokasi dekat dengan Warteg Abadi (2.2 km), Alfamart A Yani 419 (1.3 km), Masjid Al Kautsar (2.0 km), Bank Mandiri Bandung Priority Banking Soerapatti (1.5 km), Universitas Padjadjaran Kampus Dipatiukur (1.8 km), RS Umum Santo Borromeus (2.1 km).","3.5 x 2 meter, Termasuk listrik","Kasur, Meja, Lemari / Storage, Ventilasi, Jendela, Bantal","Kloset Jongkok, K. Mandi Luar, Ember mandi","WiFi, R. Cuci, Penjaga Kos, R. Jemur, Jemuran, Pengurus Kos, Jual Makanan, K. Mandi Luar","Parkir Motor, Parkir Sepeda, Parkir Motor & Sepeda",,https://mamikos.com/room/kost-kota-bandung-kost-campur-eksklusif-kost-muararajeun-lama-1-tipe-c-cibeunying-kaler-bandung-2?redirection_source=landing%20area,-6.88827521594254,107.62858417117914
Kost Roemah Way Cibeunying Kaler Bandung,Putri,Rp1.500.000,1500000,Kecamatan Cibeunying Kaler,Cibeunying Kaler,"Kost ini berlokasi dekat dengan jalan raya dengan akses masuk mobil, berlokasi dekat dengan Warteg Gaul (1.8 km), Alfamart (2.3 km), Christian Church Pasundan Awiligar (788 m), Bank BJB Weekend Banking (2.8 km), Institut Teknologi Bandung (2.4 km), RS Ibu dan Anak Al Islam (2.8 km).","3 x 3 meter, Tidak termasuk listrik","Kasur, Lemari / Storage, Ventilasi, Jendela, Guling, Bantal","K. Mandi Dalam, Kloset Duduk, Ember mandi, Shower","WiFi, R. Santai, Dapur, Jemuran, Pengurus Kos, CCTV, Rooftop, Gazebo","Parkir Mobil, Parkir Motor",,https://mamikos.com/room/kost-kota-bandung-kost-putri-eksklusif-kost-roemah-way-cibeunying-kaler-bandung?redirection_source=landing%20area,-6.8867090871119325,107.62813376741123
Kost Cikutra Babakan Sukapada Bandung,Putra,Rp475.000,475000,Cibeunying Kidul,Cibeunying Kidul,"Kost ini berlokasi dekat dengan jalan raya dengan akses yang hanya bisa dilalui oleh motor/sepeda, berlokasi dekat dengan Alfamart Bojong Koneng (198 m), Christian Church Pasundan Awiligar (1.9 km), Universitas Widyatama (222 m).","2.3 x 3 meter, Termasuk listrik","Kasur, Meja, Lemari / Storage, Kursi","K. Mandi Dalam, Kloset Jongkok, Ember mandi","R. Jemur, Dapur","Parkir Motor, Parkir Sepeda",,https://mamikos.com/room/kost-kota-bandung-kost-putra-murah-kost-cikutra-babakan-sukapada-bandung?redirection_source=landing%20area,-6.897124858865531,107.65167585646043
Kost Sulaksana Tipe A Kiaracondong Bandung,Putra,Rp700.000,700000,Kecamatan Kiaracondong,Kiaracondong,"Kost ini berlokasi dekat dengan jalan raya dengan akses yang hanya bisa dilalui oleh motor/sepeda, berlokasi dekat dengan Warteg Permata (1.4 km), Alfamart West Cikutra (2.7 km), Masjid Al Barokah (278 m), Bank BJB Weekend Banking (2.9 km), Universitas Widyatama (1.3 km), RS Ibu dan Anak Grha Bunda (805 m).","3 x 3 meter, Termasuk listrik","Kasur, Meja, Lemari / Storage, Jendela, Cermin, Bantal, Kursi","Kloset Jongkok, K. Mandi Luar, Ember mandi","WiFi, R. Cuci, R. Tamu, R. Jemur, Dapur, Jemuran, Pengurus Kos, CCTV, Taman, TV","Parkir Motor, Parkir Sepeda",,https://mamikos.com/room/kost-kota-bandung-kost-putra-murah-kost-sulaksana-tipe-a-kiaracondong-bandung-2?redirection_source=landing%20area,-6.924394418904605,107.64525148712758
Kost Samz Cibeunying Kidul Bandung,Putri,Rp700.000,700000,Cibeunying Kidul,Cibeunying Kidul,"Kost ini berlokasi dekat dengan jalan raya dengan akses yang hanya bisa dilalui oleh motor/sepeda, berlokasi dekat dengan Alfamart A Yani 419 (198 m), Church In Bandung (2.5 km), Universitas Padjadjaran Kampus Dipatiukur (2.9 km), RS Ibu dan Anak Al Islam (76 m), Bandung Electronic Center (3.3 km).","2.5 x 2.5 meter, Termasuk listrik","Kasur, Dispenser, Meja, Lemari / Storage, Kursi, Kipas Angin","Kloset Jongkok, K. Mandi Luar, Wastafel, Ember mandi, Shower","WiFi, R. Tamu, R. Jemur, Dapur","Parkir Motor, Parkir Sepeda",,https://mamikos.com/room/kost-kota-bandung-kost-putri-eksklusif-kost-samz-cibeunying-kidul-bandung?redirection_source=landing%20area,-6.89915826998351,107.64833946171747
Kost Boarding House Naga Malim With Kitchen Outside Tipe B Cibeunying Kidul Bandung,Campur,Rp900.000,900000,Cibeunying Kidul,Cibeunying Kidul,"Kost ini berlokasi dekat dengan jalan raya dengan akses yang hanya bisa dilalui oleh motor/sepeda, berlokasi dekat dengan Alfamart A Yani 419 (763 m), Christian Church Pasundan Awiligar (2.8 km), Universitas Widyatama (854 m).","3 x 3 meter, Tidak termasuk listrik",Jendela,Kloset Jongkok,"R. Tamu, R. Santai, Dapur, Pengurus Kos, CCTV, Balcon, K. Mandi Luar","Parkir Motor, Parkir Sepeda",,https://mamikos.com/room/kost-bandung-kost-campur-murah-kost-boarding-house-naga-malim-with-kitchen-outside-tipe-b-cibeunying-kidul-bandung?redirection_source=landing%20area,-6.898449975818657,107.64808400037916
Kost Bu Eti 2 Antapani Bandung,Putri,Rp850.000,850000,Kecamatan Antapani,Antapani,"Kost ini berlokasi dekat dengan jalan raya dengan akses yang hanya bisa dilalui oleh motor/sepeda, berlokasi dekat dengan Rumah Makan Murah (2.0 km), Alfamart Cimuncang 2 (2.0 km), Masjid Al Barokah (889 m), Bank Mandiri Bandung MTC (2.7 km), Universitas Widyatama (2.5 km), RS Ibu dan Anak Grha Bunda (1.2 km).","3 x 4 meter, Termasuk listrik","Kasur, Meja, Lemari / Storage, Ventilasi, Jendela, Guling, Cermin, Bantal","Kloset Duduk, Kloset Jongkok, K. Mandi Luar, Ember mandi, Shower, Bak mandi","WiFi, R. Cuci, Kulkas, Mesin Cuci, R. Tamu, R. Jemur, Mushola, R. Santai, Dapur, Jemuran",Parkir Motor,,https://mamikos.com/room/kost-kota-bandung-kost-putri-murah-kost-bu-eti-2-antapani-bandung?redirection_source=landing%20area,-6.918771604692136,107.66119585579814
Kost Dela Tipe B Antapani Bandung,Campur,Rp1.600.000,1600000,Antapani,Antapani,"Kost ini berlokasi dekat dengan jalan raya dengan akses masuk mobil, berlokasi dekat dengan Alfamart Cimuncang 2 (2.7 km), Masjid Al-Muhajirin (491 m).","4 x 5 meter, Tidak termasuk listrik","AC, Kasur, Meja, TV, Lemari / Storage, Jendela, Bantal, Kursi","K. Mandi Dalam, Kloset Duduk, Shower","WiFi, Kulkas, R. Tamu, Penjaga Kos, Mushola, Dispenser, Dapur, Jemuran, CCTV, TV","Parkir Mobil, Parkir Motor",,https://mamikos.com/room/kost-kota-bandung-kost-campur-eksklusif-kost-dela-tipe-b-antapani-bandung-4?redirection_source=landing%20area,-6.919727941757177,107.66060321017595
Kost Sindang Sari Tipe A Antapani Bandung,Campur,Rp750.000,750000,Antapani,Antapani,"Kost ini berlokasi dekat dengan jalan raya dengan akses yang hanya bisa dilalui oleh motor/sepeda, berlokasi dekat dengan Warteg Permata (2.4 km), Alfamart Cimuncang 2 (1.8 km), Masjid Al Barokah (1.4 km), Bank Syariah Indonesia KK Bandung RS Al Islam (3.4 km), Universitas Widyatama (2.4 km), RS Umum Hermina Arcamanik (600 m).","3 x 4 meter, Termasuk listrik","Kasur, Meja, Lemari / Storage, Ventilasi, Jendela, Guling, Cermin, Bantal, Wastafel","Kloset Jongkok, K. Mandi Luar, Wastafel, Ember mandi, Bak mandi","WiFi, R. Cuci, Laundry, Laundry, R. Tamu, Penjaga Kos, R. Jemur, R. Makan, R. Santai, Dapur","Parkir Mobil, Parkir Motor, Parkir Sepeda",,https://mamikos.com/room/kost-kota-bandung-kost-campur-murah-kost-sindang-sari-tipe-a-antapani-bandung?redirection_source=landing%20area,-6.919097713694573,107.65789578188588
Kost Nin Ae Tipe A Mandalajati Bandung,Campur,Rp1.800.000,1800000,Kecamatan Mandalajati,Mandalajati,"Kost ini berlokasi dekat dengan jalan raya dengan akses yang hanya bisa dilalui oleh motor/sepeda, berlokasi dekat dengan Warteg Permata (2.8 km), PT. Indomarco Prismatama (661 m), Masjid Al Barokah (1.7 km), Universitas Widyatama (1.4 km), RS Umum Hermina Arcamanik (1.2 km).","6 x 4 meter, Termasuk listrik","AC, Kasur, Lemari / Storage, Bantal, Kursi","K. Mandi Dalam, Kloset Duduk, K. Mandi Luar, Wastafel, Shower, Air panas","WiFi, Kulkas, Penjaga Kos, Dapur, Jemuran, Pengurus Kos, Jual Makanan, CCTV, Kartu Akses, K. Mandi Luar","Parkir Mobil, Parkir Motor, Parkir Sepeda, Parkir Motor & Sepeda",,https://mamikos.com/room/kost-kota-bandung-kost-campur-eksklusif-kost-nin-ae-tipe-a-mandalajati-bandung?redirection_source=landing%20area,-6.897550438379816,107.67227080571786
Kost Pahlawan Tipe A Cibeunying Kaler Bandung,Putra,Rp1.100.000,1100000,Cibeunying Kaler,Cibeunying Kaler,"Kost ini berlokasi dekat dengan jalan raya dengan akses yang hanya bisa dilalui oleh motor/sepeda, berlokasi dekat dengan Alfamart Bojong Koneng (998 m), Masjid Pusdai (1.1 km), Institut Teknologi Nasional Bandung (278 m), Sinar Abadi Balubur Town Square (2.8 km).","3 x 3 meter, Tidak termasuk listrik","Kasur, Meja, Lemari / Storage, Ventilasi, Jendela, Cermin, Bantal","K. Mandi Dalam, Kloset Duduk, Shower","WiFi, R. Cuci, Penjaga Kos, Mushola, Jemuran, Pengurus Kos",Parkir Motor,,https://mamikos.com/room/kost-kota-bandung-kost-putra-eksklusif-kost-pahlawan-tipe-a-cibeunying-kaler-bandung-2?redirection_source=landing%20area,-6.887849059801549,107.62995017161057
Kost Nin Ae Tife F Mandalajati Bandung,Campur,Rp1.100.000,1100000,Kecamatan Mandalajati,Mandalajati,"Kost ini berlokasi dekat dengan jalan raya dengan akses yang hanya bisa dilalui oleh motor/sepeda, berlokasi dekat dengan Warteg Permata (2.8 km), PT. Indomarco Prismatama (661 m), Masjid Al Barokah (1.7 km), Universitas Widyatama (1.4 km), RS Umum Hermina Arcamanik (1.2 km).","3 x 4 meter, Termasuk listrik","Kasur, Meja, Lemari / Storage, Ventilasi, Cermin, Bantal, Kursi, Cleaning service","Kloset Duduk, K. Mandi Luar, Wastafel, Shower, Air panas","WiFi, Penjaga Kos, Jemuran, Pengurus Kos, Jual Makanan, CCTV, Kartu Akses, K. Mandi Luar","Parkir Mobil, Parkir Motor, Parkir Sepeda, Parkir Motor & Sepeda",,https://mamikos.com/room/kost-kota-bandung-kost-campur-eksklusif-kost-nin-ae-tife-f-mandalajati-bandung?redirection_source=landing%20area,-6.894992709844771,107.67027690848406
Kost Depok Tipe B Antapani Bandung,Campur,Rp1.300.000,1300000,Kecamatan Antapani,Antapani,"Kost ini berlokasi dekat dengan jalan raya dengan akses yang hanya bisa dilalui oleh motor/sepeda, berlokasi dekat dengan Warteg Cintaasih (3.0 km), PT. Indomarco Prismatama (1.3 km), Masjid Al Barokah (693 m), Bank Mandiri Bandung MTC (3.1 km), Universitas Widyatama (2.2 km), RS Ibu dan Anak Grha Bunda (1.3 km).","4.5 x 4.5 meter, Termasuk listrik","Kasur, Meja, Lemari / Storage, Ventilasi, Jendela, Guling, Cermin, Bantal, Wastafel, Kursi","Kloset Jongkok, K. Mandi Luar, Wastafel, Ember mandi, Shower, Bak mandi","WiFi, R. Cuci, Penjaga Kos, R. Jemur, Dapur, Jemuran, Pengurus Kos, CCTV, Kartu Akses, Locker","Parkir Motor, Parkir Sepeda, Parkir Motor & Sepeda",,https://mamikos.com/room/kost-kota-bandung-kost-campur-eksklusif-kost-depok-tipe-b-antapani-bandung?redirection_source=landing%20area,-6.917984575644922,107.66056025997574
Kost Berry Budi Tipe A Cibeunying Kidul Bandung,Campur,Rp650.000,650000,Kecamatan Cibeunying Kidul,Cibeunying Kidul,"Kost ini berlokasi dekat dengan jalan raya dengan akses yang hanya bisa dilalui oleh motor/sepeda, berlokasi dekat dengan Warteg Cintaasih (2.4 km), Alfamart (1.8 km), Masjid Al Barokah (1.7 km), Bank BJB Weekend Banking (2.0 km), Institut Teknologi Nasional Bandung (569 m), RS Ibu dan Anak Al Islam (980 m).","3 x 3 meter, Termasuk listrik","Kasur, Meja, Lemari / Storage","Kloset Duduk, Kloset Jongkok, K. Mandi Luar, Bak mandi","WiFi, Kulkas, R. Jemur, R. Santai, Dapur, CCTV, Kartu Akses, TV, K. Mandi Luar","Parkir Motor, Parkir Sepeda, Parkir Motor & Sepeda",,https://mamikos.com/room/kost-kota-bandung-kost-campur-murah-kost-berry-budi-tipe-a-cibeunying-kidul-bandung?redirection_source=landing%20area,-6.898111070537456,107.64948977463958
Kost Sidomulyo 2 Cibeunying Kaler Bandung,Putra,Rp1.000.000,1000000,Cibeunying Kaler,Cibeunying Kaler,"Kost ini berlokasi dekat dengan jalan raya dengan akses yang hanya bisa dilalui oleh motor/sepeda, berlokasi dekat dengan Alfamart Bojong Koneng (1.4 km), Masjid MUI Kota Bandung (679 m), Institut Teknologi Nasional Bandung (720 m), Sinar Abadi Balubur Town Square (2.4 km).","3 x 3 meter, Termasuk listrik","Kasur, Meja, Lemari / Storage, Jendela, Kursi, Cleaning service","K. Mandi Dalam, Kloset Duduk, Kloset Jongkok, K. Mandi Luar, Ember mandi, Shower, Air panas, Bak mandi","WiFi, Kulkas, R. Tamu, Penjaga Kos, R. Jemur, R. Makan, Mushola, Dapur, Taman, K. Mandi Luar","Parkir Mobil, Parkir Motor, Parkir Sepeda",,https://mamikos.com/room/kost-kota-bandung-kost-putra-eksklusif-kost-sidomulyo-2-cibeunying-kaler-bandung?redirection_source=landing%20area,-6.885784654221111,107.62886123946971
Kost Evelyn Home Tipe 2 Cibeunying Kidul Bandung,Putri,Rp750.000,750000,Cibeunying Kidul,Cibeunying Kidul,"Kost ini berlokasi dekat dengan jalan raya dengan akses yang hanya bisa dilalui oleh motor/sepeda, berlokasi dekat dengan Alfamart Bojong Koneng (351 m), Christian Church Pasundan Awiligar (2.0 km), Universitas Widyatama (180 m), RS Umum Santo Yusup (992 m).","3 x 4 meter, Termasuk listrik","Kasur, Lemari / Storage, Cermin","K. Mandi Dalam, Kloset Jongkok, Ember mandi","WiFi, R. Jemur, Dapur",,,https://mamikos.com/room/kost-kota-bandung-kost-putri-murah-kost-evelyn-home-tipe-2-cibeunying-kidul-bandung?redirection_source=landing%20area,-6.9003064148768996,107.64890402913846
Kost Elroi Bojong Koneng Atas Cikutra Tipe C Cimenyan Bandung,Putra,Rp1.500.000,1500000,Cimenyan,Cimenyan,"Kost ini berlokasi dekat dengan jalan raya dengan akses yang hanya bisa dilalui oleh motor/sepeda, berlokasi dekat dengan Rumah Makan Pondok (3.0 km), Alfamart Bojong Koneng (838 m), Christian Church Pasundan Awiligar (1.4 km), Bank BJB Weekend Banking (3.4 km), Universitas Widyatama (1.1 km), RS Ibu dan Anak Al Islam (2.5 km).","4 x 4 meter, Tidak termasuk listrik","Kasur, Meja, Lemari / Storage, Ventilasi, Jendela, Guling, Cermin, Bantal, Kursi, Kipas Angin","K. Mandi Dalam, Kloset Duduk, Ember mandi, Shower, Air panas","WiFi, Kulkas, R. Tamu, Penjaga Kos, R. Jemur, R. Makan, R. Santai, Dispenser, Dapur, Jemuran","Parkir Motor, Parkir Motor & Sepeda",,https://mamikos.com/room/kost-kabupaten-bandung-kost-putra-eksklusif-kost-elroi-bojong-koneng-atas-cikutra-tipe-c-cimenyan-bandung-2?redirection_source=landing%20area,-6.87811711057346,107.66192894225557
Kost Rezky Ahmad Yani Kiaracondong Bandung,Campur,Rp850.000,850000,Kiaracondong,Kiaracondong,"Kost ini berlokasi dekat dengan jalan raya dengan akses yang hanya bisa dilalui oleh motor/sepeda, berlokasi dekat dengan Rumah Makan Amanah (2.8 km), Alfamart Cimuncang 2 (524 m), Masjid Al Barokah (836 m), Akademi Pariwisata BSI Bandung (887 m).","3 x 4 meter, Termasuk listrik","Kasur, Lemari / Storage, Jendela","K. Mandi Dalam, Kloset Duduk, Kloset Jongkok, Ember mandi, Shower","WiFi, R. Cuci, R. Tamu, R. Jemur, Dapur, Jemuran, CCTV",Parkir Motor,,https://mamikos.com/room/kost-kota-bandung-kost-campur-murah-kost-rezky-ahmad-yani-kiaracondong-bandung-2?redirection_source=landing%20area,-6.922904089882673,107.6458506991551
Kost Dela Tipe A Antapani Bandung,Campur,Rp1.750.000,1750000,Antapani,Antapani,"Kost ini berlokasi dekat dengan jalan raya dengan akses masuk mobil, berlokasi dekat dengan Alfamart Cimuncang 2 (2.7 km), Masjid Al-Muhajirin (491 m).","4 x 5 meter, Tidak termasuk listrik","AC, Kasur, Meja, TV, Lemari / Storage, Jendela, Bantal, Kursi","K. Mandi Dalam, Kloset Duduk, Shower, Air panas","WiFi, Kulkas, Mesin Cuci, R. Tamu, Penjaga Kos, Mushola, Dispenser, Dapur, Jemuran, CCTV","Parkir Mobil, Parkir Motor",,https://mamikos.com/room/kost-kota-bandung-kost-campur-eksklusif-kost-dela-tipe-a-antapani-bandung?redirection_source=landing%20area,-6.916506961520058,107.6609172197771
Kost Sidomukti 65 Tipe A Cibeunying Kaler Bandung,Campur,Rp950.000,950000,Kecamatan Cibeunying Kaler,Cibeunying Kaler,"Kost ini berlokasi dekat dengan jalan raya dengan akses yang hanya bisa dilalui oleh motor/sepeda, berlokasi dekat dengan Warteg Aero (2.1 km), Alfamart (3.1 km), Christian Church Pasundan Awiligar (1.5 km), Bank BJB Weekend Banking (2.0 km), Institut Teknologi Nasional Bandung (786 m), RS Ibu dan Anak Al Islam (2.0 km).","3 x 4 meter, Tidak termasuk listrik",Kasur,"K. Mandi Dalam, Kloset Duduk, Kloset Jongkok, Shower, Air panas","WiFi, R. Makan, Dapur, Jemuran, Pengurus Kos, Rooftop, Balcon","Parkir Mobil, Parkir Motor, Parkir Sepeda, Parkir Motor & Sepeda",,https://mamikos.com/room/kost-kota-bandung-kost-campur-murah-kost-sidomukti-65-tipe-a-cibeunying-kaler-bandung-2?redirection_source=landing%20area,-6.8866735643769,107.62999516156829
Kost No 73 Tipe A Cibeunying Kaler Bandung,Putra,Rp1.000.000,1000000,Cibeunying Kaler,Cibeunying Kaler,"Kost ini berlokasi dekat dengan jalan raya dengan akses yang hanya bisa dilalui oleh motor/sepeda, berlokasi dekat dengan Rumah Makan Boemi Mitoha (786 m), Alfamart A Yani 419 (1.3 km), Masjid Pusdai (725 m), Institut Teknologi Nasional Bandung (612 m), Sinar Abadi Balubur Town Square (2.5 km).","3 x 3 meter, Tidak termasuk listrik","Kasur, Meja, Lemari / Storage, Kursi","Kloset Duduk, K. Mandi Luar, Ember mandi, Bak mandi","WiFi, Laundry, R. Jemur, R. Santai, Dapur","Parkir Mobil, Parkir Motor, Parkir Sepeda",,https://mamikos.com/room/kost-kota-bandung-kost-putra-eksklusif-kost-no-73-tipe-a-cibeunying-kaler-bandung?redirection_source=landing%20area,-6.887060153408821,107.63084156794956
Kost Vgh II Vvip Antapani Bandung,Campur,Rp1.090.000,1090000,Antapani,Antapani,"Kost ini berlokasi dekat dengan jalan raya dengan akses yang hanya bisa dilalui oleh motor/sepeda, berlokasi dekat dengan Warteg Cintaasih (2.7 km), PT. Indomarco Prismatama (1.4 km), Masjid Al Barokah (632 m), Bank Mandiri Bandung MTC (3.0 km), Universitas Widyatama (2.2 km), RS Ibu dan Anak Grha Bunda (1.1 km).","3 x 4 meter, Tidak termasuk listrik","Kasur, Meja, Lemari / Storage, Guling, Bantal","K. Mandi Dalam, Kloset Duduk, Shower","WiFi, Kulkas, Penjaga Kos, Dapur, Jemuran, CCTV, Kartu Akses","Parkir Mobil, Parkir Motor",,https://mamikos.com/room/kost-kota-bandung-kost-campur-eksklusif-kost-vgh-ii-vvip-antapani-bandung-2?redirection_source=landing%20area,-6.918383357322785,107.65992723296873
Kost Bidan Maria 1 Antapani Bandung,Putri,Rp1.000.000,1000000,Antapani,Antapani,"Kost ini berlokasi dekat dengan jalan raya dengan akses yang hanya bisa dilalui oleh motor/sepeda, berlokasi dekat dengan Alfamart Cimuncang 2 (1.6 km), Masjid Al Barokah (454 m), Sekolah Tinggi Ilmu Kesehatan Dharma Husada (385 m), RS Ibu dan Anak Grha Bunda (931 m).","3 x 4 meter, Tidak termasuk listrik","Kasur, Meja, Lemari / Storage, Ventilasi, Jendela, Bantal","K. Mandi Dalam, Kloset Jongkok, Ember mandi","WiFi, Kulkas, R. Tamu, Penjaga Kos, R. Jemur, Dapur, Jemuran, Pengurus Kos, CCTV, K. Mandi Luar","Parkir Motor, Parkir Sepeda",,https://mamikos.com/room/kost-kota-bandung-kost-putri-eksklusif-kost-bidan-maria-1-antapani-bandung?redirection_source=landing%20area,-6.919095325843924,107.65989565480784
Kost Bu Sur Tipe A Cibeunying Kidul Bandung,Putri,Rp600.000,600000,Kecamatan Cibeunying Kidul,Cibeunying Kidul,"Kost ini berlokasi dekat dengan jalan raya dengan akses yang hanya bisa dilalui oleh motor/sepeda, berlokasi dekat dengan Warteg Cintaasih (2.3 km), Alfamart Cimuncang 2 (842 m), Masjid Al Barokah (1.2 km), Bank BJB Weekend Banking (2.1 km), Universitas Widyatama (690 m), RS Khusus Gigi dan Mulut UNPAD (3.0 km).","2 x 2 meter, Termasuk listrik","Kasur, Meja, Lemari / Storage, Ventilasi, Jendela, Cermin, Bantal, Kursi","Kloset Duduk, Kloset Jongkok, K. Mandi Luar, Ember mandi, Shower, Bak mandi","WiFi, R. Jemur, R. Santai, Dispenser, Dapur, Jemuran, Pengurus Kos, Balcon, Taman, TV","Parkir Motor, Parkir Sepeda",,https://mamikos.com/room/kost-kota-bandung-kost-putri-murah-kost-bu-sur-tipe-a-cibeunying-kidul-bandung?redirection_source=landing%20area,-6.897965062987905,107.64840566676345
Kost Orange Tipe D Cikondang Coblong Bandung,Campur,Rp900.000,900000,Coblong,Coblong,"Kost ini berlokasi dekat dengan jalan raya dengan akses yang hanya bisa dilalui oleh motor/sepeda, berlokasi dekat dengan Warteg Gaul (1.7 km), Alfamart Bojong Koneng (1.5 km), Masjid MUI Kota Bandung (518 m), BSI KCP Bandung Dago (2.0 km), Universitas Padjadjaran Kampus Dipatiukur (1.5 km), RS Umum Santo Borromeus (1.9 km).","4 x 5 meter, Termasuk listrik","Kasur, Meja, Lemari / Storage, TV Kabel, Kursi","K. Mandi Dalam, Kloset Jongkok, Ember mandi","WiFi, Kulkas, R. Jemur, Dispenser, Dapur, CCTV, Balcon, TV",Parkir Motor,,https://mamikos.com/room/kost-kota-bandung-kost-campur-murah-kost-orange-tipe-d-cikondang-coblong-bandung?redirection_source=landing%20area,-6.881245495707249,107.6157051244214
Kost Evelyn Home 1 Cibeunying Kidul Bandung,Putri,Rp800.000,800000,Cibeunying Kidul,Cibeunying Kidul,"Kost ini berlokasi dekat dengan jalan raya dengan akses yang hanya bisa dilalui oleh motor/sepeda, berlokasi dekat dengan Alfamart Bojong Koneng (351 m), Christian Church Pasundan Awiligar (2.0 km), Universitas Widyatama (180 m).","3 x 4 meter, Termasuk listrik","Kasur, Lemari / Storage, Cermin","K. Mandi Dalam, Kloset Jongkok, Ember mandi","WiFi, R. Jemur, Dapur",,,https://mamikos.com/room/kost-bandung-kost-putri-eksklusif-kost-evelyn-home-1-cibeunying-kidul-bandung-1?redirection_source=landing%20area,-6.896968294039983,107.65182042132736
Kost Cikutra Baru 1 Cibeunying Kaler Bandung,Putri,Rp1.000.000,1000000,Cibeunying Kaler,Cibeunying Kaler,"Kost ini berlokasi dekat dengan jalan raya dengan akses yang hanya bisa dilalui oleh motor/sepeda, berlokasi dekat dengan Alfamart Bojong Koneng (606 m), Masjid Pusdai (1.5 km), Institut Teknologi Nasional Bandung (373 m), Sinar Abadi Balubur Town Square (3.2 km).","2 x 4 meter, Termasuk listrik","Kasur, Meja, Lemari / Storage","Kloset Duduk, K. Mandi Luar, Shower, Bak mandi","WiFi, Kulkas, R. Tamu, R. Jemur, R. Santai, Dispenser, Dapur, R. Keluarga","Parkir Mobil, Parkir Motor",,https://mamikos.com/room/kost-kost-putri-eksklusif-kost-cikutra-baru-1-cibeunying-kaler-bandung?redirection_source=landing%20area,-6.884698943082979,107.6300771343184
Kost Manteron Tipe A Cibeunying Kaler Bandung,Putra,Rp900.000,900000,Kecamatan Cibeunying Kaler,Cibeunying Kaler,"Kost ini berlokasi dekat dengan jalan raya dengan akses yang hanya bisa dilalui oleh motor/sepeda, berlokasi dekat dengan Rumah Makan Pondok (909 m), Alfamart Bojong Koneng (1.5 km), Masjid Pusdai (681 m), Institut Teknologi Nasional Bandung (630 m), Sinar Abadi Balubur Town Square (2.3 km).","2 x 3 meter, Tidak termasuk listrik","Kasur, Meja, Lemari / Storage, Cermin, Bantal","Kloset Jongkok, K. Mandi Luar, Ember mandi","WiFi, Mushola, Dapur, Jemuran, Pengurus Kos, Jual Makanan, Balcon, K. Mandi Luar",Parkir Motor,,https://mamikos.com/room/kost-kota-bandung-kost-putra-eksklusif-kost-manteron-tipe-a-cibeunying-kaler-bandung?redirection_source=landing%20area,-6.887841355778339,107.62881781522792
Kost Rumah Surya Cibeunying Kaler Bandung,Putra,Rp550.000,550000,Kecamatan Cibeunying Kaler,Cibeunying Kaler,"Kost ini berlokasi dekat dengan jalan raya dengan akses yang hanya bisa dilalui oleh motor/sepeda, berlokasi dekat dengan Warteg Aero (2.0 km), Alfamart (2.7 km), Christian Church Pasundan Awiligar (1.1 km), Bank BJB Weekend Banking (2.4 km), Institut Teknologi Bandung (2.3 km), RS Ibu dan Anak Al Islam (2.4 km).","3 x 4 meter, Tidak termasuk listrik","Kasur, Lemari / Storage","Kloset Duduk, Kloset Jongkok, Ember mandi, Bak mandi","WiFi, R. Cuci, R. Tamu",Parkir Motor & Sepeda,,https://mamikos.com/room/kost-kota-bandung-kost-putra-murah-kost-rumah-surya-cibeunying-kaler-bandung-2?redirection_source=landing%20area,-6.884901311725524,107.63043308658959
Kost Gemilang Berkah Tipe B Cimenyan Bandung,Putra,Rp750.000,750000,Kecamatan Cimenyan,Cimenyan,"Kost ini berlokasi dekat dengan jalan raya dengan akses yang hanya bisa dilalui oleh motor/sepeda, berlokasi dekat dengan Alfamart Bojong Koneng (1.4 km), Christian Church Pasundan Awiligar (826 m), Universitas Padjadjaran Kampus Dipatiukur (1.9 km), Sinar Abadi Balubur Town Square (2.9 km).","3 x 3 meter, Termasuk listrik","Kasur, Meja, Lemari / Storage, Ventilasi, Jendela","Kloset Jongkok, Bak mandi","WiFi, Dapur, Jemuran, K. Mandi Luar","Parkir Motor, Parkir Sepeda",,https://mamikos.com/room/kost-bandung-kost-putra-murah-kost-gemilang-berkah-tipe-b-cimenyan-bandung-1?redirection_source=landing%20area,-6.879615687091564,107.66517249325719
Kost Sidomukti Tipe A Cibeunying Kaler Bandung,Putri,Rp850.000,850000,Cibeunying Kaler,Cibeunying Kaler,"Kost ini berlokasi dekat dengan jalan raya dengan akses yang hanya bisa dilalui oleh motor/sepeda, berlokasi dekat dengan Alfamart Bojong Koneng (1.5 km), Masjid MUI Kota Bandung (601 m), Institut Teknologi Nasional Bandung (801 m), Sinar Abadi Balubur Town Square (2.4 km).","3 x 3 meter, Termasuk listrik","Kasur, Meja, Lemari / Storage, Jendela, Bantal, Kursi","Kloset Duduk, Kloset Jongkok, K. Mandi Luar, Bak mandi","WiFi, R. Cuci, R. Tamu, R. Jemur, Dapur, K. Mandi Luar","Parkir Mobil, Parkir Motor, Parkir Sepeda, Parkir Motor & Sepeda",,https://mamikos.com/room/kost-kota-bandung-kost-putri-murah-kost-sidomukti-tipe-a-cibeunying-kaler-bandung-2?redirection_source=landing%20area,-6.8844928101119605,107.63021769761349
Kost Shelvi Home Tipe 1 Cibeunying Kidul Bandung,Putri,Rp1.350.000,1350000,Cibeunying Kidul,Cibeunying Kidul,"Kost ini berlokasi dekat dengan jalan raya dengan akses yang hanya bisa dilalui oleh motor/sepeda, berlokasi dekat dengan Alfamart Bojong Koneng (245 m), Christian Church Pasundan Awiligar (1.9 km), Universitas Widyatama (210 m).","3 x 5 meter, Termasuk listrik","Kasur, Lemari / Storage","K. Mandi Dalam, Kloset Duduk, Ember mandi, Shower","WiFi, R. Jemur, R. Makan, Dapur",Parkir Motor,,https://mamikos.com/room/kost-kota-bandung-kost-putri-eksklusif-kost-shelvi-home-tipe-1-cibeunying-kidul-bandung?redirection_source=landing%20area,-6.8969257825863455,107.64994400152642
Kost Sindang Sari Tipe B Antapani Bandung,Putra,Rp700.000,700000,Antapani,Antapani,"Kost ini berlokasi dekat dengan jalan raya dengan akses yang hanya bisa dilalui oleh motor/sepeda, berlokasi dekat dengan Alfamart Cimuncang 2 (1.8 km), Masjid Al-Muhajirin (1.6 km), RS Umum Hermina Arcamanik (640 m).","3 x 4 meter, Termasuk listrik","Kasur, Meja, Lemari / Storage, Ventilasi, Guling, Cermin, Bantal, Wastafel","Kloset Jongkok, K. Mandi Luar, Wastafel, Ember mandi, Bak mandi","WiFi, Laundry, Penjaga Kos, R. Jemur, R. Santai, Dapur, Jemuran, Pengurus Kos, Jual Makanan, CCTV","Parkir Mobil, Parkir Motor, Parkir Sepeda",,https://mamikos.com/room/kost-kota-bandung-kost-putra-murah-kost-sindang-sari-tipe-b-antapani-bandung?redirection_source=landing%20area,-6.917050629790575,107.6587746578653
Kost Nin Ae Tipe D Mandalajati Bandung,Campur,Rp1.500.000,1500000,Mandalajati,Mandalajati,"Kost ini berlokasi dekat dengan jalan raya dengan akses yang hanya bisa dilalui oleh motor/sepeda, berlokasi dekat dengan Warteg Permata (2.8 km), PT. Indomarco Prismatama (684 m), Masjid Al Barokah (1.7 km), Universitas Widyatama (1.4 km), RS Umum Hermina Arcamanik (1.3 km).","3 x 5 meter, Termasuk listrik","AC, Kasur, Lemari / Storage, Jendela, Cermin, Bantal","Kloset Jongkok, K. Mandi Luar, Wastafel, Shower, Air panas","WiFi, Kulkas, CCTV","Parkir Mobil, Parkir Motor, Parkir Sepeda, Parkir Motor & Sepeda",,https://mamikos.com/room/kost-kota-bandung-kost-campur-eksklusif-kost-nin-ae-tipe-d-mandalajati-bandung-2?redirection_source=landing%20area,-6.894199962861335,107.66981305207122
Kost Atlas Kiaracondong Bandung,Campur,Rp850.000,850000,Kiaracondong,Kiaracondong,"Kost ini berlokasi dekat dengan jalan raya dengan akses jalan raya, berlokasi dekat dengan Warteg Permata (566 m), Alfamart A Yani 419 (870 m), Masjid Al Barokah (671 m), STMIK Amik Bandung (867 m).","3 x 3 meter, Tidak termasuk listrik",,K. Mandi Dalam,WiFi,Parkir Mobil,,https://mamikos.com/room/kost-bandung-kost-campur-murah-kost-atlas-kiaracondong-bandung?redirection_source=landing%20area,-6.924151442670534,107.64813727203057
Kost Keys Co Living Deluxe Cibeunying Kidul Bandung,Campur,Rp2.350.000,2350000,Cibeunying Kidul,Cibeunying Kidul,"Kost ini berlokasi dekat dengan jalan raya dengan akses masuk mobil, berlokasi dekat dengan Warteg Cintaasih (2.4 km), Alfamart (2.0 km), Masjid Al Barokah (1.5 km), Bank BJB Weekend Banking (2.1 km), Universitas Widyatama (571 m), RS Ibu dan Anak Al Islam (891 m).","3 x 3 meter, Tidak termasuk listrik","AC, Kasur, Dispenser, Meja, Lemari / Storage, Kulkas, Jendela, Guling, Cermin, Bantal","K. Mandi Dalam, Kloset Duduk, Shower, Air panas","WiFi, R. Cuci, Kulkas, Mesin Cuci, Penjaga Kos, R. Jemur, R. Makan, Mushola, Dispenser, Dapur","Parkir Mobil, Parkir Motor",,https://mamikos.com/room/kost-kota-bandung-kost-campur-eksklusif-kost-keys-co-living-deluxe-cibeunying-kidul-bandung?redirection_source=landing%20area,-6.899386690131965,107.64956035261413
Kost Orange Tipe Studio A Antapani Bandung,Putri,Rp650.000,650000,Kecamatan Antapani,Antapani,"Kost ini berlokasi dekat dengan jalan raya dengan akses yang hanya bisa dilalui oleh motor/sepeda, berlokasi dekat dengan Warteg Cintaasih (2.8 km), PT. Indomarco Prismatama (1.4 km), Masjid Al Barokah (709 m), Bank Mandiri Bandung MTC (3.0 km), Universitas Widyatama (2.3 km), RS Ibu dan Anak Grha Bunda (1.2 km).","3 x 3 meter, Termasuk listrik","Kasur, Meja, Lemari / Storage, Ventilasi, Jendela, Guling, Cermin, Bantal, Kursi, Cleaning service","Kloset Jongkok, K. Mandi Luar, Wastafel, Ember mandi, Bak mandi","WiFi, Penjaga Kos, R. Jemur, Dispenser, Dapur, Jemuran, Pengurus Kos, Balcon, K. Mandi Luar","Parkir Motor, Parkir Sepeda, Parkir Motor & Sepeda",,https://mamikos.com/room/kost-kota-bandung-kost-putri-eksklusif-kost-orange-tipe-studio-a-antapani-bandung?redirection_source=landing%20area,-6.919270364800701,107.65815550829647
Kost Strategis Batununggal Bandung,Campur,Rp750.000,750000,Batununggal,Batununggal,"Kost ini berlokasi dekat dengan jalan raya dengan akses yang hanya bisa dilalui oleh motor/sepeda, berlokasi dekat dengan Warteg Permata (1.0 km), Alfamart A Yani 419 (399 m), Masjid Al Jihad (1.5 km), Universitas Padjadjaran Kampus Dipatiukur (3.3 km).","3 x 3 meter, Tidak termasuk listrik","Kasur, Meja, TV, Lemari / Storage, Ventilasi, Jendela, Guling, Bantal","Kloset Jongkok, K. Mandi Luar, Ember mandi","WiFi, R. Jemur, Pengurus Kos, TV, K. Mandi Luar","Parkir Motor, Parkir Sepeda",,https://mamikos.com/room/kost-bandung-kost-campur-eksklusif-kost-strategis-batununggal-bandung-1?redirection_source=landing%20area,-6.927990732388161,107.6394174488104
Kost Guyub Tipe A Cibeunying Kaler Bandung,Campur,Rp600.000,600000,Cibeunying Kaler,Cibeunying Kaler,"Kost ini berlokasi dekat dengan jalan raya dengan akses yang hanya bisa dilalui oleh motor/sepeda, berlokasi dekat dengan Warteg Abadi (2.2 km), Alfamart (1.3 km), Church In Bandung (2.5 km), Bank BJB Weekend Banking (984 m), Institut Teknologi Nasional Bandung (808 m), RS Ibu dan Anak Al Islam (1.2 km).","3 x 3 meter, Termasuk listrik","Kasur, Lemari / Storage, Guling, Cermin","Kloset Jongkok, K. Mandi Luar, Ember mandi","WiFi, R. Jemur, Jemuran, Pengurus Kos, CCTV, Balcon, K. Mandi Luar",Parkir Motor & Sepeda,,https://mamikos.com/room/kost-kota-bandung-kost-campur-murah-kost-guyub-tipe-a-cibeunying-kaler-bandung?redirection_source=landing%20area,-6.887363495890032,107.62793664406054
Kost Orange Tipe B Cikondang Coblong Bandung,Campur,Rp750.000,750000,Coblong,Coblong,"Kost ini berlokasi dekat dengan jalan raya dengan akses yang hanya bisa dilalui oleh motor/sepeda, berlokasi dekat dengan Warteg Gaul (1.7 km), Alfamart Bojong Koneng (1.5 km), Masjid MUI Kota Bandung (518 m), BSI KCP Bandung Dago (2.0 km), Universitas Padjadjaran Kampus Dipatiukur (1.5 km), RS Umum Santo Borromeus (1.9 km).","4 x 3,5 meter, Termasuk listrik","Kasur, Meja, Lemari / Storage, Kursi","Kloset Jongkok, Ember mandi, Shower","WiFi, Kulkas, R. Jemur, Dispenser, Dapur, Balcon, TV, K. Mandi Luar",Parkir Motor,,https://mamikos.com/room/kost-kota-bandung-kost-campur-murah-kost-orange-tipe-b-cikondang-coblong-bandung?redirection_source=landing%20area,-6.881413160108647,107.6155683560642
Kost Fenfen Tipe A Mandalajati Bandung,Campur,Rp850.000,850000,Kecamatan Mandalajati,Mandalajati,"Kost ini berlokasi dekat dengan jalan raya dengan akses yang hanya bisa dilalui oleh motor/sepeda, berlokasi dekat dengan Warmindo Tongkrongan (3.1 km), PT. Indomarco Prismatama (952 m), Masjid Al Barokah (2.0 km), Universitas Widyatama (1.5 km), RS Umum Hermina Arcamanik (1.4 km).","3 x 4 meter, Tidak termasuk listrik","Kasur, Dispenser, Lemari / Storage, Jendela, Dapur Pribadi, Bantal","Kloset Jongkok, Ember mandi","WiFi, R. Jemur, Dispenser, Dapur, Jemuran, CCTV, Balcon",Parkir Motor,,https://mamikos.com/room/kost-kota-bandung-kost-campur-murah-kost-fenfen-tipe-a-mandalajati-bandung?redirection_source=landing%20area,-6.896442685815004,107.67240440638221
Kost Burhanul Tipe A Antapani Bandung,Putri,Rp800.000,800000,Antapani,Antapani,"Kost ini berlokasi dekat dengan jalan raya dengan akses masuk mobil, berlokasi dekat dengan Warteg Cintaasih (2.6 km), Alfamart Cimuncang 2 (1.6 km), Masjid Al Barokah (418 m), Bank Mandiri Bandung MTC (3.1 km), Universitas Widyatama (2.0 km), RS Ibu dan Anak Grha Bunda (874 m).","3 x 3 meter, Termasuk listrik","Kasur, Lemari / Storage",Kloset Jongkok,"WiFi, Mesin Cuci, R. Jemur, R. Santai, Dispenser, Dapur, Jemuran, Balcon","Parkir Motor, Parkir Sepeda",,https://mamikos.com/room/kost-kota-bandung-kost-putri-murah-kost-burhanul-tipe-a-antapani-bandung-2?redirection_source=landing%20area,-6.916358433968889,107.65813352260197
Kost Shelvi Home Tipe 2 Cibeunying Kidul Bandung,Putri,Rp1.000.000,1000000,Cibeunying Kidul,Cibeunying Kidul,"Kost ini berlokasi dekat dengan jalan raya dengan akses yang hanya bisa dilalui oleh motor/sepeda, berlokasi dekat dengan Alfamart Bojong Koneng (245 m), Christian Church Pasundan Awiligar (1.9 km), Universitas Widyatama (210 m).","3 x 4 meter, Termasuk listrik","Kasur, Lemari / Storage, Cermin","K. Mandi Dalam, Kloset Jongkok, Ember mandi","WiFi, R. Jemur, R. Makan, Dapur",Parkir Motor,,https://mamikos.com/room/kost-kota-bandung-kost-putri-eksklusif-kost-shelvi-home-tipe-2-cibeunying-kidul-bandung?redirection_source=landing%20area,-6.899242613080362,107.65070476233974
Kost Muararajeun Lama 1 Tipe B Cibeunying Kaler Bandung,Campur,Rp925.000,925000,Cibeunying Kaler,Cibeunying Kaler,"Kost ini berlokasi dekat dengan jalan raya dengan akses yang hanya bisa dilalui oleh motor/sepeda, berlokasi dekat dengan Rumah Makan Boemi Mitoha (584 m), Alfamart A Yani 419 (1.3 km), Masjid Pusdai (553 m), Universitas Padjadjaran Kampus Dipatiukur (1.8 km), Sinar Abadi Balubur Town Square (2.3 km).","3 x 3 meter, Termasuk listrik","Kasur, Meja, Lemari / Storage, Ventilasi, Jendela, Bantal","K. Mandi Dalam, Kloset Jongkok, Ember mandi","WiFi, R. Cuci, Penjaga Kos, R. Jemur, Jemuran, Pengurus Kos, CCTV","Parkir Motor, Parkir Sepeda, Parkir Motor & Sepeda",,https://mamikos.com/room/kost-kota-bandung-kost-campur-eksklusif-kost-muararajeun-lama-1-tipe-b-cibeunying-kaler-bandung?redirection_source=landing%20area,-6.888022686548377,107.63080024597048
Kost Titik Awal Cikaso Tipe A Cibeunying Kidul Bandung,Putri,Rp2.100.000,2100000,Cibeunying Kidul,Cibeunying Kidul,"Kost ini berlokasi dekat dengan jalan raya dengan akses masuk mobil, berlokasi dekat dengan Warteg Abadi (3.0 km), Alfamart (2.4 km), Masjid Al Jihad (841 m), Bank BJB - Cabang Utama Bandung (3.1 km), Institut Teknologi Nasional Bandung (1.5 km), RS Ibu dan Anak Al Islam (373 m).","4 x 5 meter, Tidak termasuk listrik","AC, Kasur, Meja, Lemari / Storage, Ventilasi, Jendela, Guling, Cermin, Bantal, Wastafel","K. Mandi Dalam, Kloset Duduk, Ember mandi, Shower, Air panas","WiFi, R. Cuci, Kulkas, Mesin Cuci, R. Tamu, Penjaga Kos, R. Jemur, Dispenser, Dapur, Jemuran","Parkir Mobil, Parkir Motor, Parkir Sepeda",,https://mamikos.com/room/kost-kota-bandung-kost-putri-eksklusif-kost-titik-awal-cikaso-tipe-a-cibeunying-kidul-bandung?redirection_source=landing%20area,-6.8972612808049085,107.64819828269684
Kost Mas Sugeng Cibeunying Kidul Bandung,Campur,Rp900.000,900000,Cibeunying Kidul,Cibeunying Kidul,"Kost ini berlokasi dekat dengan jalan raya dengan akses jalan raya, berlokasi dekat dengan Alfamart Cimuncang 2 (828 m), Christian Church Pasundan Awiligar (2.7 km), Universitas Widyatama (710 m), RS Umum Santo Yusup (291 m).","3 x 3 meter, Termasuk listrik","Kasur, Meja, Lemari / Storage, Jendela, Cermin, Bantal, Wastafel, Kursi","K. Mandi Dalam, Kloset Jongkok, Ember mandi","WiFi, R. Jemur, Jemuran",Parkir Motor,,https://mamikos.com/room/kost-bandung-kost-campur-murah-kost-mas-sugeng-cibeunying-kidul-bandung?redirection_source=landing%20area,-6.899449329563362,107.6498398015708
Kost Mahameru Co Living Suite Cibeunying Kidul Bandung,Campur,Rp2.500.000,2500000,Kecamatan Cibeunying Kidul,Cibeunying Kidul,"Kost ini berlokasi dekat dengan jalan raya dengan akses masuk mobil, berlokasi dekat dengan Warteg Bahari (2.8 km), Alfamart (2.4 km), Masjid Al Jihad (592 m), Bank BJB - Cabang Utama Bandung (2.8 km), Institut Teknologi Nasional Bandung (1.6 km), RS Ibu dan Anak Al Islam (642 m).","3 x 4 meter, Tidak termasuk listrik","AC, Kasur, Dispenser, Meja, TV, Lemari / Storage, Jendela, Guling, Cermin, Bantal","Kloset Duduk, Kloset Jongkok, K. Mandi Luar, Wastafel, Shower, Air panas","WiFi, R. Cuci, Kulkas, Penjaga Kos, R. Jemur, R. Santai, Dispenser, Dapur, Jemuran, Pengurus Kos","Parkir Mobil, Parkir Motor & Sepeda",,https://mamikos.com/room/kost-kota-bandung-kost-campur-eksklusif-kost-mahameru-co-living-suite-cibeunying-kidul-bandung?redirection_source=landing%20area,-6.896516978660963,107.64846431675748
Kost Muararajeun Lama 2 Tipe D Cibeunying Kaler Bandung,Campur,Rp740.000,740000,Cibeunying Kaler,Cibeunying Kaler,"Kost ini berlokasi dekat dengan jalan raya dengan akses yang hanya bisa dilalui oleh motor/sepeda, berlokasi dekat dengan Rumah Makan Boemi Mitoha (593 m), Alfamart A Yani 419 (1.3 km), Masjid Pusdai (561 m), Universitas Padjadjaran Kampus Dipatiukur (1.8 km), Sinar Abadi Balubur Town Square (2.3 km).","3 x 3 meter, Termasuk listrik","Kasur, Meja, Lemari / Storage, Ventilasi, Jendela, Bantal, Kursi","Kloset Jongkok, K. Mandi Luar, Ember mandi","WiFi, R. Cuci, Penjaga Kos, R. Jemur, Jemuran, Pengurus Kos, CCTV, Rooftop, K. Mandi Luar","Parkir Motor, Parkir Sepeda, Parkir Motor & Sepeda",,https://mamikos.com/room/kost-kota-bandung-kost-campur-eksklusif-kost-muararajeun-lama-2-tipe-d-cibeunying-kaler-bandung?redirection_source=landing%20area,-6.886685860997297,107.62739804779963
Kost Bu Sur Tipe B Cibeunying Kidul Bandung,Putri,Rp650.000,650000,Cibeunying Kidul,Cibeunying Kidul,"Kost ini berlokasi dekat dengan jalan raya dengan akses yang hanya bisa dilalui oleh motor/sepeda, berlokasi dekat dengan Warteg Cintaasih (2.3 km), Alfamart Cimuncang 2 (842 m), Masjid Al Barokah (1.2 km), Bank BJB Weekend Banking (2.1 km), Universitas Widyatama (690 m), RS Khusus Gigi dan Mulut UNPAD (3.0 km).","2.5 x 2 meter, Termasuk listrik","Kasur, Meja, Lemari / Storage, Ventilasi, Jendela, Cermin, Bantal, Kursi","Kloset Duduk, Kloset Jongkok, K. Mandi Luar, Ember mandi, Shower, Bak mandi","WiFi, R. Jemur, R. Santai, Dispenser, Dapur, Jemuran, Pengurus Kos, Balcon, Taman, TV","Parkir Motor, Parkir Sepeda",,https://mamikos.com/room/kost-kota-bandung-kost-putri-murah-kost-bu-sur-tipe-b-cibeunying-kidul-bandung?redirection_source=landing%20area,-6.898954382107689,107.65137639003406
Kost Kumeli 30 Standart Cibeunying Kaler Bandung,Putri,Rp950.000,950000,Kecamatan Cibeunying Kaler,Cibeunying Kaler,"Kost ini berlokasi dekat dengan jalan raya dengan akses yang hanya bisa dilalui oleh motor/sepeda, berlokasi dekat dengan Warteg Aero (2.5 km), Alfamart Bojong Koneng (1.2 km), Masjid Pusdai (871 m), BSI KCP Bandung Dago (2.7 km), Universitas Padjadjaran Kampus Dipatiukur (1.8 km), RS Khusus Gigi dan Mulut UNPAD (1.7 km).","3 x 4 meter, Termasuk listrik","Kasur, Meja, Lemari / Storage, Jendela, Guling, Bantal, Kursi","Kloset Duduk, K. Mandi Luar, Shower","WiFi, Kulkas, Mesin Cuci, Laundry, R. Tamu, Penjaga Kos, R. Jemur, R. Makan, Dispenser, Dapur",Parkir Motor,,https://mamikos.com/room/kost-kota-bandung-kost-putri-murah-kost-kumeli-30-standart-cibeunying-kaler-bandung-1?redirection_source=landing%20area,-6.887113440355175,107.62959026115564
Kost Cikaso 86E Cibeunying Kidul Bandung,Putra,Rp1.350.000,1350000,Cibeunying Kidul,Cibeunying Kidul,"Kost ini berlokasi dekat dengan jalan raya dengan akses yang hanya bisa dilalui oleh motor/sepeda, berlokasi dekat dengan Rumah Makan Boemi Mitoha (925 m), Alfamart A Yani 419 (657 m), Masjid Al Jihad (839 m), Bank BJB Weekend Banking (879 m), Universitas Padjadjaran Kampus Dipatiukur (2.5 km), RS Ibu dan Anak Al Islam (652 m).","3 x 3 meter, Tidak termasuk listrik","AC, Kasur, Meja, Lemari / Storage, Ventilasi","K. Mandi Dalam, Kloset Duduk, Shower, Air panas","R. Cuci, Penjaga Kos, R. Makan, R. Santai, Dapur, TV","Parkir Mobil, Parkir Motor",,https://mamikos.com/room/kost-kota-bandung-kost-putra-eksklusif-kost-cikaso-86e-cibeunying-kidul-bandung-?redirection_source=landing%20area,-6.897973798279015,107.6486305980415
Kost Alshab Tipe A Cimenyan Bandung,Campur,Rp775.000,775000,Cimenyan,Cimenyan,"Kost ini berlokasi dekat dengan jalan raya dengan akses yang hanya bisa dilalui oleh motor/sepeda, berlokasi dekat dengan Rumah Makan Pondok (3.1 km), Circle K Cisangkuy (3.4 km), Masjid Asy Syamsi (1.8 km), Universitas Widyatama (1.2 km), RS Ibu dan Anak Al Islam (2.7 km).","3 x 4 meter, Tidak termasuk listrik","Kasur, Lemari / Storage, Ventilasi, Jendela, Bantal","K. Mandi Dalam, Kloset Jongkok, Ember mandi, Shower","WiFi, R. Jemur, Dapur, Jemuran, Pengurus Kos",Parkir Motor,,https://mamikos.com/room/kost-kabupaten-bandung-kost-campur-eksklusif-kost-alshab-tipe-a-cimenyan-bandung?redirection_source=landing%20area,-6.879030890249493,107.6632590792907
Kost Cikampek Antapani Bandung,Putri,Rp900.000,900000,Antapani,Antapani,"Kost ini berlokasi dekat dengan jalan raya dengan akses yang hanya bisa dilalui oleh motor/sepeda, berlokasi dekat dengan Alfamart Cimuncang 2 (1.7 km), Masjid Al Barokah (631 m), Sekolah Tinggi Ilmu Kesehatan Dharma Husada (559 m).","3 x 3 meter, Termasuk listrik","Kasur, Meja, Lemari / Storage, Ventilasi, Kursi, Kipas Angin","Kloset Duduk, K. Mandi Luar, Shower","WiFi, Kulkas, R. Tamu, R. Jemur, R. Makan, Dapur, Jemuran, Pengurus Kos, Balcon, K. Mandi Luar","Parkir Motor, Parkir Sepeda",,https://mamikos.com/room/kost-kota-bandung-kost-putri-murah-kost-cikampek-antapani-bandung-2?redirection_source=landing%20area,-6.916812884872864,107.66164622086475
Kost Harmoni Abadi Kiaracondong Bandung,Campur,Rp700.000,700000,Kecamatan Kiaracondong,Kiaracondong,"Kost ini berlokasi dekat dengan jalan raya dengan akses yang hanya bisa dilalui oleh motor/sepeda, berlokasi dekat dengan Warteg Bahari (2.9 km), Alfamart (3.3 km), Gereja Isa Almasih (1.1 km), Bank BJB Weekend Banking (2.5 km), Universitas Widyatama (2.4 km), RS Ibu dan Anak Grha Bunda (735 m).","3 x 4 meter, Tidak termasuk listrik","Kasur, Lemari / Storage, Jendela, Bantal","K. Mandi Dalam, Kloset Jongkok, Ember mandi",Taman,"Parkir Motor, Parkir Sepeda, Parkir Motor & Sepeda",,https://mamikos.com/room/kost-kota-bandung-kost-campur-murah-kost-harmoni-abadi-kiaracondong-bandung?redirection_source=landing%20area,-6.923428174745967,107.64684169338955
Kost Depok Tipe B Antapani Bandung,Campur,Rp1.300.000,1300000,Kecamatan Antapani,Antapani,"Kost ini berlokasi dekat dengan jalan raya dengan akses yang hanya bisa dilalui oleh motor/sepeda, berlokasi dekat dengan Warteg Cintaasih (3.0 km), PT. Indomarco Prismatama (1.3 km), Masjid Al Barokah (693 m), Bank Mandiri Bandung MTC (3.1 km), Universitas Widyatama (2.2 km), RS Ibu dan Anak Grha Bunda (1.3 km).","4.5 x 4.5 meter, Termasuk listrik","Kasur, Meja, Lemari / Storage, Ventilasi, Jendela, Guling, Cermin, Bantal, Wastafel, Kursi","Kloset Jongkok, K. Mandi Luar, Wastafel, Ember mandi, Shower, Bak mandi","WiFi, R. Cuci, Penjaga Kos, R. Jemur, Dapur, Jemuran, Pengurus Kos, CCTV, Kartu Akses, Locker","Parkir Motor, Parkir Sepeda, Parkir Motor & Sepeda",,https://mamikos.com/room/kost-kota-bandung-kost-campur-eksklusif-kost-depok-tipe-b-antapani-bandung?redirection_source=landing%20area,-6.918647066455005,107.66088824930651
Kost Berry Budi Tipe A Cibeunying Kidul Bandung,Campur,Rp650.000,650000,Kecamatan Cibeunying Kidul,Cibeunying Kidul,"Kost ini berlokasi dekat dengan jalan raya dengan akses yang hanya bisa dilalui oleh motor/sepeda, berlokasi dekat dengan Warteg Cintaasih (2.4 km), Alfamart (1.8 km), Masjid Al Barokah (1.7 km), Bank BJB Weekend Banking (2.0 km), Institut Teknologi Nasional Bandung (569 m), RS Ibu dan Anak Al Islam (980 m).","3 x 3 meter, Termasuk listrik","Kasur, Meja, Lemari / Storage","Kloset Duduk, Kloset Jongkok, K. Mandi Luar, Bak mandi","WiFi, Kulkas, R. Jemur, R. Santai, Dapur, CCTV, Kartu Akses, TV, K. Mandi Luar","Parkir Motor, Parkir Sepeda, Parkir Motor & Sepeda",,https://mamikos.com/room/kost-kota-bandung-kost-campur-murah-kost-berry-budi-tipe-a-cibeunying-kidul-bandung?redirection_source=landing%20area,-6.900449968118143,107.64968169593122
Kost Sidomulyo 2 Cibeunying Kaler Bandung,Putra,Rp1.000.000,1000000,Cibeunying Kaler,Cibeunying Kaler,"Kost ini berlokasi dekat dengan jalan raya dengan akses yang hanya bisa dilalui oleh motor/sepeda, berlokasi dekat dengan Alfamart Bojong Koneng (1.4 km), Masjid MUI Kota Bandung (679 m), Institut Teknologi Nasional Bandung (720 m), Sinar Abadi Balubur Town Square (2.4 km).","3 x 3 meter, Termasuk listrik","Kasur, Meja, Lemari / Storage, Jendela, Kursi, Cleaning service","K. Mandi Dalam, Kloset Duduk, Kloset Jongkok, K. Mandi Luar, Ember mandi, Shower, Air panas, Bak mandi","WiFi, Kulkas, R. Tamu, Penjaga Kos, R. Jemur, R. Makan, Mushola, Dapur, Taman, K. Mandi Luar","Parkir Mobil, Parkir Motor, Parkir Sepeda",,https://mamikos.com/room/kost-kota-bandung-kost-putra-eksklusif-kost-sidomulyo-2-cibeunying-kaler-bandung?redirection_source=landing%20area,-6.888075356604677,107.62818039365754
Kost Evelyn Home Tipe 2 Cibeunying Kidul Bandung,Putri,Rp750.000,750000,Cibeunying Kidul,Cibeunying Kidul,"Kost ini berlokasi dekat dengan jalan raya dengan akses yang hanya bisa dilalui oleh motor/sepeda, berlokasi dekat dengan Alfamart Bojong Koneng (351 m), Christian Church Pasundan Awiligar (2.0 km), Universitas Widyatama (180 m), RS Umum Santo Yusup (992 m).","3 x 4 meter, Termasuk listrik","Kasur, Lemari / Storage, Cermin","K. Mandi Dalam, Kloset Jongkok, Ember mandi","WiFi, R. Jemur, Dapur",,,https://mamikos.com/room/kost-kota-bandung-kost-putri-murah-kost-evelyn-home-tipe-2-cibeunying-kidul-bandung?redirection_source=landing%20area,-6.898605244742268,107.6494993027012
Kost Elroi Bojong Koneng Atas Cikutra Tipe C Cimenyan Bandung,Putra,Rp1.500.000,1500000,Cimenyan,Cimenyan,"Kost ini berlokasi dekat dengan jalan raya dengan akses yang hanya bisa dilalui oleh motor/sepeda, berlokasi dekat dengan Rumah Makan Pondok (3.0 km), Alfamart Bojong Koneng (838 m), Christian Church Pasundan Awiligar (1.4 km), Bank BJB Weekend Banking (3.4 km), Universitas Widyatama (1.1 km), RS Ibu dan Anak Al Islam (2.5 km).","4 x 4 meter, Tidak termasuk listrik","Kasur, Meja, Lemari / Storage, Ventilasi, Jendela, Guling, Cermin, Bantal, Kursi, Kipas Angin","K. Mandi Dalam, Kloset Duduk, Ember mandi, Shower, Air panas","WiFi, Kulkas, R. Tamu, Penjaga Kos, R. Jemur, R. Makan, R. Santai, Dispenser, Dapur, Jemuran","Parkir Motor, Parkir Motor & Sepeda",,https://mamikos.com/room/kost-kabupaten-bandung-kost-putra-eksklusif-kost-elroi-bojong-koneng-atas-cikutra-tipe-c-cimenyan-bandung-2?redirection_source=landing%20area,-6.8802130055898125,107.66340094181014
Kost Rezky Ahmad Yani Kiaracondong Bandung,Campur,Rp850.000,850000,Kiaracondong,Kiaracondong,"Kost ini berlokasi dekat dengan jalan raya dengan akses yang hanya bisa dilalui oleh motor/sepeda, berlokasi dekat dengan Rumah Makan Amanah (2.8 km), Alfamart Cimuncang 2 (524 m), Masjid Al Barokah (836 m), Akademi Pariwisata BSI Bandung (887 m).","3 x 4 meter, Termasuk listrik","Kasur, Lemari / Storage, Jendela","K. Mandi Dalam, Kloset Duduk, Kloset Jongkok, Ember mandi, Shower","WiFi, R. Cuci, R. Tamu, R. Jemur, Dapur, Jemuran, CCTV",Parkir Motor,,https://mamikos.com/room/kost-kota-bandung-kost-campur-murah-kost-rezky-ahmad-yani-kiaracondong-bandung-2?redirection_source=landing%20area,-6.925386380611216,107.64666649254936
Kost Dela Tipe A Antapani Bandung,Campur,Rp1.750.000,1750000,Antapani,Antapani,"Kost ini berlokasi dekat dengan jalan raya dengan akses masuk mobil, berlokasi dekat dengan Alfamart Cimuncang 2 (2.7 km), Masjid Al-Muhajirin (491 m).","4 x 5 meter, Tidak termasuk listrik","AC, Kasur, Meja, TV, Lemari / Storage, Jendela, Bantal, Kursi","K. Mandi Dalam, Kloset Duduk, Shower, Air panas","WiFi, Kulkas, Mesin Cuci, R. Tamu, Penjaga Kos, Mushola, Dispenser, Dapur, Jemuran, CCTV","Parkir Mobil, Parkir Motor",,https://mamikos.com/room/kost-kota-bandung-kost-campur-eksklusif-kost-dela-tipe-a-antapani-bandung?redirection_source=landing%20area,-6.9185673295366765,107.65833130981704
Kost Sidomukti 65 Tipe A Cibeunying Kaler Bandung,Campur,Rp950.000,950000,Kecamatan Cibeunying Kaler,Cibeunying Kaler,"Kost ini berlokasi dekat dengan jalan raya dengan akses yang hanya bisa dilalui oleh motor/sepeda, berlokasi dekat dengan Warteg Aero (2.1 km), Alfamart (3.1 km), Christian Church Pasundan Awiligar (1.5 km), Bank BJB Weekend Banking (2.0 km), Institut Teknologi Nasional Bandung (786 m), RS Ibu dan Anak Al Islam (2.0 km).","3 x 4 meter, Tidak termasuk listrik",Kasur,"K. Mandi Dalam, Kloset Duduk, Kloset Jongkok, Shower, Air panas","WiFi, R. Makan, Dapur, Jemuran, Pengurus Kos, Rooftop, Balcon","Parkir Mobil, Parkir Motor, Parkir Sepeda, Parkir Motor & Sepeda",,https://mamikos.com/room/kost-kota-bandung-kost-campur-murah-kost-sidomukti-65-tipe-a-cibeunying-kaler-bandung-2?redirection_source=landing%20area,-6.885977960158314,107.62906592531439
Kost No 73 Tipe A Cibeunying Kaler Bandung,Putra,Rp1.000.000,1000000,Cibeunying Kaler,Cibeunying Kaler,"Kost ini berlokasi dekat dengan jalan raya dengan akses yang hanya bisa dilalui oleh motor/sepeda, berlokasi dekat dengan Rumah Makan Boemi Mitoha (786 m), Alfamart A Yani 419 (1.3 km), Masjid Pusdai (725 m), Institut Teknologi Nasional Bandung (612 m), Sinar Abadi Balubur Town Square (2.5 km).","3 x 3 meter, Tidak termasuk listrik","Kasur, Meja, Lemari / Storage, Kursi","Kloset Duduk, K. Mandi Luar, Ember mandi, Bak mandi","WiFi, Laundry, R. Jemur, R. Santai, Dapur","Parkir Mobil, Parkir Motor, Parkir Sepeda",,https://mamikos.com/room/kost-kota-bandung-kost-putra-eksklusif-kost-no-73-tipe-a-cibeunying-kaler-bandung?redirection_source=landing%20area,-6.885003106334755,107.62864839352237
Kost Vgh II Vvip Antapani Bandung,Campur,Rp1.090.000,1090000,Antapani,Antapani,"Kost ini berlokasi dekat dengan jalan raya dengan akses yang hanya bisa dilalui oleh motor/sepeda, berlokasi dekat dengan Warteg Cintaasih (2.7 km), PT. Indomarco Prismatama (1.4 km), Masjid Al Barokah (632 m), Bank Mandiri Bandung MTC (3.0 km), Universitas Widyatama (2.2 km), RS Ibu dan Anak Grha Bunda (1.1 km).","3 x 4 meter, Tidak termasuk listrik","Kasur, Meja, Lemari / Storage, Guling, Bantal","K. Mandi Dalam, Kloset Duduk, Shower","WiFi, Kulkas, Penjaga Kos, Dapur, Jemuran, CCTV, Kartu Akses","Parkir Mobil, Parkir Motor",,https://mamikos.com/room/kost-kota-bandung-kost-campur-eksklusif-kost-vgh-ii-vvip-antapani-bandung-2?redirection_source=landing%20area,-6.917835124788682,107.66172685725425
Kost Bidan Maria 1 Antapani Bandung,Putri,Rp1.000.000,1000000,Antapani,Antapani,"Kost ini berlokasi dekat dengan jalan raya dengan akses yang hanya bisa dilalui oleh motor/sepeda, berlokasi dekat dengan Alfamart Cimuncang 2 (1.6 km), Masjid Al Barokah (454 m), Sekolah Tinggi Ilmu Kesehatan Dharma Husada (385 m), RS Ibu dan Anak Grha Bunda (931 m).","3 x 4 meter, Tidak termasuk listrik","Kasur, Meja, Lemari / Storage, Ventilasi, Jendela, Bantal","K. Mandi Dalam, Kloset Jongkok, Ember mandi","WiFi, Kulkas, R. Tamu, Penjaga Kos, R. Jemur, Dapur, Jemuran, Pengurus Kos, CCTV, K. Mandi Luar","Parkir Motor, Parkir Sepeda",,https://mamikos.com/room/kost-kota-bandung-kost-putri-eksklusif-kost-bidan-maria-1-antapani-bandung?redirection_source=landing%20area,-6.9186445954600675,107.65941052426595
Kost Bu Sur Tipe A Cibeunying Kidul Bandung,Putri,Rp600.000,600000,Kecamatan Cibeunying Kidul,Cibeunying Kidul,"Kost ini berlokasi dekat dengan jalan raya dengan akses yang hanya bisa dilalui oleh motor/sepeda, berlokasi dekat dengan Warteg Cintaasih (2.3 km), Alfamart Cimuncang 2 (842 m), Masjid Al Barokah (1.2 km), Bank BJB Weekend Banking (2.1 km), Universitas Widyatama (690 m), RS Khusus Gigi dan Mulut UNPAD (3.0 km).","2 x 2 meter, Termasuk listrik","Kasur, Meja, Lemari / Storage, Ventilasi, Jendela, Cermin, Bantal, Kursi","Kloset Duduk, Kloset Jongkok, K. Mandi Luar, Ember mandi, Shower, Bak mandi","WiFi, R. Jemur, R. Santai, Dispenser, Dapur, Jemuran, Pengurus Kos, Balcon, Taman, TV","Parkir Motor, Parkir Sepeda",,https://mamikos.com/room/kost-kota-bandung-kost-putri-murah-kost-bu-sur-tipe-a-cibeunying-kidul-bandung?redirection_source=landing%20area,-6.897350167797702,107.65170347525684
Kost Orange Tipe D Cikondang Coblong Bandung,Campur,Rp900.000,900000,Coblong,Coblong,"Kost ini berlokasi dekat dengan jalan raya dengan akses yang hanya bisa dilalui oleh motor/sepeda, berlokasi dekat dengan Warteg Gaul (1.7 km), Alfamart Bojong Koneng (1.5 km), Masjid MUI Kota Bandung (518 m), BSI KCP Bandung Dago (2.0 km), Universitas Padjadjaran Kampus Dipatiukur (1.5 km), RS Umum Santo Borromeus (1.9 km).","4 x 5 meter, Termasuk listrik","Kasur, Meja, Lemari / Storage, TV Kabel, Kursi","K. Mandi Dalam, Kloset Jongkok, Ember mandi","WiFi, Kulkas, R. Jemur, Dispenser, Dapur, CCTV, Balcon, TV",Parkir Motor,,https://mamikos.com/room/kost-kota-bandung-kost-campur-murah-kost-orange-tipe-d-cikondang-coblong-bandung?redirection_source=landing%20area,-6.879250355224916,107.61345113215867
Kost Evelyn Home 1 Cibeunying Kidul Bandung,Putri,Rp800.000,800000,Cibeunying Kidul,Cibeunying Kidul,"Kost ini berlokasi dekat dengan jalan raya dengan akses yang hanya bisa dilalui oleh motor/sepeda, berlokasi dekat dengan Alfamart Bojong Koneng (351 m), Christian Church Pasundan Awiligar (2.0 km), Universitas Widyatama (180 m).","3 x 4 meter, Termasuk listrik","Kasur, Lemari / Storage, Cermin","K. Mandi Dalam, Kloset Jongkok, Ember mandi","WiFi, R. Jemur, Dapur",,,https://mamikos.com/room/kost-bandung-kost-putri-eksklusif-kost-evelyn-home-1-cibeunying-kidul-bandung-1?redirection_source=landing%20area,-6.898595111864367,107.64957498757782
Kost Cikutra Baru 1 Cibeunying Kaler Bandung,Putri,Rp1.000.000,1000000,Cibeunying Kaler,Cibeunying Kaler,"Kost ini berlokasi dekat dengan jalan raya dengan akses yang hanya bisa dilalui oleh motor/sepeda, berlokasi dekat dengan Alfamart Bojong Koneng (606 m), Masjid Pusdai (1.5 km), Institut Teknologi Nasional Bandung (373 m), Sinar Abadi Balubur Town Square (3.2 km).","2 x 4 meter, Termasuk listrik","Kasur, Meja, Lemari / Storage","Kloset Duduk, K. Mandi Luar, Shower, Bak mandi","WiFi, Kulkas, R. Tamu, R. Jemur, R. Santai, Dispenser, Dapur, R. Keluarga","Parkir Mobil, Parkir Motor",,https://mamikos.com/room/kost-kost-putri-eksklusif-kost-cikutra-baru-1-cibeunying-kaler-bandung?redirection_source=landing%20area,-6.8862434253803135,107.62891517187903
Kost Manteron Tipe A Cibeunying Kaler Bandung,Putra,Rp900.000,900000,Kecamatan Cibeunying Kaler,Cibeunying Kaler,"Kost ini berlokasi dekat dengan jalan raya dengan akses yang hanya bisa dilalui oleh motor/sepeda, berlokasi dekat dengan Rumah Makan Pondok (909 m), Alfamart Bojong Koneng (1.5 km), Masjid Pusdai (681 m), Institut Teknologi Nasional Bandung (630 m), Sinar Abadi Balubur Town Square (2.3 km).","2 x 3 meter, Tidak termasuk listrik","Kasur, Meja, Lemari / Storage, Cermin, Bantal","Kloset Jongkok, K. Mandi Luar, Ember mandi","WiFi, Mushola, Dapur, Jemuran, Pengurus Kos, Jual Makanan, Balcon, K. Mandi Luar",Parkir Motor,,https://mamikos.com/room/kost-kota-bandung-kost-putra-eksklusif-kost-manteron-tipe-a-cibeunying-kaler-bandung?redirection_source=landing%20area,-6.886873774147042,107.62767707146897
Kost Rumah Surya Cibeunying Kaler Bandung,Putra,Rp550.000,550000,Kecamatan Cibeunying Kaler,Cibeunying Kaler,"Kost ini berlokasi dekat dengan jalan raya dengan akses yang hanya bisa dilalui oleh motor/sepeda, berlokasi dekat dengan Warteg Aero (2.0 km), Alfamart (2.7 km), Christian Church Pasundan Awiligar (1.1 km), Bank BJB Weekend Banking (2.4 km), Institut Teknologi Bandung (2.3 km), RS Ibu dan Anak Al Islam (2.4 km).","3 x 4 meter, Tidak termasuk listrik","Kasur, Lemari / Storage","Kloset Duduk, Kloset Jongkok, Ember mandi, Bak mandi","WiFi, R. Cuci, R. Tamu",Parkir Motor & Sepeda,,https://mamikos.com/room/kost-kota-bandung-kost-putra-murah-kost-rumah-surya-cibeunying-kaler-bandung-2?redirection_source=landing%20area,-6.8846430247892005,107.62999980744833
Kost Gemilang Berkah Tipe B Cimenyan Bandung,Putra,Rp750.000,750000,Kecamatan Cimenyan,Cimenyan,"Kost ini berlokasi dekat dengan jalan raya dengan akses yang hanya bisa dilalui oleh motor/sepeda, berlokasi dekat dengan Alfamart Bojong Koneng (1.4 km), Christian Church Pasundan Awiligar (826 m), Universitas Padjadjaran Kampus Dipatiukur (1.9 km), Sinar Abadi Balubur Town Square (2.9 km).","3 x 3 meter, Termasuk listrik","Kasur, Meja, Lemari / Storage, Ventilasi, Jendela","Kloset Jongkok, Bak mandi","WiFi, Dapur, Jemuran, K. Mandi Luar","Parkir Motor, Parkir Sepeda",,https://mamikos.com/room/kost-bandung-kost-putra-murah-kost-gemilang-berkah-tipe-b-cimenyan-bandung-1?redirection_source=landing%20area,-6.878327021640123,107.66437601701449
Kost Orange Tipe B Cikondang Coblong Bandung,Campur,Rp750.000,750000,Coblong,Coblong,"Kost ini berlokasi dekat dengan jalan raya dengan akses yang hanya bisa dilalui oleh motor/sepeda, berlokasi dekat dengan Warteg Gaul (1.7 km), Alfamart Bojong Koneng (1.5 km), Masjid MUI Kota Bandung (518 m), BSI KCP Bandung Dago (2.0 km), Universitas Padjadjaran Kampus Dipatiukur (1.5 km), RS Umum Santo Borromeus (1.9 km).","4 x 3,5 meter, Termasuk listrik","Kasur, Meja, Lemari / Storage, Kursi","Kloset Jongkok, Ember mandi, Shower","WiFi, Kulkas, R. Jemur, Dispenser, Dapur, Balcon, TV, K. Mandi Luar",Parkir Motor,,https://mamikos.com/room/kost-kota-bandung-kost-campur-murah-kost-orange-tipe-b-cikondang-coblong-bandung?redirection_source=landing%20area,-6.882494952069485,107.61303327338554
Kost Fenfen Tipe A Mandalajati Bandung,Campur,Rp850.000,850000,Kecamatan Mandalajati,Mandalajati,"Kost ini berlokasi dekat dengan jalan raya dengan akses yang hanya bisa dilalui oleh motor/sepeda, berlokasi dekat dengan Warmindo Tongkrongan (3.1 km), PT. Indomarco Prismatama (952 m), Masjid Al Barokah (2.0 km), Universitas Widyatama (1.5 km), RS Umum Hermina Arcamanik (1.4 km).","3 x 4 meter, Tidak termasuk listrik","Kasur, Dispenser, Lemari / Storage, Jendela, Dapur Pribadi, Bantal","Kloset Jongkok, Ember mandi","WiFi, R. Jemur, Dispenser, Dapur, Jemuran, CCTV, Balcon",Parkir Motor,,https://mamikos.com/room/kost-kota-bandung-kost-campur-murah-kost-fenfen-tipe-a-mandalajati-bandung?redirection_source=landing%20area,-6.895400379864063,107.67285606268963
Kost Burhanul Tipe A Antapani Bandung,Putri,Rp800.000,800000,Antapani,Antapani,"Kost ini berlokasi dekat dengan jalan raya dengan akses masuk mobil, berlokasi dekat dengan Warteg Cintaasih (2.6 km), Alfamart Cimuncang 2 (1.6 km), Masjid Al Barokah (418 m), Bank Mandiri Bandung MTC (3.1 km), Universitas Widyatama (2.0 km), RS Ibu dan Anak Grha Bunda (874 m).","3 x 3 meter, Termasuk listrik","Kasur, Lemari / Storage",Kloset Jongkok,"WiFi, Mesin Cuci, R. Jemur, R. Santai, Dispenser, Dapur, Jemuran, Balcon","Parkir Motor, Parkir Sepeda",,https://mamikos.com/room/kost-kota-bandung-kost-putri-murah-kost-burhanul-tipe-a-antapani-bandung-2?redirection_source=landing%20area,-6.918471297753158,107.66123848166977
Kost Shelvi Home Tipe 2 Cibeunying Kidul Bandung,Putri,Rp1.000.000,1000000,Cibeunying Kidul,Cibeunying Kidul,"Kost ini berlokasi dekat dengan jalan raya dengan akses yang hanya bisa dilalui oleh motor/sepeda, berlokasi dekat dengan Alfamart Bojong Koneng (245 m), Christian Church Pasundan Awiligar (1.9 km), Universitas Widyatama (210 m).","3 x 4 meter, Termasuk listrik","Kasur, Lemari / Storage, Cermin","K. Mandi Dalam, Kloset Jongkok, Ember mandi","WiFi, R. Jemur, R. Makan, Dapur",Parkir Motor,,https://mamikos.com/room/kost-kota-bandung-kost-putri-eksklusif-kost-shelvi-home-tipe-2-cibeunying-kidul-bandung?redirection_source=landing%20area,-6.898995963558117,107.64808943888892
Kost Muararajeun Lama 1 Tipe B Cibeunying Kaler Bandung,Campur,Rp925.000,925000,Cibeunying Kaler,Cibeunying Kaler,"Kost ini berlokasi dekat dengan jalan raya dengan akses yang hanya bisa dilalui oleh motor/sepeda, berlokasi dekat dengan Rumah Makan Boemi Mitoha (584 m), Alfamart A Yani 419 (1.3 km), Masjid Pusdai (553 m), Universitas Padjadjaran Kampus Dipatiukur (1.8 km), Sinar Abadi Balubur Town Square (2.3 km).","3 x 3 meter, Termasuk listrik","Kasur, Meja, Lemari / Storage, Ventilasi, Jendela, Bantal","K. Mandi Dalam, Kloset Jongkok, Ember mandi","WiFi, R. Cuci, Penjaga Kos, R. Jemur, Jemuran, Pengurus Kos, CCTV","Parkir Motor, Parkir Sepeda, Parkir Motor & Sepeda",,https://mamikos.com/room/kost-kota-bandung-kost-campur-eksklusif-kost-muararajeun-lama-1-tipe-b-cibeunying-kaler-bandung?redirection_source=landing%20area,-6.885719891516483,107.6284302495276
Kost Titik Awal Cikaso Tipe A Cibeunying Kidul Bandung,Putri,Rp2.100.000,2100000,Cibeunying Kidul,Cibeunying Kidul,"Kost ini berlokasi dekat dengan jalan raya dengan akses masuk mobil, berlokasi dekat dengan Warteg Abadi (3.0 km), Alfamart (2.4 km), Masjid Al Jihad (841 m), Bank BJB - Cabang Utama Bandung (3.1 km), Institut Teknologi Nasional Bandung (1.5 km), RS Ibu dan Anak Al Islam (373 m).","4 x 5 meter, Tidak termasuk listrik","AC, Kasur, Meja, Lemari / Storage, Ventilasi, Jendela, Guling, Cermin, Bantal, Wastafel","K. Mandi Dalam, Kloset Duduk, Ember mandi, Shower, Air panas","WiFi, R. Cuci, Kulkas, Mesin Cuci, R. Tamu, Penjaga Kos, R. Jemur, Dispenser, Dapur, Jemuran","Parkir Mobil, Parkir Motor, Parkir Sepeda",,https://mamikos.com/room/kost-kota-bandung-kost-putri-eksklusif-kost-titik-awal-cikaso-tipe-a-cibeunying-kidul-bandung?redirection_source=landing%20area,-6.89683492274653,107.64914727527358
Kost Mas Sugeng Cibeunying Kidul Bandung,Campur,Rp900.000,900000,Cibeunying Kidul,Cibeunying Kidul,"Kost ini berlokasi dekat dengan jalan raya dengan akses jalan raya, berlokasi dekat dengan Alfamart Cimuncang 2 (828 m), Christian Church Pasundan Awiligar (2.7 km), Universitas Widyatama (710 m), RS Umum Santo Yusup (291 m).","3 x 3 meter, Termasuk listrik","Kasur, Meja, Lemari / Storage, Jendela, Cermin, Bantal, Wastafel, Kursi","K. Mandi Dalam, Kloset Jongkok, Ember mandi","WiFi, R. Jemur, Jemuran",Parkir Motor,,https://mamikos.com/room/kost-bandung-kost-campur-murah-kost-mas-sugeng-cibeunying-kidul-bandung?redirection_source=landing%20area,-6.899124237631569,107.65091654815751
Kost Mahameru Co Living Suite Cibeunying Kidul Bandung,Campur,Rp2.500.000,2500000,Kecamatan Cibeunying Kidul,Cibeunying Kidul,"Kost ini berlokasi dekat dengan jalan raya dengan akses masuk mobil, berlokasi dekat dengan Warteg Bahari (2.8 km), Alfamart (2.4 km), Masjid Al Jihad (592 m), Bank BJB - Cabang Utama Bandung (2.8 km), Institut Teknologi Nasional Bandung (1.6 km), RS Ibu dan Anak Al Islam (642 m).","3 x 4 meter, Tidak termasuk listrik","AC, Kasur, Dispenser, Meja, TV, Lemari / Storage, Jendela, Guling, Cermin, Bantal","Kloset Duduk, Kloset Jongkok, K. Mandi Luar, Wastafel, Shower, Air panas","WiFi, R. Cuci, Kulkas, Penjaga Kos, R. Jemur, R. Santai, Dispenser, Dapur, Jemuran, Pengurus Kos","Parkir Mobil, Parkir Motor & Sepeda",,https://mamikos.com/room/kost-kota-bandung-kost-campur-eksklusif-kost-mahameru-co-living-suite-cibeunying-kidul-bandung?redirection_source=landing%20area,-6.898737648269915,107.65177331043729
Kost Muararajeun Lama 2 Tipe D Cibeunying Kaler Bandung,Campur,Rp740.000,740000,Cibeunying Kaler,Cibeunying Kaler,"Kost ini berlokasi dekat dengan jalan raya dengan akses yang hanya bisa dilalui oleh motor/sepeda, berlokasi dekat dengan Rumah Makan Boemi Mitoha (593 m), Alfamart A Yani 419 (1.3 km), Masjid Pusdai (561 m), Universitas Padjadjaran Kampus Dipatiukur (1.8 km), Sinar Abadi Balubur Town Square (2.3 km).","3 x 3 meter, Termasuk listrik","Kasur, Meja, Lemari / Storage, Ventilasi, Jendela, Bantal, Kursi","Kloset Jongkok, K. Mandi Luar, Ember mandi","WiFi, R. Cuci, Penjaga Kos, R. Jemur, Jemuran, Pengurus Kos, CCTV, Rooftop, K. Mandi Luar","Parkir Motor, Parkir Sepeda, Parkir Motor & Sepeda",,https://mamikos.com/room/kost-kota-bandung-kost-campur-eksklusif-kost-muararajeun-lama-2-tipe-d-cibeunying-kaler-bandung?redirection_source=landing%20area,-6.885432537047495,107.62926728705028
Kost Bu Sur Tipe B Cibeunying Kidul Bandung,Putri,Rp650.000,650000,Cibeunying Kidul,Cibeunying Kidul,"Kost ini berlokasi dekat dengan jalan raya dengan akses yang hanya bisa dilalui oleh motor/sepeda, berlokasi dekat dengan Warteg Cintaasih (2.3 km), Alfamart Cimuncang 2 (842 m), Masjid Al Barokah (1.2 km), Bank BJB Weekend Banking (2.1 km), Universitas Widyatama (690 m), RS Khusus Gigi dan Mulut UNPAD (3.0 km).","2.5 x 2 meter, Termasuk listrik","Kasur, Meja, Lemari / Storage, Ventilasi, Jendela, Cermin, Bantal, Kursi","Kloset Duduk, Kloset Jongkok, K. Mandi Luar, Ember mandi, Shower, Bak mandi","WiFi, R. Jemur, R. Santai, Dispenser, Dapur, Jemuran, Pengurus Kos, Balcon, Taman, TV","Parkir Motor, Parkir Sepeda",,https://mamikos.com/room/kost-kota-bandung-kost-putri-murah-kost-bu-sur-tipe-b-cibeunying-kidul-bandung?redirection_source=landing%20area,-6.9004923653258725,107.65046100738114
Kost Kumeli 30 Standart Cibeunying Kaler Bandung,Putri,Rp950.000,950000,Kecamatan Cibeunying Kaler,Cibeunying Kaler,"Kost ini berlokasi dekat dengan jalan raya dengan akses yang hanya bisa dilalui oleh motor/sepeda, berlokasi dekat dengan Warteg Aero (2.5 km), Alfamart Bojong Koneng (1.2 km), Masjid Pusdai (871 m), BSI KCP Bandung Dago (2.7 km), Universitas Padjadjaran Kampus Dipatiukur (1.8 km), RS Khusus Gigi dan Mulut UNPAD (1.7 km).","3 x 4 meter, Termasuk listrik","Kasur, Meja, Lemari / Storage, Jendela, Guling, Bantal, Kursi","Kloset Duduk, K. Mandi Luar, Shower","WiFi, Kulkas, Mesin Cuci, Laundry, R. Tamu, Penjaga Kos, R. Jemur, R. Makan, Dispenser, Dapur",Parkir Motor,,https://mamikos.com/room/kost-kota-bandung-kost-putri-murah-kost-kumeli-30-standart-cibeunying-kaler-bandung-1?redirection_source=landing%20area,-6.8859898113016875,107.63007683984215
Kost Cikaso 86E Cibeunying Kidul Bandung,Putra,Rp1.350.000,1350000,Cibeunying Kidul,Cibeunying Kidul,"Kost ini berlokasi dekat dengan jalan raya dengan akses yang hanya bisa dilalui oleh motor/sepeda, berlokasi dekat dengan Rumah Makan Boemi Mitoha (925 m), Alfamart A Yani 419 (657 m), Masjid Al Jihad (839 m), Bank BJB Weekend Banking (879 m), Universitas Padjadjaran Kampus Dipatiukur (2.5 km), RS Ibu dan Anak Al Islam (652 m).","3 x 3 meter, Tidak termasuk listrik","AC, Kasur, Meja, Lemari / Storage, Ventilasi","K. Mandi Dalam, Kloset Duduk, Shower, Air panas","R. Cuci, Penjaga Kos, R. Makan, R. Santai, Dapur, TV","Parkir Mobil, Parkir Motor",,https://mamikos.com/room/kost-kota-bandung-kost-putra-eksklusif-kost-cikaso-86e-cibeunying-kidul-bandung-?redirection_source=landing%20area,-6.896725959172899,107.64961934842991
Kost Alshab Tipe A Cimenyan Bandung,Campur,Rp775.000,775000,Cimenyan,Cimenyan,"Kost ini berlokasi dekat dengan jalan raya dengan akses yang hanya bisa dilalui oleh motor/sepeda, berlokasi dekat dengan Rumah Makan Pondok (3.1 km), Circle K Cisangkuy (3.4 km), Masjid Asy Syamsi (1.8 km), Universitas Widyatama (1.2 km), RS Ibu dan Anak Al Islam (2.7 km).","3 x 4 meter, Tidak termasuk listrik","Kasur, Lemari / Storage, Ventilasi, Jendela, Bantal","K. Mandi Dalam, Kloset Jongkok, Ember mandi, Shower","WiFi, R. Jemur, Dapur, Jemuran, Pengurus Kos",Parkir Motor,,https://mamikos.com/room/kost-kabupaten-bandung-kost-campur-eksklusif-kost-alshab-tipe-a-cimenyan-bandung?redirection_source=landing%20area,-6.8799252537807805,107.6656922729789
Kost Donna Tipe Standard Cibeunying Kidul Bandung,Putra,Rp900.000,900000,Kecamatan Cibeunying Kidul,Cibeunying Kidul,"Kost ini berlokasi dekat dengan jalan raya dengan akses yang hanya bisa dilalui oleh motor/sepeda, berlokasi dekat dengan Warteg Permata (2.5 km), Alfamart (2.1 km), Masjid Al Barokah (1.8 km), Bank BJB Weekend Banking (2.7 km), Universitas Widyatama (211 m), RS Ibu dan Anak Al Islam (1.6 km).","3 x 3 meter, Termasuk listrik","Kasur, Meja, Lemari / Storage, Kulkas, Jendela, Guling, Bantal","K. Mandi Dalam, Kloset Jongkok, K. Mandi Luar, Ember mandi","WiFi, Kulkas, Penjaga Kos, R. Jemur, Dapur, Jemuran, Pengurus Kos","Parkir Mobil, Parkir Motor, Parkir Motor & Sepeda",,https://mamikos.com/room/kost-kota-bandung-kost-putra-murah-kost-donna-tipe-standard-cibeunying-kidul-bandung?redirection_source=landing%20area,-6.8974336707578585,107.64939782862062
Kost Keys Co Living Standard Deluxe Cibeunying Kidul Bandung,Campur,Rp2.250.000,2250000,Cibeunying Kidul,Cibeunying Kidul,"Kost ini berlokasi dekat dengan jalan raya dengan akses masuk mobil, berlokasi dekat dengan Warteg Cintaasih (2.4 km), Alfamart (2.0 km), Masjid Al Barokah (1.5 km), Bank BJB Weekend Banking (2.1 km), Universitas Widyatama (571 m), RS Ibu dan Anak Al Islam (891 m).","3 x 2.7 meter, Tidak termasuk listrik","AC, Kasur, Meja, Lemari / Storage, Jendela, Guling, Cermin, Bantal, Kursi","K. Mandi Dalam, Kloset Duduk, Shower, Air panas","WiFi, R. Cuci, Kulkas, Mesin Cuci, Penjaga Kos, R. Jemur, R. Makan, Mushola, Dispenser, Dapur","Parkir Mobil, Parkir Motor",,https://mamikos.com/room/kost-kota-bandung-kost-campur-eksklusif-kost-keys-co-living-standard-deluxe-cibeunying-kidul-bandung?redirection_source=landing%20area,-6.899661078675392,107.65189134503272
Kost LQA Kiaracondong Bandung,Putri,Rp700.000,700000,Kiaracondong,Kiaracondong,"Kost ini berlokasi dekat dengan jalan raya dengan akses jalan raya, berlokasi dekat dengan Warteg Permata (524 m), Alfamart A Yani 419 (1.1 km), Masjid Al Barokah (644 m), Sekolah Tinggi Ilmu Kesehatan Dharma Husada (499 m).","3 x 3 meter, Tidak termasuk listrik","Meja, Lemari / Storage, Kursi","Kloset Jongkok, K. Mandi Luar, Bak mandi",Jemuran,Parkir Motor,,https://mamikos.com/room/kost-bandung-kost-putri-murah-kost-lqa-kiaracondong-bandung-1?redirection_source=landing%20area,-6.926222382098062,107.64533593001046
Kost Baitul Jamil Guesthause Cimenyan Bandung,Putri,Rp1.600.000,1600000,Kecamatan Cimenyan,Cimenyan,"Kost ini berlokasi dekat dengan jalan raya dengan akses yang hanya bisa dilalui oleh motor/sepeda, berlokasi dekat dengan Warteg Gaul (2.0 km), Alfamart Bojong Koneng (1.3 km), Christian Church Pasundan Awiligar (871 m), Bank BJB Weekend Banking (2.6 km), Institut Teknologi Bandung (2.6 km), RS Ibu dan Anak Al Islam (2.4 km).","5 x 3.5 meter, Tidak termasuk listrik","AC, Kasur, Lemari / Storage, Jendela, Cermin, Bantal, Kursi","K. Mandi Dalam, Kloset Duduk, Wastafel, Shower","R. Cuci, Kulkas, R. Tamu, R. Jemur, R. Makan, Mushola, R. Santai, Dispenser, Dapur, Jemuran","Parkir Mobil, Parkir Motor, Parkir Sepeda",,https://mamikos.com/room/kost-kabupaten-bandung-kost-putri-eksklusif-kost-baitul-jamil-guesthause-cimenyan-bandung?redirection_source=landing%20area,-6.879765008959561,107.66201295734407
Kost Amanda Tipe A Antapani Bandung,Putri,Rp1.600.000,1600000,Kecamatan Antapani,Antapani,"Kost ini berlokasi dekat dengan jalan raya dengan akses yang hanya bisa dilalui oleh motor/sepeda, berlokasi dekat dengan Warteg Cintaasih (1.8 km), Alfamart A Yani 419 (808 m), Masjid Al Barokah (650 m), Bank BJB Weekend Banking (2.3 km), Universitas Widyatama (1.7 km), RS Ibu dan Anak Grha Bunda (34 m).","3 x 3 meter, Tidak termasuk listrik","AC, Kasur, Meja, Lemari / Storage, Ventilasi, Jendela, Guling, Bantal","K. Mandi Dalam, Kloset Duduk, Shower","WiFi, Kulkas, R. Tamu, Dispenser, Dapur, Jemuran, Pengurus Kos, CCTV",Parkir Motor,,https://mamikos.com/room/kost-kota-bandung-kost-putri-eksklusif-kost-amanda-tipe-a-antapani-bandung?redirection_source=landing%20area,-6.917378567123769,107.65979724310736
Kost Studio G4 Tipe A Cibeunying Kaler Bandung,Putra,Rp850.000,850000,Kecamatan Cibeunying Kaler,Cibeunying Kaler,"Kost ini berlokasi dekat dengan jalan raya dengan akses yang hanya bisa dilalui oleh motor/sepeda, berlokasi dekat dengan Warteg Aero (2.2 km), Alfamart Bojong Koneng (1.5 km), Masjid Pusdai (673 m), BSI KCP Bandung Dago (2.4 km), Universitas Padjadjaran Kampus Dipatiukur (1.5 km), RS Khusus Gigi dan Mulut UNPAD (1.3 km).","3 x 3 meter, Termasuk listrik","Kasur, Meja, Lemari / Storage, Ventilasi, Jendela, Guling, Bantal, Kursi","Kloset Jongkok, K. Mandi Luar, Wastafel, Ember mandi","WiFi, R. Tamu, R. Jemur, R. Makan, R. Santai, Dapur, Jemuran, Rice Cooker, K. Mandi Luar","Parkir Motor, Parkir Sepeda",,https://mamikos.com/room/kost-kota-bandung-kost-putra-eksklusif-kost-studio-g4-tipe-a-cibeunying-kaler-bandung-2?redirection_source=landing%20area,-6.888180512038723,107.62912799916064
Kost Sunrise Tipe C Cibeunying Kidul Bandung,Putri,Rp775.000,775000,Cibeunying Kidul,Cibeunying Kidul,"Kost ini berlokasi dekat dengan jalan raya dengan akses yang hanya bisa dilalui oleh motor/sepeda, berlokasi dekat dengan Alfamart Bojong Koneng (885 m), Christian Church Pasundan Awiligar (2.4 km), Universitas Padjadjaran Kampus Dipatiukur (2.8 km), RS Umum Santo Yusup (555 m).","3 x 3 meter, Termasuk listrik","Kasur, Lemari / Storage, Ventilasi, Jendela, Bantal","K. Mandi Dalam, Kloset Jongkok","WiFi, R. Jemur, Dispenser, Dapur, Jemuran, K. Mandi Luar","Parkir Motor, Parkir Sepeda",,https://mamikos.com/room/kost-kota-bandung-kost-putri-murah-kost-sunrise-tipe-c-cibeunying-kidul-bandung-1?redirection_source=landing%20area,-6.899944415509867,107.64995677647481
Kost Pondok Sarashe Antapani Bandung,Campur,Rp1.200.000,1200000,Antapani,Antapani,"Kost ini berlokasi dekat dengan jalan raya dengan akses yang hanya bisa dilalui oleh motor/sepeda, berlokasi dekat dengan Rumah Makan Murah (1.8 km), Alfamart Cimuncang 2 (2.2 km), Masjid Al-Muhajirin (826 m), Bank Mandiri Bandung MTC (2.6 km), Universitas Widyatama (2.7 km), RS Ibu dan Anak Grha Bunda (1.5 km).","4.5 x 3.5 meter, Termasuk listrik","Kasur, Lemari / Storage, Ventilasi, Jendela, Cermin","K. Mandi Dalam, Kloset Jongkok, Ember mandi","WiFi, Kulkas, R. Tamu, Penjaga Kos, R. Jemur, Dapur, Jemuran, Pengurus Kos, CCTV, R. Keluarga","Parkir Mobil, Parkir Motor, Parkir Sepeda",,https://mamikos.com/room/kost-bandung-kost-campur-eksklusif-kost-pondok-sarashe-antapani-bandung-2?redirection_source=landing%20area,-6.919015312795634,107.65977108569783
Kost Egy Tipe B Kiaracondong Bandung,Campur,Rp750.000,750000,Kiaracondong,Kiaracondong,"Kost ini berlokasi dekat dengan jalan raya dengan akses yang hanya bisa dilalui oleh motor/sepeda, berlokasi dekat dengan Warteg Permata (580 m), Alfamart A Yani 419 (1.2 km), Masjid Al Barokah (607 m), Sekolah Tinggi Ilmu Kesehatan Dharma Husada (452 m).","3 x 4 meter, Tidak termasuk listrik",Ventilasi,"K. Mandi Dalam, Kloset Jongkok, Ember mandi","WiFi, R. Cuci, R. Jemur, R. Santai","Parkir Motor, Parkir Sepeda",,https://mamikos.com/room/kost-bandung-kost-campur-murah-kost-egy-tipe-b-kiaracondong-bandung-1?redirection_source=landing%20area,-6.923319275711811,107.64664993104628
Kost Mahameru Co Living Deluxe Cibeunying Kidul Bandung,Campur,Rp1.350.000,1350000,Kecamatan Cibeunying Kidul,Cibeunying Kidul,"Kost ini berlokasi dekat dengan jalan raya dengan akses masuk mobil, berlokasi dekat dengan Warteg Bahari (2.8 km), Alfamart (2.4 km), Masjid Al Jihad (592 m), Bank BJB - Cabang Utama Bandung (2.8 km), Institut Teknologi Nasional Bandung (1.6 km), RS Ibu dan Anak Al Islam (642 m).","3 x 3 meter, Tidak termasuk listrik","Kasur, Meja, Lemari / Storage, Jendela, Guling, Bantal, Kursi, Kipas Angin","Kloset Duduk, Kloset Jongkok, K. Mandi Luar, Wastafel, Shower, Air panas","WiFi, R. Cuci, Kulkas, Penjaga Kos, R. Jemur, R. Santai, Dispenser, Dapur, Jemuran, Pengurus Kos","Parkir Mobil, Parkir Motor & Sepeda",,https://mamikos.com/room/kost-kota-bandung-kost-campur-eksklusif-kost-mahameru-co-living-deluxe-cibeunying-kidul-bandung?redirection_source=landing%20area,-6.899297755803732,107.65121157804968
Kost Ibu Emma Tipe Studio Antapani Bandung,Campur,Rp850.000,850000,Kecamatan Antapani,Antapani,"Kost ini berlokasi dekat dengan jalan raya dengan akses yang hanya bisa dilalui oleh motor/sepeda, berlokasi dekat dengan Warteg Permata (2.6 km), PT. Indomarco Prismatama (1.2 km), Masjid Al Barokah (1.5 km), Universitas Widyatama (2.4 km), RS Umum Hermina Arcamanik (419 m).","3 x 4 meter, Tidak termasuk listrik",Jendela,"K. Mandi Dalam, Kloset Jongkok, Wastafel","WiFi, Penjaga Kos, R. Jemur, Pengurus Kos, CCTV","Parkir Mobil, Parkir Motor, Parkir Motor & Sepeda",,https://mamikos.com/room/kost-kota-bandung-kost-campur-murah-kosan-ibu-emma-tipe-studio-san-tipe-1-bedroom-antapani-bandung-2?redirection_source=landing%20area,-6.916381312460847,107.66083609674654
Kost Nur Muhaji Tipe A Batununggal Bandung,Campur,Rp1.200.000,1200000,Batununggal,Batununggal,"Kost ini berlokasi dekat dengan jalan raya dengan akses yang hanya bisa dilalui oleh motor/sepeda, berlokasi dekat dengan Warteg Bahari (2.0 km), Alfamart (2.6 km), Masjid Al Jihad (264 m), Bank BJB - Cabang Utama Bandung (2.2 km), Institut Teknologi Nasional Bandung (2.4 km), RS Ibu dan Anak Al Islam (1.5 km).","4 x 4 meter, Tidak termasuk listrik","Kasur, Lemari / Storage, Ventilasi, Jendela, Guling, Bantal","K. Mandi Dalam, Kloset Duduk, Ember mandi","WiFi, Laundry, Penjaga Kos, Jemuran, Pengurus Kos, CCTV","Parkir Motor, Parkir Motor & Sepeda",,https://mamikos.com/room/kost-kota-bandung-kost-campur-eksklusif-kost-nur-muhaji-tipe-a-batununggal-bandung-2?redirection_source=landing%20area,-6.9264681594122814,107.6391468865856
Kost Studio G4 Tipe B Cibeunying Kaler Bandung,Putra,Rp960.000,960000,Kecamatan Cibeunying Kaler,Cibeunying Kaler,"Kost ini berlokasi dekat dengan jalan raya dengan akses yang hanya bisa dilalui oleh motor/sepeda, berlokasi dekat dengan Warteg Aero (2.2 km), Alfamart Bojong Koneng (1.5 km), Masjid Pusdai (673 m), BSI KCP Bandung Dago (2.4 km), Universitas Padjadjaran Kampus Dipatiukur (1.5 km), RS Khusus Gigi dan Mulut UNPAD (1.3 km).","3 x 2 meter, Termasuk listrik","Kasur, Meja, Lemari / Storage, Ventilasi, Jendela, Guling, Cermin, Bantal, Kursi","Kloset Jongkok, K. Mandi Luar, Wastafel, Ember mandi","WiFi, R. Jemur, R. Makan, R. Santai, Dapur, Jemuran, Rice Cooker, Balcon, K. Mandi Luar","Parkir Motor, Parkir Sepeda",,https://mamikos.com/room/kost-kota-bandung-kost-putra-eksklusif-kost-studio-g4-tipe-b-cibeunying-kaler-bandung?redirection_source=landing%20area,-6.8875861327212355,107.62949766147959
Kost Flamingo Tipe B Cibeunying Kidul Bandung,Putra,Rp1.500.000,1500000,Kecamatan Cibeunying Kidul,Cibeunying Kidul,"Kost ini berlokasi dekat dengan jalan raya dengan akses yang hanya bisa dilalui oleh motor/sepeda, berlokasi dekat dengan Warteg Permata (2.7 km), Alfamart West Cikutra (2.2 km), Masjid Al Barokah (1.7 km), Bank BJB Weekend Banking (3.4 km), Universitas Widyatama (880 m), RS Umum Hermina Arcamanik (1.8 km).","3 x 4 meter, Tidak termasuk listrik","Kasur, Jendela, Dapur Pribadi","K. Mandi Dalam, Kloset Duduk","WiFi, R. Tamu, Dapur, Gazebo","Parkir Mobil, Parkir Motor",,https://mamikos.com/room/kost-kota-bandung-kost-putra-eksklusif-kost-flamingo-tipe-b-cibeunying-kidul-bandung?redirection_source=landing%20area,-6.898793850650908,107.6482297977577
Kost Pabu Ohim Executive Antapani Bandung,Putri,Rp800.000,800000,Kecamatan Antapani,Antapani,"Kost ini berlokasi dekat dengan jalan raya dengan akses masuk mobil, berlokasi dekat dengan Warteg Cintaasih (2.6 km), PT. Indomarco Prismatama (1.3 km), Masjid Al Barokah (423 m), Bank Mandiri Bandung MTC (3.1 km), Universitas Widyatama (2.0 km), RS Ibu dan Anak Grha Bunda (878 m).","3 x 4 meter, Termasuk listrik","Meja, Jendela","K. Mandi Dalam, Kloset Jongkok, K. Mandi Luar, Ember mandi","WiFi, R. Cuci, Kulkas, Mesin Cuci, R. Jemur, Jemuran, Rooftop, Balcon, Gazebo","Parkir Mobil, Parkir Motor, Parkir Sepeda, Parkir Motor & Sepeda",,https://mamikos.com/room/kost-kota-bandung-kost-putri-murah-kost-pabu-ohim-executive-antapani-bandung-2?redirection_source=landing%20area,-6.916972588272568,107.65946340743535
Kost Mukti Tipe C Cimenyan Bandung,Putra,Rp760.000,760000,Cimenyan,Cimenyan,"Kost ini berlokasi dekat dengan jalan raya dengan akses yang hanya bisa dilalui oleh motor/sepeda, berlokasi dekat dengan Alfamart Bojong Koneng (1.4 km), Christian Church Pasundan Awiligar (635 m), Universitas Padjadjaran Kampus Dipatiukur (2.1 km), Sinar Abadi Balubur Town Square (3.0 km).","3 x 3 meter, Termasuk listrik","Kasur, Meja, Lemari / Storage, Ventilasi, Jendela","K. Mandi Dalam, Kloset Duduk, Shower","WiFi, R. Jemur, Pengurus Kos","Parkir Motor, Parkir Sepeda",,https://mamikos.com/room/kost-bandung-kost-putra-murah-kost-mukti-tipe-c-cimenyan-bandung?redirection_source=landing%20area,-6.878041101921435,107.66235536561628
Kost Pondok Audit Double Deluxe Cimenyan Bandung,Putri,Rp1.350.000,1350000,Cimenyan,Cimenyan,"Kost ini berlokasi dekat dengan jalan raya dengan akses yang hanya bisa dilalui oleh motor/sepeda, berlokasi dekat dengan Warteg Permata (3.2 km), Alfamart Cimuncang 2 (1.1 km), Christian Church Pasundan Awiligar (2.1 km), Universitas Widyatama (1.2 km), RS Umum Hermina Arcamanik (2.2 km).","4 x 4 meter, Termasuk listrik","Kasur, Meja, Jendela, Cermin, Bantal, Kursi","Kloset Duduk, K. Mandi Luar, Ember mandi, Shower, Air panas","WiFi, R. Cuci, Kulkas, Mesin Cuci, R. Tamu, Penjaga Kos, R. Jemur, R. Santai, Dispenser, Dapur","Parkir Motor, Parkir Sepeda, Parkir Motor & Sepeda",,https://mamikos.com/room/kost-kabupaten-bandung-kost-putri-eksklusif-kost-pondok-audit-double-deluxe-cimenyan-bandung?redirection_source=landing%20area,-6.881552981699987,107.66554940472354
Kost Omah Harianja Cibeunying Kidul Bandung,Putri,Rp600.000,600000,Cibeunying Kidul,Cibeunying Kidul,"Kost ini berlokasi dekat dengan jalan raya dengan akses yang hanya bisa dilalui oleh motor/sepeda, berlokasi dekat dengan Warteg Permata (2.3 km), Alfamart (2.3 km), Masjid Al Barokah (1.5 km), Bank BJB Weekend Banking (2.7 km), Universitas Widyatama (151 m), RS Ibu dan Anak Al Islam (1.5 km).","3 x 3 meter, Termasuk listrik","Kasur, Meja, Ventilasi, Kursi",K. Mandi Luar,"WiFi, Kulkas, R. Jemur, R. Santai, Dapur, Jemuran, Balcon, TV, K. Mandi Luar",Parkir Motor,,https://mamikos.com/room/kost-kota-bandung-kost-putri-murah-kost-omah-harianja-cibeunying-kidul-bandung?redirection_source=landing%20area,-6.897663091372609,107.65072214275393
Kost Humaira Cibeunying Kaler Bandung,Putri,Rp1.200.000,1200000,Kecamatan Cibeunying Kaler,Cibeunying Kaler,"Kost ini berlokasi dekat dengan jalan raya dengan akses yang hanya bisa dilalui oleh motor/sepeda, berlokasi dekat dengan Warteg Cintaasih (2.3 km), Alfamart (1.1 km), Christian Church Pasundan Awiligar (2.1 km), Bank BJB Weekend Banking (1.4 km), Institut Teknologi Nasional Bandung (374 m), RS Ibu dan Anak Al Islam (1.3 km).","2 x 3.5 meter, Tidak termasuk listrik","Kasur, Meja, Lemari / Storage, Ventilasi, Jendela, Cermin, Kursi","K. Mandi Dalam, Kloset Duduk, Wastafel, Shower","WiFi, R. Tamu, Penjaga Kos, R. Jemur, R. Makan, R. Santai, Dapur, Pengurus Kos, Jual Makanan, CCTV","Parkir Motor, Parkir Sepeda, Parkir Motor & Sepeda",,https://mamikos.com/room/kost-kota-bandung-kost-putri-eksklusif-humaira-kost-putri-cibeunying-kaler-bandung?redirection_source=landing%20area,-6.88462460561243,107.62768750323721
Kost Paras Tipe A Cibeunying Kaler Bandung,Campur,Rp1.500.000,1500000,Cibeunying Kaler,Cibeunying Kaler,"Kost ini berlokasi dekat dengan jalan raya dengan akses yang hanya bisa dilalui oleh motor/sepeda, berlokasi dekat dengan Warteg Gaul (1.6 km), Alfamart Bojong Koneng (1.7 km), Christian Church Pasundan Awiligar (1.1 km), Bank BJB Weekend Banking (2.4 km), Institut Teknologi Bandung (2.2 km), RS Ibu dan Anak Al Islam (2.5 km).","3 x 4 meter, Termasuk listrik","Kasur, Meja, Lemari / Storage, Ventilasi, Jendela, Cermin, Kursi","K. Mandi Dalam, Kloset Duduk, Ember mandi, Shower","WiFi, Kulkas, R. Tamu, Penjaga Kos, R. Makan, R. Santai, Dapur, Jemuran, Rice Cooker, Pengurus Kos","Parkir Mobil, Parkir Motor, Parkir Sepeda, Parkir Motor & Sepeda",,https://mamikos.com/room/kost-kota-bandung-kost-campur-eksklusif-kost-paras-tipe-a-cibeunying-kaler-bandung?redirection_source=landing%20area,-6.88460769896455,107.62951854904883
Kost Muararajeun Lama 2 Tipe A Cibeunying Kaler Bandung,Campur,Rp1.000.000,1000000,Cibeunying Kaler,Cibeunying Kaler,"Kost ini berlokasi dekat dengan jalan raya dengan akses yang hanya bisa dilalui oleh motor/sepeda, berlokasi dekat dengan Warteg Abadi (2.2 km), Alfamart A Yani 419 (1.3 km), Masjid Al Kautsar (2.0 km), Bank Mandiri Bandung Priority Banking Soerapatti (1.5 km), Universitas Padjadjaran Kampus Dipatiukur (1.8 km), RS Umum Santo Borromeus (2.1 km).","3.5 x 2.5 meter, Termasuk listrik","Kasur, Meja, Lemari / Storage, Ventilasi, Jendela, Dapur Pribadi, Bantal, Wastafel","K. Mandi Dalam, Kloset Jongkok, Ember mandi","WiFi, R. Cuci, Penjaga Kos, R. Jemur, Jemuran, Jual Makanan","Parkir Motor, Parkir Sepeda",,https://mamikos.com/room/kost-kota-bandung-kost-campur-eksklusif-kost-muararajeun-lama-2-tipe-a-cibeunying-kaler-bandung?redirection_source=landing%20area,-6.88794003586621,107.62717402750692
Kost Keys Co Living Suites Cibeunying Kidul Bandung,Campur,Rp4.500.000,4500000,Cibeunying Kidul,Cibeunying Kidul,"Kost ini berlokasi dekat dengan jalan raya dengan akses masuk mobil, berlokasi dekat dengan Warteg Cintaasih (2.4 km), Alfamart (2.0 km), Masjid Al Barokah (1.5 km), Bank BJB Weekend Banking (2.1 km), Universitas Widyatama (571 m), RS Ibu dan Anak Al Islam (891 m).","5 x 5 meter, Tidak termasuk listrik","AC, Kasur, Lemari / Storage, Meja makan, Jendela, Guling, Dapur Pribadi, Cermin, Bantal, Kursi","K. Mandi Dalam, Kloset Duduk, Shower, Air panas","WiFi, R. Cuci, Kulkas, Penjaga Kos, R. Jemur, R. Makan, Mushola, Dispenser, Dapur, Jemuran","Parkir Mobil, Parkir Motor",,https://mamikos.com/room/kost-kota-bandung-kost-campur-eksklusif-kost-keys-co-living-suites-cibeunying-kidul-bandung?redirection_source=landing%20area,-6.897614105356808,107.65186100144417
Kost Bu Linda Cikutra 1 Tipe VVIP Cibeunying Kaler Bandung,Putra,Rp850.000,850000,Kecamatan Cibeunying Kaler,Cibeunying Kaler,"Kost ini berlokasi dekat dengan jalan raya dengan akses yang hanya bisa dilalui oleh motor/sepeda, berlokasi dekat dengan Warteg Cintaasih (2.7 km), Alfamart (1.8 km), Masjid Al Barokah (1.8 km), Bank BJB Weekend Banking (2.2 km), Universitas Widyatama (437 m), RS Ibu dan Anak Al Islam (1.2 km).","3.2 x 2.5 meter, Tidak termasuk listrik","Kasur, Meja, Lemari / Storage, Ventilasi, Jendela","K. Mandi Dalam, Kloset Jongkok, Ember mandi","WiFi, Penjaga Kos, R. Jemur, Dapur, Jemuran, Jual Makanan, CCTV",Parkir Motor,,https://mamikos.com/room/kost-kota-bandung-kost-putra-murah-kost-bu-linda-cikutra-1-tipe-vvip-cibeunying-kaler-bandung-2?redirection_source=landing%20area,-6.888304195984783,107.62720136573012
Kost Seke In 2 Cibeunying Kidul Bandung,Campur,Rp700.000,700000,Cibeunying Kidul,Cibeunying Kidul,"Kost ini berlokasi dekat dengan jalan raya dengan akses yang hanya bisa dilalui oleh motor/sepeda, berlokasi dekat dengan Warteg Cintaasih (2.2 km), Alfamart Cimuncang 2 (851 m), Masjid Al Barokah (1.1 km), Bank BJB Weekend Banking (2.1 km), Universitas Widyatama (761 m), RS Ibu dan Anak Al Islam (730 m).","3 x 4 meter, Tidak termasuk listrik","Kasur, Meja, Lemari / Storage, Jendela, Guling, Cermin, Bantal","K. Mandi Dalam, Kloset Duduk, Ember mandi","WiFi, Kulkas, Penjaga Kos, Dispenser, Dapur, Jemuran, Pengurus Kos, CCTV, Rooftop, Balcon","Parkir Motor, Parkir Sepeda, Parkir Motor & Sepeda",,https://mamikos.com/room/kost-kota-bandung-kost-campur-murah-kost-seke-in-2-cibeunying-kidul-bandung-2?redirection_source=landing%20area,-6.898220716900644,107.65056775837567
Kost Sandra Cimenyan Bandung,Campur,Rp1.000.000,1000000,Cimenyan,Cimenyan,"Kost ini berlokasi dekat dengan jalan raya dengan akses yang hanya bisa dilalui oleh motor/sepeda, berlokasi dekat dengan Alfamart Cimuncang 2 (1.5 km), Christian Church Pasundan Awiligar (2.5 km), Sekolah Tinggi Ilmu Komunikasi Bandung (1.2 km).","4 x 6 meter, Termasuk listrik","Kasur, Lemari / Storage, Ventilasi, Jendela, Guling, Dapur Pribadi, Cermin, Bantal","K. Mandi Dalam, Kloset Jongkok, Wastafel, Ember mandi, Shower","WiFi, R. Jemur, Dapur, Jemuran, Pengurus Kos, Balcon","Parkir Motor, Parkir Sepeda",,https://mamikos.com/room/kost-kabupaten-bandung-kost-campur-murah-kost-sandra-cimenyan-bandung-1?redirection_source=landing%20area,-6.879348321828899,107.66271595278047
Kost Bu Sur Tipe C Cibeunying Kidul Bandung,Putri,Rp700.000,700000,Cibeunying Kidul,Cibeunying Kidul,"Kost ini berlokasi dekat dengan jalan raya dengan akses yang hanya bisa dilalui oleh motor/sepeda, berlokasi dekat dengan Warteg Cintaasih (2.3 km), Alfamart Cimuncang 2 (847 m), Masjid Al Barokah (1.2 km), Bank BJB Weekend Banking (2.1 km), Universitas Widyatama (678 m), RS Khusus Gigi dan Mulut UNPAD (3.0 km).","3 x 3 meter, Termasuk listrik","Kasur, Meja, Lemari / Storage, Jendela, Cermin, Bantal, Kursi","Kloset Duduk, Kloset Jongkok, K. Mandi Luar, Ember mandi, Shower, Bak mandi","WiFi, R. Jemur, R. Santai, Dispenser, Dapur, Jemuran, Pengurus Kos, Balcon, Taman, TV","Parkir Motor, Parkir Sepeda",,https://mamikos.com/room/kost-kota-bandung-kost-putri-murah-kost-bu-sur-tipe-c-cibeunying-kidul-bandung-2?redirection_source=landing%20area,-6.897789400013605,107.6507659635002
Kost Orange Tipe A Cikondang Bandung,Campur,Rp650.000,650000,Coblong,Coblong,"Kost ini berlokasi dekat dengan jalan raya dengan akses yang hanya bisa dilalui oleh motor/sepeda, berlokasi dekat dengan Warteg Gaul (1.7 km), Alfamart Bojong Koneng (1.5 km), Masjid MUI Kota Bandung (518 m), BSI KCP Bandung Dago (2.0 km), Universitas Padjadjaran Kampus Dipatiukur (1.5 km), RS Umum Santo Borromeus (1.9 km).","4 x 3 meter, Termasuk listrik","Kasur, Meja, Lemari / Storage, Kursi","Kloset Jongkok, K. Mandi Luar, Ember mandi, Shower","WiFi, Kulkas, R. Jemur, Dispenser, Dapur, Balcon, TV",Parkir Motor,,https://mamikos.com/room/kost-kost-campur-eksklusif-kostan-orange-cikondang?redirection_source=landing%20area,-6.879174275154647,107.61373910348426
Kost Divara Luxury Kamar Utama Cibeunying Kaler Bandung,Campur,Rp1.600.000,1600000,Kecamatan Cibeunying Kaler,Cibeunying Kaler,"Kost ini berlokasi dekat dengan jalan raya dengan akses masuk mobil, berlokasi dekat dengan Warteg Aero (2.2 km), Alfamart (2.9 km), Christian Church Pasundan Awiligar (1.2 km), Bank BJB Weekend Banking (2.3 km), Institut Teknologi Nasional Bandung (872 m), RS Ibu dan Anak Al Islam (2.2 km).","3 x 3 meter, Tidak termasuk listrik","AC, Kasur, Meja, TV, Lemari / Storage, Ventilasi, Jendela, Bantal, Kursi","K. Mandi Dalam, Kloset Duduk, Shower, Air panas","WiFi, Kulkas, Laundry, Penjaga Kos, R. Jemur, R. Santai, Dapur, Jemuran, CCTV, Kartu Akses","Parkir Motor, Parkir Motor & Sepeda",,https://mamikos.com/room/kost-kota-bandung-kost-campur-eksklusif-kost-divara-luxury-kamar-utama-cibeunying-kaler-bandung-2?redirection_source=landing%20area,-6.885854467529718,107.62763513867951
Kost Pondok Salsabila Tipe 1 Cibeunying Kidul Bandung,Campur,Rp750.000,750000,Cibeunying Kidul,Cibeunying Kidul,"Kost ini berlokasi dekat dengan jalan raya dengan akses yang hanya bisa dilalui oleh motor/sepeda, berlokasi dekat dengan Warteg Berkah Bahari (3.2 km), Alfamart A Yani 419 (768 m), Masjid Pusdai (1.9 km), Bank Mandiri Bandung Martadinata (2.3 km), Universitas Widyatama (826 m), RS Khusus Gigi dan Mulut UNPAD (2.9 km).","3 x 3 meter, Tidak termasuk listrik","Kasur, Bantal","K. Mandi Dalam, Kloset Jongkok, K. Mandi Luar, Shower","R. Jemur, Mushola, R. Santai, Jemuran, Pengurus Kos, K. Mandi Luar","Parkir Motor, Parkir Sepeda",,https://mamikos.com/room/kost-kota-bandung-kost-campur-murah-kost-pondok-salsabila-tipe-1-cibeunying-kidul-bandung?redirection_source=landing%20area,-6.896859399402919,107.65177324265122
Kost Sukamulus Cibeunying Kidul Bandung,Campur,Rp450.000,450000,Cibeunying Kidul,Cibeunying Kidul,"Kost ini berlokasi dekat dengan jalan raya dengan akses yang hanya bisa dilalui oleh motor/sepeda, berlokasi dekat dengan Warteg Abadi (3.1 km), Alfamart A Yani 419 (284 m), Masjid Pusdai (1.6 km), Bank Mandiri Bandung Priority Banking Soerapatti (2.6 km), Institut Teknologi Nasional Bandung (1.2 km), RS Umum Santo Yusup (583 m).","3 x 3 meter, Termasuk listrik","Kasur, Meja, Ventilasi, Jendela, Cermin, Bantal, Cleaning service","Kloset Jongkok, K. Mandi Luar, Ember mandi, Shower, Bak mandi","WiFi, R. Cuci, Penjaga Kos, R. Jemur, Dispenser, Dapur, Jemuran, Pengurus Kos, CCTV, Gazebo","Parkir Mobil, Parkir Motor, Parkir Sepeda",,https://mamikos.com/room/kost-kota-bandung-kost-campur-murah-kost-sukamulus-cibeunying-kidul-bandung?redirection_source=landing%20area,-6.8987553590588595,107.65074075786593
Kost 99 Pusat Kota Tipe Mezanine 2 Cimenyan Bandung,Campur,Rp1.700.000,1700000,Kecamatan Cimenyan,Cimenyan,"Kost ini berlokasi dekat dengan jalan raya dengan akses yang hanya bisa dilalui oleh motor/sepeda, berlokasi dekat dengan Rumah Makan Pondok (1.9 km), Alfamart Bojong Koneng (1.4 km), Christian Church Pasundan Awiligar (791 m), Bank Mandiri Bandung Priority Banking Soerapatti (2.3 km), Institut Teknologi Nasional Bandung (1.2 km), RS Umum Santo Borromeus (2.4 km).","2 x 4 meter, Tidak termasuk listrik","AC, Kasur, Meja, TV, Lemari / Storage, Jendela, Bantal, Sofa","K. Mandi Dalam, Kloset Duduk, Shower, Air panas","Kulkas, Laundry, Penjaga Kos, Dapur, Pengurus Kos, CCTV",Parkir Motor,,https://mamikos.com/room/kost-kabupaten-bandung-kost-campur-eksklusif-kost-99-pusat-kota-tipe-mezanine-2-cimenyan-bandung?redirection_source=landing%20area,-6.881607070230993,107.66189090416457
Kost Pak Resmana Cibeunying Kidul Bandung,Putri,Rp750.000,750000,Kecamatan Cibeunying Kidul,Cibeunying Kidul,"Kost ini berlokasi dekat dengan jalan raya dengan akses yang hanya bisa dilalui oleh motor/sepeda, berlokasi dekat dengan Warteg Cintaasih (2.9 km), Alfamart (2.0 km), Masjid Al Barokah (1.7 km), Bank BJB Weekend Banking (2.5 km), Universitas Widyatama (141 m), RS Ibu dan Anak Al Islam (1.4 km).","3.5 x 2 meter, Termasuk listrik","Kasur, Lemari / Storage","K. Mandi Dalam, Kloset Jongkok, Ember mandi","WiFi, Penjaga Kos, R. Jemur, Dispenser, Dapur, Jemuran, Pengurus Kos, Jual Makanan, Rooftop, Gazebo",,,https://mamikos.com/room/kost-kota-bandung-kost-putri-murah-kos-pak-resmana-cibeunying-kidul-bandung-2?redirection_source=landing%20area,-6.89679561590891,107.65086220104988
Kost Cahaya Nodibel Mandalajati Bandung,Campur,Rp1.300.000,1300000,Kecamatan Mandalajati,Mandalajati,"Kost ini berlokasi dekat dengan jalan raya dengan akses yang hanya bisa dilalui oleh motor/sepeda, berlokasi dekat dengan Christian Church Pasundan Awiligar (3.5 km), RS Umum Hermina Arcamanik (893 m).","9 x 3 meter, Tidak termasuk listrik",Jendela,"K. Mandi Dalam, Kloset Duduk","Jemuran, Pengurus Kos, Balcon",Parkir Motor,,https://mamikos.com/room/kost-kota-bandung-kost-campur-eksklusif-kost-cahaya-nodibel-mandalajati-bandung-2?redirection_source=landing%20area,-6.89452805623418,107.66999719627769
Kost Pelangi Cimenyan Bandung,Campur,Rp950.000,950000,Kecamatan Cimenyan,Cimenyan,"Kost ini berlokasi dekat dengan jalan raya dengan akses masuk mobil, berlokasi dekat dengan Rumah Makan Pondok (3.5 km), Alfamart Bojong Koneng (1.3 km), Christian Church Pasundan Awiligar (1.7 km), Universitas Widyatama (1.5 km), RS Umum Santo Yusup (2.5 km).","3 x 4 meter, Tidak termasuk listrik","Ventilasi, Jendela","K. Mandi Dalam, Kloset Jongkok, Ember mandi","R. Jemur, Dapur, Jemuran, Balcon","Parkir Motor, Parkir Sepeda",,https://mamikos.com/room/kost-kabupaten-bandung-kost-campur-murah-kost-pelangi-cimenyan-bandung?redirection_source=landing%20area,-6.881562641841666,107.6641848157363
Kost Evelyn Home Tipe 3 Cibeunying Kidul Bandung,Putri,Rp500.000,500000,Cibeunying Kidul,Cibeunying Kidul,"Kost ini berlokasi dekat dengan jalan raya dengan akses yang hanya bisa dilalui oleh motor/sepeda, berlokasi dekat dengan Alfamart Bojong Koneng (351 m), Christian Church Pasundan Awiligar (2.0 km), Universitas Widyatama (180 m).","3 x 3 meter, Termasuk listrik","Kasur, Lemari / Storage, Cermin","Kloset Jongkok, K. Mandi Luar, Ember mandi","WiFi, R. Jemur, Dapur, K. Mandi Luar",,,https://mamikos.com/room/kost-kota-bandung-kost-putri-murah-kost-evelyn-home-tipe-3-cibeunying-kidul-bandung?redirection_source=landing%20area,-6.897020083562381,107.64832785505911
Kost Ibu Ria Bekatonik Cibeunying Kidul Bandung,Putri,Rp600.000,600000,Cibeunying Kidul,Cibeunying Kidul,"Kost ini berlokasi dekat dengan jalan raya dengan akses yang hanya bisa dilalui oleh motor/sepeda, berlokasi dekat dengan Alfamart Bojong Koneng (739 m), Christian Church Pasundan Awiligar (2.3 km), Universitas Padjadjaran Kampus Dipatiukur (2.8 km), Sinar Abadi Balubur Town Square (3.5 km).","3 x 4 meter, Termasuk listrik","Kasur, Meja, Lemari / Storage, Kursi","Kloset Jongkok, K. Mandi Luar, Ember mandi, Air panas, Bak mandi","WiFi, R. Cuci, R. Tamu, Penjaga Kos, R. Jemur, R. Santai, Dapur, Balcon, R. Keluarga, K. Mandi Luar","Parkir Motor, Parkir Sepeda",,https://mamikos.com/room/kost-kota-bandung-kost-putri-murah-kost-ibu-ria-bekatonik-cibeunying-kidul-bandung?redirection_source=landing%20area,-6.897566867232051,107.64814190807084
Kost Cikampek Antapani Bandung,Putri,Rp900.000,900000,Antapani,Antapani,"Kost ini berlokasi dekat dengan jalan raya dengan akses yang hanya bisa dilalui oleh motor/sepeda, berlokasi dekat dengan Alfamart Cimuncang 2 (1.7 km), Masjid Al Barokah (631 m), Sekolah Tinggi Ilmu Kesehatan Dharma Husada (559 m).","3 x 3 meter, Termasuk listrik","Kasur, Meja, Lemari / Storage, Ventilasi, Kursi, Kipas Angin","Kloset Duduk, K. Mandi Luar, Shower","WiFi, Kulkas, R. Tamu, R. Jemur, R. Makan, Dapur, Jemuran, Pengurus Kos, Balcon, K. Mandi Luar","Parkir Motor, Parkir Sepeda",,https://mamikos.com/room/kost-kota-bandung-kost-putri-murah-kost-cikampek-antapani-bandung-2?redirection_source=landing%20area,-6.917272093715906,107.65838546825657
Kost Harmoni Abadi Kiaracondong Bandung,Campur,Rp700.000,700000,Kecamatan Kiaracondong,Kiaracondong,"Kost ini berlokasi dekat dengan jalan raya dengan akses yang hanya bisa dilalui oleh motor/sepeda, berlokasi dekat dengan Warteg Bahari (2.9 km), Alfamart (3.3 km), Gereja Isa Almasih (1.1 km), Bank BJB Weekend Banking (2.5 km), Universitas Widyatama (2.4 km), RS Ibu dan Anak Grha Bunda (735 m).","3 x 4 meter, Tidak termasuk listrik","Kasur, Lemari / Storage, Jendela, Bantal","K. Mandi Dalam, Kloset Jongkok, Ember mandi",Taman,"Parkir Motor, Parkir Sepeda, Parkir Motor & Sepeda",,https://mamikos.com/room/kost-kota-bandung-kost-campur-murah-kost-harmoni-abadi-kiaracondong-bandung?redirection_source=landing%20area,-6.926198947320683,107.64737959610036
Kost Depok Tipe B Antapani Bandung,Campur,Rp1.300.000,1300000,Kecamatan Antapani,Antapani,"Kost ini berlokasi dekat dengan jalan raya dengan akses yang hanya bisa dilalui oleh motor/sepeda, berlokasi dekat dengan Warteg Cintaasih (3.0 km), PT. Indomarco Prismatama (1.3 km), Masjid Al Barokah (693 m), Bank Mandiri Bandung MTC (3.1 km), Universitas Widyatama (2.2 km), RS Ibu dan Anak Grha Bunda (1.3 km).","4.5 x 4.5 meter, Termasuk listrik","Kasur, Meja, Lemari / Storage, Ventilasi, Jendela, Guling, Cermin, Bantal, Wastafel, Kursi","Kloset Jongkok, K. Mandi Luar, Wastafel, Ember mandi, Shower, Bak mandi","WiFi, R. Cuci, Penjaga Kos, R. Jemur, Dapur, Jemuran, Pengurus Kos, CCTV, Kartu Akses, Locker","Parkir Motor, Parkir Sepeda, Parkir Motor & Sepeda",,https://mamikos.com/room/kost-kota-bandung-kost-campur-eksklusif-kost-depok-tipe-b-antapani-bandung?redirection_source=landing%20area,-6.919126412116766,107.65896161580369
Kost Berry Budi Tipe A Cibeunying Kidul Bandung,Campur,Rp650.000,650000,Kecamatan Cibeunying Kidul,Cibeunying Kidul,"Kost ini berlokasi dekat dengan jalan raya dengan akses yang hanya bisa dilalui oleh motor/sepeda, berlokasi dekat dengan Warteg Cintaasih (2.4 km), Alfamart (1.8 km), Masjid Al Barokah (1.7 km), Bank BJB Weekend Banking (2.0 km), Institut Teknologi Nasional Bandung (569 m), RS Ibu dan Anak Al Islam (980 m).","3 x 3 meter, Termasuk listrik","Kasur, Meja, Lemari / Storage","Kloset Duduk, Kloset Jongkok, K. Mandi Luar, Bak mandi","WiFi, Kulkas, R. Jemur, R. Santai, Dapur, CCTV, Kartu Akses, TV, K. Mandi Luar","Parkir Motor, Parkir Sepeda, Parkir Motor & Sepeda",,https://mamikos.com/room/kost-kota-bandung-kost-campur-murah-kost-berry-budi-tipe-a-cibeunying-kidul-bandung?redirection_source=landing%20area,-6.896871566855325,107.64932887593116
Kost Sidomulyo 2 Cibeunying Kaler Bandung,Putra,Rp1.000.000,1000000,Cibeunying Kaler,Cibeunying Kaler,"Kost ini berlokasi dekat dengan jalan raya dengan akses yang hanya bisa dilalui oleh motor/sepeda, berlokasi dekat dengan Alfamart Bojong Koneng (1.4 km), Masjid MUI Kota Bandung (679 m), Institut Teknologi Nasional Bandung (720 m), Sinar Abadi Balubur Town Square (2.4 km).","3 x 3 meter, Termasuk listrik","Kasur, Meja, Lemari / Storage, Jendela, Kursi, Cleaning service","K. Mandi Dalam, Kloset Duduk, Kloset Jongkok, K. Mandi Luar, Ember mandi, Shower, Air panas, Bak mandi","WiFi, Kulkas, R. Tamu, Penjaga Kos, R. Jemur, R. Makan, Mushola, Dapur, Taman, K. Mandi Luar","Parkir Mobil, Parkir Motor, Parkir Sepeda",,https://mamikos.com/room/kost-kota-bandung-kost-putra-eksklusif-kost-sidomulyo-2-cibeunying-kaler-bandung?redirection_source=landing%20area,-6.885454123588587,107.62844198902509
Kost Evelyn Home Tipe 2 Cibeunying Kidul Bandung,Putri,Rp750.000,750000,Cibeunying Kidul,Cibeunying Kidul,"Kost ini berlokasi dekat dengan jalan raya dengan akses yang hanya bisa dilalui oleh motor/sepeda, berlokasi dekat dengan Alfamart Bojong Koneng (351 m), Christian Church Pasundan Awiligar (2.0 km), Universitas Widyatama (180 m), RS Umum Santo Yusup (992 m).","3 x 4 meter, Termasuk listrik","Kasur, Lemari / Storage, Cermin","K. Mandi Dalam, Kloset Jongkok, Ember mandi","WiFi, R. Jemur, Dapur",,,https://mamikos.com/room/kost-kota-bandung-kost-putri-murah-kost-evelyn-home-tipe-2-cibeunying-kidul-bandung?redirection_source=landing%20area,-6.8980854176017825,107.64830093326464
Kost Elroi Bojong Koneng Atas Cikutra Tipe C Cimenyan Bandung,Putra,Rp1.500.000,1500000,Cimenyan,Cimenyan,"Kost ini berlokasi dekat dengan jalan raya dengan akses yang hanya bisa dilalui oleh motor/sepeda, berlokasi dekat dengan Rumah Makan Pondok (3.0 km), Alfamart Bojong Koneng (838 m), Christian Church Pasundan Awiligar (1.4 km), Bank BJB Weekend Banking (3.4 km), Universitas Widyatama (1.1 km), RS Ibu dan Anak Al Islam (2.5 km).","4 x 4 meter, Tidak termasuk listrik","Kasur, Meja, Lemari / Storage, Ventilasi, Jendela, Guling, Cermin, Bantal, Kursi, Kipas Angin","K. Mandi Dalam, Kloset Duduk, Ember mandi, Shower, Air panas","WiFi, Kulkas, R. Tamu, Penjaga Kos, R. Jemur, R. Makan, R. Santai, Dispenser, Dapur, Jemuran","Parkir Motor, Parkir Motor & Sepeda",,https://mamikos.com/room/kost-kabupaten-bandung-kost-putra-eksklusif-kost-elroi-bojong-koneng-atas-cikutra-tipe-c-cimenyan-bandung-2?redirection_source=landing%20area,-6.8786796671090125,107.66485380008064
Kost Rezky Ahmad Yani Kiaracondong Bandung,Campur,Rp850.000,850000,Kiaracondong,Kiaracondong,"Kost ini berlokasi dekat dengan jalan raya dengan akses yang hanya bisa dilalui oleh motor/sepeda, berlokasi dekat dengan Rumah Makan Amanah (2.8 km), Alfamart Cimuncang 2 (524 m), Masjid Al Barokah (836 m), Akademi Pariwisata BSI Bandung (887 m).","3 x 4 meter, Termasuk listrik","Kasur, Lemari / Storage, Jendela","K. Mandi Dalam, Kloset Duduk, Kloset Jongkok, Ember mandi, Shower","WiFi, R. Cuci, R. Tamu, R. Jemur, Dapur, Jemuran, CCTV",Parkir Motor,,https://mamikos.com/room/kost-kota-bandung-kost-campur-murah-kost-rezky-ahmad-yani-kiaracondong-bandung-2?redirection_source=landing%20area,-6.924282507203283,107.64522566050228
Kost Dela Tipe A Antapani Bandung,Campur,Rp1.750.000,1750000,Antapani,Antapani,"Kost ini berlokasi dekat dengan jalan raya dengan akses masuk mobil, berlokasi dekat dengan Alfamart Cimuncang 2 (2.7 km), Masjid Al-Muhajirin (491 m).","4 x 5 meter, Tidak termasuk listrik","AC, Kasur, Meja, TV, Lemari / Storage, Jendela, Bantal, Kursi","K. Mandi Dalam, Kloset Duduk, Shower, Air panas","WiFi, Kulkas, Mesin Cuci, R. Tamu, Penjaga Kos, Mushola, Dispenser, Dapur, Jemuran, CCTV","Parkir Mobil, Parkir Motor",,https://mamikos.com/room/kost-kota-bandung-kost-campur-eksklusif-kost-dela-tipe-a-antapani-bandung?redirection_source=landing%20area,-6.91770345414838,107.66180454278289
Kost Sidomukti 65 Tipe A Cibeunying Kaler Bandung,Campur,Rp950.000,950000,Kecamatan Cibeunying Kaler,Cibeunying Kaler,"Kost ini berlokasi dekat dengan jalan raya dengan akses yang hanya bisa dilalui oleh motor/sepeda, berlokasi dekat dengan Warteg Aero (2.1 km), Alfamart (3.1 km), Christian Church Pasundan Awiligar (1.5 km), Bank BJB Weekend Banking (2.0 km), Institut Teknologi Nasional Bandung (786 m), RS Ibu dan Anak Al Islam (2.0 km).","3 x 4 meter, Tidak termasuk listrik",Kasur,"K. Mandi Dalam, Kloset Duduk, Kloset Jongkok, Shower, Air panas","WiFi, R. Makan, Dapur, Jemuran, Pengurus Kos, Rooftop, Balcon","Parkir Mobil, Parkir Motor, Parkir Sepeda, Parkir Motor & Sepeda",,https://mamikos.com/room/kost-kota-bandung-kost-campur-murah-kost-sidomukti-65-tipe-a-cibeunying-kaler-bandung-2?redirection_source=landing%20area,-6.886482490206778,107.63085770935756
Kost No 73 Tipe A Cibeunying Kaler Bandung,Putra,Rp1.000.000,1000000,Cibeunying Kaler,Cibeunying Kaler,"Kost ini berlokasi dekat dengan jalan raya dengan akses yang hanya bisa dilalui oleh motor/sepeda, berlokasi dekat dengan Rumah Makan Boemi Mitoha (786 m), Alfamart A Yani 419 (1.3 km), Masjid Pusdai (725 m), Institut Teknologi Nasional Bandung (612 m), Sinar Abadi Balubur Town Square (2.5 km).","3 x 3 meter, Tidak termasuk listrik","Kasur, Meja, Lemari / Storage, Kursi","Kloset Duduk, K. Mandi Luar, Ember mandi, Bak mandi","WiFi, Laundry, R. Jemur, R. Santai, Dapur","Parkir Mobil, Parkir Motor, Parkir Sepeda",,https://mamikos.com/room/kost-kota-bandung-kost-putra-eksklusif-kost-no-73-tipe-a-cibeunying-kaler-bandung?redirection_source=landing%20area,-6.886255669808092,107.62930234283716
Kost Ibu Sri Antapani Bandung,Putra,Rp1.200.000,1200000,Antapani,Antapani,"Kost ini berlokasi dekat dengan jalan raya dengan akses yang hanya bisa dilalui oleh motor/sepeda, berlokasi dekat dengan Alfamart Cimuncang 2 (2.2 km), Masjid Al-Muhajirin (867 m).","3 x 3 meter, Termasuk listrik","Kasur, Dispenser, Meja, Meja Rias, Lemari / Storage","Kloset Duduk, K. Mandi Luar, Shower, Air panas","WiFi, R. Cuci, Kulkas, Mesin Cuci, Laundry, R. Tamu, R. Jemur, R. Makan, R. Santai, Dispenser","Parkir Motor, Parkir Sepeda",,https://mamikos.com/room/kost-bandung-kost-putra-eksklusif-kost-ibu-sri-antapani-bandung-1?redirection_source=landing%20area,-6.916743517885911,107.65803656028143
Kost Amanah Cikutra Tipe C Cibeunying Kaler Bandung,Putri,Rp700.000,700000,Kecamatan Cibeunying Kaler,Cibeunying Kaler,"Kost ini berlokasi dekat dengan jalan raya dengan akses yang hanya bisa dilalui oleh motor/sepeda, berlokasi dekat dengan Warteg Cintaasih (3.0 km), Alfamart (1.5 km), Christian Church Pasundan Awiligar (1.6 km), Bank BJB Weekend Banking (2.4 km), Institut Teknologi Nasional Bandung (627 m), RS Ibu dan Anak Al Islam (1.6 km).","2.5 x 3 meter, Tidak termasuk listrik","Kasur, Meja, Lemari / Storage, Bantal","Kloset Jongkok, K. Mandi Luar, Ember mandi, Bak mandi","WiFi, R. Tamu, Penjaga Kos, R. Jemur, R. Makan, R. Santai, Dapur, Jemuran, Pengurus Kos, Rooftop","Parkir Motor, Parkir Sepeda, Parkir Motor & Sepeda",,https://mamikos.com/room/kost-kota-bandung-kost-putri-murah-kost-amanah-cikutra-tipe-c-cibeunying-kaler-bandung?redirection_source=landing%20area,-6.888326900198282,107.62960118302816
Kost Ibu Parto Tipe D Antapani Bandung,Campur,Rp1.150.000,1150000,Kecamatan Antapani,Antapani,"Kost ini berlokasi dekat dengan jalan raya dengan akses yang hanya bisa dilalui oleh motor/sepeda, berlokasi dekat dengan Alfamart Cimuncang 2 (1.9 km), Masjid Al Barokah (821 m), Sekolah Tinggi Ilmu Kesehatan Dharma Husada (727 m).","3 x 5 meter, Tidak termasuk listrik","AC, Kasur, Lemari / Storage, Jendela, Bantal","Kloset Duduk, Ember mandi, Shower","R. Cuci, Kulkas, R. Jemur, Mushola, R. Santai, Dispenser, Dapur, Jemuran, CCTV, Gazebo",Parkir Motor,,https://mamikos.com/room/kost-kota-bandung-kost-campur-murah-kost-ibu-parto-type-b-antapani-bandung?redirection_source=landing%20area,-6.918041087935559,107.66061147825668
Kost Fenfen Premium Mandalajati Bandung,Campur,Rp1.500.000,1500000,Kecamatan Mandalajati,Mandalajati,"Kost ini berlokasi dekat dengan jalan raya dengan akses yang hanya bisa dilalui oleh motor/sepeda, berlokasi dekat dengan Warmindo Tongkrongan (3.1 km), PT. Indomarco Prismatama (952 m), Masjid Al Barokah (2.0 km), Universitas Widyatama (1.5 km), RS Umum Hermina Arcamanik (1.4 km).","9 x 8 meter, Tidak termasuk listrik","Jendela, Dapur Pribadi","K. Mandi Dalam, Kloset Jongkok, Wastafel, Ember mandi, Shower","WiFi, R. Jemur, Dapur, Jemuran, CCTV, Balcon","Parkir Mobil, Parkir Motor",,https://mamikos.com/room/kost-kota-bandung-kost-campur-eksklusif-kost-fenfen-premium-mandalajati-bandung?redirection_source=landing%20area,-6.895049551855939,107.67001103502336
Kost Muararajeun Lama 1 Tipe C Cibeunying Kaler Bandung,Campur,Rp750.000,750000,Cibeunying Kaler,Cibeunying Kaler,"Kost ini berlokasi dekat dengan jalan raya dengan akses yang hanya bisa dilalui oleh motor/sepeda, berlokasi dekat dengan Warteg Abadi (2.2 km), Alfamart A Yani 419 (1.3 km), Masjid Al Kautsar (2.0 km), Bank Mandiri Bandung Priority Banking Soerapatti (1.5 km), Universitas Padjadjaran Kampus Dipatiukur (1.8 km), RS Umum Santo Borromeus (2.1 km).","3.5 x 2 meter, Termasuk listrik","Kasur, Meja, Lemari / Storage, Ventilasi, Jendela, Bantal","Kloset Jongkok, K. Mandi Luar, Ember mandi","WiFi, R. Cuci, Penjaga Kos, R. Jemur, Jemuran, Pengurus Kos, Jual Makanan, K. Mandi Luar","Parkir Motor, Parkir Sepeda, Parkir Motor & Sepeda",,https://mamikos.com/room/kost-kota-bandung-kost-campur-eksklusif-kost-muararajeun-lama-1-tipe-c-cibeunying-kaler-bandung-2?redirection_source=landing%20area,-6.886547796636397,107.62924796458327
Kost Roemah Way Cibeunying Kaler Bandung,Putri,Rp1.500.000,1500000,Kecamatan Cibeunying Kaler,Cibeunying Kaler,"Kost ini berlokasi dekat dengan jalan raya dengan akses masuk mobil, berlokasi dekat dengan Warteg Gaul (1.8 km), Alfamart (2.3 km), Christian Church Pasundan Awiligar (788 m), Bank BJB Weekend Banking (2.8 km), Institut Teknologi Bandung (2.4 km), RS Ibu dan Anak Al Islam (2.8 km).","3 x 3 meter, Tidak termasuk listrik","Kasur, Lemari / Storage, Ventilasi, Jendela, Guling, Bantal","K. Mandi Dalam, Kloset Duduk, Ember mandi, Shower","WiFi, R. Santai, Dapur, Jemuran, Pengurus Kos, CCTV, Rooftop, Gazebo","Parkir Mobil, Parkir Motor",,https://mamikos.com/room/kost-kota-bandung-kost-putri-eksklusif-kost-roemah-way-cibeunying-kaler-bandung?redirection_source=landing%20area,-6.884602828564705,107.63026182941003
Kost Cikutra Babakan Sukapada Bandung,Putra,Rp475.000,475000,Cibeunying Kidul,Cibeunying Kidul,"Kost ini berlokasi dekat dengan jalan raya dengan akses yang hanya bisa dilalui oleh motor/sepeda, berlokasi dekat dengan Alfamart Bojong Koneng (198 m), Christian Church Pasundan Awiligar (1.9 km), Universitas Widyatama (222 m).","2.3 x 3 meter, Termasuk listrik","Kasur, Meja, Lemari / Storage, Kursi","K. Mandi Dalam, Kloset Jongkok, Ember mandi","R. Jemur, Dapur","Parkir Motor, Parkir Sepeda",,https://mamikos.com/room/kost-kota-bandung-kost-putra-murah-kost-cikutra-babakan-sukapada-bandung?redirection_source=landing%20area,-6.899076815589195,107.64820242442639
Kost Sulaksana Tipe A Kiaracondong Bandung,Putra,Rp700.000,700000,Kecamatan Kiaracondong,Kiaracondong,"Kost ini berlokasi dekat dengan jalan raya dengan akses yang hanya bisa dilalui oleh motor/sepeda, berlokasi dekat dengan Warteg Permata (1.4 km), Alfamart West Cikutra (2.7 km), Masjid Al Barokah (278 m), Bank BJB Weekend Banking (2.9 km), Universitas Widyatama (1.3 km), RS Ibu dan Anak Grha Bunda (805 m).","3 x 3 meter, Termasuk listrik","Kasur, Meja, Lemari / Storage, Jendela, Cermin, Bantal, Kursi","Kloset Jongkok, K. Mandi Luar, Ember mandi","WiFi, R. Cuci, R. Tamu, R. Jemur, Dapur, Jemuran, Pengurus Kos, CCTV, Taman, TV","Parkir Motor, Parkir Sepeda",,https://mamikos.com/room/kost-kota-bandung-kost-putra-murah-kost-sulaksana-tipe-a-kiaracondong-bandung-2?redirection_source=landing%20area,-6.924087542435819,107.6450173047696
Kost Samz Cibeunying Kidul Bandung,Putri,Rp700.000,700000,Cibeunying Kidul,Cibeunying Kidul,"Kost ini berlokasi dekat dengan jalan raya dengan akses yang hanya bisa dilalui oleh motor/sepeda, berlokasi dekat dengan Alfamart A Yani 419 (198 m), Church In Bandung (2.5 km), Universitas Padjadjaran Kampus Dipatiukur (2.9 km), RS Ibu dan Anak Al Islam (76 m), Bandung Electronic Center (3.3 km).","2.5 x 2.5 meter, Termasuk listrik","Kasur, Dispenser, Meja, Lemari / Storage, Kursi, Kipas Angin","Kloset Jongkok, K. Mandi Luar, Wastafel, Ember mandi, Shower","WiFi, R. Tamu, R. Jemur, Dapur","Parkir Motor, Parkir Sepeda",,https://mamikos.com/room/kost-kota-bandung-kost-putri-eksklusif-kost-samz-cibeunying-kidul-bandung?redirection_source=landing%20area,-6.897374791730109,107.64812929321236
Kost Boarding House Naga Malim With Kitchen Outside Tipe B Cibeunying Kidul Bandung,Campur,Rp900.000,900000,Cibeunying Kidul,Cibeunying Kidul,"Kost ini berlokasi dekat dengan jalan raya dengan akses yang hanya bisa dilalui oleh motor/sepeda, berlokasi dekat dengan Alfamart A Yani 419 (763 m), Christian Church Pasundan Awiligar (2.8 km), Universitas Widyatama (854 m).","3 x 3 meter, Tidak termasuk listrik",Jendela,Kloset Jongkok,"R. Tamu, R. Santai, Dapur, Pengurus Kos, CCTV, Balcon, K. Mandi Luar","Parkir Motor, Parkir Sepeda",,https://mamikos.com/room/kost-bandung-kost-campur-murah-kost-boarding-house-naga-malim-with-kitchen-outside-tipe-b-cibeunying-kidul-bandung?redirection_source=landing%20area,-6.897370240123261,107.65037297176188
Kost Bu Eti 2 Antapani Bandung,Putri,Rp850.000,850000,Kecamatan Antapani,Antapani,"Kost ini berlokasi dekat dengan jalan raya dengan akses yang hanya bisa dilalui oleh motor/sepeda, berlokasi dekat dengan Rumah Makan Murah (2.0 km), Alfamart Cimuncang 2 (2.0 km), Masjid Al Barokah (889 m), Bank Mandiri Bandung MTC (2.7 km), Universitas Widyatama (2.5 km), RS Ibu dan Anak Grha Bunda (1.2 km).","3 x 4 meter, Termasuk listrik","Kasur, Meja, Lemari / Storage, Ventilasi, Jendela, Guling, Cermin, Bantal","Kloset Duduk, Kloset Jongkok, K. Mandi Luar, Ember mandi, Shower, Bak mandi","WiFi, R. Cuci, Kulkas, Mesin Cuci, R. Tamu, R. Jemur, Mushola, R. Santai, Dapur, Jemuran",Parkir Motor,,https://mamikos.com/room/kost-kota-bandung-kost-putri-murah-kost-bu-eti-2-antapani-bandung?redirection_source=landing%20area,-6.916908732336249,107.66111111417432
Kost Dela Tipe B Antapani Bandung,Campur,Rp1.600.000,1600000,Antapani,Antapani,"Kost ini berlokasi dekat dengan jalan raya dengan akses masuk mobil, berlokasi dekat dengan Alfamart Cimuncang 2 (2.7 km), Masjid Al-Muhajirin (491 m).","4 x 5 meter, Tidak termasuk listrik","AC, Kasur, Meja, TV, Lemari / Storage, Jendela, Bantal, Kursi","K. Mandi Dalam, Kloset Duduk, Shower","WiFi, Kulkas, R. Tamu, Penjaga Kos, Mushola, Dispenser, Dapur, Jemuran, CCTV, TV","Parkir Mobil, Parkir Motor",,https://mamikos.com/room/kost-kota-bandung-kost-campur-eksklusif-kost-dela-tipe-b-antapani-bandung-4?redirection_source=landing%20area,-6.917712089185236,107.65915509529013
Kost Sindang Sari Tipe A Antapani Bandung,Campur,Rp750.000,750000,Antapani,Antapani,"Kost ini berlokasi dekat dengan jalan raya dengan akses yang hanya bisa dilalui oleh motor/sepeda, berlokasi dekat dengan Warteg Permata (2.4 km), Alfamart Cimuncang 2 (1.8 km), Masjid Al Barokah (1.4 km), Bank Syariah Indonesia KK Bandung RS Al Islam (3.4 km), Universitas Widyatama (2.4 km), RS Umum Hermina Arcamanik (600 m).","3 x 4 meter, Termasuk listrik","Kasur, Meja, Lemari / Storage, Ventilasi, Jendela, Guling, Cermin, Bantal, Wastafel","Kloset Jongkok, K. Mandi Luar, Wastafel, Ember mandi, Bak mandi","WiFi, R. Cuci, Laundry, Laundry, R. Tamu, Penjaga Kos, R. Jemur, R. Makan, R. Santai, Dapur","Parkir Mobil, Parkir Motor, Parkir Sepeda",,https://mamikos.com/room/kost-kota-bandung-kost-campur-murah-kost-sindang-sari-tipe-a-antapani-bandung?redirection_source=landing%20area,-6.916563669386352,107.6606833220438
Kost Nin Ae Tipe A Mandalajati Bandung,Campur,Rp1.800.000,1800000,Kecamatan Mandalajati,Mandalajati,"Kost ini berlokasi dekat dengan jalan raya dengan akses yang hanya bisa dilalui oleh motor/sepeda, berlokasi dekat dengan Warteg Permata (2.8 km), PT. Indomarco Prismatama (661 m), Masjid Al Barokah (1.7 km), Universitas Widyatama (1.4 km), RS Umum Hermina Arcamanik (1.2 km).","6 x 4 meter, Termasuk listrik","AC, Kasur, Lemari / Storage, Bantal, Kursi","K. Mandi Dalam, Kloset Duduk, K. Mandi Luar, Wastafel, Shower, Air panas","WiFi, Kulkas, Penjaga Kos, Dapur, Jemuran, Pengurus Kos, Jual Makanan, CCTV, Kartu Akses, K. Mandi Luar","Parkir Mobil, Parkir Motor, Parkir Sepeda, Parkir Motor & Sepeda",,https://mamikos.com/room/kost-kota-bandung-kost-campur-eksklusif-kost-nin-ae-tipe-a-mandalajati-bandung?redirection_source=landing%20area,-6.896262966283552,107.67262619650626
Kost Pahlawan Tipe A Cibeunying Kaler Bandung,Putra,Rp1.100.000,1100000,Cibeunying Kaler,Cibeunying Kaler,"Kost ini berlokasi dekat dengan jalan raya dengan akses yang hanya bisa dilalui oleh motor/sepeda, berlokasi dekat dengan Alfamart Bojong Koneng (998 m), Masjid Pusdai (1.1 km), Institut Teknologi Nasional Bandung (278 m), Sinar Abadi Balubur Town Square (2.8 km).","3 x 3 meter, Tidak termasuk listrik","Kasur, Meja, Lemari / Storage, Ventilasi, Jendela, Cermin, Bantal","K. Mandi Dalam, Kloset Duduk, Shower","WiFi, R. Cuci, Penjaga Kos, Mushola, Jemuran, Pengurus Kos",Parkir Motor,,https://mamikos.com/room/kost-kota-bandung-kost-putra-eksklusif-kost-pahlawan-tipe-a-cibeunying-kaler-bandung-2?redirection_source=landing%20area,-6.8854893489312285,107.63019606370545
Kost Nin Ae Tife F Mandalajati Bandung,Campur,Rp1.100.000,1100000,Kecamatan Mandalajati,Mandalajati,"Kost ini berlokasi dekat dengan jalan raya dengan akses yang hanya bisa dilalui oleh motor/sepeda, berlokasi dekat dengan Warteg Permata (2.8 km), PT. Indomarco Prismatama (661 m), Masjid Al Barokah (1.7 km), Universitas Widyatama (1.4 km), RS Umum Hermina Arcamanik (1.2 km).","3 x 4 meter, Termasuk listrik","Kasur, Meja, Lemari / Storage, Ventilasi, Cermin, Bantal, Kursi, Cleaning service","Kloset Duduk, K. Mandi Luar, Wastafel, Shower, Air panas","WiFi, Penjaga Kos, Jemuran, Pengurus Kos, Jual Makanan, CCTV, Kartu Akses, K. Mandi Luar","Parkir Mobil, Parkir Motor, Parkir Sepeda, Parkir Motor & Sepeda",,https://mamikos.com/room/kost-kota-bandung-kost-campur-eksklusif-kost-nin-ae-tife-f-mandalajati-bandung?redirection_source=landing%20area,-6.895761569935825,107.67257070903057
Kost Rumah Ileya Tipe Family Cibeunying Kaler Bandung,Campur,Rp1.200.000,1200000,Kecamatan Cibeunying Kaler,Cibeunying Kaler,"Kost ini berlokasi dekat dengan jalan raya dengan akses yang hanya bisa dilalui oleh motor/sepeda, berlokasi dekat dengan Warteg Cintaasih (2.3 km), Alfamart (1.1 km), Christian Church Pasundan Awiligar (2.1 km), Bank BJB Weekend Banking (1.4 km), Institut Teknologi Nasional Bandung (403 m), RS Ibu dan Anak Al Islam (1.3 km).","2.5 x 2.5 meter, Termasuk listrik","Kasur, Meja, Lemari / Storage","K. Mandi Dalam, Kloset Duduk, Kloset Jongkok, Ember mandi, Shower","WiFi, Dapur, Rice Cooker, Pengurus Kos, CCTV, Balcon","Parkir Motor, Parkir Motor & Sepeda",,https://mamikos.com/room/kost-kota-bandung-kost-campur-eksklusif-kost-rumah-ileya-tipe-family-cibeunying-kaler-bandung?redirection_source=landing%20area,-6.8873470354971245,107.63088205759868
Kost Huni Hijau Cibeunying Kidul Bandung,Putri,Rp1.250.000,1250000,Kecamatan Cibeunying Kidul,Cibeunying Kidul,"Kost ini berlokasi dekat dengan jalan raya dengan akses yang hanya bisa dilalui oleh motor/sepeda, berlokasi dekat dengan Warteg Abadi (3.2 km), Alfamart (1.8 km), Masjid Al Barokah (1.6 km), Bank BJB Weekend Banking (1.8 km), Institut Teknologi Nasional Bandung (652 m), RS Ibu dan Anak Al Islam (733 m).","3 x 3 meter, Termasuk listrik","Kasur, Meja, Lemari / Storage, Jendela, Cermin, Bantal, Kursi","Kloset Duduk, K. Mandi Luar, Wastafel, Shower","WiFi, Kulkas, R. Jemur, Dispenser, Dapur, Jemuran, Pengurus Kos, CCTV, Balcon","Parkir Motor, Parkir Sepeda",,https://mamikos.com/room/kost-kota-bandung-kost-putri-eksklusif-kost-huni-hijau-cibeunying-kidul-bandung?redirection_source=landing%20area,-6.896800224722034,107.6499454914041
Kost 19C Tipe E Kiaracondong Bandung,Campur,Rp4.250.000,4250000,Kecamatan Kiaracondong,Kiaracondong,"Kost ini berlokasi dekat dengan jalan raya dengan akses masuk mobil, berlokasi dekat dengan Warteg Berkah Bahari (2.4 km), Alfamart West Cikutra (3.0 km), Masjid Al Barokah (613 m), Bank BJB Weekend Banking (2.5 km), Universitas Widyatama (1.9 km), RS Ibu dan Anak Grha Bunda (278 m).","5 x 4 meter, Termasuk listrik","AC, Kasur, Dispenser, Meja, TV, Lemari / Storage, Kulkas, Ventilasi, Meja makan, Jendela","K. Mandi Dalam, Kloset Duduk, Wastafel, Shower, Air panas","WiFi, Penjaga Kos, R. Jemur, Jemuran, Pengurus Kos, CCTV, Taman","Parkir Mobil, Parkir Motor, Parkir Sepeda, Parkir Motor & Sepeda",,https://mamikos.com/room/kost-kota-bandung-kost-campur-eksklusif-kost-19c-tipe-e-kiaracondong-bandung?redirection_source=landing%20area,-6.925512547392599,107.64634617441443
Kost Menimurah Tipe Standart Cibeunying Kaler Bandung,Putri,Rp500.000,500000,Cibeunying Kaler,Cibeunying Kaler,"Kost ini berlokasi dekat dengan jalan raya dengan akses yang hanya bisa dilalui oleh motor/sepeda, berlokasi dekat dengan Warteg Cintaasih (2.3 km), Alfamart Bojong Koneng (1.3 km), Christian Church Pasundan Awiligar (2.1 km), Bank BJB Weekend Banking (1.4 km), Institut Teknologi Nasional Bandung (408 m), RS Ibu dan Anak Al Islam (1.3 km).","2 x 3 meter, Termasuk listrik","Kasur, Meja, Lemari / Storage, Ventilasi, Jendela, Kursi","Kloset Jongkok, K. Mandi Luar, Ember mandi, Bak mandi","WiFi, R. Cuci, R. Tamu, R. Jemur, R. Makan, Dapur, Jemuran, Pengurus Kos, Balcon, R. Keluarga",Parkir Motor,,https://mamikos.com/room/kost-kota-bandung-kost-putri-murah-kost-menimurah-tipe-standart-cibeunying-kaler-bandung?redirection_source=landing%20area,-6.888324448689665,107.62721164291142
Kost Sunrise Tipe C Cibeunying Kidul Bandung,Putri,Rp775.000,775000,Cibeunying Kidul,Cibeunying Kidul,"Kost ini berlokasi dekat dengan jalan raya dengan akses yang hanya bisa dilalui oleh motor/sepeda, berlokasi dekat dengan Alfamart Bojong Koneng (885 m), Christian Church Pasundan Awiligar (2.4 km), Universitas Padjadjaran Kampus Dipatiukur (2.8 km), RS Umum Santo Yusup (555 m).","3 x 3 meter, Termasuk listrik","Kasur, Lemari / Storage, Ventilasi, Jendela, Bantal","K. Mandi Dalam, Kloset Jongkok","WiFi, R. Jemur, Dispenser, Dapur, Jemuran, K. Mandi Luar","Parkir Motor, Parkir Sepeda",,https://mamikos.com/room/kost-kota-bandung-kost-putri-murah-kost-sunrise-tipe-c-cibeunying-kidul-bandung-1?redirection_source=landing%20area,-6.899338765003287,107.65086288151083
Kost Awiligar 54 Tipe A Cibeunying Cimenyan Bandung,Putra,Rp600.000,600000,Cimenyan,Cimenyan,"Kost ini berlokasi dekat dengan jalan raya dengan akses yang hanya bisa dilalui oleh motor/sepeda, berlokasi dekat dengan Alfamart Bojong Koneng (1.4 km), Christian Church Pasundan Awiligar (827 m), Universitas Padjadjaran Kampus Dipatiukur (1.9 km), Sinar Abadi Balubur Town Square (2.9 km).","3 x 3 meter, Termasuk listrik","Kasur, Meja, Lemari / Storage","Kloset Jongkok, K. Mandi Luar, Ember mandi, Bak mandi","WiFi, R. Jemur, Dapur, Jemuran",Parkir Motor,,https://mamikos.com/room/kost-bandung-kost-putra-murah-kost-awiligar-54-tipe-a-cibeunying-cimenyan-bandung?redirection_source=landing%20area,-6.881229830114435,107.66465596260291
Kost Mahasiswa Murah Widyatama Tipe Besar Cibeunying Kidul Bandung,Putra,Rp1.000.000,1000000,Kecamatan Cibeunying Kidul,Cibeunying Kidul,"Kost ini berlokasi dekat dengan jalan raya dengan akses yang hanya bisa dilalui oleh motor/sepeda, berlokasi dekat dengan Warteg Permata (2.5 km), Alfamart (2.0 km), Masjid Al Barokah (1.8 km), Bank BJB Weekend Banking (2.7 km), Universitas Widyatama (226 m), RS Ibu dan Anak Al Islam (1.6 km).","3 x 4 meter, Termasuk listrik","Kasur, Meja, Lemari / Storage, Ventilasi, Jendela, Cermin, Kursi","Kloset Duduk, Kloset Jongkok, K. Mandi Luar, Ember mandi, Bak mandi","WiFi, R. Cuci, R. Jemur, Mushola, Dispenser, Dapur, Jemuran, Pengurus Kos, Balcon, Gazebo","Parkir Motor, Parkir Sepeda, Parkir Motor & Sepeda",,https://mamikos.com/room/kost-kota-bandung-kost-putra-eksklusif-kost-mahasiswa-murah-widyatama-tipe-besar-cibeunying-kidul-bandung?redirection_source=landing%20area,-6.900508613154486,107.64836980578869
Kost Fira Tipe B Cibeunying Kaler Bandung,Campur,Rp1.000.000,1000000,Cibeunying Kaler,Cibeunying Kaler,"Kost ini berlokasi dekat dengan jalan raya dengan akses yang hanya bisa dilalui oleh motor/sepeda, berlokasi dekat dengan Warteg Abadi (2.2 km), Alfamart A Yani 419 (1.3 km), Masjid Pusdai (602 m), Bank Permata (2.3 km), Universitas Padjadjaran Kampus Dipatiukur (1.8 km), RS Umum Santo Borromeus (2.1 km).","3 x 3 meter, Termasuk listrik","Kasur, Meja, Lemari / Storage, Ventilasi, Jendela, Bantal, Kursi","K. Mandi Dalam, Kloset Duduk, Ember mandi","WiFi, R. Cuci, Laundry, Penjaga Kos, R. Jemur, Jemuran, Pengurus Kos, CCTV, Kartu Akses","Parkir Motor, Parkir Sepeda, Parkir Motor & Sepeda",,https://mamikos.com/room/kost-kota-bandung-kost-campur-eksklusif-kost-fira-tipe-b-cibeunying-kaler-bandung?redirection_source=landing%20area,-6.885503683736767,107.62903158565042
Kost Boarding House Naga Malim Tipe D Cibeunying Kidul Bandung,Campur,Rp750.000,750000,Cibeunying Kidul,Cibeunying Kidul,"Kost ini berlokasi dekat dengan jalan raya dengan akses yang hanya bisa dilalui oleh motor/sepeda, berlokasi dekat dengan Alfamart A Yani 419 (763 m), Christian Church Pasundan Awiligar (2.8 km), Universitas Widyatama (854 m).","3 x 3 meter, Tidak termasuk listrik",Jendela,Kloset Jongkok,"R. Santai, Dapur, Pengurus Kos, CCTV, K. Mandi Luar","Parkir Motor, Parkir Sepeda",,https://mamikos.com/room/kost-bandung-kost-campur-murah-kost-boarding-house-naga-malim-cibeunying-kidul-bandung-1?redirection_source=landing%20area,-6.897180702619167,107.65079745861831
Kost Muararajeun Lama 1 Tipe A Cibeunying Kaler Bandung,Campur,Rp885.000,885000,Cibeunying Kaler,Cibeunying Kaler,"Kost ini berlokasi dekat dengan jalan raya dengan akses yang hanya bisa dilalui oleh motor/sepeda, berlokasi dekat dengan Rumah Makan Boemi Mitoha (584 m), Alfamart A Yani 419 (1.3 km), Masjid Pusdai (553 m), Universitas Padjadjaran Kampus Dipatiukur (1.8 km), Sinar Abadi Balubur Town Square (2.3 km).","3 x 4 meter, Termasuk listrik","Kasur, Meja, Lemari / Storage, Ventilasi, Jendela, Cermin, Bantal","K. Mandi Dalam, Kloset Duduk, Ember mandi","WiFi, R. Cuci, Penjaga Kos, R. Jemur, Jemuran, Pengurus Kos, CCTV","Parkir Motor, Parkir Sepeda, Parkir Motor & Sepeda",,https://mamikos.com/room/kost-kota-bandung-kost-campur-eksklusif-kost-muararajeun-lama-1-tipe-a-cibeunying-kaler-bandung?redirection_source=landing%20area,-6.886981295373522,107.6302745488354
Kost Antapani Cikajang Tipe Single Antapani Bandung,Campur,Rp1.650.000,1650000,Kecamatan Antapani,Antapani,"Kost ini berlokasi dekat dengan jalan raya dengan akses yang hanya bisa dilalui oleh motor/sepeda, berlokasi dekat dengan Warteg Permata (2.2 km), Alfamart Cimuncang 2 (2.5 km), Masjid Al-Muhajirin (636 m), Bank Syariah Indonesia KK Bandung RS Al Islam (2.4 km), Universitas Widyatama (3.0 km), RS Ibu dan Anak Grha Bunda (2.1 km).","3 x 3 meter, Tidak termasuk listrik","AC, Kasur, Meja, Lemari / Storage, Ventilasi, Jendela, Guling, Cermin, Bantal, Wastafel","K. Mandi Dalam, Kloset Duduk, Wastafel, Shower, Air panas","WiFi, Kulkas, R. Tamu, Penjaga Kos, R. Jemur, R. Makan, Dispenser, Dapur, Jemuran, Pengurus Kos",Parkir Motor & Sepeda,,https://mamikos.com/room/kost-kota-bandung-kost-campur-eksklusif-kost-antapani-cikajang-tipe-single-antapani-bandung?redirection_source=landing%20area,-6.919606519068145,107.66116902009294
Kost Nyaman Murah Cimenyan Bandung,Campur,Rp600.000,600000,Kecamatan Cimenyan,Cimenyan,"Kost ini berlokasi dekat dengan jalan raya dengan akses yang hanya bisa dilalui oleh motor/sepeda, berlokasi dekat dengan Warteg Gaul (2.0 km), Alfamart (1.2 km), Christian Church Pasundan Awiligar (528 m), Bank Mandiri Bandung Priority Banking Soerapatti (2.5 km), Institut Teknologi Nasional Bandung (1.7 km), RS Khusus Ginjal NY R.A. Habibie (1.4 km).","3 x 3 meter, Termasuk listrik",Kasur,"Kloset Jongkok, K. Mandi Luar, Ember mandi","WiFi, R. Jemur, Pengurus Kos, CCTV",Parkir Motor & Sepeda,,https://mamikos.com/room/kost-kabupaten-bandung-kost-campur-murah-kost-nyaman-murah-cimenyan-bandung?redirection_source=landing%20area,-6.88189581466129,107.66506577984065
Kost Sukamulya 74 Bandung,Campur,Rp950.000,950000,Kecamatan Cibeunying Kidul,Cibeunying Kidul,"Kost ini berlokasi dekat dengan jalan raya dengan akses jalan raya, berlokasi dekat dengan Warteg Cintaasih (2.1 km), Alfamart A Yani 419 (704 m), Masjid Al Barokah (1.1 km), Bank BJB Weekend Banking (2.0 km), Universitas Widyatama (909 m), RS Ibu dan Anak Al Islam (576 m).","3 x 3 meter, Tidak termasuk listrik","Kasur, Meja Rias, Lemari / Storage, Jendela, Bantal","K. Mandi Dalam, Kloset Jongkok, Ember mandi, Shower","WiFi, R. Jemur, R. Santai, Dispenser, Dapur, Jemuran","Parkir Motor, Parkir Sepeda",,https://mamikos.com/room/kost-kota-bandung-kost-campur-murah-kost-sukamulya-74-bandung?redirection_source=landing%20area,-6.896522656451529,107.65099757992112
Kost Ibu Tina Tipe B Cibeunying Kidul Bandung,Putri,Rp750.000,750000,Kecamatan Cibeunying Kidul,Cibeunying Kidul,"Kost ini berlokasi dekat dengan jalan raya dengan akses yang hanya bisa dilalui oleh motor/sepeda, berlokasi dekat dengan Warteg Abadi (3.1 km), Alfamart A Yani 419 (282 m), Masjid Pusdai (1.6 km), Bank Mandiri Bandung Priority Banking Soerapatti (2.5 km), Institut Teknologi Nasional Bandung (1.2 km), RS Umum Santo Yusup (625 m).","3 x 3 meter, Tidak termasuk listrik","Kasur, Lemari / Storage, Ventilasi, Jendela, Guling, Bantal, Wastafel","Kloset Jongkok, K. Mandi Luar, Wastafel, Ember mandi","WiFi, R. Cuci, R. Jemur, R. Santai, Dapur, Jemuran, Pengurus Kos, Rooftop, Balcon, K. Mandi Luar","Parkir Motor, Parkir Sepeda, Parkir Motor & Sepeda",,https://mamikos.com/room/kost-kota-bandung-kost-putri-murah-kost-ibu-tina-tipe-b-cibeunying-kidul-bandung-2?redirection_source=landing%20area,-6.900061396105923,107.64950540994879
Kost Palm Bridge Tipe A Cimenyan Bandung,Putra,Rp850.000,850000,Cimenyan,Cimenyan,"Kost ini berlokasi dekat dengan jalan raya dengan akses yang hanya bisa dilalui oleh motor/sepeda, berlokasi dekat dengan Alfamart Bojong Koneng (1.3 km), Christian Church Pasundan Awiligar (875 m), Universitas Padjadjaran Kampus Dipatiukur (1.9 km), Sinar Abadi Balubur Town Square (2.9 km).","3 x 2.7 meter, Termasuk listrik","Kasur, Meja, Lemari / Storage","Kloset Duduk, K. Mandi Luar, Ember mandi","WiFi, Mesin Cuci, R. Tamu, R. Jemur, R. Santai, Balcon","Parkir Motor, Parkir Sepeda",,https://mamikos.com/room/kost-bandung-kost-putra-murah-kost-palm-bridge-tipe-a-cimenyan-bandung-2?redirection_source=landing%20area,-6.879364843078428,107.66543030278869
Kost Bapak Saimin Cibeunying Kidul Bandung,Campur,Rp800.000,800000,Cibeunying Kidul,Cibeunying Kidul,"Kost ini berlokasi dekat dengan jalan raya dengan akses yang hanya bisa dilalui oleh motor/sepeda, berlokasi dekat dengan Alfamart Cimuncang 2 (617 m), Christian Church Pasundan Awiligar (2.5 km), Universitas Widyatama (394 m).","3 x 4 meter, Termasuk listrik","Kasur, Meja, Lemari / Storage, Ventilasi, Jendela, Bantal, Kursi","K. Mandi Dalam, Kloset Jongkok, Ember mandi","WiFi, R. Cuci, R. Jemur, Jual Makanan, Balcon, K. Mandi Luar","Parkir Motor, Parkir Sepeda",,https://mamikos.com/room/kost-kota-bandung-kost-campur-murah-kost-bapak-saimin-cibeunying-kidul-bandung?redirection_source=landing%20area,-6.899059837607853,107.65124433448331
Kost Pak Niza Kiaracondong Bandung,Campur,Rp700.000,700000,Kecamatan Kiaracondong,Kiaracondong,"Kost ini berlokasi dekat dengan jalan raya dengan akses yang hanya bisa dilalui oleh motor/sepeda, berlokasi dekat dengan Warteg Permata (2.2 km), Alfamart Cimuncang 2 (852 m), Masjid Al Barokah (1.1 km), Universitas Widyatama (1.4 km), RS Umum Hermina Arcamanik (1.1 km).","3 x 4 meter, Tidak termasuk listrik","Kasur, Meja, Lemari / Storage, Jendela, Cermin, Bantal, Sofa, Kursi","K. Mandi Dalam, Kloset Duduk, Kloset Jongkok, Ember mandi","WiFi, Kulkas, R. Tamu, Penjaga Kos, R. Jemur, R. Santai, Dispenser, Dapur, Jemuran, CCTV","Parkir Motor, Parkir Sepeda",,https://mamikos.com/room/kost-kota-bandung-kost-campur-murah-kost-pak-niza-kiaracondong-bandung?redirection_source=landing%20area,-6.926173191531632,107.64548185943153
Kost Orange Tipe C Cikondang Coblong Bandung,Campur,Rp750.000,750000,Coblong,Coblong,"Kost ini berlokasi dekat dengan jalan raya dengan akses yang hanya bisa dilalui oleh motor/sepeda, berlokasi dekat dengan Warteg Gaul (1.7 km), Alfamart Bojong Koneng (1.5 km), Masjid MUI Kota Bandung (518 m), BSI KCP Bandung Dago (2.0 km), Universitas Padjadjaran Kampus Dipatiukur (1.5 km), RS Umum Santo Borromeus (1.9 km).","4 x 4 meter, Termasuk listrik","Kasur, Meja, Lemari / Storage, Kursi","Kloset Jongkok, K. Mandi Luar, Ember mandi, Shower","WiFi, Kulkas, R. Jemur, Dispenser, Dapur, Balcon, TV",Parkir Motor,,https://mamikos.com/room/kost-kota-bandung-kost-campur-murah-kost-orange-tipe-c-cikondang-coblong-bandung?redirection_source=landing%20area,-6.881611714495625,107.61200222990695
Kost Megumi Cikutra 4 Cibeunying Kidul Bandung,Putri,Rp1.100.000,1100000,Kecamatan Cibeunying Kidul,Cibeunying Kidul,"Kost ini berlokasi dekat dengan jalan raya dengan akses masuk mobil, berlokasi dekat dengan Warteg Cintaasih (2.4 km), Alfamart (2.0 km), Masjid Al Barokah (1.5 km), Bank BJB Weekend Banking (2.1 km), Universitas Widyatama (568 m), RS Ibu dan Anak Al Islam (896 m).","3 x 4 meter, Tidak termasuk listrik","Kasur, Meja, Lemari / Storage, Jendela, Guling, Bantal, Kursi","K. Mandi Dalam, Kloset Duduk, Ember mandi, Shower, Air panas","WiFi, Kulkas, R. Tamu, Penjaga Kos, R. Jemur, R. Makan, R. Santai, Dispenser, Dapur, Jemuran","Parkir Mobil, Parkir Motor, Parkir Sepeda, Parkir Motor & Sepeda",,https://mamikos.com/room/kost-kota-bandung-kost-putri-eksklusif-kost-megumi-cikutra-4-cibeunying-kidul-bandung?redirection_source=landing%20area,-6.900289879681817,107.65183354478361
Kost Alshab Tipe C Cimenyan Bandung,Campur,Rp775.000,775000,Cimenyan,Cimenyan,"Kost ini berlokasi dekat dengan jalan raya dengan akses yang hanya bisa dilalui oleh motor/sepeda, berlokasi dekat dengan Warmindo Tongkrongan (2.2 km), Alfamart West Cikutra (1.7 km), Christian Church Pasundan Awiligar (1.5 km), Universitas Widyatama (1.2 km), RS Ibu dan Anak Al Islam (2.7 km).","3 x 4 meter, Tidak termasuk listrik","Kasur, Lemari / Storage, Ventilasi, Jendela, Bantal","K. Mandi Dalam, Kloset Jongkok, Ember mandi, Shower","WiFi, R. Jemur, Dapur, Jemuran, Pengurus Kos",Parkir Motor,,https://mamikos.com/room/kost-kabupaten-bandung-kost-campur-eksklusif-kost-alshab-tipe-c-cimenyan-bandung?redirection_source=landing%20area,-6.881434434481135,107.66521213534277
Kost Sofy Tipe A Mandalajati Bandung,Putri,Rp650.000,650000,Kecamatan Mandalajati,Mandalajati,"Kost ini berlokasi dekat dengan jalan raya dengan akses yang hanya bisa dilalui oleh motor/sepeda, berlokasi dekat dengan Warteg Permata (2.6 km), PT. Indomarco Prismatama (507 m), Masjid Al Barokah (1.5 km), Universitas Widyatama (1.4 km), RS Umum Hermina Arcamanik (1.2 km).","3 x 4 meter, Tidak termasuk listrik","Ventilasi, Jendela, Dapur Pribadi","K. Mandi Dalam, Kloset Jongkok, Ember mandi","WiFi, R. Jemur, Dapur, CCTV",Parkir Motor,,https://mamikos.com/room/kost-kota-bandung-kost-putri-murah-kost-sofy-tipe-a-mandalajati-bandung?redirection_source=landing%20area,-6.89426655842873,107.67225348472849
Kost Rumah Sepuluh Cibeunying Kidul Bandung,Putra,Rp850.000,850000,Kecamatan Cibeunying Kidul,Cibeunying Kidul,"Kost ini berlokasi dekat dengan jalan raya dengan akses yang hanya bisa dilalui oleh motor/sepeda, berlokasi dekat dengan Warteg Cintaasih (2.4 km), Alfamart (1.7 km), Masjid Al Barokah (1.7 km), Bank BJB Weekend Banking (1.9 km), Institut Teknologi Nasional Bandung (505 m), RS Ibu dan Anak Al Islam (968 m).","3 x 3 meter, Tidak termasuk listrik","Kasur, Meja, Lemari / Storage, Ventilasi, Jendela, Guling, Cermin, Bantal, Kursi, Kipas Angin","Kloset Duduk, K. Mandi Luar, Ember mandi","WiFi, Kulkas, Dapur, Jemuran, CCTV",Parkir Motor,,https://mamikos.com/room/kost-kota-bandung-kost-putra-murah-kost-rumah-sepuluh-cibeunying-kidul-bandung-2?redirection_source=landing%20area,-6.896583856865274,107.64958066374697
Kost Kurnia Tipe B Cibeunying Kidul Bandung,Putri,Rp1.100.000,1100000,Cibeunying Kidul,Cibeunying Kidul,"Kost ini berlokasi dekat dengan jalan raya dengan akses yang hanya bisa dilalui oleh motor/sepeda, berlokasi dekat dengan Alfamart A Yani 419 (1.0 km), Christian Church Pasundan Awiligar (2.3 km), Universitas Padjadjaran Kampus Dipatiukur (2.4 km), Sinar Abadi Balubur Town Square (3.1 km).","2.5 x 2.5 meter, Termasuk listrik","Kasur, Meja, Lemari / Storage, Kursi","Kloset Duduk, K. Mandi Luar, Ember mandi, Shower","WiFi, R. Cuci, Kulkas, Mesin Cuci, R. Jemur, R. Makan, R. Santai, Dispenser, Dapur, TV","Parkir Motor, Parkir Sepeda",,https://mamikos.com/room/kost-bandung-kost-putri-eksklusif-kost-kurnia-cibeunying-kidul-bandung-1?redirection_source=landing%20area,-6.897129018115319,107.65106614761997
Kost Komplek Puri Indah Jatinangor Sumedang,Campur,Rp900.000,900000,Jatinangor,Jatinangor,"Kost ini berlokasi dekat dengan jalan raya dengan akses masuk mobil, berlokasi dekat dengan Purbasari II Rumah Makan (15.9 km), Alfamart Bojong Koneng (1.3 km), Christian Church Pasundan Awiligar (875 m), BNI Jatinangor (16.3 km), Universitas Padjadjaran Kampus Dipatiukur (1.9 km), Sinar Abadi Balubur Town Square (2.9 km).","3 x 3 meter, Tidak termasuk listrik","Kasur, Meja, Lemari / Storage, Jendela","K. Mandi Dalam, Kloset Duduk, Shower","R. Tamu, Dapur, Jemuran, Taman, K. Mandi Luar",Parkir Mobil,,https://mamikos.com/room/kost-kabupaten-sumedang-kost-campur-murah-kost-komplek-puri-indah-jatinangor-sumedang?redirection_source=landing%20area,-6.934756068623794,107.7733468071641
Kost Samz Cibeunying Kidul Bandung,Putri,Rp700.000,700000,Cibeunying Kidul,Cibeunying Kidul,"Kost ini berlokasi dekat dengan jalan raya dengan akses yang hanya bisa dilalui oleh motor/sepeda, berlokasi dekat dengan Alfamart A Yani 419 (198 m), Church In Bandung (2.5 km), Universitas Padjadjaran Kampus Dipatiukur (2.9 km), RS Ibu dan Anak Al Islam (76 m), Bandung Electronic Center (3.3 km).","2.5 x 2.5 meter, Termasuk listrik","Kasur, Dispenser, Meja, Lemari / Storage, Kursi, Kipas Angin","Kloset Jongkok, K. Mandi Luar, Wastafel, Ember mandi, Shower","WiFi, R. Tamu, R. Jemur, Dapur","Parkir Motor, Parkir Sepeda",,https://mamikos.com/room/kost-kota-bandung-kost-putri-eksklusif-kost-samz-cibeunying-kidul-bandung?redirection_source=landing%20area,-6.900117398119493,107.6519886111111
Kost Boarding House Naga Malim With Kitchen Outside Tipe B Cibeunying Kidul Bandung,Campur,Rp900.000,900000,Cibeunying Kidul,Cibeunying Kidul,"Kost ini berlokasi dekat dengan jalan raya dengan akses yang hanya bisa dilalui oleh motor/sepeda, berlokasi dekat dengan Alfamart A Yani 419 (763 m), Christian Church Pasundan Awiligar (2.8 km), Universitas Widyatama (854 m).","3 x 3 meter, Tidak termasuk listrik",Jendela,Kloset Jongkok,"R. Tamu, R. Santai, Dapur, Pengurus Kos, CCTV, Balcon, K. Mandi Luar","Parkir Motor, Parkir Sepeda",,https://mamikos.com/room/kost-bandung-kost-campur-murah-kost-boarding-house-naga-malim-with-kitchen-outside-tipe-b-cibeunying-kidul-bandung?redirection_source=landing%20area,-6.896540249053131,107.65184208904478
Kost Bu Eti 2 Antapani Bandung,Putri,Rp850.000,850000,Kecamatan Antapani,Antapani,"Kost ini berlokasi dekat dengan jalan raya dengan akses yang hanya bisa dilalui oleh motor/sepeda, berlokasi dekat dengan Rumah Makan Murah (2.0 km), Alfamart Cimuncang 2 (2.0 km), Masjid Al Barokah (889 m), Bank Mandiri Bandung MTC (2.7 km), Universitas Widyatama (2.5 km), RS Ibu dan Anak Grha Bunda (1.2 km).","3 x 4 meter, Termasuk listrik","Kasur, Meja, Lemari / Storage, Ventilasi, Jendela, Guling, Cermin, Bantal","Kloset Duduk, Kloset Jongkok, K. Mandi Luar, Ember mandi, Shower, Bak mandi","WiFi, R. Cuci, Kulkas, Mesin Cuci, R. Tamu, R. Jemur, Mushola, R. Santai, Dapur, Jemuran",Parkir Motor,,https://mamikos.com/room/kost-kota-bandung-kost-putri-murah-kost-bu-eti-2-antapani-bandung?redirection_source=landing%20area,-6.9189178119849615,107.66076468716176
Kost Dela Tipe B Antapani Bandung,Campur,Rp1.600.000,1600000,Antapani,Antapani,"Kost ini berlokasi dekat dengan jalan raya dengan akses masuk mobil, berlokasi dekat dengan Alfamart Cimuncang 2 (2.7 km), Masjid Al-Muhajirin (491 m).","4 x 5 meter, Tidak termasuk listrik","AC, Kasur, Meja, TV, Lemari / Storage, Jendela, Bantal, Kursi","K. Mandi Dalam, Kloset Duduk, Shower","WiFi, Kulkas, R. Tamu, Penjaga Kos, Mushola, Dispenser, Dapur, Jemuran, CCTV, TV","Parkir Mobil, Parkir Motor",,https://mamikos.com/room/kost-kota-bandung-kost-campur-eksklusif-kost-dela-tipe-b-antapani-bandung-4?redirection_source=landing%20area,-6.916400929270002,107.660209781859
Kost Sindang Sari Tipe A Antapani Bandung,Campur,Rp750.000,750000,Antapani,Antapani,"Kost ini berlokasi dekat dengan jalan raya dengan akses yang hanya bisa dilalui oleh motor/sepeda, berlokasi dekat dengan Warteg Permata (2.4 km), Alfamart Cimuncang 2 (1.8 km), Masjid Al Barokah (1.4 km), Bank Syariah Indonesia KK Bandung RS Al Islam (3.4 km), Universitas Widyatama (2.4 km), RS Umum Hermina Arcamanik (600 m).","3 x 4 meter, Termasuk listrik","Kasur, Meja, Lemari / Storage, Ventilasi, Jendela, Guling, Cermin, Bantal, Wastafel","Kloset Jongkok, K. Mandi Luar, Wastafel, Ember mandi, Bak mandi","WiFi, R. Cuci, Laundry, Laundry, R. Tamu, Penjaga Kos, R. Jemur, R. Makan, R. Santai, Dapur","Parkir Mobil, Parkir Motor, Parkir Sepeda",,https://mamikos.com/room/kost-kota-bandung-kost-campur-murah-kost-sindang-sari-tipe-a-antapani-bandung?redirection_source=landing%20area,-6.919501321933569,107.65875722134282
Kost Nin Ae Tipe A Mandalajati Bandung,Campur,Rp1.800.000,1800000,Kecamatan Mandalajati,Mandalajati,"Kost ini berlokasi dekat dengan jalan raya dengan akses yang hanya bisa dilalui oleh motor/sepeda, berlokasi dekat dengan Warteg Permata (2.8 km), PT. Indomarco Prismatama (661 m), Masjid Al Barokah (1.7 km), Universitas Widyatama (1.4 km), RS Umum Hermina Arcamanik (1.2 km).","6 x 4 meter, Termasuk listrik","AC, Kasur, Lemari / Storage, Bantal, Kursi","K. Mandi Dalam, Kloset Duduk, K. Mandi Luar, Wastafel, Shower, Air panas","WiFi, Kulkas, Penjaga Kos, Dapur, Jemuran, Pengurus Kos, Jual Makanan, CCTV, Kartu Akses, K. Mandi Luar","Parkir Mobil, Parkir Motor, Parkir Sepeda, Parkir Motor & Sepeda",,https://mamikos.com/room/kost-kota-bandung-kost-campur-eksklusif-kost-nin-ae-tipe-a-mandalajati-bandung?redirection_source=landing%20area,-6.896813024700855,107.67074687554175
Kost Pahlawan Tipe A Cibeunying Kaler Bandung,Putra,Rp1.100.000,1100000,Cibeunying Kaler,Cibeunying Kaler,"Kost ini berlokasi dekat dengan jalan raya dengan akses yang hanya bisa dilalui oleh motor/sepeda, berlokasi dekat dengan Alfamart Bojong Koneng (998 m), Masjid Pusdai (1.1 km), Institut Teknologi Nasional Bandung (278 m), Sinar Abadi Balubur Town Square (2.8 km).","3 x 3 meter, Tidak termasuk listrik","Kasur, Meja, Lemari / Storage, Ventilasi, Jendela, Cermin, Bantal","K. Mandi Dalam, Kloset Duduk, Shower","WiFi, R. Cuci, Penjaga Kos, Mushola, Jemuran, Pengurus Kos",Parkir Motor,,https://mamikos.com/room/kost-kota-bandung-kost-putra-eksklusif-kost-pahlawan-tipe-a-cibeunying-kaler-bandung-2?redirection_source=landing%20area,-6.885745777707485,107.62855275596239
Kost Nin Ae Tife F Mandalajati Bandung,Campur,Rp1.100.000,1100000,Kecamatan Mandalajati,Mandalajati,"Kost ini berlokasi dekat dengan jalan raya dengan akses yang hanya bisa dilalui oleh motor/sepeda, berlokasi dekat dengan Warteg Permata (2.8 km), PT. Indomarco Prismatama (661 m), Masjid Al Barokah (1.7 km), Universitas Widyatama (1.4 km), RS Umum Hermina Arcamanik (1.2 km).","3 x 4 meter, Termasuk listrik","Kasur, Meja, Lemari / Storage, Ventilasi, Cermin, Bantal, Kursi, Cleaning service","Kloset Duduk, K. Mandi Luar, Wastafel, Shower, Air panas","WiFi, Penjaga Kos, Jemuran, Pengurus Kos, Jual Makanan, CCTV, Kartu Akses, K. Mandi Luar","Parkir Mobil, Parkir Motor, Parkir Sepeda, Parkir Motor & Sepeda",,https://mamikos.com/room/kost-kota-bandung-kost-campur-eksklusif-kost-nin-ae-tife-f-mandalajati-bandung?redirection_source=landing%20area,-6.897301599556711,107.67031632587744
Kost Rumah Ileya Tipe Family Cibeunying Kaler Bandung,Campur,Rp1.200.000,1200000,Kecamatan Cibeunying Kaler,Cibeunying Kaler,"Kost ini berlokasi dekat dengan jalan raya dengan akses yang hanya bisa dilalui oleh motor/sepeda, berlokasi dekat dengan Warteg Cintaasih (2.3 km), Alfamart (1.1 km), Christian Church Pasundan Awiligar (2.1 km), Bank BJB Weekend Banking (1.4 km), Institut Teknologi Nasional Bandung (403 m), RS Ibu dan Anak Al Islam (1.3 km).","2.5 x 2.5 meter, Termasuk listrik","Kasur, Meja, Lemari / Storage","K. Mandi Dalam, Kloset Duduk, Kloset Jongkok, Ember mandi, Shower","WiFi, Dapur, Rice Cooker, Pengurus Kos, CCTV, Balcon","Parkir Motor, Parkir Motor & Sepeda",,https://mamikos.com/room/kost-kota-bandung-kost-campur-eksklusif-kost-rumah-ileya-tipe-family-cibeunying-kaler-bandung?redirection_source=landing%20area,-6.88556325536576,107.62814631912309
Kost Huni Hijau Cibeunying Kidul Bandung,Putri,Rp1.250.000,1250000,Kecamatan Cibeunying Kidul,Cibeunying Kidul,"Kost ini berlokasi dekat dengan jalan raya dengan akses yang hanya bisa dilalui oleh motor/sepeda, berlokasi dekat dengan Warteg Abadi (3.2 km), Alfamart (1.8 km), Masjid Al Barokah (1.6 km), Bank BJB Weekend Banking (1.8 km), Institut Teknologi Nasional Bandung (652 m), RS Ibu dan Anak Al Islam (733 m).","3 x 3 meter, Termasuk listrik","Kasur, Meja, Lemari / Storage, Jendela, Cermin, Bantal, Kursi","Kloset Duduk, K. Mandi Luar, Wastafel, Shower","WiFi, Kulkas, R. Jemur, Dispenser, Dapur, Jemuran, Pengurus Kos, CCTV, Balcon","Parkir Motor, Parkir Sepeda",,https://mamikos.com/room/kost-kota-bandung-kost-putri-eksklusif-kost-huni-hijau-cibeunying-kidul-bandung?redirection_source=landing%20area,-6.898109031821162,107.64849628574287
Kost 19C Tipe E Kiaracondong Bandung,Campur,Rp4.250.000,4250000,Kecamatan Kiaracondong,Kiaracondong,"Kost ini berlokasi dekat dengan jalan raya dengan akses masuk mobil, berlokasi dekat dengan Warteg Berkah Bahari (2.4 km), Alfamart West Cikutra (3.0 km), Masjid Al Barokah (613 m), Bank BJB Weekend Banking (2.5 km), Universitas Widyatama (1.9 km), RS Ibu dan Anak Grha Bunda (278 m).","5 x 4 meter, Termasuk listrik","AC, Kasur, Dispenser, Meja, TV, Lemari / Storage, Kulkas, Ventilasi, Meja makan, Jendela","K. Mandi Dalam, Kloset Duduk, Wastafel, Shower, Air panas","WiFi, Penjaga Kos, R. Jemur, Jemuran, Pengurus Kos, CCTV, Taman","Parkir Mobil, Parkir Motor, Parkir Sepeda, Parkir Motor & Sepeda",,https://mamikos.com/room/kost-kota-bandung-kost-campur-eksklusif-kost-19c-tipe-e-kiaracondong-bandung?redirection_source=landing%20area,-6.922903326357371,107.64485035215424
Kost Menimurah Tipe Standart Cibeunying Kaler Bandung,Putri,Rp500.000,500000,Cibeunying Kaler,Cibeunying Kaler,"Kost ini berlokasi dekat dengan jalan raya dengan akses yang hanya bisa dilalui oleh motor/sepeda, berlokasi dekat dengan Warteg Cintaasih (2.3 km), Alfamart Bojong Koneng (1.3 km), Christian Church Pasundan Awiligar (2.1 km), Bank BJB Weekend Banking (1.4 km), Institut Teknologi Nasional Bandung (408 m), RS Ibu dan Anak Al Islam (1.3 km).","2 x 3 meter, Termasuk listrik","Kasur, Meja, Lemari / Storage, Ventilasi, Jendela, Kursi","Kloset Jongkok, K. Mandi Luar, Ember mandi, Bak mandi","WiFi, R. Cuci, R. Tamu, R. Jemur, R. Makan, Dapur, Jemuran, Pengurus Kos, Balcon, R. Keluarga",Parkir Motor,,https://mamikos.com/room/kost-kota-bandung-kost-putri-murah-kost-menimurah-tipe-standart-cibeunying-kaler-bandung?redirection_source=landing%20area,-6.8856022691961,107.62817967879516
Kost Wahjoewono Tipe A Antapani Bandung,Putri,Rp800.000,800000,Antapani,Antapani,"Kost ini berlokasi dekat dengan jalan raya dengan akses yang hanya bisa dilalui oleh motor/sepeda, berlokasi dekat dengan Alfamart Cimuncang 2 (925 m), Masjid Al Barokah (530 m), Akademi Pariwisata BSI Bandung (642 m).","3.2 x 3.6 meter, Termasuk listrik","Kasur, Meja, Lemari / Storage, Meja makan, Jendela, Bantal, Wastafel, Kursi","Kloset Jongkok, K. Mandi Luar, Wastafel, Ember mandi, Shower","WiFi, R. Cuci, R. Tamu, Penjaga Kos, R. Jemur, R. Makan, Dapur, Jemuran, Pengurus Kos, K. Mandi Luar",Parkir Motor,,https://mamikos.com/room/kost-kota-bandung-kost-putri-murah-kost-wahjoewono-tipe-a-antapani-bandung?redirection_source=landing%20area,-6.917745297779195,107.65838164479885
Kost Palm Bridge Tipe B Cimenyan Bandung,Putra,Rp875.000,875000,Cimenyan,Cimenyan,"Kost ini berlokasi dekat dengan jalan raya dengan akses yang hanya bisa dilalui oleh motor/sepeda, berlokasi dekat dengan Alfamart Bojong Koneng (1.3 km), Christian Church Pasundan Awiligar (875 m), Universitas Padjadjaran Kampus Dipatiukur (1.9 km), Sinar Abadi Balubur Town Square (2.9 km).","3 x 3.5 meter, Termasuk listrik","Kasur, Meja, Lemari / Storage","Kloset Duduk, K. Mandi Luar, Ember mandi","WiFi, Mesin Cuci, R. Tamu, R. Jemur, R. Santai, Balcon","Parkir Motor, Parkir Sepeda",,https://mamikos.com/room/kost-bandung-kost-putra-eksklusif-kost-palm-bridge-cimenyan-bandung-1?redirection_source=landing%20area,-6.878827893320225,107.66350910252494
Kost Pondok Salsabila Antapani Bandung,Putri,Rp650.000,650000,Antapani,Antapani,"Kost ini berlokasi dekat dengan jalan raya dengan akses yang hanya bisa dilalui oleh motor/sepeda, berlokasi dekat dengan Warteg Cintaasih (2.7 km), PT. Indomarco Prismatama (1.7 km), Masjid Al Barokah (890 m), Bank Mandiri Bandung MTC (2.7 km), Universitas Widyatama (2.5 km), RS Ibu dan Anak Grha Bunda (1.2 km).","3 x 4 meter, Termasuk listrik","Kasur, Lemari / Storage","K. Mandi Dalam, Kloset Duduk, Ember mandi","R. Cuci, Laundry, R. Jemur, Dapur","Parkir Motor, Parkir Sepeda",,https://mamikos.com/room/kost-kota-bandung-kost-putri-eksklusif-kost-pondok-salsabila-antapani-bandung-2?redirection_source=landing%20area,-6.916850179043744,107.65997259285277
Kost Rereng Barong Cibeunying Kaler Bandung,Putri,Rp900.000,900000,Cibeunying Kaler,Cibeunying Kaler,"Kost ini berlokasi dekat dengan jalan raya dengan akses yang hanya bisa dilalui oleh motor/sepeda, berlokasi dekat dengan Rumah Makan Pondok (959 m), Alfamart Bojong Koneng (1.5 km), Masjid MUI Kota Bandung (588 m), Institut Teknologi Nasional Bandung (801 m), Sinar Abadi Balubur Town Square (2.2 km).","3 x 3 meter, Tidak termasuk listrik","Kasur, Meja, Lemari / Storage, Kursi","Kloset Duduk, K. Mandi Luar, Shower","WiFi, Kulkas, R. Tamu, R. Jemur, R. Makan, Dispenser, Dapur, R. Keluarga, TV, K. Mandi Luar",Parkir Motor,,https://mamikos.com/room/kost-bandung-kost-putri-murah-kost-rereng-barong-cibeunying-kaler-bandung-1?redirection_source=landing%20area,-6.884687403956419,107.62879275232167
Kost Keys Co Living Deluxe K9 Cibeunying Kidul Bandung,Campur,Rp2.400.000,2400000,Cibeunying Kidul,Cibeunying Kidul,"Kost ini berlokasi dekat dengan jalan raya dengan akses masuk mobil, berlokasi dekat dengan Warteg Cintaasih (2.4 km), Alfamart (2.0 km), Masjid Al Barokah (1.5 km), Bank BJB Weekend Banking (2.1 km), Universitas Widyatama (571 m), RS Ibu dan Anak Al Islam (891 m).","3 x 3 meter, Tidak termasuk listrik","AC, Kasur, Dispenser, Meja, Lemari / Storage, Kulkas, Jendela, Guling, Cermin, Bantal","K. Mandi Dalam, Kloset Duduk, Shower, Air panas","WiFi, R. Cuci, Kulkas, Mesin Cuci, Penjaga Kos, R. Jemur, R. Makan, Mushola, Dispenser, Dapur","Parkir Mobil, Parkir Motor",,https://mamikos.com/room/kost-kota-bandung-kost-campur-eksklusif-kost-keys-co-living-deluxe-k9-cibeunying-kidul-bandung-2?redirection_source=landing%20area,-6.8966378080405315,107.64868191281509
Kost Kurnia Tipe A Cibeunying Kidul Bandung,Putri,Rp1.300.000,1300000,Cibeunying Kidul,Cibeunying Kidul,"Kost ini berlokasi dekat dengan jalan raya dengan akses yang hanya bisa dilalui oleh motor/sepeda, berlokasi dekat dengan Alfamart A Yani 419 (1.0 km), Christian Church Pasundan Awiligar (2.3 km), Universitas Padjadjaran Kampus Dipatiukur (2.4 km), Sinar Abadi Balubur Town Square (3.1 km).","3 x 4 meter, Termasuk listrik","Kasur, Meja, Lemari / Storage, Jendela, Guling, Bantal, Kursi","Kloset Duduk, Ember mandi, Shower","WiFi, Kulkas, Mesin Cuci, R. Santai, Dispenser, Dapur, Jemuran, CCTV, TV",Parkir Motor,,https://mamikos.com/room/kost-kota-bandung-kost-putri-eksklusif-kost-kurnia-tipe-a-cibeunying-kidul-bandung?redirection_source=landing%20area,-6.898501961910664,107.65076291833765
Kost Pondok Sarashe Antapani Bandung,Campur,Rp1.200.000,1200000,Antapani,Antapani,"Kost ini berlokasi dekat dengan jalan raya dengan akses yang hanya bisa dilalui oleh motor/sepeda, berlokasi dekat dengan Rumah Makan Murah (1.8 km), Alfamart Cimuncang 2 (2.2 km), Masjid Al-Muhajirin (826 m), Bank Mandiri Bandung MTC (2.6 km), Universitas Widyatama (2.7 km), RS Ibu dan Anak Grha Bunda (1.5 km).","4.5 x 3.5 meter, Termasuk listrik","Kasur, Lemari / Storage, Ventilasi, Jendela, Cermin","K. Mandi Dalam, Kloset Jongkok, Ember mandi","WiFi, Kulkas, R. Tamu, Penjaga Kos, R. Jemur, Dapur, Jemuran, Pengurus Kos, CCTV, R. Keluarga","Parkir Mobil, Parkir Motor, Parkir Sepeda",,https://mamikos.com/room/kost-bandung-kost-campur-eksklusif-kost-pondok-sarashe-antapani-bandung-2?redirection_source=landing%20area,-6.917366970551969,107.66150271631005
Kost Egy Tipe B Kiaracondong Bandung,Campur,Rp750.000,750000,Kiaracondong,Kiaracondong,"Kost ini berlokasi dekat dengan jalan raya dengan akses yang hanya bisa dilalui oleh motor/sepeda, berlokasi dekat dengan Warteg Permata (580 m), Alfamart A Yani 419 (1.2 km), Masjid Al Barokah (607 m), Sekolah Tinggi Ilmu Kesehatan Dharma Husada (452 m).","3 x 4 meter, Tidak termasuk listrik",Ventilasi,"K. Mandi Dalam, Kloset Jongkok, Ember mandi","WiFi, R. Cuci, R. Jemur, R. Santai","Parkir Motor, Parkir Sepeda",,https://mamikos.com/room/kost-bandung-kost-campur-murah-kost-egy-tipe-b-kiaracondong-bandung-1?redirection_source=landing%20area,-6.923112352770493,107.6455933082531
Kost Mukti Tipe C Cimenyan Bandung,Putra,Rp760.000,760000,Cimenyan,Cimenyan,"Kost ini berlokasi dekat dengan jalan raya dengan akses yang hanya bisa dilalui oleh motor/sepeda, berlokasi dekat dengan Alfamart Bojong Koneng (1.4 km), Christian Church Pasundan Awiligar (635 m), Universitas Padjadjaran Kampus Dipatiukur (2.1 km), Sinar Abadi Balubur Town Square (3.0 km).","3 x 3 meter, Termasuk listrik","Kasur, Meja, Lemari / Storage, Ventilasi, Jendela","K. Mandi Dalam, Kloset Duduk, Shower","WiFi, R. Jemur, Pengurus Kos","Parkir Motor, Parkir Sepeda",,https://mamikos.com/room/kost-bandung-kost-putra-murah-kost-mukti-tipe-c-cimenyan-bandung?redirection_source=landing%20area,-6.879804177186996,107.66244637223264
Kost Pondok Audit Double Deluxe Cimenyan Bandung,Putri,Rp1.350.000,1350000,Cimenyan,Cimenyan,"Kost ini berlokasi dekat dengan jalan raya dengan akses yang hanya bisa dilalui oleh motor/sepeda, berlokasi dekat dengan Warteg Permata (3.2 km), Alfamart Cimuncang 2 (1.1 km), Christian Church Pasundan Awiligar (2.1 km), Universitas Widyatama (1.2 km), RS Umum Hermina Arcamanik (2.2 km).","4 x 4 meter, Termasuk listrik","Kasur, Meja, Jendela, Cermin, Bantal, Kursi","Kloset Duduk, K. Mandi Luar, Ember mandi, Shower, Air panas","WiFi, R. Cuci, Kulkas, Mesin Cuci, R. Tamu, Penjaga Kos, R. Jemur, R. Santai, Dispenser, Dapur","Parkir Motor, Parkir Sepeda, Parkir Motor & Sepeda",,https://mamikos.com/room/kost-kabupaten-bandung-kost-putri-eksklusif-kost-pondok-audit-double-deluxe-cimenyan-bandung?redirection_source=landing%20area,-6.878642667461236,107.66541603400776
Kost Omah Harianja Cibeunying Kidul Bandung,Putri,Rp600.000,600000,Cibeunying Kidul,Cibeunying Kidul,"Kost ini berlokasi dekat dengan jalan raya dengan akses yang hanya bisa dilalui oleh motor/sepeda, berlokasi dekat dengan Warteg Permata (2.3 km), Alfamart (2.3 km), Masjid Al Barokah (1.5 km), Bank BJB Weekend Banking (2.7 km), Universitas Widyatama (151 m), RS Ibu dan Anak Al Islam (1.5 km).","3 x 3 meter, Termasuk listrik","Kasur, Meja, Ventilasi, Kursi",K. Mandi Luar,"WiFi, Kulkas, R. Jemur, R. Santai, Dapur, Jemuran, Balcon, TV, K. Mandi Luar",Parkir Motor,,https://mamikos.com/room/kost-kota-bandung-kost-putri-murah-kost-omah-harianja-cibeunying-kidul-bandung?redirection_source=landing%20area,-6.89656292847702,107.651365314012
Kost Humaira Cibeunying Kaler Bandung,Putri,Rp1.200.000,1200000,Kecamatan Cibeunying Kaler,Cibeunying Kaler,"Kost ini berlokasi dekat dengan jalan raya dengan akses yang hanya bisa dilalui oleh motor/sepeda, berlokasi dekat dengan Warteg Cintaasih (2.3 km), Alfamart (1.1 km), Christian Church Pasundan Awiligar (2.1 km), Bank BJB Weekend Banking (1.4 km), Institut Teknologi Nasional Bandung (374 m), RS Ibu dan Anak Al Islam (1.3 km).","2 x 3.5 meter, Tidak termasuk listrik","Kasur, Meja, Lemari / Storage, Ventilasi, Jendela, Cermin, Kursi","K. Mandi Dalam, Kloset Duduk, Wastafel, Shower","WiFi, R. Tamu, Penjaga Kos, R. Jemur, R. Makan, R. Santai, Dapur, Pengurus Kos, Jual Makanan, CCTV","Parkir Motor, Parkir Sepeda, Parkir Motor & Sepeda",,https://mamikos.com/room/kost-kota-bandung-kost-putri-eksklusif-humaira-kost-putri-cibeunying-kaler-bandung?redirection_source=landing%20area,-6.888156165906019,107.62990007009927
Kost Paras Tipe A Cibeunying Kaler Bandung,Campur,Rp1.500.000,1500000,Cibeunying Kaler,Cibeunying Kaler,"Kost ini berlokasi dekat dengan jalan raya dengan akses yang hanya bisa dilalui oleh motor/sepeda, berlokasi dekat dengan Warteg Gaul (1.6 km), Alfamart Bojong Koneng (1.7 km), Christian Church Pasundan Awiligar (1.1 km), Bank BJB Weekend Banking (2.4 km), Institut Teknologi Bandung (2.2 km), RS Ibu dan Anak Al Islam (2.5 km).","3 x 4 meter, Termasuk listrik","Kasur, Meja, Lemari / Storage, Ventilasi, Jendela, Cermin, Kursi","K. Mandi Dalam, Kloset Duduk, Ember mandi, Shower","WiFi, Kulkas, R. Tamu, Penjaga Kos, R. Makan, R. Santai, Dapur, Jemuran, Rice Cooker, Pengurus Kos","Parkir Mobil, Parkir Motor, Parkir Sepeda, Parkir Motor & Sepeda",,https://mamikos.com/room/kost-kota-bandung-kost-campur-eksklusif-kost-paras-tipe-a-cibeunying-kaler-bandung?redirection_source=landing%20area,-6.886665657686827,107.62998435181001
Kost Muararajeun Lama 2 Tipe A Cibeunying Kaler Bandung,Campur,Rp1.000.000,1000000,Cibeunying Kaler,Cibeunying Kaler,"Kost ini berlokasi dekat dengan jalan raya dengan akses yang hanya bisa dilalui oleh motor/sepeda, berlokasi dekat dengan Warteg Abadi (2.2 km), Alfamart A Yani 419 (1.3 km), Masjid Al Kautsar (2.0 km), Bank Mandiri Bandung Priority Banking Soerapatti (1.5 km), Universitas Padjadjaran Kampus Dipatiukur (1.8 km), RS Umum Santo Borromeus (2.1 km).","3.5 x 2.5 meter, Termasuk listrik","Kasur, Meja, Lemari / Storage, Ventilasi, Jendela, Dapur Pribadi, Bantal, Wastafel","K. Mandi Dalam, Kloset Jongkok, Ember mandi","WiFi, R. Cuci, Penjaga Kos, R. Jemur, Jemuran, Jual Makanan","Parkir Motor, Parkir Sepeda",,https://mamikos.com/room/kost-kota-bandung-kost-campur-eksklusif-kost-muararajeun-lama-2-tipe-a-cibeunying-kaler-bandung?redirection_source=landing%20area,-6.8882450092730725,107.62985704141138
Kost Keys Co Living Suites Cibeunying Kidul Bandung,Campur,Rp4.500.000,4500000,Cibeunying Kidul,Cibeunying Kidul,"Kost ini berlokasi dekat dengan jalan raya dengan akses masuk mobil, berlokasi dekat dengan Warteg Cintaasih (2.4 km), Alfamart (2.0 km), Masjid Al Barokah (1.5 km), Bank BJB Weekend Banking (2.1 km), Universitas Widyatama (571 m), RS Ibu dan Anak Al Islam (891 m).","5 x 5 meter, Tidak termasuk listrik","AC, Kasur, Lemari / Storage, Meja makan, Jendela, Guling, Dapur Pribadi, Cermin, Bantal, Kursi","K. Mandi Dalam, Kloset Duduk, Shower, Air panas","WiFi, R. Cuci, Kulkas, Penjaga Kos, R. Jemur, R. Makan, Mushola, Dispenser, Dapur, Jemuran","Parkir Mobil, Parkir Motor",,https://mamikos.com/room/kost-kota-bandung-kost-campur-eksklusif-kost-keys-co-living-suites-cibeunying-kidul-bandung?redirection_source=landing%20area,-6.899872903616676,107.64823895953859
Kost Bu Linda Cikutra 1 Tipe VVIP Cibeunying Kaler Bandung,Putra,Rp850.000,850000,Kecamatan Cibeunying Kaler,Cibeunying Kaler,"Kost ini berlokasi dekat dengan jalan raya dengan akses yang hanya bisa dilalui oleh motor/sepeda, berlokasi dekat dengan Warteg Cintaasih (2.7 km), Alfamart (1.8 km), Masjid Al Barokah (1.8 km), Bank BJB Weekend Banking (2.2 km), Universitas Widyatama (437 m), RS Ibu dan Anak Al Islam (1.2 km).","3.2 x 2.5 meter, Tidak termasuk listrik","Kasur, Meja, Lemari / Storage, Ventilasi, Jendela","K. Mandi Dalam, Kloset Jongkok, Ember mandi","WiFi, Penjaga Kos, R. Jemur, Dapur, Jemuran, Jual Makanan, CCTV",Parkir Motor,,https://mamikos.com/room/kost-kota-bandung-kost-putra-murah-kost-bu-linda-cikutra-1-tipe-vvip-cibeunying-kaler-bandung-2?redirection_source=landing%20area,-6.88699726990783,107.62938458521809
Kost Seke In 2 Cibeunying Kidul Bandung,Campur,Rp700.000,700000,Cibeunying Kidul,Cibeunying Kidul,"Kost ini berlokasi dekat dengan jalan raya dengan akses yang hanya bisa dilalui oleh motor/sepeda, berlokasi dekat dengan Warteg Cintaasih (2.2 km), Alfamart Cimuncang 2 (851 m), Masjid Al Barokah (1.1 km), Bank BJB Weekend Banking (2.1 km), Universitas Widyatama (761 m), RS Ibu dan Anak Al Islam (730 m).","3 x 4 meter, Tidak termasuk listrik","Kasur, Meja, Lemari / Storage, Jendela, Guling, Cermin, Bantal","K. Mandi Dalam, Kloset Duduk, Ember mandi","WiFi, Kulkas, Penjaga Kos, Dispenser, Dapur, Jemuran, Pengurus Kos, CCTV, Rooftop, Balcon","Parkir Motor, Parkir Sepeda, Parkir Motor & Sepeda",,https://mamikos.com/room/kost-kota-bandung-kost-campur-murah-kost-seke-in-2-cibeunying-kidul-bandung-2?redirection_source=landing%20area,-6.897394122404928,107.64859262653708
Kost Sandra Cimenyan Bandung,Campur,Rp1.000.000,1000000,Cimenyan,Cimenyan,"Kost ini berlokasi dekat dengan jalan raya dengan akses yang hanya bisa dilalui oleh motor/sepeda, berlokasi dekat dengan Alfamart Cimuncang 2 (1.5 km), Christian Church Pasundan Awiligar (2.5 km), Sekolah Tinggi Ilmu Komunikasi Bandung (1.2 km).","4 x 6 meter, Termasuk listrik","Kasur, Lemari / Storage, Ventilasi, Jendela, Guling, Dapur Pribadi, Cermin, Bantal","K. Mandi Dalam, Kloset Jongkok, Wastafel, Ember mandi, Shower","WiFi, R. Jemur, Dapur, Jemuran, Pengurus Kos, Balcon","Parkir Motor, Parkir Sepeda",,https://mamikos.com/room/kost-kabupaten-bandung-kost-campur-murah-kost-sandra-cimenyan-bandung-1?redirection_source=landing%20area,-6.881264630957013,107.66480760364165
Kost Bu Sur Tipe C Cibeunying Kidul Bandung,Putri,Rp700.000,700000,Cibeunying Kidul,Cibeunying Kidul,"Kost ini berlokasi dekat dengan jalan raya dengan akses yang hanya bisa dilalui oleh motor/sepeda, berlokasi dekat dengan Warteg Cintaasih (2.3 km), Alfamart Cimuncang 2 (847 m), Masjid Al Barokah (1.2 km), Bank BJB Weekend Banking (2.1 km), Universitas Widyatama (678 m), RS Khusus Gigi dan Mulut UNPAD (3.0 km).","3 x 3 meter, Termasuk listrik","Kasur, Meja, Lemari / Storage, Jendela, Cermin, Bantal, Kursi","Kloset Duduk, Kloset Jongkok, K. Mandi Luar, Ember mandi, Shower, Bak mandi","WiFi, R. Jemur, R. Santai, Dispenser, Dapur, Jemuran, Pengurus Kos, Balcon, Taman, TV","Parkir Motor, Parkir Sepeda",,https://mamikos.com/room/kost-kota-bandung-kost-putri-murah-kost-bu-sur-tipe-c-cibeunying-kidul-bandung-2?redirection_source=landing%20area,-6.898045788019886,107.64937892106796
Kost Orange Tipe A Cikondang Bandung,Campur,Rp650.000,650000,Coblong,Coblong,"Kost ini berlokasi dekat dengan jalan raya dengan akses yang hanya bisa dilalui oleh motor/sepeda, berlokasi dekat dengan Warteg Gaul (1.7 km), Alfamart Bojong Koneng (1.5 km), Masjid MUI Kota Bandung (518 m), BSI KCP Bandung Dago (2.0 km), Universitas Padjadjaran Kampus Dipatiukur (1.5 km), RS Umum Santo Borromeus (1.9 km).","4 x 3 meter, Termasuk listrik","Kasur, Meja, Lemari / Storage, Kursi","Kloset Jongkok, K. Mandi Luar, Ember mandi, Shower","WiFi, Kulkas, R. Jemur, Dispenser, Dapur, Balcon, TV",Parkir Motor,,https://mamikos.com/room/kost-kost-campur-eksklusif-kostan-orange-cikondang?redirection_source=landing%20area,-6.881914836524234,107.61436643101314
Kost Icha Cikutra Tipe A Cibeunying Kidul Bandung,Putri,Rp900.000,900000,Cibeunying Kidul,Cibeunying Kidul,"Kost ini berlokasi dekat dengan jalan raya dengan akses yang hanya bisa dilalui oleh motor/sepeda, berlokasi dekat dengan Warteg Cintaasih (2.2 km), Alfamart (2.2 km), Masjid Al Barokah (1.3 km), Bank BJB Weekend Banking (2.0 km), Universitas Widyatama (734 m), RS Ibu dan Anak Al Islam (713 m).","3 x 3 meter, Termasuk listrik","Kasur, Meja, Lemari / Storage, Ventilasi, Jendela, Guling, Cermin, Bantal","K. Mandi Dalam, Kloset Jongkok, K. Mandi Luar, Ember mandi","WiFi, R. Cuci, R. Tamu, Penjaga Kos, R. Jemur, Dispenser, Dapur, Jemuran, Pengurus Kos, CCTV",Parkir Motor,,https://mamikos.com/room/kost-kota-bandung-kost-putri-murah-kost-icha-cikutra-tipe-a-cibeunying-kidul-bandung?redirection_source=landing%20area,-6.897804235320514,107.64935634190327
Kost Boarding House Naga Malim With Balkon Outside Tipe C Cibeunying Kidul Bandung,Campur,Rp850.000,850000,Cibeunying Kidul,Cibeunying Kidul,"Kost ini berlokasi dekat dengan jalan raya dengan akses yang hanya bisa dilalui oleh motor/sepeda, berlokasi dekat dengan Alfamart A Yani 419 (763 m), Christian Church Pasundan Awiligar (2.8 km), Universitas Widyatama (854 m).","3 x 3 meter, Tidak termasuk listrik",Jendela,Kloset Jongkok,"R. Santai, Dapur, Pengurus Kos, CCTV, K. Mandi Luar","Parkir Motor, Parkir Sepeda",,https://mamikos.com/room/kost-bandung-kost-campur-murah-kost-boarding-house-naga-malim-with-balkon-outside-tipe-c-cibeunying-kidul-bandung?redirection_source=landing%20area,-6.898123240022227,107.65164238748116
Kost Kantin Tipe A Antapani Bandung,Campur,Rp600.000,600000,Kecamatan Antapani,Antapani,"Kost ini berlokasi dekat dengan jalan raya dengan akses yang hanya bisa dilalui oleh motor/sepeda, berlokasi dekat dengan Warteg Cintaasih (2.8 km), PT. Indomarco Prismatama (1.6 km), Masjid Al Barokah (831 m), Bank Mandiri Bandung MTC (2.8 km), Universitas Widyatama (2.4 km), RS Ibu dan Anak Grha Bunda (1.2 km).","3 x 3 meter, Termasuk listrik","Kasur, Meja, Lemari / Storage, Bantal, Kursi","Kloset Jongkok, K. Mandi Luar","Laundry, Jemuran, Jual Makanan, Taman, K. Mandi Luar",Parkir Motor,,https://mamikos.com/room/kost-kota-bandung-kost-campur-murah-kost-kantin-tipe-a-antapani-bandung?redirection_source=landing%20area,-6.916629384186065,107.661716497544
Kost Boarding House Tipe E Cibeunying Kidul Bandung,Campur,Rp1.600.000,1600000,Cibeunying Kidul,Cibeunying Kidul,"Kost ini berlokasi dekat dengan jalan raya dengan akses yang hanya bisa dilalui oleh motor/sepeda, berlokasi dekat dengan Alfamart A Yani 419 (763 m), Christian Church Pasundan Awiligar (2.8 km), Universitas Widyatama (854 m).","4 x 10 meter, Tidak termasuk listrik","Jendela, Dapur Pribadi","K. Mandi Dalam, Kloset Jongkok","WiFi, Penjaga Kos, Pengurus Kos, CCTV","Parkir Mobil, Parkir Motor, Parkir Sepeda",,https://mamikos.com/room/kost-kota-bandung-kost-campur-eksklusif-kost-boarding-house-tipe-e-cibeunying-kidul-bandung-1?redirection_source=landing%20area,-6.898681984003563,107.64859534986275
Kost 19C Tipe D Kiaracondong Bandung,Campur,Rp1.500.000,1500000,Kiaracondong,Kiaracondong,"Kost ini berlokasi dekat dengan jalan raya dengan akses yang hanya bisa dilalui oleh motor/sepeda, berlokasi dekat dengan Warteg Berkah Bahari (2.4 km), Alfamart West Cikutra (3.0 km), Masjid Al Barokah (613 m), Bank BJB Weekend Banking (2.5 km), Universitas Widyatama (1.9 km), RS Ibu dan Anak Grha Bunda (277 m).","3 x 4 meter, Termasuk listrik","Kasur, Lemari / Storage, Ventilasi, Jendela, Cermin, Bantal","K. Mandi Dalam, Kloset Duduk, Wastafel, Shower, Air panas","WiFi, Jemuran, Pengurus Kos, CCTV, Balcon",Parkir Motor & Sepeda,,https://mamikos.com/room/kost-kota-bandung-kost-campur-eksklusif-kost-19c-tipe-d-kiaracondong-bandung?redirection_source=landing%20area,-6.92598043099607,107.64431776950654
Kost Rumah Ileya Standar A Cibeunying Kaler Bandung,Campur,Rp750.000,750000,Kecamatan Cibeunying Kaler,Cibeunying Kaler,"Kost ini berlokasi dekat dengan jalan raya dengan akses yang hanya bisa dilalui oleh motor/sepeda, berlokasi dekat dengan Warteg Cintaasih (2.3 km), Alfamart (1.1 km), Christian Church Pasundan Awiligar (2.1 km), Bank BJB Weekend Banking (1.4 km), Institut Teknologi Nasional Bandung (403 m), RS Ibu dan Anak Al Islam (1.3 km).","2.8 x 3.2 meter, Termasuk listrik","Kasur, Meja, Meja Rias, Lemari / Storage, Ventilasi, Jendela","Kloset Duduk, Kloset Jongkok, K. Mandi Luar, Ember mandi","WiFi, R. Tamu, R. Makan, R. Santai, Dapur, Rice Cooker, Pengurus Kos, Jual Makanan, CCTV, Balcon","Parkir Motor, Parkir Motor & Sepeda",,https://mamikos.com/room/kost-kota-bandung-kost-campur-murah-kost-rumah-ileya-standar-a-cibeunying-kaler-bandung?redirection_source=landing%20area,-6.8844277901374245,107.62813340624659
Kost Pak Edi Tipe A Cibeunying Kidul Bandung,Putri,Rp1.250.000,1250000,Kecamatan Cibeunying Kidul,Cibeunying Kidul,"Kost ini berlokasi dekat dengan jalan raya dengan akses yang hanya bisa dilalui oleh motor/sepeda, berlokasi dekat dengan Warteg Permata (2.6 km), Alfamart Bojong Koneng (153 m), Christian Church Pasundan Awiligar (1.9 km), Bank BJB Weekend Banking (2.7 km), Universitas Widyatama (290 m), RS Ibu dan Anak Al Islam (1.7 km).","3 x 4 meter, Tidak termasuk listrik","Kasur, Lemari / Storage, Ventilasi, Jendela, Dapur Pribadi, Cermin, Wastafel","K. Mandi Dalam, Kloset Jongkok, Ember mandi","WiFi, Dapur, Jemuran, Jual Makanan, CCTV",Parkir Motor & Sepeda,,https://mamikos.com/room/kost-kota-bandung-kost-putri-eksklusif-kost-pak-edi-tipe-a-cibeunying-kidul-bandung?redirection_source=landing%20area,-6.898932121521219,107.65187902438412
Kost Asrama Cibeunying Kaler Bandung,Putri,Rp250.000,250000,Kecamatan Cibeunying Kaler,Cibeunying Kaler,"Kost ini berlokasi dekat dengan jalan raya dengan akses yang hanya bisa dilalui oleh motor/sepeda, berlokasi dekat dengan Warteg Abadi (2.3 km), Alfamart Bojong Koneng (1.5 km), Masjid Pusdai (559 m), BSI KCP Bandung Dago (2.6 km), Universitas Padjadjaran Kampus Dipatiukur (1.6 km), RS Umum Santo Borromeus (1.9 km).","3 x 4 meter, Termasuk listrik","Kasur, Bantal","K. Mandi Dalam, Kloset Jongkok, Wastafel","WiFi, Kulkas, R. Jemur, R. Santai, Dispenser, Dapur, Jemuran, CCTV",,,https://mamikos.com/room/kost-kota-bandung-kost-putri-murah-kost-asrama-cibeunying-kaler-bandung-1?redirection_source=landing%20area,-6.885723053164576,107.62734808393171
Kost Bu Eti 2 Antapani Bandung,Putri,Rp850.000,850000,Kecamatan Antapani,Antapani,"Kost ini berlokasi dekat dengan jalan raya dengan akses yang hanya bisa dilalui oleh motor/sepeda, berlokasi dekat dengan Rumah Makan Murah (2.0 km), Alfamart Cimuncang 2 (2.0 km), Masjid Al Barokah (889 m), Bank Mandiri Bandung MTC (2.7 km), Universitas Widyatama (2.5 km), RS Ibu dan Anak Grha Bunda (1.2 km).","3 x 4 meter, Termasuk listrik","Kasur, Meja, Lemari / Storage, Ventilasi, Jendela, Guling, Cermin, Bantal","Kloset Duduk, Kloset Jongkok, K. Mandi Luar, Ember mandi, Shower, Bak mandi","WiFi, R. Cuci, Kulkas, Mesin Cuci, R. Tamu, R. Jemur, Mushola, R. Santai, Dapur, Jemuran",Parkir Motor,,https://mamikos.com/room/kost-kota-bandung-kost-putri-murah-kost-bu-eti-2-antapani-bandung?redirection_source=landing%20area,-6.9195025766335325,107.66155610370409
Kost Dela Tipe B Antapani Bandung,Campur,Rp1.600.000,1600000,Antapani,Antapani,"Kost ini berlokasi dekat dengan jalan raya dengan akses masuk mobil, berlokasi dekat dengan Alfamart Cimuncang 2 (2.7 km), Masjid Al-Muhajirin (491 m).","4 x 5 meter, Tidak termasuk listrik","AC, Kasur, Meja, TV, Lemari / Storage, Jendela, Bantal, Kursi","K. Mandi Dalam, Kloset Duduk, Shower","WiFi, Kulkas, R. Tamu, Penjaga Kos, Mushola, Dispenser, Dapur, Jemuran, CCTV, TV","Parkir Mobil, Parkir Motor",,https://mamikos.com/room/kost-kota-bandung-kost-campur-eksklusif-kost-dela-tipe-b-antapani-bandung-4?redirection_source=landing%20area,-6.918946855044627,107.66030761908785
Kost Sindang Sari Tipe A Antapani Bandung,Campur,Rp750.000,750000,Antapani,Antapani,"Kost ini berlokasi dekat dengan jalan raya dengan akses yang hanya bisa dilalui oleh motor/sepeda, berlokasi dekat dengan Warteg Permata (2.4 km), Alfamart Cimuncang 2 (1.8 km), Masjid Al Barokah (1.4 km), Bank Syariah Indonesia KK Bandung RS Al Islam (3.4 km), Universitas Widyatama (2.4 km), RS Umum Hermina Arcamanik (600 m).","3 x 4 meter, Termasuk listrik","Kasur, Meja, Lemari / Storage, Ventilasi, Jendela, Guling, Cermin, Bantal, Wastafel","Kloset Jongkok, K. Mandi Luar, Wastafel, Ember mandi, Bak mandi","WiFi, R. Cuci, Laundry, Laundry, R. Tamu, Penjaga Kos, R. Jemur, R. Makan, R. Santai, Dapur","Parkir Mobil, Parkir Motor, Parkir Sepeda",,https://mamikos.com/room/kost-kota-bandung-kost-campur-murah-kost-sindang-sari-tipe-a-antapani-bandung?redirection_source=landing%20area,-6.917851322822109,107.65803309543156
Kost Nin Ae Tipe A Mandalajati Bandung,Campur,Rp1.800.000,1800000,Kecamatan Mandalajati,Mandalajati,"Kost ini berlokasi dekat dengan jalan raya dengan akses yang hanya bisa dilalui oleh motor/sepeda, berlokasi dekat dengan Warteg Permata (2.8 km), PT. Indomarco Prismatama (661 m), Masjid Al Barokah (1.7 km), Universitas Widyatama (1.4 km), RS Umum Hermina Arcamanik (1.2 km).","6 x 4 meter, Termasuk listrik","AC, Kasur, Lemari / Storage, Bantal, Kursi","K. Mandi Dalam, Kloset Duduk, K. Mandi Luar, Wastafel, Shower, Air panas","WiFi, Kulkas, Penjaga Kos, Dapur, Jemuran, Pengurus Kos, Jual Makanan, CCTV, Kartu Akses, K. Mandi Luar","Parkir Mobil, Parkir Motor, Parkir Sepeda, Parkir Motor & Sepeda",,https://mamikos.com/room/kost-kota-bandung-kost-campur-eksklusif-kost-nin-ae-tipe-a-mandalajati-bandung?redirection_source=landing%20area,-6.897097897023604,107.66943939012718
Kost Pahlawan Tipe A Cibeunying Kaler Bandung,Putra,Rp1.100.000,1100000,Cibeunying Kaler,Cibeunying Kaler,"Kost ini berlokasi dekat dengan jalan raya dengan akses yang hanya bisa dilalui oleh motor/sepeda, berlokasi dekat dengan Alfamart Bojong Koneng (998 m), Masjid Pusdai (1.1 km), Institut Teknologi Nasional Bandung (278 m), Sinar Abadi Balubur Town Square (2.8 km).","3 x 3 meter, Tidak termasuk listrik","Kasur, Meja, Lemari / Storage, Ventilasi, Jendela, Cermin, Bantal","K. Mandi Dalam, Kloset Duduk, Shower","WiFi, R. Cuci, Penjaga Kos, Mushola, Jemuran, Pengurus Kos",Parkir Motor,,https://mamikos.com/room/kost-kota-bandung-kost-putra-eksklusif-kost-pahlawan-tipe-a-cibeunying-kaler-bandung-2?redirection_source=landing%20area,-6.886808449095409,107.62748043912134
Kost Nin Ae Tife F Mandalajati Bandung,Campur,Rp1.100.000,1100000,Kecamatan Mandalajati,Mandalajati,"Kost ini berlokasi dekat dengan jalan raya dengan akses yang hanya bisa dilalui oleh motor/sepeda, berlokasi dekat dengan Warteg Permata (2.8 km), PT. Indomarco Prismatama (661 m), Masjid Al Barokah (1.7 km), Universitas Widyatama (1.4 km), RS Umum Hermina Arcamanik (1.2 km).","3 x 4 meter, Termasuk listrik","Kasur, Meja, Lemari / Storage, Ventilasi, Cermin, Bantal, Kursi, Cleaning service","Kloset Duduk, K. Mandi Luar, Wastafel, Shower, Air panas","WiFi, Penjaga Kos, Jemuran, Pengurus Kos, Jual Makanan, CCTV, Kartu Akses, K. Mandi Luar","Parkir Mobil, Parkir Motor, Parkir Sepeda, Parkir Motor & Sepeda",,https://mamikos.com/room/kost-kota-bandung-kost-campur-eksklusif-kost-nin-ae-tife-f-mandalajati-bandung?redirection_source=landing%20area,-6.895086163434904,107.66990194559074
Kost Rumah Ileya Tipe Family Cibeunying Kaler Bandung,Campur,Rp1.200.000,1200000,Kecamatan Cibeunying Kaler,Cibeunying Kaler,"Kost ini berlokasi dekat dengan jalan raya dengan akses yang hanya bisa dilalui oleh motor/sepeda, berlokasi dekat dengan Warteg Cintaasih (2.3 km), Alfamart (1.1 km), Christian Church Pasundan Awiligar (2.1 km), Bank BJB Weekend Banking (1.4 km), Institut Teknologi Nasional Bandung (403 m), RS Ibu dan Anak Al Islam (1.3 km).","2.5 x 2.5 meter, Termasuk listrik","Kasur, Meja, Lemari / Storage","K. Mandi Dalam, Kloset Duduk, Kloset Jongkok, Ember mandi, Shower","WiFi, Dapur, Rice Cooker, Pengurus Kos, CCTV, Balcon","Parkir Motor, Parkir Motor & Sepeda",,https://mamikos.com/room/kost-kota-bandung-kost-campur-eksklusif-kost-rumah-ileya-tipe-family-cibeunying-kaler-bandung?redirection_source=landing%20area,-6.884337611207907,107.63046424597702
Kost Huni Hijau Cibeunying Kidul Bandung,Putri,Rp1.250.000,1250000,Kecamatan Cibeunying Kidul,Cibeunying Kidul,"Kost ini berlokasi dekat dengan jalan raya dengan akses yang hanya bisa dilalui oleh motor/sepeda, berlokasi dekat dengan Warteg Abadi (3.2 km), Alfamart (1.8 km), Masjid Al Barokah (1.6 km), Bank BJB Weekend Banking (1.8 km), Institut Teknologi Nasional Bandung (652 m), RS Ibu dan Anak Al Islam (733 m).","3 x 3 meter, Termasuk listrik","Kasur, Meja, Lemari / Storage, Jendela, Cermin, Bantal, Kursi","Kloset Duduk, K. Mandi Luar, Wastafel, Shower","WiFi, Kulkas, R. Jemur, Dispenser, Dapur, Jemuran, Pengurus Kos, CCTV, Balcon","Parkir Motor, Parkir Sepeda",,https://mamikos.com/room/kost-kota-bandung-kost-putri-eksklusif-kost-huni-hijau-cibeunying-kidul-bandung?redirection_source=landing%20area,-6.8973629886068375,107.64856489321357
Kost 19C Tipe E Kiaracondong Bandung,Campur,Rp4.250.000,4250000,Kecamatan Kiaracondong,Kiaracondong,"Kost ini berlokasi dekat dengan jalan raya dengan akses masuk mobil, berlokasi dekat dengan Warteg Berkah Bahari (2.4 km), Alfamart West Cikutra (3.0 km), Masjid Al Barokah (613 m), Bank BJB Weekend Banking (2.5 km), Universitas Widyatama (1.9 km), RS Ibu dan Anak Grha Bunda (278 m).","5 x 4 meter, Termasuk listrik","AC, Kasur, Dispenser, Meja, TV, Lemari / Storage, Kulkas, Ventilasi, Meja makan, Jendela","K. Mandi Dalam, Kloset Duduk, Wastafel, Shower, Air panas","WiFi, Penjaga Kos, R. Jemur, Jemuran, Pengurus Kos, CCTV, Taman","Parkir Mobil, Parkir Motor, Parkir Sepeda, Parkir Motor & Sepeda",,https://mamikos.com/room/kost-kota-bandung-kost-campur-eksklusif-kost-19c-tipe-e-kiaracondong-bandung?redirection_source=landing%20area,-6.9232805908840405,107.64792766518204
Kost Menimurah Tipe Standart Cibeunying Kaler Bandung,Putri,Rp500.000,500000,Cibeunying Kaler,Cibeunying Kaler,"Kost ini berlokasi dekat dengan jalan raya dengan akses yang hanya bisa dilalui oleh motor/sepeda, berlokasi dekat dengan Warteg Cintaasih (2.3 km), Alfamart Bojong Koneng (1.3 km), Christian Church Pasundan Awiligar (2.1 km), Bank BJB Weekend Banking (1.4 km), Institut Teknologi Nasional Bandung (408 m), RS Ibu dan Anak Al Islam (1.3 km).","2 x 3 meter, Termasuk listrik","Kasur, Meja, Lemari / Storage, Ventilasi, Jendela, Kursi","Kloset Jongkok, K. Mandi Luar, Ember mandi, Bak mandi","WiFi, R. Cuci, R. Tamu, R. Jemur, R. Makan, Dapur, Jemuran, Pengurus Kos, Balcon, R. Keluarga",Parkir Motor,,https://mamikos.com/room/kost-kota-bandung-kost-putri-murah-kost-menimurah-tipe-standart-cibeunying-kaler-bandung?redirection_source=landing%20area,-6.887442953562711,107.62917548022742
Kost Wahjoewono Tipe A Antapani Bandung,Putri,Rp800.000,800000,Antapani,Antapani,"Kost ini berlokasi dekat dengan jalan raya dengan akses yang hanya bisa dilalui oleh motor/sepeda, berlokasi dekat dengan Alfamart Cimuncang 2 (925 m), Masjid Al Barokah (530 m), Akademi Pariwisata BSI Bandung (642 m).","3.2 x 3.6 meter, Termasuk listrik","Kasur, Meja, Lemari / Storage, Meja makan, Jendela, Bantal, Wastafel, Kursi","Kloset Jongkok, K. Mandi Luar, Wastafel, Ember mandi, Shower","WiFi, R. Cuci, R. Tamu, Penjaga Kos, R. Jemur, R. Makan, Dapur, Jemuran, Pengurus Kos, K. Mandi Luar",Parkir Motor,,https://mamikos.com/room/kost-kota-bandung-kost-putri-murah-kost-wahjoewono-tipe-a-antapani-bandung?redirection_source=landing%20area,-6.919708414584493,107.66119706659298
Kost Palm Bridge Tipe B Cimenyan Bandung,Putra,Rp875.000,875000,Cimenyan,Cimenyan,"Kost ini berlokasi dekat dengan jalan raya dengan akses yang hanya bisa dilalui oleh motor/sepeda, berlokasi dekat dengan Alfamart Bojong Koneng (1.3 km), Christian Church Pasundan Awiligar (875 m), Universitas Padjadjaran Kampus Dipatiukur (1.9 km), Sinar Abadi Balubur Town Square (2.9 km).","3 x 3.5 meter, Termasuk listrik","Kasur, Meja, Lemari / Storage","Kloset Duduk, K. Mandi Luar, Ember mandi","WiFi, Mesin Cuci, R. Tamu, R. Jemur, R. Santai, Balcon","Parkir Motor, Parkir Sepeda",,https://mamikos.com/room/kost-bandung-kost-putra-eksklusif-kost-palm-bridge-cimenyan-bandung-1?redirection_source=landing%20area,-6.881590452500603,107.66192150136021
Kost Pondok Salsabila Antapani Bandung,Putri,Rp650.000,650000,Antapani,Antapani,"Kost ini berlokasi dekat dengan jalan raya dengan akses yang hanya bisa dilalui oleh motor/sepeda, berlokasi dekat dengan Warteg Cintaasih (2.7 km), PT. Indomarco Prismatama (1.7 km), Masjid Al Barokah (890 m), Bank Mandiri Bandung MTC (2.7 km), Universitas Widyatama (2.5 km), RS Ibu dan Anak Grha Bunda (1.2 km).","3 x 4 meter, Termasuk listrik","Kasur, Lemari / Storage","K. Mandi Dalam, Kloset Duduk, Ember mandi","R. Cuci, Laundry, R. Jemur, Dapur","Parkir Motor, Parkir Sepeda",,https://mamikos.com/room/kost-kota-bandung-kost-putri-eksklusif-kost-pondok-salsabila-antapani-bandung-2?redirection_source=landing%20area,-6.916502743803215,107.66050347162418
Kost Rereng Barong Cibeunying Kaler Bandung,Putri,Rp900.000,900000,Cibeunying Kaler,Cibeunying Kaler,"Kost ini berlokasi dekat dengan jalan raya dengan akses yang hanya bisa dilalui oleh motor/sepeda, berlokasi dekat dengan Rumah Makan Pondok (959 m), Alfamart Bojong Koneng (1.5 km), Masjid MUI Kota Bandung (588 m), Institut Teknologi Nasional Bandung (801 m), Sinar Abadi Balubur Town Square (2.2 km).","3 x 3 meter, Tidak termasuk listrik","Kasur, Meja, Lemari / Storage, Kursi","Kloset Duduk, K. Mandi Luar, Shower","WiFi, Kulkas, R. Tamu, R. Jemur, R. Makan, Dispenser, Dapur, R. Keluarga, TV, K. Mandi Luar",Parkir Motor,,https://mamikos.com/room/kost-bandung-kost-putri-murah-kost-rereng-barong-cibeunying-kaler-bandung-1?redirection_source=landing%20area,-6.886251017186117,107.62709361977993
Kost Keys Co Living Deluxe K9 Cibeunying Kidul Bandung,Campur,Rp2.400.000,2400000,Cibeunying Kidul,Cibeunying Kidul,"Kost ini berlokasi dekat dengan jalan raya dengan akses masuk mobil, berlokasi dekat dengan Warteg Cintaasih (2.4 km), Alfamart (2.0 km), Masjid Al Barokah (1.5 km), Bank BJB Weekend Banking (2.1 km), Universitas Widyatama (571 m), RS Ibu dan Anak Al Islam (891 m).","3 x 3 meter, Tidak termasuk listrik","AC, Kasur, Dispenser, Meja, Lemari / Storage, Kulkas, Jendela, Guling, Cermin, Bantal","K. Mandi Dalam, Kloset Duduk, Shower, Air panas","WiFi, R. Cuci, Kulkas, Mesin Cuci, Penjaga Kos, R. Jemur, R. Makan, Mushola, Dispenser, Dapur","Parkir Mobil, Parkir Motor",,https://mamikos.com/room/kost-kota-bandung-kost-campur-eksklusif-kost-keys-co-living-deluxe-k9-cibeunying-kidul-bandung-2?redirection_source=landing%20area,-6.898074496679348,107.64951357182728
Kost Kurnia Tipe A Cibeunying Kidul Bandung,Putri,Rp1.300.000,1300000,Cibeunying Kidul,Cibeunying Kidul,"Kost ini berlokasi dekat dengan jalan raya dengan akses yang hanya bisa dilalui oleh motor/sepeda, berlokasi dekat dengan Alfamart A Yani 419 (1.0 km), Christian Church Pasundan Awiligar (2.3 km), Universitas Padjadjaran Kampus Dipatiukur (2.4 km), Sinar Abadi Balubur Town Square (3.1 km).","3 x 4 meter, Termasuk listrik","Kasur, Meja, Lemari / Storage, Jendela, Guling, Bantal, Kursi","Kloset Duduk, Ember mandi, Shower","WiFi, Kulkas, Mesin Cuci, R. Santai, Dispenser, Dapur, Jemuran, CCTV, TV",Parkir Motor,,https://mamikos.com/room/kost-kota-bandung-kost-putri-eksklusif-kost-kurnia-tipe-a-cibeunying-kidul-bandung?redirection_source=landing%20area,-6.898996084325616,107.64837502350815
Kost Pondok Sarashe Antapani Bandung,Campur,Rp1.200.000,1200000,Antapani,Antapani,"Kost ini berlokasi dekat dengan jalan raya dengan akses yang hanya bisa dilalui oleh motor/sepeda, berlokasi dekat dengan Rumah Makan Murah (1.8 km), Alfamart Cimuncang 2 (2.2 km), Masjid Al-Muhajirin (826 m), Bank Mandiri Bandung MTC (2.6 km), Universitas Widyatama (2.7 km), RS Ibu dan Anak Grha Bunda (1.5 km).","4.5 x 3.5 meter, Termasuk listrik","Kasur, Lemari / Storage, Ventilasi, Jendela, Cermin","K. Mandi Dalam, Kloset Jongkok, Ember mandi","WiFi, Kulkas, R. Tamu, Penjaga Kos, R. Jemur, Dapur, Jemuran, Pengurus Kos, CCTV, R. Keluarga","Parkir Mobil, Parkir Motor, Parkir Sepeda",,https://mamikos.com/room/kost-bandung-kost-campur-eksklusif-kost-pondok-sarashe-antapani-bandung-2?redirection_source=landing%20area,-6.919335987547767,107.66030081723311
Kost Egy Tipe B Kiaracondong Bandung,Campur,Rp750.000,750000,Kiaracondong,Kiaracondong,"Kost ini berlokasi dekat dengan jalan raya dengan akses yang hanya bisa dilalui oleh motor/sepeda, berlokasi dekat dengan Warteg Permata (580 m), Alfamart A Yani 419 (1.2 km), Masjid Al Barokah (607 m), Sekolah Tinggi Ilmu Kesehatan Dharma Husada (452 m).","3 x 4 meter, Tidak termasuk listrik",Ventilasi,"K. Mandi Dalam, Kloset Jongkok, Ember mandi","WiFi, R. Cuci, R. Jemur, R. Santai","Parkir Motor, Parkir Sepeda",,https://mamikos.com/room/kost-bandung-kost-campur-murah-kost-egy-tipe-b-kiaracondong-bandung-1?redirection_source=landing%20area,-6.926656692328151,107.64445013076818
Kost Mahameru Co Living Deluxe Cibeunying Kidul Bandung,Campur,Rp1.350.000,1350000,Kecamatan Cibeunying Kidul,Cibeunying Kidul,"Kost ini berlokasi dekat dengan jalan raya dengan akses masuk mobil, berlokasi dekat dengan Warteg Bahari (2.8 km), Alfamart (2.4 km), Masjid Al Jihad (592 m), Bank BJB - Cabang Utama Bandung (2.8 km), Institut Teknologi Nasional Bandung (1.6 km), RS Ibu dan Anak Al Islam (642 m).","3 x 3 meter, Tidak termasuk listrik","Kasur, Meja, Lemari / Storage, Jendela, Guling, Bantal, Kursi, Kipas Angin","Kloset Duduk, Kloset Jongkok, K. Mandi Luar, Wastafel, Shower, Air panas","WiFi, R. Cuci, Kulkas, Penjaga Kos, R. Jemur, R. Santai, Dispenser, Dapur, Jemuran, Pengurus Kos","Parkir Mobil, Parkir Motor & Sepeda",,https://mamikos.com/room/kost-kota-bandung-kost-campur-eksklusif-kost-mahameru-co-living-deluxe-cibeunying-kidul-bandung?redirection_source=landing%20area,-6.8975527626469235,107.64957241798787
Kost Ibu Emma Tipe Studio Antapani Bandung,Campur,Rp850.000,850000,Kecamatan Antapani,Antapani,"Kost ini berlokasi dekat dengan jalan raya dengan akses yang hanya bisa dilalui oleh motor/sepeda, berlokasi dekat dengan Warteg Permata (2.6 km), PT. Indomarco Prismatama (1.2 km), Masjid Al Barokah (1.5 km), Universitas Widyatama (2.4 km), RS Umum Hermina Arcamanik (419 m).","3 x 4 meter, Tidak termasuk listrik",Jendela,"K. Mandi Dalam, Kloset Jongkok, Wastafel","WiFi, Penjaga Kos, R. Jemur, Pengurus Kos, CCTV","Parkir Mobil, Parkir Motor, Parkir Motor & Sepeda",,https://mamikos.com/room/kost-kota-bandung-kost-campur-murah-kosan-ibu-emma-tipe-studio-san-tipe-1-bedroom-antapani-bandung-2?redirection_source=landing%20area,-6.915966948722519,107.6587970538987
Kost Cikampek 16 Antapani Bandung,Putri,Rp650.000,650000,Antapani,Antapani,"Kost ini berlokasi dekat dengan jalan raya dengan akses yang hanya bisa dilalui oleh motor/sepeda, berlokasi dekat dengan Warteg Cintaasih (2.7 km), Alfamart Cimuncang 2 (1.8 km), Masjid Al Barokah (653 m), Bank Mandiri Bandung MTC (2.9 km), Universitas Widyatama (2.2 km), RS Ibu dan Anak Grha Bunda (1.1 km).","3 x 3 meter, Termasuk listrik","Kasur, Lemari / Storage, Guling, Bantal","Kloset Duduk, K. Mandi Luar, Ember mandi","WiFi, R. Cuci, Kulkas, Mesin Cuci, R. Jemur, R. Makan, R. Santai, Dapur, Jemuran, Pengurus Kos","Parkir Motor, Parkir Sepeda",,https://mamikos.com/room/kost-kota-bandung-kost-putri-murah-kost-cikampek-16-antapani-bandung-1?redirection_source=landing%20area,-6.91809098145776,107.65900897598077
Kost BP52 Cibeunying Kaler Bandung,Putri,Rp700.000,700000,Kecamatan Cibeunying Kaler,Cibeunying Kaler,"Kost ini berlokasi dekat dengan jalan raya dengan akses yang hanya bisa dilalui oleh motor/sepeda, berlokasi dekat dengan Alfamart Bojong Koneng (1.5 km), Masjid MUI Kota Bandung (639 m), Universitas Padjadjaran Kampus Dipatiukur (1.5 km), Sinar Abadi Balubur Town Square (2.3 km).","3 x 4 meter, Termasuk listrik","Kasur, Ventilasi, Jendela","K. Mandi Dalam, Kloset Duduk, K. Mandi Luar","WiFi, R. Jemur, Dapur, Jemuran, Pengurus Kos, CCTV, K. Mandi Luar",Parkir Motor,,https://mamikos.com/room/kost-kota-bandung-kost-putri-murah-kost-bp52-cibeunying-kaler-bandung?redirection_source=landing%20area,-6.885060907436341,107.62895889999152
Kost Shelvi Home Tipe 2 Cibeunying Kidul Bandung,Putri,Rp1.000.000,1000000,Cibeunying Kidul,Cibeunying Kidul,"Kost ini berlokasi dekat dengan jalan raya dengan akses yang hanya bisa dilalui oleh motor/sepeda, berlokasi dekat dengan Alfamart Bojong Koneng (245 m), Christian Church Pasundan Awiligar (1.9 km), Universitas Widyatama (210 m).","3 x 4 meter, Termasuk listrik","Kasur, Lemari / Storage, Cermin","K. Mandi Dalam, Kloset Jongkok, Ember mandi","WiFi, R. Jemur, R. Makan, Dapur",Parkir Motor,,https://mamikos.com/room/kost-kota-bandung-kost-putri-eksklusif-kost-shelvi-home-tipe-2-cibeunying-kidul-bandung?redirection_source=landing%20area,-6.897970742215548,107.65204555805968
Kost Egy Tipe B Kiaracondong Bandung,Campur,Rp750.000,750000,Kiaracondong,Kiaracondong,"Kost ini berlokasi dekat dengan jalan raya dengan akses yang hanya bisa dilalui oleh motor/sepeda, berlokasi dekat dengan Warteg Permata (580 m), Alfamart A Yani 419 (1.2 km), Masjid Al Barokah (607 m), Sekolah Tinggi Ilmu Kesehatan Dharma Husada (452 m).","3 x 4 meter, Tidak termasuk listrik",Ventilasi,"K. Mandi Dalam, Kloset Jongkok, Ember mandi","WiFi, R. Cuci, R. Jemur, R. Santai","Parkir Motor, Parkir Sepeda",,https://mamikos.com/room/kost-bandung-kost-campur-murah-kost-egy-tipe-b-kiaracondong-bandung-1?redirection_source=landing%20area,-6.925283858791311,107.64603100572229
Kost Nin Ae Tipe A Mandalajati Bandung,Campur,Rp1.800.000,1800000,Kecamatan Mandalajati,Mandalajati,"Kost ini berlokasi dekat dengan jalan raya dengan akses yang hanya bisa dilalui oleh motor/sepeda, berlokasi dekat dengan Warteg Permata (2.8 km), PT. Indomarco Prismatama (661 m), Masjid Al Barokah (1.7 km), Universitas Widyatama (1.4 km), RS Umum Hermina Arcamanik (1.2 km).","6 x 4 meter, Termasuk listrik","AC, Kasur, Lemari / Storage, Bantal, Kursi","K. Mandi Dalam, Kloset Duduk, K. Mandi Luar, Wastafel, Shower, Air panas","WiFi, Kulkas, Penjaga Kos, Dapur, Jemuran, Pengurus Kos, Jual Makanan, CCTV, Kartu Akses, K. Mandi Luar","Parkir Mobil, Parkir Motor, Parkir Sepeda, Parkir Motor & Sepeda",,https://mamikos.com/room/kost-kota-bandung-kost-campur-eksklusif-kost-nin-ae-tipe-a-mandalajati-bandung?redirection_source=landing%20area,-6.896462006384193,107.66954993227714
Kost Sandra Cimenyan Bandung,Campur,Rp1.000.000,1000000,Cimenyan,Cimenyan,"Kost ini berlokasi dekat dengan jalan raya dengan akses yang hanya bisa dilalui oleh motor/sepeda, berlokasi dekat dengan Alfamart Cimuncang 2 (1.5 km), Christian Church Pasundan Awiligar (2.5 km), Sekolah Tinggi Ilmu Komunikasi Bandung (1.2 km).","4 x 6 meter, Termasuk listrik","Kasur, Lemari / Storage, Ventilasi, Jendela, Guling, Dapur Pribadi, Cermin, Bantal","K. Mandi Dalam, Kloset Jongkok, Wastafel, Ember mandi, Shower","WiFi, R. Jemur, Dapur, Jemuran, Pengurus Kos, Balcon","Parkir Motor, Parkir Sepeda",,https://mamikos.com/room/kost-kabupaten-bandung-kost-campur-murah-kost-sandra-cimenyan-bandung-1?redirection_source=landing%20area,-6.8785858582029835,107.66433638714096
Kost Icha Cikutra Tipe A Cibeunying Kidul Bandung,Putri,Rp900.000,900000,Cibeunying Kidul,Cibeunying Kidul,"Kost ini berlokasi dekat dengan jalan raya dengan akses yang hanya bisa dilalui oleh motor/sepeda, berlokasi dekat dengan Warteg Cintaasih (2.2 km), Alfamart (2.2 km), Masjid Al Barokah (1.3 km), Bank BJB Weekend Banking (2.0 km), Universitas Widyatama (734 m), RS Ibu dan Anak Al Islam (713 m).","3 x 3 meter, Termasuk listrik","Kasur, Meja, Lemari / Storage, Ventilasi, Jendela, Guling, Cermin, Bantal","K. Mandi Dalam, Kloset Jongkok, K. Mandi Luar, Ember mandi","WiFi, R. Cuci, R. Tamu, Penjaga Kos, R. Jemur, Dispenser, Dapur, Jemuran, Pengurus Kos, CCTV",Parkir Motor,,https://mamikos.com/room/kost-kota-bandung-kost-putri-murah-kost-icha-cikutra-tipe-a-cibeunying-kidul-bandung?redirection_source=landing%20area,-6.900097653947293,107.65024240025377
Kost Bu Linda Cikutra 1 Tipe VVIP Cibeunying Kaler Bandung,Putra,Rp850.000,850000,Kecamatan Cibeunying Kaler,Cibeunying Kaler,"Kost ini berlokasi dekat dengan jalan raya dengan akses yang hanya bisa dilalui oleh motor/sepeda, berlokasi dekat dengan Warteg Cintaasih (2.7 km), Alfamart (1.8 km), Masjid Al Barokah (1.8 km), Bank BJB Weekend Banking (2.2 km), Universitas Widyatama (437 m), RS Ibu dan Anak Al Islam (1.2 km).","3.2 x 2.5 meter, Tidak termasuk listrik","Kasur, Meja, Lemari / Storage, Ventilasi, Jendela","K. Mandi Dalam, Kloset Jongkok, Ember mandi","WiFi, Penjaga Kos, R. Jemur, Dapur, Jemuran, Jual Makanan, CCTV",Parkir Motor,,https://mamikos.com/room/kost-kota-bandung-kost-putra-murah-kost-bu-linda-cikutra-1-tipe-vvip-cibeunying-kaler-bandung-2?redirection_source=landing%20area,-6.887218604603757,107.62764679598357
Kost Kantin Tipe A Antapani Bandung,Campur,Rp600.000,600000,Kecamatan Antapani,Antapani,"Kost ini berlokasi dekat dengan jalan raya dengan akses yang hanya bisa dilalui oleh motor/sepeda, berlokasi dekat dengan Warteg Cintaasih (2.8 km), PT. Indomarco Prismatama (1.6 km), Masjid Al Barokah (831 m), Bank Mandiri Bandung MTC (2.8 km), Universitas Widyatama (2.4 km), RS Ibu dan Anak Grha Bunda (1.2 km).","3 x 3 meter, Termasuk listrik","Kasur, Meja, Lemari / Storage, Bantal, Kursi","Kloset Jongkok, K. Mandi Luar","Laundry, Jemuran, Jual Makanan, Taman, K. Mandi Luar",Parkir Motor,,https://mamikos.com/room/kost-kota-bandung-kost-campur-murah-kost-kantin-tipe-a-antapani-bandung?redirection_source=landing%20area,-6.918995329137115,107.65958237773572
Kost Muararajeun Lama 1 Tipe B Cibeunying Kaler Bandung,Campur,Rp925.000,925000,Cibeunying Kaler,Cibeunying Kaler,"Kost ini berlokasi dekat dengan jalan raya dengan akses yang hanya bisa dilalui oleh motor/sepeda, berlokasi dekat dengan Rumah Makan Boemi Mitoha (584 m), Alfamart A Yani 419 (1.3 km), Masjid Pusdai (553 m), Universitas Padjadjaran Kampus Dipatiukur (1.8 km), Sinar Abadi Balubur Town Square (2.3 km).","3 x 3 meter, Termasuk listrik","Kasur, Meja, Lemari / Storage, Ventilasi, Jendela, Bantal","K. Mandi Dalam, Kloset Jongkok, Ember mandi","WiFi, R. Cuci, Penjaga Kos, R. Jemur, Jemuran, Pengurus Kos, CCTV","Parkir Motor, Parkir Sepeda, Parkir Motor & Sepeda",,https://mamikos.com/room/kost-kota-bandung-kost-campur-eksklusif-kost-muararajeun-lama-1-tipe-b-cibeunying-kaler-bandung?redirection_source=landing%20area,-6.887235129666106,107.62750224400172
Kost Rumah Ileya Standar A Cibeunying Kaler Bandung,Campur,Rp750.000,750000,Kecamatan Cibeunying Kaler,Cibeunying Kaler,"Kost ini berlokasi dekat dengan jalan raya dengan akses yang hanya bisa dilalui oleh motor/sepeda, berlokasi dekat dengan Warteg Cintaasih (2.3 km), Alfamart (1.1 km), Christian Church Pasundan Awiligar (2.1 km), Bank BJB Weekend Banking (1.4 km), Institut Teknologi Nasional Bandung (403 m), RS Ibu dan Anak Al Islam (1.3 km).","2.8 x 3.2 meter, Termasuk listrik","Kasur, Meja, Meja Rias, Lemari / Storage, Ventilasi, Jendela","Kloset Duduk, Kloset Jongkok, K. Mandi Luar, Ember mandi","WiFi, R. Tamu, R. Makan, R. Santai, Dapur, Rice Cooker, Pengurus Kos, Jual Makanan, CCTV, Balcon","Parkir Motor, Parkir Motor & Sepeda",,https://mamikos.com/room/kost-kota-bandung-kost-campur-murah-kost-rumah-ileya-standar-a-cibeunying-kaler-bandung?redirection_source=landing%20area,-6.885904176982957,107.62887395888734
Kost Huni Hijau Cibeunying Kidul Bandung,Putri,Rp1.250.000,1250000,Kecamatan Cibeunying Kidul,Cibeunying Kidul,"Kost ini berlokasi dekat dengan jalan raya dengan akses yang hanya bisa dilalui oleh motor/sepeda, berlokasi dekat dengan Warteg Abadi (3.2 km), Alfamart (1.8 km), Masjid Al Barokah (1.6 km), Bank BJB Weekend Banking (1.8 km), Institut Teknologi Nasional Bandung (652 m), RS Ibu dan Anak Al Islam (733 m).","3 x 3 meter, Termasuk listrik","Kasur, Meja, Lemari / Storage, Jendela, Cermin, Bantal, Kursi","Kloset Duduk, K. Mandi Luar, Wastafel, Shower","WiFi, Kulkas, R. Jemur, Dispenser, Dapur, Jemuran, Pengurus Kos, CCTV, Balcon","Parkir Motor, Parkir Sepeda",,https://mamikos.com/room/kost-kota-bandung-kost-putri-eksklusif-kost-huni-hijau-cibeunying-kidul-bandung?redirection_source=landing%20area,-6.898459932529212,107.64987864158748
Kost Boarding House Naga Malim With Kitchen Outside Tipe B Cibeunying Kidul Bandung,Campur,Rp900.000,900000,Cibeunying Kidul,Cibeunying Kidul,"Kost ini berlokasi dekat dengan jalan raya dengan akses yang hanya bisa dilalui oleh motor/sepeda, berlokasi dekat dengan Alfamart A Yani 419 (763 m), Christian Church Pasundan Awiligar (2.8 km), Universitas Widyatama (854 m).","3 x 3 meter, Tidak termasuk listrik",Jendela,Kloset Jongkok,"R. Tamu, R. Santai, Dapur, Pengurus Kos, CCTV, Balcon, K. Mandi Luar","Parkir Motor, Parkir Sepeda",,https://mamikos.com/room/kost-bandung-kost-campur-murah-kost-boarding-house-naga-malim-with-kitchen-outside-tipe-b-cibeunying-kidul-bandung?redirection_source=landing%20area,-6.897975668745938,107.65197897583322
Kost Mami Lilis Tipe Large Kiaracondong Bandung,Campur,Rp900.000,900000,Kecamatan Kiaracondong,Kiaracondong,"Kost ini berlokasi dekat dengan jalan raya dengan akses yang hanya bisa dilalui oleh motor/sepeda, berlokasi dekat dengan Warteg Cintaasih (2.2 km), Alfamart West Cikutra (2.5 km), Masjid Al Barokah (437 m), Bank BJB Weekend Banking (2.5 km), Universitas Widyatama (1.3 km), RS Ibu dan Anak Grha Bunda (459 m).","4.5 x 4.5 meter, Tidak termasuk listrik","Kasur, Meja, Lemari / Storage, Jendela, Dapur Pribadi","K. Mandi Dalam, Kloset Jongkok, Ember mandi","R. Jemur, Dapur, Jemuran, CCTV",Parkir Motor & Sepeda,,https://mamikos.com/room/kost-kota-bandung-kost-campur-murah-kost-mami-lilis-tipe-large-kiaracondong-bandung-2?redirection_source=landing%20area,-6.924025926865484,107.64469793455027
Kost Studio G4 Tipe A Cibeunying Kaler Bandung,Putra,Rp850.000,850000,Kecamatan Cibeunying Kaler,Cibeunying Kaler,"Kost ini berlokasi dekat dengan jalan raya dengan akses yang hanya bisa dilalui oleh motor/sepeda, berlokasi dekat dengan Warteg Aero (2.2 km), Alfamart Bojong Koneng (1.5 km), Masjid Pusdai (673 m), BSI KCP Bandung Dago (2.4 km), Universitas Padjadjaran Kampus Dipatiukur (1.5 km), RS Khusus Gigi dan Mulut UNPAD (1.3 km).","3 x 3 meter, Termasuk listrik","Kasur, Meja, Lemari / Storage, Ventilasi, Jendela, Guling, Bantal, Kursi","Kloset Jongkok, K. Mandi Luar, Wastafel, Ember mandi","WiFi, R. Tamu, R. Jemur, R. Makan, R. Santai, Dapur, Jemuran, Rice Cooker, K. Mandi Luar","Parkir Motor, Parkir Sepeda",,https://mamikos.com/room/kost-kota-bandung-kost-putra-eksklusif-kost-studio-g4-tipe-a-cibeunying-kaler-bandung-2?redirection_source=landing%20area,-6.884545220566746,107.63072953776418
Kost Mahasiswa Murah Widyatama Tipe Besar Cibeunying Kidul Bandung,Putra,Rp1.000.000,1000000,Kecamatan Cibeunying Kidul,Cibeunying Kidul,"Kost ini berlokasi dekat dengan jalan raya dengan akses yang hanya bisa dilalui oleh motor/sepeda, berlokasi dekat dengan Warteg Permata (2.5 km), Alfamart (2.0 km), Masjid Al Barokah (1.8 km), Bank BJB Weekend Banking (2.7 km), Universitas Widyatama (226 m), RS Ibu dan Anak Al Islam (1.6 km).","3 x 4 meter, Termasuk listrik","Kasur, Meja, Lemari / Storage, Ventilasi, Jendela, Cermin, Kursi","Kloset Duduk, Kloset Jongkok, K. Mandi Luar, Ember mandi, Bak mandi","WiFi, R. Cuci, R. Jemur, Mushola, Dispenser, Dapur, Jemuran, Pengurus Kos, Balcon, Gazebo","Parkir Motor, Parkir Sepeda, Parkir Motor & Sepeda",,https://mamikos.com/room/kost-kota-bandung-kost-putra-eksklusif-kost-mahasiswa-murah-widyatama-tipe-besar-cibeunying-kidul-bandung?redirection_source=landing%20area,-6.899490946227729,107.64931634614939
Kost Keys Co Living Superior Balcony K 08 Cibeunying Kidul Bandung,Campur,Rp2.850.000,2850000,Cibeunying Kidul,Cibeunying Kidul,"Kost ini berlokasi dekat dengan jalan raya dengan akses masuk mobil, berlokasi dekat dengan Warteg Cintaasih (2.4 km), Alfamart (2.0 km), Masjid Al Barokah (1.5 km), Bank BJB Weekend Banking (2.1 km), Universitas Widyatama (571 m), RS Ibu dan Anak Al Islam (891 m).","3 x 4 meter, Tidak termasuk listrik","AC, Kasur, Meja, Lemari / Storage, microwave, Jendela, Guling, Cermin, Bantal, Kursi","K. Mandi Dalam, Kloset Duduk, Shower, Air panas","WiFi, R. Cuci, Kulkas, Penjaga Kos, R. Jemur, R. Makan, Mushola, Dispenser, Dapur, Jemuran","Parkir Mobil, Parkir Motor",,https://mamikos.com/room/kost-kota-bandung-kost-campur-eksklusif-kost-keys-co-living-superior-balcony-k-08-cibeunying-kidul-bandung?redirection_source=landing%20area,-6.899761611883312,107.64896714094178
Kost Sindang Sari Tipe B Antapani Bandung,Putra,Rp700.000,700000,Antapani,Antapani,"Kost ini berlokasi dekat dengan jalan raya dengan akses yang hanya bisa dilalui oleh motor/sepeda, berlokasi dekat dengan Alfamart Cimuncang 2 (1.8 km), Masjid Al-Muhajirin (1.6 km), RS Umum Hermina Arcamanik (640 m).","3 x 4 meter, Termasuk listrik","Kasur, Meja, Lemari / Storage, Ventilasi, Guling, Cermin, Bantal, Wastafel","Kloset Jongkok, K. Mandi Luar, Wastafel, Ember mandi, Bak mandi","WiFi, Laundry, Penjaga Kos, R. Jemur, R. Santai, Dapur, Jemuran, Pengurus Kos, Jual Makanan, CCTV","Parkir Mobil, Parkir Motor, Parkir Sepeda",,https://mamikos.com/room/kost-kota-bandung-kost-putra-murah-kost-sindang-sari-tipe-b-antapani-bandung?redirection_source=landing%20area,-6.918196684186405,107.6612865093824
Kost Nur Muhaji Tipe F Batununggal Bandung,Campur,Rp1.200.000,1200000,Batununggal,Batununggal,"Kost ini berlokasi dekat dengan jalan raya dengan akses yang hanya bisa dilalui oleh motor/sepeda, berlokasi dekat dengan Warteg Bahari (2.0 km), Alfamart (2.6 km), Masjid Al Jihad (264 m), Bank BJB - Cabang Utama Bandung (2.2 km), Institut Teknologi Nasional Bandung (2.4 km), RS Ibu dan Anak Al Islam (1.5 km).","3 x 4 meter, Tidak termasuk listrik","Kasur, Lemari / Storage, Ventilasi, Jendela, Guling, Bantal","K. Mandi Dalam, Kloset Duduk, Ember mandi","WiFi, Laundry, Penjaga Kos, Jemuran, Pengurus Kos, CCTV","Parkir Motor, Parkir Motor & Sepeda",,https://mamikos.com/room/kost-kota-bandung-kost-campur-eksklusif-kost-nur-muhaji-tipe-f-batununggal-bandung?redirection_source=landing%20area,-6.928586160910225,107.64070469637333
Kost Nin Ae Tipe C Mandalajati Bandung,Campur,Rp1.400.000,1400000,Kecamatan Mandalajati,Mandalajati,"Kost ini berlokasi dekat dengan jalan raya dengan akses yang hanya bisa dilalui oleh motor/sepeda, berlokasi dekat dengan Warteg Permata (2.8 km), PT. Indomarco Prismatama (661 m), Masjid Al Barokah (1.7 km), Universitas Widyatama (1.4 km), RS Umum Hermina Arcamanik (1.2 km).","3 x 4 meter, Termasuk listrik","AC, Kasur, Meja, Lemari / Storage, Jendela, Cermin, Bantal, Kursi","Kloset Duduk, K. Mandi Luar, Wastafel, Shower, Air panas","WiFi, Kulkas, Penjaga Kos, Dapur, Jemuran, Pengurus Kos, Jual Makanan, CCTV, Kartu Akses, K. Mandi Luar","Parkir Mobil, Parkir Motor, Parkir Sepeda, Parkir Motor & Sepeda",,https://mamikos.com/room/kost-kota-bandung-kost-campur-eksklusif-kost-nin-ae-tipe-c-mandalajati-bandung-2?redirection_source=landing%20area,-6.89505426209571,107.67143043544414
Kost Depok Tipe B Antapani Bandung,Campur,Rp1.300.000,1300000,Kecamatan Antapani,Antapani,"Kost ini berlokasi dekat dengan jalan raya dengan akses yang hanya bisa dilalui oleh motor/sepeda, berlokasi dekat dengan Warteg Cintaasih (3.0 km), PT. Indomarco Prismatama (1.3 km), Masjid Al Barokah (693 m), Bank Mandiri Bandung MTC (3.1 km), Universitas Widyatama (2.2 km), RS Ibu dan Anak Grha Bunda (1.3 km).","4.5 x 4.5 meter, Termasuk listrik","Kasur, Meja, Lemari / Storage, Ventilasi, Jendela, Guling, Cermin, Bantal, Wastafel, Kursi","Kloset Jongkok, K. Mandi Luar, Wastafel, Ember mandi, Shower, Bak mandi","WiFi, R. Cuci, Penjaga Kos, R. Jemur, Dapur, Jemuran, Pengurus Kos, CCTV, Kartu Akses, Locker","Parkir Motor, Parkir Sepeda, Parkir Motor & Sepeda",,https://mamikos.com/room/kost-kota-bandung-kost-campur-eksklusif-kost-depok-tipe-b-antapani-bandung?redirection_source=landing%20area,-6.918470420305294,107.65850208949269
Kost Crysant House Tipe B Cibeunying Kaler Bandung,Campur,Rp1.350.000,1350000,Cibeunying Kaler,Cibeunying Kaler,"Kost ini berlokasi dekat dengan jalan raya dengan akses yang hanya bisa dilalui oleh motor/sepeda, berlokasi dekat dengan Warteg Abadi (2.2 km), Alfamart (854 m), Christian Church Pasundan Awiligar (2.2 km), Bank BJB Weekend Banking (1.3 km), Institut Teknologi Nasional Bandung (724 m), RS Ibu dan Anak Al Islam (1.5 km).","3 x 4 meter, Tidak termasuk listrik","Kasur, Meja, Lemari / Storage, Ventilasi, Jendela, Kursi","K. Mandi Dalam, Kloset Duduk, Wastafel, Shower, Air panas","WiFi, Penjaga Kos, R. Jemur, R. Santai, Dapur, Jemuran, Pengurus Kos, CCTV, Joglo","Parkir Mobil, Parkir Motor, Parkir Sepeda",,https://mamikos.com/room/kost-kota-bandung-kost-campur-eksklusif-kost-crysant-house-tipe-b-cibeunying-kaler-bandung?redirection_source=landing%20area,-6.8860865611232605,107.62783951010744
Kost Bu Sur Tipe A Cibeunying Kidul Bandung,Putri,Rp600.000,600000,Kecamatan Cibeunying Kidul,Cibeunying Kidul,"Kost ini berlokasi dekat dengan jalan raya dengan akses yang hanya bisa dilalui oleh motor/sepeda, berlokasi dekat dengan Warteg Cintaasih (2.3 km), Alfamart Cimuncang 2 (842 m), Masjid Al Barokah (1.2 km), Bank BJB Weekend Banking (2.1 km), Universitas Widyatama (690 m), RS Khusus Gigi dan Mulut UNPAD (3.0 km).","2 x 2 meter, Termasuk listrik","Kasur, Meja, Lemari / Storage, Ventilasi, Jendela, Cermin, Bantal, Kursi","Kloset Duduk, Kloset Jongkok, K. Mandi Luar, Ember mandi, Shower, Bak mandi","WiFi, R. Jemur, R. Santai, Dispenser, Dapur, Jemuran, Pengurus Kos, Balcon, Taman, TV","Parkir Motor, Parkir Sepeda",,https://mamikos.com/room/kost-kota-bandung-kost-putri-murah-kost-bu-sur-tipe-a-cibeunying-kidul-bandung?redirection_source=landing%20area,-6.8979933378179,107.6501286150731
Kost Elroi Bojong Koneng Atas Cikutra Tipe A2 Cimenyan Bandung,Putra,Rp1.600.000,1600000,Cimenyan,Cimenyan,"Kost ini berlokasi dekat dengan jalan raya dengan akses yang hanya bisa dilalui oleh motor/sepeda, berlokasi dekat dengan Rumah Makan Pondok (3.0 km), Alfamart (2.3 km), Christian Church Pasundan Awiligar (1.4 km), Bank BJB Weekend Banking (3.4 km), Universitas Widyatama (1.1 km), RS Ibu dan Anak Al Islam (2.5 km).","3 x 4 meter, Tidak termasuk listrik","AC, Kasur, Meja, Lemari / Storage, Ventilasi, Jendela, Guling, Cermin, Bantal, Kursi","K. Mandi Dalam, Kloset Duduk, Ember mandi, Shower, Air panas","WiFi, Kulkas, R. Tamu, Penjaga Kos, R. Jemur, R. Makan, R. Santai, Dispenser, Dapur, Jemuran","Parkir Motor, Parkir Motor & Sepeda",,https://mamikos.com/room/kost-kabupaten-bandung-kost-putra-eksklusif-kost-elroi-bojong-koneng-atas-cikutra-tipe-a2-cimenyan-bandung-2?redirection_source=landing%20area,-6.879263875481908,107.66485540103153
Kost Patma Tipe F Cibeunying Kaler Bandung,Putri,Rp650.000,650000,Kecamatan Cibeunying Kaler,Cibeunying Kaler,"Kost ini berlokasi dekat dengan jalan raya dengan akses yang hanya bisa dilalui oleh motor/sepeda, berlokasi dekat dengan Warteg Aero (2.1 km), Alfamart (2.9 km), Christian Church Pasundan Awiligar (1.8 km), Bank BJB Weekend Banking (1.7 km), Institut Teknologi Nasional Bandung (782 m), RS Ibu dan Anak Al Islam (1.9 km).","2.7 x 3.5 meter, Tidak termasuk listrik","Kasur, Lemari / Storage, Jendela, Bantal","Kloset Jongkok, K. Mandi Luar, Ember mandi","WiFi, Kulkas, R. Jemur, Dapur, Jemuran, Pengurus Kos",Parkir Motor & Sepeda,,https://mamikos.com/room/kost-kota-bandung-kost-putri-murah-kost-patma-tipe-f-cibeunying-kaler-bandung-2?redirection_source=landing%20area,-6.8864347601556695,107.62873823097944
Kost Bengawan 83 Tipe B Bandung Wetan Bandung,Campur,Rp1.350.000,1350000,Bandung Wetan,Bandung Wetan,"Kost ini berlokasi dekat dengan jalan raya dengan akses yang hanya bisa dilalui oleh motor/sepeda, berlokasi dekat dengan Rumah Makan Boemi Mitoha (746 m), Alfamart A Yani 419 (988 m), Masjid Al Jihad (748 m), Bank BJB Weekend Banking (554 m), Universitas Padjadjaran Kampus Dipatiukur (2.4 km), RS Ibu dan Anak Limijati (1.9 km).","3.5 x 3.5 meter, Termasuk listrik","Kasur, Meja, Lemari / Storage, Ventilasi, Jendela, Cermin, Bantal, Kursi, Kipas Angin, Cleaning service","Kloset Duduk, K. Mandi Luar, Shower, Air panas","WiFi, R. Cuci, Kulkas, Mesin Cuci, R. Tamu, Penjaga Kos, R. Jemur, R. Makan, R. Santai, Dispenser","Parkir Mobil, Parkir Motor, Parkir Sepeda",,https://mamikos.com/room/kost-kota-bandung-kost-campur-eksklusif-kost-bengawan-83-tipe-b-bandung-wetan-bandung-2?redirection_source=landing%20area,-6.905181850803208,107.61791535037146
Kost Anyer Batununggal Bandung,Putri,Rp750.000,750000,Kecamatan Batununggal,Batununggal,"Kost ini berlokasi dekat dengan jalan raya dengan akses yang hanya bisa dilalui oleh motor/sepeda, berlokasi dekat dengan Warteg Bahari (2.6 km), Alfamart A Yani 419 (809 m), Church In Bandung (2.1 km), Citibank Indonesia (2.5 km), Institut Teknologi Nasional Bandung (2.2 km), RS Umum Santo Yusup (1.4 km).","3 x 3 meter, Termasuk listrik","Kasur, Guling, Bantal","Kloset Duduk, K. Mandi Luar, Bak mandi","WiFi, R. Jemur, Dispenser, Dapur, Jemuran, K. Mandi Luar","Parkir Mobil, Parkir Motor, Parkir Sepeda",,https://mamikos.com/room/kost-kota-bandung-kost-putri-murah-kost-anyer-batununggal-bandung?redirection_source=landing%20area,-6.928283869909741,107.64149050184429
Kost Manteron Tipe A Cibeunying Kaler Bandung,Putra,Rp900.000,900000,Kecamatan Cibeunying Kaler,Cibeunying Kaler,"Kost ini berlokasi dekat dengan jalan raya dengan akses yang hanya bisa dilalui oleh motor/sepeda, berlokasi dekat dengan Rumah Makan Pondok (909 m), Alfamart Bojong Koneng (1.5 km), Masjid Pusdai (681 m), Institut Teknologi Nasional Bandung (630 m), Sinar Abadi Balubur Town Square (2.3 km).","2 x 3 meter, Tidak termasuk listrik","Kasur, Meja, Lemari / Storage, Cermin, Bantal","Kloset Jongkok, K. Mandi Luar, Ember mandi","WiFi, Mushola, Dapur, Jemuran, Pengurus Kos, Jual Makanan, Balcon, K. Mandi Luar",Parkir Motor,,https://mamikos.com/room/kost-kota-bandung-kost-putra-eksklusif-kost-manteron-tipe-a-cibeunying-kaler-bandung?redirection_source=landing%20area,-6.888239924047764,107.63060980579449
Kost Pondok Audit Tipe A Cimenyan Bandung,Putri,Rp975.000,975000,Cimenyan,Cimenyan,"Kost ini berlokasi dekat dengan jalan raya dengan akses yang hanya bisa dilalui oleh motor/sepeda, berlokasi dekat dengan Alfamart Cimuncang 2 (1.1 km), Christian Church Pasundan Awiligar (2.1 km), Sekolah Tinggi Ilmu Komunikasi Bandung (721 m).","3 x 3 meter, Termasuk listrik","Kasur, Meja, Lemari / Storage, Ventilasi, Jendela, Guling, Cermin, Bantal, Kursi","Kloset Duduk, K. Mandi Luar, Ember mandi, Shower, Air panas","WiFi, R. Cuci, Kulkas, Mesin Cuci, R. Tamu, Penjaga Kos, R. Jemur, R. Santai, Dispenser, Dapur","Parkir Motor, Parkir Sepeda",,https://mamikos.com/room/kost-kabupaten-bandung-kost-putri-eksklusif-kost-pondok-audit-tipe-a-cimenyan-bandung-2?redirection_source=landing%20area,-6.8784779647246745,107.66473969580672
Kost Wisma Amanah Cibeunying kidul Bandung,Campur,Rp1.900.000,1900000,Cibeunying Kidul,Cibeunying Kidul,"Kost ini berlokasi dekat dengan jalan raya dengan akses jalan raya, berlokasi dekat dengan Alfamart Cimuncang 2 (698 m), Christian Church Pasundan Awiligar (2.5 km), Universitas Widyatama (509 m).","3 x 5 meter, Termasuk listrik","AC, Kasur, Dispenser, Meja, TV, Meja Rias, Lemari / Storage, Kursi","K. Mandi Dalam, Kloset Duduk, Wastafel, Shower, Air panas","WiFi, Laundry, R. Tamu, Penjaga Kos, R. Makan, R. Santai, Dispenser, Dapur, R. Keluarga, Taman","Parkir Mobil, Parkir Motor, Parkir Sepeda",,https://mamikos.com/room/kost-bandung-kost-campur-eksklusif-kost-wisma-amanah-cibeunying-kidul-bandung-1?redirection_source=landing%20area,-6.898637323282098,107.64952195048075
Kost Anggrek Barokah Bandung Wetan Bandung,Campur,Rp1.700.000,1700000,Kecamatan Bandung Wetan,Bandung Wetan,"Kost ini berlokasi dekat dengan jalan raya dengan akses yang hanya bisa dilalui oleh motor/sepeda, berlokasi dekat dengan Warteg Abadi (2.3 km), Alfamart A Yani 419 (971 m), Masjid Al Kautsar (1.5 km), Citibank Indonesia (2.0 km), Universitas Padjadjaran Kampus Dipatiukur (2.4 km), RS Umum Bungsu (2.1 km).","3 x 4 meter, Termasuk listrik","Kasur, Dispenser, Meja, TV, Lemari / Storage, Ventilasi, Jendela, Guling, Cermin, Bantal","K. Mandi Dalam, Kloset Duduk, Shower, Air panas","WiFi, R. Cuci, Kulkas, Penjaga Kos, R. Jemur, Dispenser, Dapur, Jemuran, Pengurus Kos, CCTV","Parkir Mobil, Parkir Motor, Parkir Sepeda",,https://mamikos.com/room/kost-kota-bandung-kost-campur-eksklusif-kost-anggrek-barokah-bandung-wetan-bandung?redirection_source=landing%20area,-6.9067229363897225,107.61586756230682
Kost Sidomukti 65 Tipe A Cibeunying Kaler Bandung,Campur,Rp950.000,950000,Kecamatan Cibeunying Kaler,Cibeunying Kaler,"Kost ini berlokasi dekat dengan jalan raya dengan akses yang hanya bisa dilalui oleh motor/sepeda, berlokasi dekat dengan Warteg Aero (2.1 km), Alfamart (3.1 km), Christian Church Pasundan Awiligar (1.5 km), Bank BJB Weekend Banking (2.0 km), Institut Teknologi Nasional Bandung (786 m), RS Ibu dan Anak Al Islam (2.0 km).","3 x 4 meter, Tidak termasuk listrik",Kasur,"K. Mandi Dalam, Kloset Duduk, Kloset Jongkok, Shower, Air panas","WiFi, R. Makan, Dapur, Jemuran, Pengurus Kos, Rooftop, Balcon","Parkir Mobil, Parkir Motor, Parkir Sepeda, Parkir Motor & Sepeda",,https://mamikos.com/room/kost-kota-bandung-kost-campur-murah-kost-sidomukti-65-tipe-a-cibeunying-kaler-bandung-2?redirection_source=landing%20area,-6.887442146845732,107.62821173707333
Kost Karambia Cimenyan Bandung,Putri,Rp2.250.000,2250000,Cimenyan,Cimenyan,"Kost ini berlokasi dekat dengan jalan raya dengan akses yang hanya bisa dilalui oleh motor/sepeda, berlokasi dekat dengan Alfamart Bojong Koneng (1.4 km), Christian Church Pasundan Awiligar (1.7 km), Sekolah Tinggi Ilmu Komunikasi Bandung (867 m).","3 x 7 meter, Termasuk listrik","Kasur, Meja, Lemari / Storage, Ventilasi, Meja makan, Jendela, Guling, Cermin, Bantal, Wastafel","K. Mandi Dalam, Kloset Duduk, Wastafel, Ember mandi, Shower, Air panas","WiFi, R. Cuci, Kulkas, Mesin Cuci, R. Jemur, R. Santai, Dapur, Jemuran, Rice Cooker, Balcon","Parkir Motor, Parkir Sepeda",,https://mamikos.com/room/kost-kabupaten-bandung-kost-putri-eksklusif-kost-karambia-cimenyan-bandung-2?redirection_source=landing%20area,-6.881543939150357,107.66188204281805
Kost Rezky Ahmad Yani Kiaracondong Bandung,Campur,Rp850.000,850000,Kiaracondong,Kiaracondong,"Kost ini berlokasi dekat dengan jalan raya dengan akses yang hanya bisa dilalui oleh motor/sepeda, berlokasi dekat dengan Rumah Makan Amanah (2.8 km), Alfamart Cimuncang 2 (524 m), Masjid Al Barokah (836 m), Akademi Pariwisata BSI Bandung (887 m).","3 x 4 meter, Termasuk listrik","Kasur, Lemari / Storage, Jendela","K. Mandi Dalam, Kloset Duduk, Kloset Jongkok, Ember mandi, Shower","WiFi, R. Cuci, R. Tamu, R. Jemur, Dapur, Jemuran, CCTV",Parkir Motor,,https://mamikos.com/room/kost-kota-bandung-kost-campur-murah-kost-rezky-ahmad-yani-kiaracondong-bandung-2?redirection_source=landing%20area,-6.926377962711727,107.64451621326533
Kost Pondok Ina 2 Kiaracondong Bandung,Campur,Rp1.600.000,1600000,Kiaracondong,Kiaracondong,"Kost ini berlokasi dekat dengan jalan raya dengan akses yang hanya bisa dilalui oleh motor/sepeda, berlokasi dekat dengan Warteg Cintaasih (2.0 km), Alfamart West Cikutra (2.7 km), Masjid Al Barokah (528 m), Bank BJB Weekend Banking (2.4 km), Universitas Widyatama (1.6 km), RS Ibu dan Anak Grha Bunda (159 m).","3.9 x 3.3 meter, Tidak termasuk listrik","Kasur, TV, Lemari / Storage, Ventilasi, Jendela, Dapur Pribadi, Bantal, TV Kabel, Wastafel","K. Mandi Dalam, Kloset Duduk, Shower","WiFi, R. Cuci, Laundry, R. Tamu, Penjaga Kos, R. Jemur, R. Makan, Mushola, R. Santai, Jemuran","Parkir Mobil, Parkir Motor, Parkir Sepeda, Parkir Motor & Sepeda",,https://mamikos.com/room/kost-kota-bandung-kost-campur-eksklusif-kost-pondok-ina-2-kiaracondong-bandung-2?redirection_source=landing%20area,-6.924953063780158,107.64639787865062
Kost Casseyo Tipe B Kiaracondong Bandung,Campur,Rp750.000,750000,Kecamatan Kiaracondong,Kiaracondong,"Kost ini berlokasi dekat dengan jalan raya dengan akses yang hanya bisa dilalui oleh motor/sepeda, berlokasi dekat dengan Warteg Permata (683 m), Alfamart A Yani 419 (1.3 km), Masjid Al Barokah (565 m), Sekolah Tinggi Ilmu Kesehatan Dharma Husada (401 m), RS Ibu dan Anak Grha Bunda (521 m).","4 x 5 meter, Tidak termasuk listrik","Ventilasi, Jendela, Dapur Pribadi, Wastafel","K. Mandi Dalam, Kloset Jongkok, Ember mandi","R. Jemur, Jemuran","Parkir Motor, Parkir Sepeda",,https://mamikos.com/room/kost-kota-bandung-kost-campur-murah-kost-casseyo-tipe-b-terusan-jl-jakarta-kecamatan-kiaracondong-bandung?redirection_source=landing%20area,-6.925359317867185,107.64715355246622
Kost Bjk 04 Tipe A Cibeunying Kaler Bandung,Putra,Rp600.000,600000,Kecamatan Cibeunying Kaler,Cibeunying Kaler,"Kost ini berlokasi dekat dengan jalan raya dengan akses yang hanya bisa dilalui oleh motor/sepeda, berlokasi dekat dengan Warteg Aero (2.0 km), Alfamart Bojong Koneng (1.5 km), Christian Church Pasundan Awiligar (1.3 km), Bank BJB Weekend Banking (2.2 km), Institut Teknologi Bandung (2.3 km), RS Ibu dan Anak Al Islam (2.2 km).","3 x 3 meter, Termasuk listrik","Kasur, Meja, Lemari / Storage, Jendela, Cermin, Kursi","Kloset Jongkok, K. Mandi Luar, Ember mandi, Bak mandi","WiFi, Kulkas, R. Tamu, Dapur, CCTV, K. Mandi Luar",Parkir Motor & Sepeda,,https://mamikos.com/room/kost-kota-bandung-kost-putra-murah-kost-bjk-04-tipe-a-cibeunying-kaler-bandung-2?redirection_source=landing%20area,-6.885635789979643,107.6274634610829
Kost Orange Tipe D Cikondang Coblong Bandung,Campur,Rp900.000,900000,Coblong,Coblong,"Kost ini berlokasi dekat dengan jalan raya dengan akses yang hanya bisa dilalui oleh motor/sepeda, berlokasi dekat dengan Warteg Gaul (1.7 km), Alfamart Bojong Koneng (1.5 km), Masjid MUI Kota Bandung (518 m), BSI KCP Bandung Dago (2.0 km), Universitas Padjadjaran Kampus Dipatiukur (1.5 km), RS Umum Santo Borromeus (1.9 km).","4 x 5 meter, Termasuk listrik","Kasur, Meja, Lemari / Storage, TV Kabel, Kursi","K. Mandi Dalam, Kloset Jongkok, Ember mandi","WiFi, Kulkas, R. Jemur, Dispenser, Dapur, CCTV, Balcon, TV",Parkir Motor,,https://mamikos.com/room/kost-kota-bandung-kost-campur-murah-kost-orange-tipe-d-cikondang-coblong-bandung?redirection_source=landing%20area,-6.879743150716858,107.61500500921368
Kost Paviliun Surya Bj Kaler Cibeunying Kaler Bandung,Campur,Rp750.000,750000,Kecamatan Cibeunying Kaler,Cibeunying Kaler,"Kost ini berlokasi dekat dengan jalan raya dengan akses yang hanya bisa dilalui oleh motor/sepeda, berlokasi dekat dengan Warteg Aero (1.8 km), Alfamart (2.7 km), Christian Church Pasundan Awiligar (1.2 km), Bank BJB Weekend Banking (2.3 km), Institut Teknologi Bandung (2.2 km), RS Ibu dan Anak Al Islam (2.4 km).","3 x 4 meter, Tidak termasuk listrik",Wastafel,K. Mandi Dalam,"R. Cuci, R. Jemur, R. Makan, Dapur, Jemuran, R. Keluarga","Parkir Mobil, Parkir Motor & Sepeda",,https://mamikos.com/room/kost-kota-bandung-kost-campur-eksklusif-kost-paviliun-surya-bj-kaler-cibeunying-kaler-bandung?redirection_source=landing%20area,-6.887955129997046,107.62723883496705
Kost Dela Tipe A Antapani Bandung,Campur,Rp1.750.000,1750000,Antapani,Antapani,"Kost ini berlokasi dekat dengan jalan raya dengan akses masuk mobil, berlokasi dekat dengan Alfamart Cimuncang 2 (2.7 km), Masjid Al-Muhajirin (491 m).","4 x 5 meter, Tidak termasuk listrik","AC, Kasur, Meja, TV, Lemari / Storage, Jendela, Bantal, Kursi","K. Mandi Dalam, Kloset Duduk, Shower, Air panas","WiFi, Kulkas, Mesin Cuci, R. Tamu, Penjaga Kos, Mushola, Dispenser, Dapur, Jemuran, CCTV","Parkir Mobil, Parkir Motor",,https://mamikos.com/room/kost-kota-bandung-kost-campur-eksklusif-kost-dela-tipe-a-antapani-bandung?redirection_source=landing%20area,-6.916006305185174,107.65889741029788
Kost Evelyn Home Tipe 2 Cibeunying Kidul Bandung,Putri,Rp750.000,750000,Cibeunying Kidul,Cibeunying Kidul,"Kost ini berlokasi dekat dengan jalan raya dengan akses yang hanya bisa dilalui oleh motor/sepeda, berlokasi dekat dengan Alfamart Bojong Koneng (351 m), Christian Church Pasundan Awiligar (2.0 km), Universitas Widyatama (180 m), RS Umum Santo Yusup (992 m).","3 x 4 meter, Termasuk listrik","Kasur, Lemari / Storage, Cermin","K. Mandi Dalam, Kloset Jongkok, Ember mandi","WiFi, R. Jemur, Dapur",,,https://mamikos.com/room/kost-kota-bandung-kost-putri-murah-kost-evelyn-home-tipe-2-cibeunying-kidul-bandung?redirection_source=landing%20area,-6.899654038241161,107.65114522504496
Kost Berry Budi Tipe A Cibeunying Kidul Bandung,Campur,Rp650.000,650000,Kecamatan Cibeunying Kidul,Cibeunying Kidul,"Kost ini berlokasi dekat dengan jalan raya dengan akses yang hanya bisa dilalui oleh motor/sepeda, berlokasi dekat dengan Warteg Cintaasih (2.4 km), Alfamart (1.8 km), Masjid Al Barokah (1.7 km), Bank BJB Weekend Banking (2.0 km), Institut Teknologi Nasional Bandung (569 m), RS Ibu dan Anak Al Islam (980 m).","3 x 3 meter, Termasuk listrik","Kasur, Meja, Lemari / Storage","Kloset Duduk, Kloset Jongkok, K. Mandi Luar, Bak mandi","WiFi, Kulkas, R. Jemur, R. Santai, Dapur, CCTV, Kartu Akses, TV, K. Mandi Luar","Parkir Motor, Parkir Sepeda, Parkir Motor & Sepeda",,https://mamikos.com/room/kost-kota-bandung-kost-campur-murah-kost-berry-budi-tipe-a-cibeunying-kidul-bandung?redirection_source=landing%20area,-6.900144322676804,107.65201428137604
Kost Elroi Bojong Koneng Atas Cikutra Tipe A Cimenyan Bandung,Putra,Rp1.700.000,1700000,Cimenyan,Cimenyan,"Kost ini berlokasi dekat dengan jalan raya dengan akses yang hanya bisa dilalui oleh motor/sepeda, berlokasi dekat dengan Rumah Makan Pondok (3.0 km), Alfamart Bojong Koneng (838 m), Christian Church Pasundan Awiligar (1.4 km), Bank BJB Weekend Banking (3.4 km), Universitas Widyatama (1.1 km), RS Ibu dan Anak Al Islam (2.5 km).","3 x 4 meter, Tidak termasuk listrik","AC, Kasur, Meja, Lemari / Storage, Ventilasi, Jendela, Guling, Cermin, Bantal, Kursi","K. Mandi Dalam, Kloset Duduk, Ember mandi, Shower, Air panas","WiFi, Kulkas, R. Tamu, Penjaga Kos, R. Jemur, R. Makan, R. Santai, Dispenser, Dapur, Jemuran","Parkir Motor, Parkir Motor & Sepeda",,https://mamikos.com/room/kost-kabupaten-bandung-kost-putra-eksklusif-kost-elroi-bojong-koneng-atas-cikutra-tipe-a-cimenyan-bandung?redirection_source=landing%20area,-6.880141898555359,107.6640037024227
Kost Cahaya Nodibel Mandalajati Bandung,Campur,Rp1.300.000,1300000,Kecamatan Mandalajati,Mandalajati,"Kost ini berlokasi dekat dengan jalan raya dengan akses yang hanya bisa dilalui oleh motor/sepeda, berlokasi dekat dengan Christian Church Pasundan Awiligar (3.5 km), RS Umum Hermina Arcamanik (893 m).","9 x 3 meter, Tidak termasuk listrik",Jendela,"K. Mandi Dalam, Kloset Duduk","Jemuran, Pengurus Kos, Balcon",Parkir Motor,,https://mamikos.com/room/kost-kota-bandung-kost-campur-eksklusif-kost-cahaya-nodibel-mandalajati-bandung-2?redirection_source=landing%20area,-6.897037271734317,107.66982380182304
Kost Elroi Bojong Koneng Atas Cikutra Tipe B Cimenyan Bandung,Putra,Rp1.600.000,1600000,Cimenyan,Cimenyan,"Kost ini berlokasi dekat dengan jalan raya dengan akses yang hanya bisa dilalui oleh motor/sepeda, berlokasi dekat dengan Rumah Makan Pondok (3.0 km), Alfamart Bojong Koneng (838 m), Christian Church Pasundan Awiligar (1.4 km), Bank BJB Weekend Banking (3.4 km), Universitas Widyatama (1.1 km), RS Ibu dan Anak Al Islam (2.5 km).","3 x 4 meter, Tidak termasuk listrik","AC, Kasur, Meja, Lemari / Storage, Ventilasi, Jendela, Guling, Cermin, Bantal, Kursi","K. Mandi Dalam, Kloset Duduk, Ember mandi, Shower, Air panas","WiFi, Kulkas, R. Tamu, Penjaga Kos, R. Jemur, R. Makan, R. Santai, Dispenser, Dapur, Jemuran","Parkir Motor, Parkir Motor & Sepeda",,https://mamikos.com/room/kost-kabupaten-bandung-kost-putra-eksklusif-kost-elroi-bojong-koneng-atas-cikutra-tipe-b-cimenyan-bandung?redirection_source=landing%20area,-6.881061937068266,107.66342296199734
Kost Gemilang Berkah Tipe A Cimenyan Bandung,Putra,Rp750.000,750000,Kecamatan Cimenyan,Cimenyan,"Kost ini berlokasi dekat dengan jalan raya dengan akses yang hanya bisa dilalui oleh motor/sepeda, berlokasi dekat dengan Alfamart Bojong Koneng (1.4 km), Christian Church Pasundan Awiligar (826 m), Universitas Padjadjaran Kampus Dipatiukur (1.9 km), Sinar Abadi Balubur Town Square (2.9 km).","3 x 3 meter, Termasuk listrik","Kasur, Lemari / Storage, Ventilasi, Jendela","Kloset Jongkok, Ember mandi, Bak mandi","WiFi, R. Cuci, R. Tamu, R. Santai, Dapur, Jemuran, R. Keluarga, K. Mandi Luar","Parkir Motor, Parkir Sepeda",,https://mamikos.com/room/kost-bandung-kost-putra-murah-kost-gemilang-berkah-tipe-a-cimenyan-bandung?redirection_source=landing%20area,-6.879905891781289,107.66266260205522
Kost Divara Luxury Kamar Utama Cibeunying Kaler Bandung,Campur,Rp1.600.000,1600000,Kecamatan Cibeunying Kaler,Cibeunying Kaler,"Kost ini berlokasi dekat dengan jalan raya dengan akses masuk mobil, berlokasi dekat dengan Warteg Aero (2.2 km), Alfamart (2.9 km), Christian Church Pasundan Awiligar (1.2 km), Bank BJB Weekend Banking (2.3 km), Institut Teknologi Nasional Bandung (872 m), RS Ibu dan Anak Al Islam (2.2 km).","3 x 3 meter, Tidak termasuk listrik","AC, Kasur, Meja, TV, Lemari / Storage, Ventilasi, Jendela, Bantal, Kursi","K. Mandi Dalam, Kloset Duduk, Shower, Air panas","WiFi, Kulkas, Laundry, Penjaga Kos, R. Jemur, R. Santai, Dapur, Jemuran, CCTV, Kartu Akses","Parkir Motor, Parkir Motor & Sepeda",,https://mamikos.com/room/kost-kota-bandung-kost-campur-eksklusif-kost-divara-luxury-kamar-utama-cibeunying-kaler-bandung-2?redirection_source=landing%20area,-6.885311127649053,107.63045152818314
Kost Keys Co Living Deluxe Balcony Cibeunying Kidul Bandung,Campur,Rp2.500.000,2500000,Cibeunying Kidul,Cibeunying Kidul,"Kost ini berlokasi dekat dengan jalan raya dengan akses masuk mobil, berlokasi dekat dengan Warteg Cintaasih (2.4 km), Alfamart (2.0 km), Masjid Al Barokah (1.5 km), Bank BJB Weekend Banking (2.1 km), Universitas Widyatama (571 m), RS Ibu dan Anak Al Islam (891 m).","3 x 4 meter, Tidak termasuk listrik","AC, Kasur, Meja, Lemari / Storage, microwave, Jendela, Guling, Cermin, Bantal, Kursi","K. Mandi Dalam, Kloset Duduk, Shower, Air panas","WiFi, R. Cuci, Kulkas, Mesin Cuci, Penjaga Kos, R. Jemur, R. Makan, Mushola, Dispenser, Dapur","Parkir Mobil, Parkir Motor",,https://mamikos.com/room/kost-kota-bandung-kost-campur-eksklusif-kost-keys-co-living-deluxe-balcony-cibeunying-kidul-bandung-2?redirection_source=landing%20area,-6.897185613678787,107.64972376776467
Kost Hdci Tipe B Coblong Bandung,Putra,Rp1.000.000,1000000,Kecamatan Coblong,Coblong,"Kost ini berlokasi dekat dengan jalan raya dengan akses yang hanya bisa dilalui oleh motor/sepeda, berlokasi dekat dengan Warteg Gaul (1.6 km), Alfamart Bojong Koneng (1.6 km), Masjid MUI Kota Bandung (464 m), BSI KCP Bandung Dago (1.9 km), Universitas Padjadjaran Kampus Dipatiukur (1.4 km), RS Umum Santo Borromeus (1.8 km).","3 x 4 meter, Tidak termasuk listrik","Kasur, Lemari / Storage, Jendela","K. Mandi Dalam, Kloset Jongkok, Ember mandi","WiFi, Penjaga Kos, Jemuran, Pengurus Kos, Jual Makanan, Kartu Akses, Balcon",Parkir Motor,,https://mamikos.com/room/kost-kota-bandung-kost-putra-eksklusif-kost-hdci-tipe-b-coblong-bandung?redirection_source=landing%20area,-6.881250523078105,107.6130306158909
Kost Urban Residence Tipe A Kiaracondong Bandung,Campur,Rp600.000,600000,Kiaracondong,Kiaracondong,"Kost ini berlokasi dekat dengan jalan raya dengan akses yang hanya bisa dilalui oleh motor/sepeda, berlokasi dekat dengan Warteg Permata (1.5 km), Alfamart Cimuncang 2 (683 m), Masjid Al Barokah (492 m), Bank BJB Weekend Banking (2.9 km), Universitas Widyatama (1.1 km), RS Ibu dan Anak Grha Bunda (921 m).","3 x 3 meter, Termasuk listrik","Kasur, Lemari / Storage, Jendela, Dapur Pribadi, Bantal","K. Mandi Dalam, Kloset Jongkok, Ember mandi, Bak mandi","WiFi, Laundry, Penjaga Kos, Pengurus Kos, CCTV",Parkir Motor,,https://mamikos.com/room/kost-kota-bandung-kost-campur-murah-kost-urban-residence-tipe-a-kiaracondong-bandung?redirection_source=landing%20area,-6.926566418464365,107.64474747321599
Kost Cikutra Baru 1 Cibeunying Kaler Bandung,Putri,Rp1.000.000,1000000,Cibeunying Kaler,Cibeunying Kaler,"Kost ini berlokasi dekat dengan jalan raya dengan akses yang hanya bisa dilalui oleh motor/sepeda, berlokasi dekat dengan Alfamart Bojong Koneng (606 m), Masjid Pusdai (1.5 km), Institut Teknologi Nasional Bandung (373 m), Sinar Abadi Balubur Town Square (3.2 km).","2 x 4 meter, Termasuk listrik","Kasur, Meja, Lemari / Storage","Kloset Duduk, K. Mandi Luar, Shower, Bak mandi","WiFi, Kulkas, R. Tamu, R. Jemur, R. Santai, Dispenser, Dapur, R. Keluarga","Parkir Mobil, Parkir Motor",,https://mamikos.com/room/kost-kost-putri-eksklusif-kost-cikutra-baru-1-cibeunying-kaler-bandung?redirection_source=landing%20area,-6.886003753629045,107.62724085295103
Kost Evelyn Home Tipe 3 Cibeunying Kidul Bandung,Putri,Rp500.000,500000,Cibeunying Kidul,Cibeunying Kidul,"Kost ini berlokasi dekat dengan jalan raya dengan akses yang hanya bisa dilalui oleh motor/sepeda, berlokasi dekat dengan Alfamart Bojong Koneng (351 m), Christian Church Pasundan Awiligar (2.0 km), Universitas Widyatama (180 m).","3 x 3 meter, Termasuk listrik","Kasur, Lemari / Storage, Cermin","Kloset Jongkok, K. Mandi Luar, Ember mandi","WiFi, R. Jemur, Dapur, K. Mandi Luar",,,https://mamikos.com/room/kost-kota-bandung-kost-putri-murah-kost-evelyn-home-tipe-3-cibeunying-kidul-bandung?redirection_source=landing%20area,-6.900361113046231,107.64845122788338
Kost Palm Bridge Tipe D Cimenyan Bandung,Putra,Rp950.000,950000,Cimenyan,Cimenyan,"Kost ini berlokasi dekat dengan jalan raya dengan akses masuk mobil, berlokasi dekat dengan Alfamart Bojong Koneng (1.4 km), Christian Church Pasundan Awiligar (860 m), Universitas Padjadjaran Kampus Dipatiukur (1.9 km), Sinar Abadi Balubur Town Square (2.9 km).","3 x 5 meter, Termasuk listrik","Kasur, Meja, Lemari / Storage","Kloset Duduk, K. Mandi Luar",WiFi,,,https://mamikos.com/room/kost-kabupaten-bandung-kost-putra-eksklusif-kost-palm-bridge-tipe-d-cimenyan-bandung-1?redirection_source=landing%20area,-6.8791624090792025,107.66267545724362
Kost Bale Sunda Besar Cibeunying Kaler Bandung,Campur,Rp1.200.000,1200000,Cibeunying Kaler,Cibeunying Kaler,"Kost ini berlokasi dekat dengan jalan raya dengan akses yang hanya bisa dilalui oleh motor/sepeda, berlokasi dekat dengan Alfamart Bojong Koneng (1.2 km), Masjid MUI Kota Bandung (826 m), Institut Teknologi Nasional Bandung (812 m), Sinar Abadi Balubur Town Square (2.7 km).","3 x 4 meter, Termasuk listrik","Kasur, Dispenser, Meja, Lemari / Storage, Kursi, Cleaning service","K. Mandi Dalam, Kloset Duduk, Wastafel, Ember mandi","WiFi, Penjaga Kos, R. Jemur, Mushola, Dispenser, Dapur, K. Mandi Luar","Parkir Mobil, Parkir Motor, Parkir Sepeda",,https://mamikos.com/room/kost-kota-bandung-kost-campur-eksklusif-kost-bale-sunda-besar-cibeunying-kaler-bandung-1?redirection_source=landing%20area,-6.884909377312386,107.6296506837132
Kost Keys Co Living Superior Balcony K 03 Cibeunying Kidul Bandung,Campur,Rp2.850.000,2850000,Cibeunying Kidul,Cibeunying Kidul,"Kost ini berlokasi dekat dengan jalan raya dengan akses masuk mobil, berlokasi dekat dengan Warteg Cintaasih (2.4 km), Alfamart (2.0 km), Masjid Al Barokah (1.5 km), Bank BJB Weekend Banking (2.1 km), Universitas Widyatama (571 m), RS Ibu dan Anak Al Islam (891 m).","3 x 4 meter, Tidak termasuk listrik","AC, Kasur, Meja, Lemari / Storage, microwave, Jendela, Guling, Cermin, Bantal, Kursi","K. Mandi Dalam, Kloset Duduk, Shower, Air panas","WiFi, R. Cuci, Kulkas, Penjaga Kos, R. Jemur, R. Makan, Mushola, Dispenser, Dapur, Jemuran","Parkir Mobil, Parkir Motor",,https://mamikos.com/room/kost-kota-bandung-kost-campur-eksklusif-kost-keys-co-living-superior-balcony-k-03-cibeunying-kidul-bandung-2?redirection_source=landing%20area,-6.89857676133723,107.65105099960736
Kost Sidomulyo 2 Cibeunying Kaler Bandung,Putra,Rp1.000.000,1000000,Cibeunying Kaler,Cibeunying Kaler,"Kost ini berlokasi dekat dengan jalan raya dengan akses yang hanya bisa dilalui oleh motor/sepeda, berlokasi dekat dengan Alfamart Bojong Koneng (1.4 km), Masjid MUI Kota Bandung (679 m), Institut Teknologi Nasional Bandung (720 m), Sinar Abadi Balubur Town Square (2.4 km).","3 x 3 meter, Termasuk listrik","Kasur, Meja, Lemari / Storage, Jendela, Kursi, Cleaning service","K. Mandi Dalam, Kloset Duduk, Kloset Jongkok, K. Mandi Luar, Ember mandi, Shower, Air panas, Bak mandi","WiFi, Kulkas, R. Tamu, Penjaga Kos, R. Jemur, R. Makan, Mushola, Dapur, Taman, K. Mandi Luar","Parkir Mobil, Parkir Motor, Parkir Sepeda",,https://mamikos.com/room/kost-kota-bandung-kost-putra-eksklusif-kost-sidomulyo-2-cibeunying-kaler-bandung?redirection_source=landing%20area,-6.886844250665564,107.62971817271254
Kost Shelvi Home Tipe 1 Cibeunying Kidul Bandung,Putri,Rp1.350.000,1350000,Cibeunying Kidul,Cibeunying Kidul,"Kost ini berlokasi dekat dengan jalan raya dengan akses yang hanya bisa dilalui oleh motor/sepeda, berlokasi dekat dengan Alfamart Bojong Koneng (245 m), Christian Church Pasundan Awiligar (1.9 km), Universitas Widyatama (210 m).","3 x 5 meter, Termasuk listrik","Kasur, Lemari / Storage","K. Mandi Dalam, Kloset Duduk, Ember mandi, Shower","WiFi, R. Jemur, R. Makan, Dapur",Parkir Motor,,https://mamikos.com/room/kost-kota-bandung-kost-putri-eksklusif-kost-shelvi-home-tipe-1-cibeunying-kidul-bandung?redirection_source=landing%20area,-6.89719087371767,107.65205596587676
Kost Pondok Mahmudah Antapani Bandung,Campur,Rp800.000,800000,Kecamatan Antapani,Antapani,"Kost ini berlokasi dekat dengan jalan raya dengan akses yang hanya bisa dilalui oleh motor/sepeda, berlokasi dekat dengan Alfamart Cimuncang 2 (1.7 km), Masjid Al Barokah (885 m), Sekolah Tinggi Ilmu Kesehatan Dharma Husada (914 m).","2.5 x 3 meter, Termasuk listrik","Kasur, Lemari / Storage, Ventilasi, Jendela, Bantal","K. Mandi Dalam, Kloset Jongkok, Ember mandi","WiFi, Kulkas, R. Tamu, R. Jemur, R. Santai, Dapur, Jemuran, Pengurus Kos, Jual Makanan, CCTV","Parkir Motor, Parkir Sepeda",,https://mamikos.com/room/kost-kota-bandung-kost-campur-murah-kost-pondok-mahmudah-antapani-bandung?redirection_source=landing%20area,-6.918879526348151,107.65792726943603
Kost Bidan Maria 1 Antapani Bandung,Putri,Rp1.000.000,1000000,Antapani,Antapani,"Kost ini berlokasi dekat dengan jalan raya dengan akses yang hanya bisa dilalui oleh motor/sepeda, berlokasi dekat dengan Alfamart Cimuncang 2 (1.6 km), Masjid Al Barokah (454 m), Sekolah Tinggi Ilmu Kesehatan Dharma Husada (385 m), RS Ibu dan Anak Grha Bunda (931 m).","3 x 4 meter, Tidak termasuk listrik","Kasur, Meja, Lemari / Storage, Ventilasi, Jendela, Bantal","K. Mandi Dalam, Kloset Jongkok, Ember mandi","WiFi, Kulkas, R. Tamu, Penjaga Kos, R. Jemur, Dapur, Jemuran, Pengurus Kos, CCTV, K. Mandi Luar","Parkir Motor, Parkir Sepeda",,https://mamikos.com/room/kost-kota-bandung-kost-putri-eksklusif-kost-bidan-maria-1-antapani-bandung?redirection_source=landing%20area,-6.917094697634917,107.65828450257938
Kost Palapa Cibeunying Kidul Bandung,Putra,Rp1.100.000,1100000,Kecamatan Cibeunying Kidul,Cibeunying Kidul,"Kost ini berlokasi dekat dengan jalan raya dengan akses yang hanya bisa dilalui oleh motor/sepeda, berlokasi dekat dengan Rumah Makan Boemi Mitoha (760 m), Alfamart A Yani 419 (791 m), Masjid Al Jihad (985 m), Bank BJB Weekend Banking (791 m), Universitas Padjadjaran Kampus Dipatiukur (2.4 km), RS Ibu dan Anak Al Islam (751 m).","3 x 4 meter, Termasuk listrik","Kasur, Lemari / Storage","K. Mandi Dalam, Kloset Jongkok, Ember mandi, Shower","R. Jemur, Jemuran, CCTV, Balcon, K. Mandi Luar",Parkir Motor,,https://mamikos.com/room/kost-kota-bandung-kost-putra-eksklusif-kost-palapa-cibeunying-kidul-bandung?redirection_source=landing%20area,-6.897997500434527,107.6499205303368
Kost Shan House Cimenyan Bandung,Campur,Rp1.050.000,1050000,Cimenyan,Cimenyan,"Kost ini berlokasi dekat dengan jalan raya dengan akses yang hanya bisa dilalui oleh motor/sepeda, berlokasi dekat dengan Alfamart Bojong Koneng (1.0 km), Christian Church Pasundan Awiligar (2.1 km), Sekolah Tinggi Ilmu Komunikasi Bandung (647 m).","3 x 3 meter, Tidak termasuk listrik","Kasur, Meja, Lemari / Storage, Ventilasi, Jendela, Guling, Cermin, Bantal, Wastafel, Kursi","K. Mandi Dalam, Kloset Jongkok, Wastafel, Shower","WiFi, R. Tamu, Penjaga Kos, R. Jemur, Dapur, CCTV","Parkir Motor, Parkir Sepeda",,https://mamikos.com/room/kost-kost-campur-eksklusif-kost-shan-house-cimenyan-bandung-1?redirection_source=landing%20area,-6.879736906769857,107.66513226588418
Kost Ibu Alit Kiaracondong Bandung,Campur,Rp715.000,715000,Kiaracondong,Kiaracondong,"Kost ini berlokasi dekat dengan jalan raya dengan akses yang hanya bisa dilalui oleh motor/sepeda, berlokasi dekat dengan Warteg Permata (728 m), Alfamart A Yani 419 (1.6 km), Masjid Al Barokah (883 m), Sekolah Tinggi Ilmu Kesehatan Dharma Husada (721 m), RS Ibu dan Anak Grha Bunda (847 m).","7 x 3 meter, Termasuk listrik","Kasur, Lemari / Storage, Jendela, Wastafel","K. Mandi Dalam, Kloset Jongkok, Wastafel, Ember mandi","Dapur, Jemuran",Parkir Motor,,https://mamikos.com/room/kost-bandung-kost-campur-murah-kost-ibu-alit-kiaracondong-bandung-1?redirection_source=landing%20area,-6.924203244429452,107.64638152048148
Kost Itenas Widyatama Ekuitas 1 Tipe C Cibeunying Kidul Bandung,Putra,Rp650.000,650000,Kecamatan Cibeunying Kidul,Cibeunying Kidul,"Kost ini berlokasi dekat dengan jalan raya dengan akses yang hanya bisa dilalui oleh motor/sepeda, berlokasi dekat dengan Warteg Abadi (3.2 km), Alfamart A Yani 419 (832 m), Masjid Al Barokah (1.6 km), Bank BJB Weekend Banking (1.7 km), Institut Teknologi Nasional Bandung (702 m), RS Ibu dan Anak Al Islam (658 m).","3 x 3 meter, Termasuk listrik","Kasur, Lemari / Storage, Ventilasi","Kloset Jongkok, K. Mandi Luar, Ember mandi","WiFi, Penjaga Kos, R. Jemur, Dapur, Jemuran, Pengurus Kos, CCTV","Parkir Motor, Parkir Sepeda",,https://mamikos.com/room/kost-kota-bandung-kost-putra-murah-kost-itenas-widyatama-ekuitas-1-tipe-c-cibeunying-kidul-bandung?redirection_source=landing%20area,-6.900388680921183,107.64910345061342
Kost Itenas Widyatama Ekuitas 1 Tipe B Cibeunying Kidul Bandung,Putra,Rp850.000,850000,Cibeunying Kidul,Cibeunying Kidul,"Kost ini berlokasi dekat dengan jalan raya dengan akses yang hanya bisa dilalui oleh motor/sepeda, berlokasi dekat dengan Warteg Abadi (3.2 km), Alfamart A Yani 419 (832 m), Masjid Al Barokah (1.6 km), Bank BJB Weekend Banking (1.7 km), Institut Teknologi Nasional Bandung (702 m), RS Ibu dan Anak Al Islam (658 m).","3 x 4 meter, Termasuk listrik","Kasur, Lemari / Storage, Ventilasi, Jendela, Bantal","K. Mandi Dalam, Kloset Jongkok, Ember mandi","WiFi, Penjaga Kos, R. Jemur, Dapur, Jemuran, Pengurus Kos, CCTV","Parkir Motor, Parkir Sepeda",,https://mamikos.com/room/kost-kota-bandung-kost-putra-murah-kost-itenas-widyatama-ekuitas-1-tipe-b-cibeunying-kidul-bandung?redirection_source=landing%20area,-6.898055380406606,107.64829842222682
Kost Elroi Bojong Koneng Atas Cikutra Tipe C Cimenyan Bandung,Putra,Rp1.500.000,1500000,Cimenyan,Cimenyan,"Kost ini berlokasi dekat dengan jalan raya dengan akses yang hanya bisa dilalui oleh motor/sepeda, berlokasi dekat dengan Rumah Makan Pondok (3.0 km), Alfamart Bojong Koneng (838 m), Christian Church Pasundan Awiligar (1.4 km), Bank BJB Weekend Banking (3.4 km), Universitas Widyatama (1.1 km), RS Ibu dan Anak Al Islam (2.5 km).","4 x 4 meter, Tidak termasuk listrik","Kasur, Meja, Lemari / Storage, Ventilasi, Jendela, Guling, Cermin, Bantal, Kursi, Kipas Angin","K. Mandi Dalam, Kloset Duduk, Ember mandi, Shower, Air panas","WiFi, Kulkas, R. Tamu, Penjaga Kos, R. Jemur, R. Makan, R. Santai, Dispenser, Dapur, Jemuran","Parkir Motor, Parkir Motor & Sepeda",,https://mamikos.com/room/kost-kabupaten-bandung-kost-putra-eksklusif-kost-elroi-bojong-koneng-atas-cikutra-tipe-c-cimenyan-bandung-2?redirection_source=landing%20area,-6.8792723893648695,107.6656141778812
Kost Abizar Batununggal Bandung,Campur,Rp1.500.000,1500000,Kecamatan Batununggal,Batununggal,"Kost ini berlokasi dekat dengan jalan raya dengan akses masuk mobil, berlokasi dekat dengan Warteg Bahari (2.4 km), Alfamart A Yani 419 (925 m), Church In Bandung (1.7 km), Citibank Indonesia (2.1 km), Institut Teknologi Nasional Bandung (2.2 km), RS Khusus Mata Cicendo (3.4 km).","3 x 4 meter, Tidak termasuk listrik","Kasur, Meja, Lemari / Storage, Ventilasi, Jendela, Guling, Cermin, Bantal, Wastafel, Kursi","K. Mandi Dalam, Kloset Duduk, Wastafel, Ember mandi, Shower, Air panas","WiFi, R. Cuci, Kulkas, Mesin Cuci, Penjaga Kos, R. Jemur, R. Santai, Dapur, Jemuran, CCTV","Parkir Motor, Parkir Sepeda",,https://mamikos.com/room/kost-kota-bandung-kost-campur-eksklusif-kost-abizar-batununggal-bandung-2?redirection_source=landing%20area,-6.926803329456128,107.6394387828008
Kost Bengawan 83 Tipe C1 Bandung Wetan Bandung,Campur,Rp1.250.000,1250000,Kecamatan Bandung Wetan,Bandung Wetan,"Kost ini berlokasi dekat dengan jalan raya dengan akses yang hanya bisa dilalui oleh motor/sepeda, berlokasi dekat dengan Rumah Makan Boemi Mitoha (746 m), Alfamart A Yani 419 (988 m), Masjid Al Jihad (748 m), Bank BJB Weekend Banking (554 m), Universitas Padjadjaran Kampus Dipatiukur (2.4 km), RS Ibu dan Anak Limijati (1.9 km).","3.2 x 3.2 meter, Termasuk listrik","Kasur, Meja, Lemari / Storage, Ventilasi, Jendela, Cermin, Bantal, Kursi, Kipas Angin, Cleaning service","Kloset Duduk, K. Mandi Luar, Shower, Air panas","WiFi, R. Cuci, Kulkas, Mesin Cuci, R. Tamu, Penjaga Kos, R. Jemur, R. Makan, R. Santai, Dispenser","Parkir Mobil, Parkir Motor, Parkir Sepeda",,https://mamikos.com/room/kost-kota-bandung-kost-campur-eksklusif-kost-bengawan-83-tipe-c1-bandung-wetan-bandung-2?redirection_source=landing%20area,-6.903900199264363,107.6178641144515
Kost Sidomukti Tipe A Cibeunying Kaler Bandung,Putri,Rp850.000,850000,Cibeunying Kaler,Cibeunying Kaler,"Kost ini berlokasi dekat dengan jalan raya dengan akses yang hanya bisa dilalui oleh motor/sepeda, berlokasi dekat dengan Alfamart Bojong Koneng (1.5 km), Masjid MUI Kota Bandung (601 m), Institut Teknologi Nasional Bandung (801 m), Sinar Abadi Balubur Town Square (2.4 km).","3 x 3 meter, Termasuk listrik","Kasur, Meja, Lemari / Storage, Jendela, Bantal, Kursi","Kloset Duduk, Kloset Jongkok, K. Mandi Luar, Bak mandi","WiFi, R. Cuci, R. Tamu, R. Jemur, Dapur, K. Mandi Luar","Parkir Mobil, Parkir Motor, Parkir Sepeda, Parkir Motor & Sepeda",,https://mamikos.com/room/kost-kota-bandung-kost-putri-murah-kost-sidomukti-tipe-a-cibeunying-kaler-bandung-2?redirection_source=landing%20area,-6.88495341458862,107.62826501345006
Kost DGreen Cibeunying Kaler Bandung,Putri,Rp1.100.000,1100000,Cibeunying Kaler,Cibeunying Kaler,"Kost ini berlokasi dekat dengan jalan raya dengan akses yang hanya bisa dilalui oleh motor/sepeda, berlokasi dekat dengan Warteg Permata (2.2 km), Alfamart Bojong Koneng (513 m), Masjid Pusdai (1.9 km), Bank BJB Weekend Banking (2.3 km), Universitas Widyatama (307 m), RS Ibu dan Anak Al Islam (1.2 km).","3 x 4 meter, Tidak termasuk listrik","Kasur, Lemari / Storage","K. Mandi Dalam, Ember mandi, Bak mandi","WiFi, Dapur, Pengurus Kos",Parkir Motor,,https://mamikos.com/room/kost-kota-bandung-kost-putri-eksklusif-kost-dgreen-cibeunying-kaler-bandung?redirection_source=landing%20area,-6.887681171691792,107.62970883179267
Kost Mardi Tipe A Antapani Bandung,Putra,Rp1.000.000,1000000,Antapani,Antapani,"Kost ini berlokasi dekat dengan jalan raya dengan akses yang hanya bisa dilalui oleh motor/sepeda, berlokasi dekat dengan Warteg Cintaasih (2.8 km), PT. Indomarco Prismatama (1.4 km), Masjid Al Barokah (724 m), Bank Mandiri Bandung MTC (2.9 km), Universitas Widyatama (2.3 km), RS Ibu dan Anak Grha Bunda (1.2 km).","3 x 3 meter, Tidak termasuk listrik","Kasur, Lemari / Storage, Jendela, Bantal, Kipas Angin","K. Mandi Dalam, Kloset Duduk, Ember mandi","WiFi, R. Cuci, Mesin Cuci, Penjaga Kos, R. Jemur, Dapur, Jemuran, Pengurus Kos, CCTV",Parkir Motor,,https://mamikos.com/room/kost-kota-bandung-kost-putra-eksklusif-kost-mardi-tipe-a-antapani-bandung?redirection_source=landing%20area,-6.918610295501461,107.66083812394456
Kost Sukamulus Cibeunying Kidul Bandung,Campur,Rp450.000,450000,Cibeunying Kidul,Cibeunying Kidul,"Kost ini berlokasi dekat dengan jalan raya dengan akses yang hanya bisa dilalui oleh motor/sepeda, berlokasi dekat dengan Warteg Abadi (3.1 km), Alfamart A Yani 419 (284 m), Masjid Pusdai (1.6 km), Bank Mandiri Bandung Priority Banking Soerapatti (2.6 km), Institut Teknologi Nasional Bandung (1.2 km), RS Umum Santo Yusup (583 m).","3 x 3 meter, Termasuk listrik","Kasur, Meja, Ventilasi, Jendela, Cermin, Bantal, Cleaning service","Kloset Jongkok, K. Mandi Luar, Ember mandi, Shower, Bak mandi","WiFi, R. Cuci, Penjaga Kos, R. Jemur, Dispenser, Dapur, Jemuran, Pengurus Kos, CCTV, Gazebo","Parkir Mobil, Parkir Motor, Parkir Sepeda",,https://mamikos.com/room/kost-kota-bandung-kost-campur-murah-kost-sukamulus-cibeunying-kidul-bandung?redirection_source=landing%20area,-6.899605572278724,107.65187120604608
Kost Pelangi Cimenyan Bandung,Campur,Rp950.000,950000,Kecamatan Cimenyan,Cimenyan,"Kost ini berlokasi dekat dengan jalan raya dengan akses masuk mobil, berlokasi dekat dengan Rumah Makan Pondok (3.5 km), Alfamart Bojong Koneng (1.3 km), Christian Church Pasundan Awiligar (1.7 km), Universitas Widyatama (1.5 km), RS Umum Santo Yusup (2.5 km).","3 x 4 meter, Tidak termasuk listrik","Ventilasi, Jendela","K. Mandi Dalam, Kloset Jongkok, Ember mandi","R. Jemur, Dapur, Jemuran, Balcon","Parkir Motor, Parkir Sepeda",,https://mamikos.com/room/kost-kabupaten-bandung-kost-campur-murah-kost-pelangi-cimenyan-bandung?redirection_source=landing%20area,-6.878476425781497,107.66312190389127
Kost Moluska By Ibu Susi Tipe A Cibeunying Kidul Bandung,Putri,Rp600.000,600000,Cibeunying Kidul,Cibeunying Kidul,"Kost ini berlokasi dekat dengan jalan raya dengan akses yang hanya bisa dilalui oleh motor/sepeda, berlokasi dekat dengan Warteg Aero (2.8 km), Alfamart (1.2 km), Christian Church Pasundan Awiligar (1.4 km), Bank BJB Weekend Banking (2.4 km), Institut Teknologi Nasional Bandung (594 m), RS Ibu dan Anak Al Islam (1.8 km).","3 x 2 meter, Termasuk listrik","Kasur, Bantal","Kloset Jongkok, Shower","WiFi, R. Cuci, R. Tamu, R. Jemur, R. Makan, R. Santai, Dispenser, Dapur, Jemuran, Rice Cooker",,,https://mamikos.com/room/kost-kota-bandung-kost-putri-murah-kost-moluska-by-ibu-susi-tipe-a-cibeunying-kidul-bandung?redirection_source=landing%20area,-6.898093434401768,107.65112641010064
Kost Baru Cibeunying Kaler Bandung,Campur,Rp1.800.000,1800000,Kecamatan Cibeunying Kaler,Cibeunying Kaler,"Kost ini berlokasi dekat dengan jalan raya dengan akses yang hanya bisa dilalui oleh motor/sepeda, berlokasi dekat dengan Warteg Aero (3.0 km), Alfamart (1.4 km), Christian Church Pasundan Awiligar (1.5 km), Bank BJB Weekend Banking (2.3 km), Institut Teknologi Nasional Bandung (524 m), RS Ibu dan Anak Al Islam (1.6 km).","3 x 4.5 meter, Tidak termasuk listrik","AC, Kasur, Meja, Lemari / Storage, Ventilasi, Jendela, Cermin, Bantal, Kursi","K. Mandi Dalam, Kloset Duduk, Wastafel, Shower, Air panas","WiFi, Kulkas, Laundry, R. Jemur, Dapur, Jemuran, Pengurus Kos, Jual Makanan, CCTV, Rooftop",Parkir Motor & Sepeda,,https://mamikos.com/room/kost-kota-bandung-kost-campur-eksklusif-kost-baru-cibeunying-kaler-bandung-2?redirection_source=landing%20area,-6.885451041392874,107.62790724676739
Kost No 73 Tipe A Cibeunying Kaler Bandung,Putra,Rp1.000.000,1000000,Cibeunying Kaler,Cibeunying Kaler,"Kost ini berlokasi dekat dengan jalan raya dengan akses yang hanya bisa dilalui oleh motor/sepeda, berlokasi dekat dengan Rumah Makan Boemi Mitoha (786 m), Alfamart A Yani 419 (1.3 km), Masjid Pusdai (725 m), Institut Teknologi Nasional Bandung (612 m), Sinar Abadi Balubur Town Square (2.5 km).","3 x 3 meter, Tidak termasuk listrik","Kasur, Meja, Lemari / Storage, Kursi","Kloset Duduk, K. Mandi Luar, Ember mandi, Bak mandi","WiFi, Laundry, R. Jemur, R. Santai, Dapur","Parkir Mobil, Parkir Motor, Parkir Sepeda",,https://mamikos.com/room/kost-kota-bandung-kost-putra-eksklusif-kost-no-73-tipe-a-cibeunying-kaler-bandung?redirection_source=landing%20area,-6.884817126712307,107.6280420801928
Kost Sidomukti 30 Tipe A Cibeunying Kaler Bandung,Putra,Rp925.000,925000,Kecamatan Cibeunying Kaler,Cibeunying Kaler,"Kost ini berlokasi dekat dengan jalan raya dengan akses yang hanya bisa dilalui oleh motor/sepeda, berlokasi dekat dengan Warteg Aero (2.0 km), Alfamart (2.9 km), Christian Church Pasundan Awiligar (1.7 km), Bank BJB Weekend Banking (1.8 km), Institut Teknologi Bandung (2.1 km), RS Ibu dan Anak Al Islam (1.9 km).","3 x 3 meter, Termasuk listrik","Kasur, Meja, Lemari / Storage, Jendela, Bantal, Kursi","Kloset Duduk, Kloset Jongkok, K. Mandi Luar, Wastafel, Shower, Air panas, Bak mandi","WiFi, R. Cuci, Kulkas, Mesin Cuci, R. Tamu, R. Jemur, Jemuran, R. Keluarga, K. Mandi Luar","Parkir Mobil, Parkir Motor, Parkir Sepeda, Parkir Motor & Sepeda",,https://mamikos.com/room/kost-kota-bandung-kost-putra-murah-kost-sidomukti-30-tipe-a-cibeunying-kaler-bandung-2?redirection_source=landing%20area,-6.887641468837266,107.62751119184354
Kost Pak Resmana Cibeunying Kidul Bandung,Putri,Rp750.000,750000,Kecamatan Cibeunying Kidul,Cibeunying Kidul,"Kost ini berlokasi dekat dengan jalan raya dengan akses yang hanya bisa dilalui oleh motor/sepeda, berlokasi dekat dengan Warteg Cintaasih (2.9 km), Alfamart (2.0 km), Masjid Al Barokah (1.7 km), Bank BJB Weekend Banking (2.5 km), Universitas Widyatama (141 m), RS Ibu dan Anak Al Islam (1.4 km).","3.5 x 2 meter, Termasuk listrik","Kasur, Lemari / Storage","K. Mandi Dalam, Kloset Jongkok, Ember mandi","WiFi, Penjaga Kos, R. Jemur, Dispenser, Dapur, Jemuran, Pengurus Kos, Jual Makanan, Rooftop, Gazebo",,,https://mamikos.com/room/kost-kota-bandung-kost-putri-murah-kos-pak-resmana-cibeunying-kidul-bandung-2?redirection_source=landing%20area,-6.897505773906529,107.6498774567814
Kost Depok Tipe B Antapani Bandung,Campur,Rp1.300.000,1300000,Kecamatan Antapani,Antapani,"Kost ini berlokasi dekat dengan jalan raya dengan akses yang hanya bisa dilalui oleh motor/sepeda, berlokasi dekat dengan Warteg Cintaasih (3.0 km), PT. Indomarco Prismatama (1.3 km), Masjid Al Barokah (693 m), Bank Mandiri Bandung MTC (3.1 km), Universitas Widyatama (2.2 km), RS Ibu dan Anak Grha Bunda (1.3 km).","4.5 x 4.5 meter, Termasuk listrik","Kasur, Meja, Lemari / Storage, Ventilasi, Jendela, Guling, Cermin, Bantal, Wastafel, Kursi","Kloset Jongkok, K. Mandi Luar, Wastafel, Ember mandi, Shower, Bak mandi","WiFi, R. Cuci, Penjaga Kos, R. Jemur, Dapur, Jemuran, Pengurus Kos, CCTV, Kartu Akses, Locker","Parkir Motor, Parkir Sepeda, Parkir Motor & Sepeda",,https://mamikos.com/room/kost-kota-bandung-kost-campur-eksklusif-kost-depok-tipe-b-antapani-bandung?redirection_source=landing%20area,-6.918599419837271,107.65837987247507
Kost Crysant House Tipe B Cibeunying Kaler Bandung,Campur,Rp1.350.000,1350000,Cibeunying Kaler,Cibeunying Kaler,"Kost ini berlokasi dekat dengan jalan raya dengan akses yang hanya bisa dilalui oleh motor/sepeda, berlokasi dekat dengan Warteg Abadi (2.2 km), Alfamart (854 m), Christian Church Pasundan Awiligar (2.2 km), Bank BJB Weekend Banking (1.3 km), Institut Teknologi Nasional Bandung (724 m), RS Ibu dan Anak Al Islam (1.5 km).","3 x 4 meter, Tidak termasuk listrik","Kasur, Meja, Lemari / Storage, Ventilasi, Jendela, Kursi","K. Mandi Dalam, Kloset Duduk, Wastafel, Shower, Air panas","WiFi, Penjaga Kos, R. Jemur, R. Santai, Dapur, Jemuran, Pengurus Kos, CCTV, Joglo","Parkir Mobil, Parkir Motor, Parkir Sepeda",,https://mamikos.com/room/kost-kota-bandung-kost-campur-eksklusif-kost-crysant-house-tipe-b-cibeunying-kaler-bandung?redirection_source=landing%20area,-6.887813825823345,107.63073105940683
Kost Bu Sur Tipe A Cibeunying Kidul Bandung,Putri,Rp600.000,600000,Kecamatan Cibeunying Kidul,Cibeunying Kidul,"Kost ini berlokasi dekat dengan jalan raya dengan akses yang hanya bisa dilalui oleh motor/sepeda, berlokasi dekat dengan Warteg Cintaasih (2.3 km), Alfamart Cimuncang 2 (842 m), Masjid Al Barokah (1.2 km), Bank BJB Weekend Banking (2.1 km), Universitas Widyatama (690 m), RS Khusus Gigi dan Mulut UNPAD (3.0 km).","2 x 2 meter, Termasuk listrik","Kasur, Meja, Lemari / Storage, Ventilasi, Jendela, Cermin, Bantal, Kursi","Kloset Duduk, Kloset Jongkok, K. Mandi Luar, Ember mandi, Shower, Bak mandi","WiFi, R. Jemur, R. Santai, Dispenser, Dapur, Jemuran, Pengurus Kos, Balcon, Taman, TV","Parkir Motor, Parkir Sepeda",,https://mamikos.com/room/kost-kota-bandung-kost-putri-murah-kost-bu-sur-tipe-a-cibeunying-kidul-bandung?redirection_source=landing%20area,-6.90046863157028,107.64825960165942
Kost Sidomulyo 2 Cibeunying Kaler Bandung,Putra,Rp1.000.000,1000000,Cibeunying Kaler,Cibeunying Kaler,"Kost ini berlokasi dekat dengan jalan raya dengan akses yang hanya bisa dilalui oleh motor/sepeda, berlokasi dekat dengan Alfamart Bojong Koneng (1.4 km), Masjid MUI Kota Bandung (679 m), Institut Teknologi Nasional Bandung (720 m), Sinar Abadi Balubur Town Square (2.4 km).","3 x 3 meter, Termasuk listrik","Kasur, Meja, Lemari / Storage, Jendela, Kursi, Cleaning service","K. Mandi Dalam, Kloset Duduk, Kloset Jongkok, K. Mandi Luar, Ember mandi, Shower, Air panas, Bak mandi","WiFi, Kulkas, R. Tamu, Penjaga Kos, R. Jemur, R. Makan, Mushola, Dapur, Taman, K. Mandi Luar","Parkir Mobil, Parkir Motor, Parkir Sepeda",,https://mamikos.com/room/kost-kota-bandung-kost-putra-eksklusif-kost-sidomulyo-2-cibeunying-kaler-bandung?redirection_source=landing%20area,-6.88830495718487,107.63074667062689
Kost Shelvi Home Tipe 1 Cibeunying Kidul Bandung,Putri,Rp1.350.000,1350000,Cibeunying Kidul,Cibeunying Kidul,"Kost ini berlokasi dekat dengan jalan raya dengan akses yang hanya bisa dilalui oleh motor/sepeda, berlokasi dekat dengan Alfamart Bojong Koneng (245 m), Christian Church Pasundan Awiligar (1.9 km), Universitas Widyatama (210 m).","3 x 5 meter, Termasuk listrik","Kasur, Lemari / Storage","K. Mandi Dalam, Kloset Duduk, Ember mandi, Shower","WiFi, R. Jemur, R. Makan, Dapur",Parkir Motor,,https://mamikos.com/room/kost-kota-bandung-kost-putri-eksklusif-kost-shelvi-home-tipe-1-cibeunying-kidul-bandung?redirection_source=landing%20area,-6.898038461366935,107.64905536033704
Kost Pondok Mahmudah Antapani Bandung,Campur,Rp800.000,800000,Kecamatan Antapani,Antapani,"Kost ini berlokasi dekat dengan jalan raya dengan akses yang hanya bisa dilalui oleh motor/sepeda, berlokasi dekat dengan Alfamart Cimuncang 2 (1.7 km), Masjid Al Barokah (885 m), Sekolah Tinggi Ilmu Kesehatan Dharma Husada (914 m).","2.5 x 3 meter, Termasuk listrik","Kasur, Lemari / Storage, Ventilasi, Jendela, Bantal","K. Mandi Dalam, Kloset Jongkok, Ember mandi","WiFi, Kulkas, R. Tamu, R. Jemur, R. Santai, Dapur, Jemuran, Pengurus Kos, Jual Makanan, CCTV","Parkir Motor, Parkir Sepeda",,https://mamikos.com/room/kost-kota-bandung-kost-campur-murah-kost-pondok-mahmudah-antapani-bandung?redirection_source=landing%20area,-6.918303151392161,107.65866155505184
Kost Bidan Maria 1 Antapani Bandung,Putri,Rp1.000.000,1000000,Antapani,Antapani,"Kost ini berlokasi dekat dengan jalan raya dengan akses yang hanya bisa dilalui oleh motor/sepeda, berlokasi dekat dengan Alfamart Cimuncang 2 (1.6 km), Masjid Al Barokah (454 m), Sekolah Tinggi Ilmu Kesehatan Dharma Husada (385 m), RS Ibu dan Anak Grha Bunda (931 m).","3 x 4 meter, Tidak termasuk listrik","Kasur, Meja, Lemari / Storage, Ventilasi, Jendela, Bantal","K. Mandi Dalam, Kloset Jongkok, Ember mandi","WiFi, Kulkas, R. Tamu, Penjaga Kos, R. Jemur, Dapur, Jemuran, Pengurus Kos, CCTV, K. Mandi Luar","Parkir Motor, Parkir Sepeda",,https://mamikos.com/room/kost-kota-bandung-kost-putri-eksklusif-kost-bidan-maria-1-antapani-bandung?redirection_source=landing%20area,-6.916566782431535,107.65929860248607
Kost Palapa Cibeunying Kidul Bandung,Putra,Rp1.100.000,1100000,Kecamatan Cibeunying Kidul,Cibeunying Kidul,"Kost ini berlokasi dekat dengan jalan raya dengan akses yang hanya bisa dilalui oleh motor/sepeda, berlokasi dekat dengan Rumah Makan Boemi Mitoha (760 m), Alfamart A Yani 419 (791 m), Masjid Al Jihad (985 m), Bank BJB Weekend Banking (791 m), Universitas Padjadjaran Kampus Dipatiukur (2.4 km), RS Ibu dan Anak Al Islam (751 m).","3 x 4 meter, Termasuk listrik","Kasur, Lemari / Storage","K. Mandi Dalam, Kloset Jongkok, Ember mandi, Shower","R. Jemur, Jemuran, CCTV, Balcon, K. Mandi Luar",Parkir Motor,,https://mamikos.com/room/kost-kota-bandung-kost-putra-eksklusif-kost-palapa-cibeunying-kidul-bandung?redirection_source=landing%20area,-6.898217383080827,107.64970755341882
Kost Bumi Putri Sukasenang Tipe B Cibeunying Kidul Bandung,Putri,Rp1.450.000,1450000,Cibeunying Kidul,Cibeunying Kidul,"Kost ini berlokasi dekat dengan jalan raya dengan akses yang hanya bisa dilalui oleh motor/sepeda, berlokasi dekat dengan Alfamart Bojong Koneng (1.1 km), Institut Teknologi Nasional Bandung (229 m), Sinar Abadi Balubur Town Square (2.8 km).","3 x 4 meter, Termasuk listrik","Kasur, Meja, Lemari / Storage, Kursi","K. Mandi Dalam, Kloset Duduk, Wastafel, Air panas","WiFi, Kulkas, Penjaga Kos, R. Jemur, R. Makan, Dapur","Parkir Mobil, Parkir Motor, Parkir Sepeda",,https://mamikos.com/room/kost-kota-bandung-kost-putri-eksklusif-kost-bumi-putri-sukasenang-tipe-b-cibeunying-kidul-bandung?redirection_source=landing%20area,-6.899864999686434,107.64949347621241
Kost 99 Pusat Kota Tipe Mezanine 2 Cimenyan Bandung,Campur,Rp1.700.000,1700000,Kecamatan Cimenyan,Cimenyan,"Kost ini berlokasi dekat dengan jalan raya dengan akses yang hanya bisa dilalui oleh motor/sepeda, berlokasi dekat dengan Rumah Makan Pondok (1.9 km), Alfamart Bojong Koneng (1.4 km), Christian Church Pasundan Awiligar (791 m), Bank Mandiri Bandung Priority Banking Soerapatti (2.3 km), Institut Teknologi Nasional Bandung (1.2 km), RS Umum Santo Borromeus (2.4 km).","2 x 4 meter, Tidak termasuk listrik","AC, Kasur, Meja, TV, Lemari / Storage, Jendela, Bantal, Sofa","K. Mandi Dalam, Kloset Duduk, Shower, Air panas","Kulkas, Laundry, Penjaga Kos, Dapur, Pengurus Kos, CCTV",Parkir Motor,,https://mamikos.com/room/kost-kabupaten-bandung-kost-campur-eksklusif-kost-99-pusat-kota-tipe-mezanine-2-cimenyan-bandung?redirection_source=landing%20area,-6.8784371745352955,107.6649004624978
Kost Sazara Cibeunying Kidul Bandung,Putri,Rp1.000.000,1000000,Cibeunying Kidul,Cibeunying Kidul,"Kost ini berlokasi dekat dengan jalan raya dengan akses yang hanya bisa dilalui oleh motor/sepeda, berlokasi dekat dengan Alfamart Bojong Koneng (944 m), Christian Church Pasundan Awiligar (2.1 km), Institut Teknologi Nasional Bandung (234 m), Sinar Abadi Balubur Town Square (3.0 km).","3 x 4 meter, Termasuk listrik","Kasur, Meja, Lemari / Storage, Jendela, Bantal","K. Mandi Dalam, Kloset Jongkok, K. Mandi Luar, Ember mandi","WiFi, R. Cuci, Kulkas, Penjaga Kos, R. Jemur, Mushola, Dapur, Jemuran, CCTV, Balcon","Parkir Mobil, Parkir Motor, Parkir Sepeda, Parkir Motor & Sepeda",,https://mamikos.com/room/kost-kota-bandung-kost-putri-murah-kost-sazara-cibeunying-kidul-bandung-2?redirection_source=landing%20area,-6.896930828730169,107.65128531769997
Kost Mamah Sigit 1 Cibeunying Kidul Bandung,Campur,Rp750.000,750000,Kecamatan Cibeunying Kidul,Cibeunying Kidul,"Kost ini berlokasi dekat dengan jalan raya dengan akses yang hanya bisa dilalui oleh motor/sepeda, berlokasi dekat dengan Alfamart Cimuncang 2 (506 m), Christian Church Pasundan Awiligar (2.4 km), Universitas Padjadjaran Kampus Dipatiukur (3.2 km).","3 x 3 meter, Termasuk listrik","Kasur, Meja, Lemari / Storage, Jendela, Guling, Bantal","K. Mandi Dalam, Kloset Jongkok, Ember mandi, Shower","WiFi, Penjaga Kos, R. Jemur, Jemuran, Pengurus Kos","Parkir Motor, Parkir Sepeda",,https://mamikos.com/room/kost-kota-bandung-kost-campur-murah-kost-mamah-sigit-1-cibeunying-kidul-bandung?redirection_source=landing%20area,-6.898622506958214,107.64836915883798
Kost Rukun Cibeunying Kidul Bandung,Campur,Rp950.000,950000,Cibeunying Kidul,Cibeunying Kidul,"Kost ini berlokasi dekat dengan jalan raya dengan akses yang hanya bisa dilalui oleh motor/sepeda, berlokasi dekat dengan Alfamart Bojong Koneng (593 m), Christian Church Pasundan Awiligar (1.5 km), Universitas Padjadjaran Kampus Dipatiukur (3.2 km).","3 x 4 meter, Tidak termasuk listrik","Ventilasi, Jendela, Dapur Pribadi","K. Mandi Dalam, Kloset Jongkok","Jemuran, CCTV","Parkir Motor, Parkir Sepeda",,https://mamikos.com/room/kost-bandung-kost-campur-murah-kost-rukun-cibeunying-kidul-bandung?redirection_source=landing%20area,-6.897575457453604,107.65054812014974
Kost Pondok Salsabila Tipe 1 Cibeunying Kidul Bandung,Campur,Rp750.000,750000,Cibeunying Kidul,Cibeunying Kidul,"Kost ini berlokasi dekat dengan jalan raya dengan akses yang hanya bisa dilalui oleh motor/sepeda, berlokasi dekat dengan Warteg Berkah Bahari (3.2 km), Alfamart A Yani 419 (768 m), Masjid Pusdai (1.9 km), Bank Mandiri Bandung Martadinata (2.3 km), Universitas Widyatama (826 m), RS Khusus Gigi dan Mulut UNPAD (2.9 km).","3 x 3 meter, Tidak termasuk listrik","Kasur, Bantal","K. Mandi Dalam, Kloset Jongkok, K. Mandi Luar, Shower","R. Jemur, Mushola, R. Santai, Jemuran, Pengurus Kos, K. Mandi Luar","Parkir Motor, Parkir Sepeda",,https://mamikos.com/room/kost-kota-bandung-kost-campur-murah-kost-pondok-salsabila-tipe-1-cibeunying-kidul-bandung?redirection_source=landing%20area,-6.898086806831271,107.65198506321674
Kost Patma Tipe C Cibeunying Kaler Bandung,Putri,Rp1.080.000,1080000,Kecamatan Cibeunying Kaler,Cibeunying Kaler,"Kost ini berlokasi dekat dengan jalan raya dengan akses yang hanya bisa dilalui oleh motor/sepeda, berlokasi dekat dengan Warteg Aero (2.1 km), Alfamart (2.9 km), Christian Church Pasundan Awiligar (1.8 km), Bank BJB Weekend Banking (1.7 km), Institut Teknologi Nasional Bandung (782 m), RS Ibu dan Anak Al Islam (1.9 km).","2.5 x 3 meter, Tidak termasuk listrik","Kasur, Meja, Lemari / Storage, Cermin, Bantal",K. Mandi Dalam,"Kulkas, R. Tamu, Dapur, Pengurus Kos",Parkir Motor & Sepeda,,https://mamikos.com/room/kost-kota-bandung-kost-putri-eksklusif-kost-patma-tipe-c-cibeunying-kaler-bandung-2?redirection_source=landing%20area,-6.8879726270060795,107.63073768432298
Kost Patma Tipe D Cibeunying Kaler Bandung,Putri,Rp835.000,835000,Kecamatan Cibeunying Kaler,Cibeunying Kaler,"Kost ini berlokasi dekat dengan jalan raya dengan akses yang hanya bisa dilalui oleh motor/sepeda, berlokasi dekat dengan Warteg Aero (2.1 km), Alfamart (2.9 km), Christian Church Pasundan Awiligar (1.8 km), Bank BJB Weekend Banking (1.7 km), Institut Teknologi Nasional Bandung (782 m), RS Ibu dan Anak Al Islam (1.9 km).","2.7 x 3.5 meter, Termasuk listrik","Kasur, Meja, Lemari / Storage, Bantal","Kloset Duduk, Kloset Jongkok, K. Mandi Luar, Ember mandi","WiFi, Kulkas, Dapur, Jemuran, Pengurus Kos",Parkir Motor & Sepeda,,https://mamikos.com/room/kost-kota-bandung-kost-putri-eksklusif-kost-patma-tipe-d-cibeunying-kaler-bandung?redirection_source=landing%20area,-6.887511266977243,107.63001080587928
Kost Kilsha Sma Yas Cibeunying Kidul Bandung,Putra,Rp900.000,900000,Cibeunying Kidul,Cibeunying Kidul,"Kost ini berlokasi dekat dengan jalan raya dengan akses yang hanya bisa dilalui oleh motor/sepeda, berlokasi dekat dengan Alfamart Cimuncang 2 (366 m), Christian Church Pasundan Awiligar (2.5 km), Universitas Widyatama (317 m).","3 x 4 meter, Termasuk listrik","Kasur, Meja, Lemari / Storage, Ventilasi, Jendela, Kursi","K. Mandi Dalam, Kloset Duduk, Kloset Jongkok, Ember mandi, Shower","WiFi, R. Cuci, Laundry, R. Tamu, R. Jemur, R. Makan, R. Santai, Dapur, Jual Makanan, Balcon","Parkir Motor, Parkir Sepeda",,https://mamikos.com/room/kost-bandung-kost-putra-murah-kost-kilsha-sma-yas-cibeunying-kidul-bandung?redirection_source=landing%20area,-6.89920212487972,107.6481058030131
Kost Irma Dan Nia Cimenyan Bandung,Putra,Rp600.000,600000,Kecamatan Cimenyan,Cimenyan,"Kost ini berlokasi dekat dengan jalan raya dengan akses yang hanya bisa dilalui oleh motor/sepeda, berlokasi dekat dengan Warteg Gaul (2.4 km), Alfamart (1.4 km), Christian Church Pasundan Awiligar (412 m), Bank Mandiri Bandung Priority Banking Soerapatti (2.8 km), Institut Teknologi Nasional Bandung (1.5 km), RS Khusus Ginjal NY R.A. Habibie (1.9 km).","4 x 5 meter, Termasuk listrik","Kasur, Lemari / Storage","K. Mandi Dalam, Kloset Jongkok, K. Mandi Luar, Ember mandi","WiFi, Dapur, Pengurus Kos, Jual Makanan, Rooftop, Balcon",Parkir Motor & Sepeda,,https://mamikos.com/room/kost-kabupaten-bandung-kost-putra-murah-kost-irma-dan-nia-cimenyan-bandung?redirection_source=landing%20area,-6.881517453053651,107.6643261636241
Kost Kirana Tipe A Cibeunying Kidul Bandung,Campur,Rp600.000,600000,Kecamatan Cibeunying Kidul,Cibeunying Kidul,"Kost ini berlokasi dekat dengan jalan raya dengan akses yang hanya bisa dilalui oleh motor/sepeda, berlokasi dekat dengan Warteg Permata (2.3 km), Alfamart Cimuncang 2 (713 m), Masjid Al-Muhajirin (2.6 km), Universitas Widyatama (1.3 km), RS Umum Hermina Arcamanik (1.2 km).","3 x 3 meter, Termasuk listrik","Kasur, Lemari / Storage, Ventilasi, Jendela, Guling, Bantal","Kloset Duduk, Kloset Jongkok, K. Mandi Luar, Ember mandi","WiFi, R. Cuci, R. Tamu, R. Jemur, R. Santai, Dapur, Jemuran, Pengurus Kos, CCTV, Balcon","Parkir Motor, Parkir Sepeda, Parkir Motor & Sepeda",,https://mamikos.com/room/kost-kota-bandung-kost-campur-murah-kost-kirana-tipe-a-cibeunying-kidul-bandung?redirection_source=landing%20area,-6.897574536260168,107.64969988856524
Kost Cikampek Antapani Bandung,Putri,Rp900.000,900000,Antapani,Antapani,"Kost ini berlokasi dekat dengan jalan raya dengan akses yang hanya bisa dilalui oleh motor/sepeda, berlokasi dekat dengan Alfamart Cimuncang 2 (1.7 km), Masjid Al Barokah (631 m), Sekolah Tinggi Ilmu Kesehatan Dharma Husada (559 m).","3 x 3 meter, Termasuk listrik","Kasur, Meja, Lemari / Storage, Ventilasi, Kursi, Kipas Angin","Kloset Duduk, K. Mandi Luar, Shower","WiFi, Kulkas, R. Tamu, R. Jemur, R. Makan, Dapur, Jemuran, Pengurus Kos, Balcon, K. Mandi Luar","Parkir Motor, Parkir Sepeda",,https://mamikos.com/room/kost-kota-bandung-kost-putri-murah-kost-cikampek-antapani-bandung-2?redirection_source=landing%20area,-6.916366109773983,107.65922497092996
Kost Tutu Cibeunying Kidul Bandung,Putri,Rp1.000.000,1000000,Cibeunying Kidul,Cibeunying Kidul,"Kost ini berlokasi dekat dengan jalan raya dengan akses yang hanya bisa dilalui oleh motor/sepeda, berlokasi dekat dengan Alfamart Bojong Koneng (30 m), Christian Church Pasundan Awiligar (1.7 km), Universitas Widyatama (406 m).","3 x 4 meter, Tidak termasuk listrik","Kasur, Lemari / Storage, Ventilasi, Jendela","K. Mandi Dalam, Kloset Jongkok, Shower","WiFi, R. Santai, Dapur, TV",Parkir Motor,,https://mamikos.com/room/kost-kota-bandung-kost-putri-eksklusif-kost-tutu-cibeunying-kidul-bandung?redirection_source=landing%20area,-6.897991646542643,107.64937059563924
Kost Cikajang Raya Tipe A Antapani Bandung,Putri,Rp750.000,750000,Kecamatan Antapani,Antapani,"Kost ini berlokasi dekat dengan jalan raya dengan akses yang hanya bisa dilalui oleh motor/sepeda, berlokasi dekat dengan Warteg Permata (2.3 km), PT. Indomarco Prismatama (2.0 km), Masjid Al-Muhajirin (790 m), Bank Syariah Indonesia KK Bandung RS Al Islam (2.5 km), Universitas Widyatama (3.1 km), RS Ibu dan Anak Grha Bunda (2.2 km).","3 x 4 meter, Termasuk listrik","Kasur, Meja, Lemari / Storage, Bantal, Kursi","Kloset Jongkok, K. Mandi Luar, Ember mandi","WiFi, Penjaga Kos, Pengurus Kos, CCTV, Balcon, K. Mandi Luar","Parkir Motor, Parkir Sepeda, Parkir Motor & Sepeda",,https://mamikos.com/room/kost-kota-bandung-kost-putri-murah-kost-cikajang-raya-tipe-a-antapani-bandung-2?redirection_source=landing%20area,-6.916609055519829,107.65891576803232
Kost Rengganis Standar Cibeunying Kaler Bandung,Putri,Rp650.000,650000,Cibeunying Kaler,Cibeunying Kaler,"Kost ini berlokasi dekat dengan jalan raya dengan akses yang hanya bisa dilalui oleh motor/sepeda, berlokasi dekat dengan Warteg Cintaasih (2.2 km), Alfamart (1.2 km), Christian Church Pasundan Awiligar (2.2 km), Bank BJB Weekend Banking (1.3 km), Institut Teknologi Nasional Bandung (475 m), RS Ibu dan Anak Al Islam (1.2 km).","3 x 3 meter, Termasuk listrik",Kasur,"Kloset Jongkok, K. Mandi Luar, Wastafel, Ember mandi","WiFi, R. Jemur, R. Santai, Dapur, Jemuran, Pengurus Kos, CCTV, R. Keluarga, K. Mandi Luar","Parkir Motor, Parkir Motor & Sepeda",,https://mamikos.com/room/kost-kota-bandung-kost-putri-murah-kost-rengganis-standar-cibeunying-kaler-bandung-2?redirection_source=landing%20area,-6.884737299583877,107.62920686375432
Kost Muararajeun Lama 2 Tipe A Cibeunying Kaler Bandung,Campur,Rp1.000.000,1000000,Cibeunying Kaler,Cibeunying Kaler,"Kost ini berlokasi dekat dengan jalan raya dengan akses yang hanya bisa dilalui oleh motor/sepeda, berlokasi dekat dengan Warteg Abadi (2.2 km), Alfamart A Yani 419 (1.3 km), Masjid Al Kautsar (2.0 km), Bank Mandiri Bandung Priority Banking Soerapatti (1.5 km), Universitas Padjadjaran Kampus Dipatiukur (1.8 km), RS Umum Santo Borromeus (2.1 km).","3.5 x 2.5 meter, Termasuk listrik","Kasur, Meja, Lemari / Storage, Ventilasi, Jendela, Dapur Pribadi, Bantal, Wastafel","K. Mandi Dalam, Kloset Jongkok, Ember mandi","WiFi, R. Cuci, Penjaga Kos, R. Jemur, Jemuran, Jual Makanan","Parkir Motor, Parkir Sepeda",,https://mamikos.com/room/kost-kota-bandung-kost-campur-eksklusif-kost-muararajeun-lama-2-tipe-a-cibeunying-kaler-bandung?redirection_source=landing%20area,-6.887639116620447,107.6278449442296
Kost Megumi Cikutra 4 Cibeunying Kidul Bandung,Putri,Rp1.100.000,1100000,Kecamatan Cibeunying Kidul,Cibeunying Kidul,"Kost ini berlokasi dekat dengan jalan raya dengan akses masuk mobil, berlokasi dekat dengan Warteg Cintaasih (2.4 km), Alfamart (2.0 km), Masjid Al Barokah (1.5 km), Bank BJB Weekend Banking (2.1 km), Universitas Widyatama (568 m), RS Ibu dan Anak Al Islam (896 m).","3 x 4 meter, Tidak termasuk listrik","Kasur, Meja, Lemari / Storage, Jendela, Guling, Bantal, Kursi","K. Mandi Dalam, Kloset Duduk, Ember mandi, Shower, Air panas","WiFi, Kulkas, R. Tamu, Penjaga Kos, R. Jemur, R. Makan, R. Santai, Dispenser, Dapur, Jemuran","Parkir Mobil, Parkir Motor, Parkir Sepeda, Parkir Motor & Sepeda",,https://mamikos.com/room/kost-kota-bandung-kost-putri-eksklusif-kost-megumi-cikutra-4-cibeunying-kidul-bandung?redirection_source=landing%20area,-6.897774245327794,107.64817726531876
Kost Flamingo Tipe B Cibeunying Kidul Bandung,Putra,Rp1.500.000,1500000,Kecamatan Cibeunying Kidul,Cibeunying Kidul,"Kost ini berlokasi dekat dengan jalan raya dengan akses yang hanya bisa dilalui oleh motor/sepeda, berlokasi dekat dengan Warteg Permata (2.7 km), Alfamart West Cikutra (2.2 km), Masjid Al Barokah (1.7 km), Bank BJB Weekend Banking (3.4 km), Universitas Widyatama (880 m), RS Umum Hermina Arcamanik (1.8 km).","3 x 4 meter, Tidak termasuk listrik","Kasur, Jendela, Dapur Pribadi","K. Mandi Dalam, Kloset Duduk","WiFi, R. Tamu, Dapur, Gazebo","Parkir Mobil, Parkir Motor",,https://mamikos.com/room/kost-kota-bandung-kost-putra-eksklusif-kost-flamingo-tipe-b-cibeunying-kidul-bandung?redirection_source=landing%20area,-6.896863721127089,107.65201839619235
Kost Pondok Ina 1 Tipe A Kiaracondong Bandung,Campur,Rp900.000,900000,Kiaracondong,Kiaracondong,"Kost ini berlokasi dekat dengan jalan raya dengan akses yang hanya bisa dilalui oleh motor/sepeda, berlokasi dekat dengan Warteg Cintaasih (2.0 km), Alfamart West Cikutra (2.5 km), Masjid Al Barokah (525 m), Bank BJB Weekend Banking (2.4 km), Universitas Widyatama (1.4 km), RS Ibu dan Anak Grha Bunda (282 m).","3 x 2.5 meter, Tidak termasuk listrik","Ventilasi, Jendela, Dapur Pribadi, Wastafel","K. Mandi Dalam, Kloset Jongkok","WiFi, R. Tamu, Penjaga Kos, Dapur, Jemuran, Pengurus Kos, CCTV, Rooftop, Balcon","Parkir Motor, Parkir Sepeda, Parkir Motor & Sepeda",,https://mamikos.com/room/kost-kota-bandung-kost-campur-murah-kost-pondok-ina-1-tipe-a-kiaracondong-bandung?redirection_source=landing%20area,-6.92302272549839,107.64647917491816
Kost Pak Edi Tipe A Cibeunying Kidul Bandung,Putri,Rp1.250.000,1250000,Kecamatan Cibeunying Kidul,Cibeunying Kidul,"Kost ini berlokasi dekat dengan jalan raya dengan akses yang hanya bisa dilalui oleh motor/sepeda, berlokasi dekat dengan Warteg Permata (2.6 km), Alfamart Bojong Koneng (153 m), Christian Church Pasundan Awiligar (1.9 km), Bank BJB Weekend Banking (2.7 km), Universitas Widyatama (290 m), RS Ibu dan Anak Al Islam (1.7 km).","3 x 4 meter, Tidak termasuk listrik","Kasur, Lemari / Storage, Ventilasi, Jendela, Dapur Pribadi, Cermin, Wastafel","K. Mandi Dalam, Kloset Jongkok, Ember mandi","WiFi, Dapur, Jemuran, Jual Makanan, CCTV",Parkir Motor & Sepeda,,https://mamikos.com/room/kost-kota-bandung-kost-putri-eksklusif-kost-pak-edi-tipe-a-cibeunying-kidul-bandung?redirection_source=landing%20area,-6.896705285475205,107.6518514458342
Kost Palm Bridge Tipe A Cimenyan Bandung,Putra,Rp850.000,850000,Cimenyan,Cimenyan,"Kost ini berlokasi dekat dengan jalan raya dengan akses yang hanya bisa dilalui oleh motor/sepeda, berlokasi dekat dengan Alfamart Bojong Koneng (1.3 km), Christian Church Pasundan Awiligar (875 m), Universitas Padjadjaran Kampus Dipatiukur (1.9 km), Sinar Abadi Balubur Town Square (2.9 km).","3 x 2.7 meter, Termasuk listrik","Kasur, Meja, Lemari / Storage","Kloset Duduk, K. Mandi Luar, Ember mandi","WiFi, Mesin Cuci, R. Tamu, R. Jemur, R. Santai, Balcon","Parkir Motor, Parkir Sepeda",,https://mamikos.com/room/kost-bandung-kost-putra-murah-kost-palm-bridge-tipe-a-cimenyan-bandung-2?redirection_source=landing%20area,-6.881371648176923,107.66305460823345
Kost Pak Niza Kiaracondong Bandung,Campur,Rp700.000,700000,Kecamatan Kiaracondong,Kiaracondong,"Kost ini berlokasi dekat dengan jalan raya dengan akses yang hanya bisa dilalui oleh motor/sepeda, berlokasi dekat dengan Warteg Permata (2.2 km), Alfamart Cimuncang 2 (852 m), Masjid Al Barokah (1.1 km), Universitas Widyatama (1.4 km), RS Umum Hermina Arcamanik (1.1 km).","3 x 4 meter, Tidak termasuk listrik","Kasur, Meja, Lemari / Storage, Jendela, Cermin, Bantal, Sofa, Kursi","K. Mandi Dalam, Kloset Duduk, Kloset Jongkok, Ember mandi","WiFi, Kulkas, R. Tamu, Penjaga Kos, R. Jemur, R. Santai, Dispenser, Dapur, Jemuran, CCTV","Parkir Motor, Parkir Sepeda",,https://mamikos.com/room/kost-kota-bandung-kost-campur-murah-kost-pak-niza-kiaracondong-bandung?redirection_source=landing%20area,-6.925229189045146,107.64635252025253
Kost Asrama Cibeunying Kaler Bandung,Putri,Rp250.000,250000,Kecamatan Cibeunying Kaler,Cibeunying Kaler,"Kost ini berlokasi dekat dengan jalan raya dengan akses yang hanya bisa dilalui oleh motor/sepeda, berlokasi dekat dengan Warteg Abadi (2.3 km), Alfamart Bojong Koneng (1.5 km), Masjid Pusdai (559 m), BSI KCP Bandung Dago (2.6 km), Universitas Padjadjaran Kampus Dipatiukur (1.6 km), RS Umum Santo Borromeus (1.9 km).","3 x 4 meter, Termasuk listrik","Kasur, Bantal","K. Mandi Dalam, Kloset Jongkok, Wastafel","WiFi, Kulkas, R. Jemur, R. Santai, Dispenser, Dapur, Jemuran, CCTV",,,https://mamikos.com/room/kost-kota-bandung-kost-putri-murah-kost-asrama-cibeunying-kaler-bandung-1?redirection_source=landing%20area,-6.884486889446877,107.62743941227838
Kost Sukamulya 74 Bandung,Campur,Rp950.000,950000,Kecamatan Cibeunying Kidul,Cibeunying Kidul,"Kost ini berlokasi dekat dengan jalan raya dengan akses jalan raya, berlokasi dekat dengan Warteg Cintaasih (2.1 km), Alfamart A Yani 419 (704 m), Masjid Al Barokah (1.1 km), Bank BJB Weekend Banking (2.0 km), Universitas Widyatama (909 m), RS Ibu dan Anak Al Islam (576 m).","3 x 3 meter, Tidak termasuk listrik","Kasur, Meja Rias, Lemari / Storage, Jendela, Bantal","K. Mandi Dalam, Kloset Jongkok, Ember mandi, Shower","WiFi, R. Jemur, R. Santai, Dispenser, Dapur, Jemuran","Parkir Motor, Parkir Sepeda",,https://mamikos.com/room/kost-kota-bandung-kost-campur-murah-kost-sukamulya-74-bandung?redirection_source=landing%20area,-6.897241325416928,107.64912030109579
Kost Pabu Ohim Executive Antapani Bandung,Putri,Rp800.000,800000,Kecamatan Antapani,Antapani,"Kost ini berlokasi dekat dengan jalan raya dengan akses masuk mobil, berlokasi dekat dengan Warteg Cintaasih (2.6 km), PT. Indomarco Prismatama (1.3 km), Masjid Al Barokah (423 m), Bank Mandiri Bandung MTC (3.1 km), Universitas Widyatama (2.0 km), RS Ibu dan Anak Grha Bunda (878 m).","3 x 4 meter, Termasuk listrik","Meja, Jendela","K. Mandi Dalam, Kloset Jongkok, K. Mandi Luar, Ember mandi","WiFi, R. Cuci, Kulkas, Mesin Cuci, R. Jemur, Jemuran, Rooftop, Balcon, Gazebo","Parkir Mobil, Parkir Motor, Parkir Sepeda, Parkir Motor & Sepeda",,https://mamikos.com/room/kost-kota-bandung-kost-putri-murah-kost-pabu-ohim-executive-antapani-bandung-2?redirection_source=landing%20area,-6.9167607117315315,107.66086867190137
Kost Komplek Puri Indah Jatinangor Sumedang,Campur,Rp900.000,900000,Jatinangor,Jatinangor,"Kost ini berlokasi dekat dengan jalan raya dengan akses masuk mobil, berlokasi dekat dengan Purbasari II Rumah Makan (15.9 km), Alfamart Bojong Koneng (1.3 km), Christian Church Pasundan Awiligar (875 m), BNI Jatinangor (16.3 km), Universitas Padjadjaran Kampus Dipatiukur (1.9 km), Sinar Abadi Balubur Town Square (2.9 km).","3 x 3 meter, Tidak termasuk listrik","Kasur, Meja, Lemari / Storage, Jendela","K. Mandi Dalam, Kloset Duduk, Shower","R. Tamu, Dapur, Jemuran, Taman, K. Mandi Luar",Parkir Mobil,,https://mamikos.com/room/kost-kabupaten-sumedang-kost-campur-murah-kost-komplek-puri-indah-jatinangor-sumedang?redirection_source=landing%20area,-6.933027180445361,107.77211095228806
Kost Nur Muhaji Tipe F Batununggal Bandung,Campur,Rp1.200.000,1200000,Batununggal,Batununggal,"Kost ini berlokasi dekat dengan jalan raya dengan akses yang hanya bisa dilalui oleh motor/sepeda, berlokasi dekat dengan Warteg Bahari (2.0 km), Alfamart (2.6 km), Masjid Al Jihad (264 m), Bank BJB - Cabang Utama Bandung (2.2 km), Institut Teknologi Nasional Bandung (2.4 km), RS Ibu dan Anak Al Islam (1.5 km).","3 x 4 meter, Tidak termasuk listrik","Kasur, Lemari / Storage, Ventilasi, Jendela, Guling, Bantal","K. Mandi Dalam, Kloset Duduk, Ember mandi","WiFi, Laundry, Penjaga Kos, Jemuran, Pengurus Kos, CCTV","Parkir Motor, Parkir Motor & Sepeda",,https://mamikos.com/room/kost-kota-bandung-kost-campur-eksklusif-kost-nur-muhaji-tipe-f-batununggal-bandung?redirection_source=landing%20area,-6.927911806058915,107.63922585655165
Kost Muararajeun Lama 2 Tipe D Cibeunying Kaler Bandung,Campur,Rp740.000,740000,Cibeunying Kaler,Cibeunying Kaler,"Kost ini berlokasi dekat dengan jalan raya dengan akses yang hanya bisa dilalui oleh motor/sepeda, berlokasi dekat dengan Rumah Makan Boemi Mitoha (593 m), Alfamart A Yani 419 (1.3 km), Masjid Pusdai (561 m), Universitas Padjadjaran Kampus Dipatiukur (1.8 km), Sinar Abadi Balubur Town Square (2.3 km).","3 x 3 meter, Termasuk listrik","Kasur, Meja, Lemari / Storage, Ventilasi, Jendela, Bantal, Kursi","Kloset Jongkok, K. Mandi Luar, Ember mandi","WiFi, R. Cuci, Penjaga Kos, R. Jemur, Jemuran, Pengurus Kos, CCTV, Rooftop, K. Mandi Luar","Parkir Motor, Parkir Sepeda, Parkir Motor & Sepeda",,https://mamikos.com/room/kost-kota-bandung-kost-campur-eksklusif-kost-muararajeun-lama-2-tipe-d-cibeunying-kaler-bandung?redirection_source=landing%20area,-6.884417565977882,107.62725155324085
Kost Muararajeun Lama 2 Tipe C Cibeunying Kaler Bandung,Campur,Rp850.000,850000,Cibeunying Kaler,Cibeunying Kaler,"Kost ini berlokasi dekat dengan jalan raya dengan akses yang hanya bisa dilalui oleh motor/sepeda, berlokasi dekat dengan Rumah Makan Boemi Mitoha (593 m), Alfamart A Yani 419 (1.3 km), Masjid Pusdai (561 m), Universitas Padjadjaran Kampus Dipatiukur (1.8 km), Sinar Abadi Balubur Town Square (2.3 km).","3 x 3 meter, Termasuk listrik","Kasur, Meja, Lemari / Storage, Ventilasi, Jendela, Bantal","Kloset Jongkok, K. Mandi Luar, Ember mandi","WiFi, R. Cuci, R. Jemur, Dapur, Jemuran, Pengurus Kos, Jual Makanan, CCTV, K. Mandi Luar","Parkir Motor, Parkir Sepeda, Parkir Motor & Sepeda",,https://mamikos.com/room/kost-kota-bandung-kost-campur-eksklusif-kost-muararajeun-lama-2-tipe-c-cibeunying-kaler-bandung?redirection_source=landing%20area,-6.886405531342564,107.63022984213436
Kost Bu Sur Tipe C Cibeunying Kidul Bandung,Putri,Rp700.000,700000,Cibeunying Kidul,Cibeunying Kidul,"Kost ini berlokasi dekat dengan jalan raya dengan akses yang hanya bisa dilalui oleh motor/sepeda, berlokasi dekat dengan Warteg Cintaasih (2.3 km), Alfamart Cimuncang 2 (847 m), Masjid Al Barokah (1.2 km), Bank BJB Weekend Banking (2.1 km), Universitas Widyatama (678 m), RS Khusus Gigi dan Mulut UNPAD (3.0 km).","3 x 3 meter, Termasuk listrik","Kasur, Meja, Lemari / Storage, Jendela, Cermin, Bantal, Kursi","Kloset Duduk, Kloset Jongkok, K. Mandi Luar, Ember mandi, Shower, Bak mandi","WiFi, R. Jemur, R. Santai, Dispenser, Dapur, Jemuran, Pengurus Kos, Balcon, Taman, TV","Parkir Motor, Parkir Sepeda",,https://mamikos.com/room/kost-kota-bandung-kost-putri-murah-kost-bu-sur-tipe-c-cibeunying-kidul-bandung-2?redirection_source=landing%20area,-6.8976176088225705,107.65008031933706
Kost Ai Eli Antapani Bandung,Campur,Rp800.000,800000,Antapani,Antapani,"Kost ini berlokasi dekat dengan jalan raya dengan akses yang hanya bisa dilalui oleh motor/sepeda, berlokasi dekat dengan Warteg Permata (2.3 km), PT. Indomarco Prismatama (2.3 km), Masjid Al-Muhajirin (530 m), Bank Syariah Indonesia KK Bandung RS Al Islam (2.2 km), Universitas Widyatama (3.3 km), RS Ibu dan Anak Humana Prima (2.3 km).","3 x 5 meter, Tidak termasuk listrik","Kasur, Lemari / Storage, Kulkas, Ventilasi, Jendela, Guling, Dapur Pribadi, Cermin, Bantal","K. Mandi Dalam, Kloset Jongkok, Ember mandi","Dapur, Jemuran, CCTV","Parkir Mobil, Parkir Motor",,https://mamikos.com/room/kost-kota-bandung-kost-campur-murah-kost-ai-eli-antapani-bandung?redirection_source=landing%20area,-6.919245393546528,107.65997885188264
Kost Alshab Tipe C Cimenyan Bandung,Campur,Rp775.000,775000,Cimenyan,Cimenyan,"Kost ini berlokasi dekat dengan jalan raya dengan akses yang hanya bisa dilalui oleh motor/sepeda, berlokasi dekat dengan Warmindo Tongkrongan (2.2 km), Alfamart West Cikutra (1.7 km), Christian Church Pasundan Awiligar (1.5 km), Universitas Widyatama (1.2 km), RS Ibu dan Anak Al Islam (2.7 km).","3 x 4 meter, Tidak termasuk listrik","Kasur, Lemari / Storage, Ventilasi, Jendela, Bantal","K. Mandi Dalam, Kloset Jongkok, Ember mandi, Shower","WiFi, R. Jemur, Dapur, Jemuran, Pengurus Kos",Parkir Motor,,https://mamikos.com/room/kost-kabupaten-bandung-kost-campur-eksklusif-kost-alshab-tipe-c-cimenyan-bandung?redirection_source=landing%20area,-6.879965299215671,107.6642441974771
Kost Little Spring Rooms Rosie 1 Antapani Bandung,Putri,Rp1.300.000,1300000,Antapani,Antapani,"Kost ini berlokasi dekat dengan jalan raya dengan akses masuk mobil, berlokasi dekat dengan Warteg Permata (1.2 km), Indomaret Ahmad Yani (2.8 km), Masjid Al Barokah (186 m), Bank BJB Weekend Banking (3.1 km), Universitas Widyatama (1.8 km), RS Ibu dan Anak Grha Bunda (796 m).","2 x 2 meter, Tidak termasuk listrik","AC, Kasur, Meja, Lemari / Storage, Jendela, Guling, Cermin, Bantal","K. Mandi Dalam, Kloset Duduk, Ember mandi, Shower, Air panas","Kulkas, R. Tamu, Penjaga Kos, R. Jemur, R. Makan, R. Santai, Dispenser, Dapur, Jemuran, Pengurus Kos","Parkir Mobil, Parkir Motor, Parkir Sepeda, Parkir Motor & Sepeda",,https://mamikos.com/room/kost-kota-bandung-kost-putri-eksklusif-kost-little-spring-rooms-rosie-1-antapani-bandung-2?redirection_source=landing%20area,-6.918485069126737,107.65909858051201
Kost Ibu Tina Tipe B Cibeunying Kidul Bandung,Putri,Rp750.000,750000,Kecamatan Cibeunying Kidul,Cibeunying Kidul,"Kost ini berlokasi dekat dengan jalan raya dengan akses yang hanya bisa dilalui oleh motor/sepeda, berlokasi dekat dengan Warteg Abadi (3.1 km), Alfamart A Yani 419 (282 m), Masjid Pusdai (1.6 km), Bank Mandiri Bandung Priority Banking Soerapatti (2.5 km), Institut Teknologi Nasional Bandung (1.2 km), RS Umum Santo Yusup (625 m).","3 x 3 meter, Tidak termasuk listrik","Kasur, Lemari / Storage, Ventilasi, Jendela, Guling, Bantal, Wastafel","Kloset Jongkok, K. Mandi Luar, Wastafel, Ember mandi","WiFi, R. Cuci, R. Jemur, R. Santai, Dapur, Jemuran, Pengurus Kos, Rooftop, Balcon, K. Mandi Luar","Parkir Motor, Parkir Sepeda, Parkir Motor & Sepeda",,https://mamikos.com/room/kost-kota-bandung-kost-putri-murah-kost-ibu-tina-tipe-b-cibeunying-kidul-bandung-2?redirection_source=landing%20area,-6.899822307540498,107.6483442091314
Kost Nin Ae Tipe D Mandalajati Bandung,Campur,Rp1.500.000,1500000,Mandalajati,Mandalajati,"Kost ini berlokasi dekat dengan jalan raya dengan akses yang hanya bisa dilalui oleh motor/sepeda, berlokasi dekat dengan Warteg Permata (2.8 km), PT. Indomarco Prismatama (684 m), Masjid Al Barokah (1.7 km), Universitas Widyatama (1.4 km), RS Umum Hermina Arcamanik (1.3 km).","3 x 5 meter, Termasuk listrik","AC, Kasur, Lemari / Storage, Jendela, Cermin, Bantal","Kloset Jongkok, K. Mandi Luar, Wastafel, Shower, Air panas","WiFi, Kulkas, CCTV","Parkir Mobil, Parkir Motor, Parkir Sepeda, Parkir Motor & Sepeda",,https://mamikos.com/room/kost-kota-bandung-kost-campur-eksklusif-kost-nin-ae-tipe-d-mandalajati-bandung-2?redirection_source=landing%20area,-6.89649650549759,107.670937178516
Kost Rumah Surya Cibeunying Kaler Bandung,Putra,Rp550.000,550000,Kecamatan Cibeunying Kaler,Cibeunying Kaler,"Kost ini berlokasi dekat dengan jalan raya dengan akses yang hanya bisa dilalui oleh motor/sepeda, berlokasi dekat dengan Warteg Aero (2.0 km), Alfamart (2.7 km), Christian Church Pasundan Awiligar (1.1 km), Bank BJB Weekend Banking (2.4 km), Institut Teknologi Bandung (2.3 km), RS Ibu dan Anak Al Islam (2.4 km).","3 x 4 meter, Tidak termasuk listrik","Kasur, Lemari / Storage","Kloset Duduk, Kloset Jongkok, Ember mandi, Bak mandi","WiFi, R. Cuci, R. Tamu",Parkir Motor & Sepeda,,https://mamikos.com/room/kost-kota-bandung-kost-putra-murah-kost-rumah-surya-cibeunying-kaler-bandung-2?redirection_source=landing%20area,-6.886400652996334,107.62784967811993
Kost Ibu Ria Bekatonik Cibeunying Kidul Bandung,Putri,Rp600.000,600000,Cibeunying Kidul,Cibeunying Kidul,"Kost ini berlokasi dekat dengan jalan raya dengan akses yang hanya bisa dilalui oleh motor/sepeda, berlokasi dekat dengan Alfamart Bojong Koneng (739 m), Christian Church Pasundan Awiligar (2.3 km), Universitas Padjadjaran Kampus Dipatiukur (2.8 km), Sinar Abadi Balubur Town Square (3.5 km).","3 x 4 meter, Termasuk listrik","Kasur, Meja, Lemari / Storage, Kursi","Kloset Jongkok, K. Mandi Luar, Ember mandi, Air panas, Bak mandi","WiFi, R. Cuci, R. Tamu, Penjaga Kos, R. Jemur, R. Santai, Dapur, Balcon, R. Keluarga, K. Mandi Luar","Parkir Motor, Parkir Sepeda",,https://mamikos.com/room/kost-kota-bandung-kost-putri-murah-kost-ibu-ria-bekatonik-cibeunying-kidul-bandung?redirection_source=landing%20area,-6.898211002311802,107.64851887212156
Kost Evelyn Home Tipe 2 Cibeunying Kidul Bandung,Putri,Rp750.000,750000,Cibeunying Kidul,Cibeunying Kidul,"Kost ini berlokasi dekat dengan jalan raya dengan akses yang hanya bisa dilalui oleh motor/sepeda, berlokasi dekat dengan Alfamart Bojong Koneng (351 m), Christian Church Pasundan Awiligar (2.0 km), Universitas Widyatama (180 m), RS Umum Santo Yusup (992 m).","3 x 4 meter, Termasuk listrik","Kasur, Lemari / Storage, Cermin","K. Mandi Dalam, Kloset Jongkok, Ember mandi","WiFi, R. Jemur, Dapur",,,https://mamikos.com/room/kost-kota-bandung-kost-putri-murah-kost-evelyn-home-tipe-2-cibeunying-kidul-bandung?redirection_source=landing%20area,-6.899086116815705,107.65008847924008
Kost Berry Budi Tipe A Cibeunying Kidul Bandung,Campur,Rp650.000,650000,Kecamatan Cibeunying Kidul,Cibeunying Kidul,"Kost ini berlokasi dekat dengan jalan raya dengan akses yang hanya bisa dilalui oleh motor/sepeda, berlokasi dekat dengan Warteg Cintaasih (2.4 km), Alfamart (1.8 km), Masjid Al Barokah (1.7 km), Bank BJB Weekend Banking (2.0 km), Institut Teknologi Nasional Bandung (569 m), RS Ibu dan Anak Al Islam (980 m).","3 x 3 meter, Termasuk listrik","Kasur, Meja, Lemari / Storage","Kloset Duduk, Kloset Jongkok, K. Mandi Luar, Bak mandi","WiFi, Kulkas, R. Jemur, R. Santai, Dapur, CCTV, Kartu Akses, TV, K. Mandi Luar","Parkir Motor, Parkir Sepeda, Parkir Motor & Sepeda",,https://mamikos.com/room/kost-kota-bandung-kost-campur-murah-kost-berry-budi-tipe-a-cibeunying-kidul-bandung?redirection_source=landing%20area,-6.898535392010986,107.65086718231868
Kost Elroi Bojong Koneng Atas Cikutra Tipe A Cimenyan Bandung,Putra,Rp1.700.000,1700000,Cimenyan,Cimenyan,"Kost ini berlokasi dekat dengan jalan raya dengan akses yang hanya bisa dilalui oleh motor/sepeda, berlokasi dekat dengan Rumah Makan Pondok (3.0 km), Alfamart Bojong Koneng (838 m), Christian Church Pasundan Awiligar (1.4 km), Bank BJB Weekend Banking (3.4 km), Universitas Widyatama (1.1 km), RS Ibu dan Anak Al Islam (2.5 km).","3 x 4 meter, Tidak termasuk listrik","AC, Kasur, Meja, Lemari / Storage, Ventilasi, Jendela, Guling, Cermin, Bantal, Kursi","K. Mandi Dalam, Kloset Duduk, Ember mandi, Shower, Air panas","WiFi, Kulkas, R. Tamu, Penjaga Kos, R. Jemur, R. Makan, R. Santai, Dispenser, Dapur, Jemuran","Parkir Motor, Parkir Motor & Sepeda",,https://mamikos.com/room/kost-kabupaten-bandung-kost-putra-eksklusif-kost-elroi-bojong-koneng-atas-cikutra-tipe-a-cimenyan-bandung?redirection_source=landing%20area,-6.881623771585785,107.66234087349252
Kost Cahaya Nodibel Mandalajati Bandung,Campur,Rp1.300.000,1300000,Kecamatan Mandalajati,Mandalajati,"Kost ini berlokasi dekat dengan jalan raya dengan akses yang hanya bisa dilalui oleh motor/sepeda, berlokasi dekat dengan Christian Church Pasundan Awiligar (3.5 km), RS Umum Hermina Arcamanik (893 m).","9 x 3 meter, Tidak termasuk listrik",Jendela,"K. Mandi Dalam, Kloset Duduk","Jemuran, Pengurus Kos, Balcon",Parkir Motor,,https://mamikos.com/room/kost-kota-bandung-kost-campur-eksklusif-kost-cahaya-nodibel-mandalajati-bandung-2?redirection_source=landing%20area,-6.895559606233197,107.67033816428112
Kost Elroi Bojong Koneng Atas Cikutra Tipe B Cimenyan Bandung,Putra,Rp1.600.000,1600000,Cimenyan,Cimenyan,"Kost ini berlokasi dekat dengan jalan raya dengan akses yang hanya bisa dilalui oleh motor/sepeda, berlokasi dekat dengan Rumah Makan Pondok (3.0 km), Alfamart Bojong Koneng (838 m), Christian Church Pasundan Awiligar (1.4 km), Bank BJB Weekend Banking (3.4 km), Universitas Widyatama (1.1 km), RS Ibu dan Anak Al Islam (2.5 km).","3 x 4 meter, Tidak termasuk listrik","AC, Kasur, Meja, Lemari / Storage, Ventilasi, Jendela, Guling, Cermin, Bantal, Kursi","K. Mandi Dalam, Kloset Duduk, Ember mandi, Shower, Air panas","WiFi, Kulkas, R. Tamu, Penjaga Kos, R. Jemur, R. Makan, R. Santai, Dispenser, Dapur, Jemuran","Parkir Motor, Parkir Motor & Sepeda",,https://mamikos.com/room/kost-kabupaten-bandung-kost-putra-eksklusif-kost-elroi-bojong-koneng-atas-cikutra-tipe-b-cimenyan-bandung?redirection_source=landing%20area,-6.878284517356682,107.66233650654586
Kost Gemilang Berkah Tipe A Cimenyan Bandung,Putra,Rp750.000,750000,Kecamatan Cimenyan,Cimenyan,"Kost ini berlokasi dekat dengan jalan raya dengan akses yang hanya bisa dilalui oleh motor/sepeda, berlokasi dekat dengan Alfamart Bojong Koneng (1.4 km), Christian Church Pasundan Awiligar (826 m), Universitas Padjadjaran Kampus Dipatiukur (1.9 km), Sinar Abadi Balubur Town Square (2.9 km).","3 x 3 meter, Termasuk listrik","Kasur, Lemari / Storage, Ventilasi, Jendela","Kloset Jongkok, Ember mandi, Bak mandi","WiFi, R. Cuci, R. Tamu, R. Santai, Dapur, Jemuran, R. Keluarga, K. Mandi Luar","Parkir Motor, Parkir Sepeda",,https://mamikos.com/room/kost-bandung-kost-putra-murah-kost-gemilang-berkah-tipe-a-cimenyan-bandung?redirection_source=landing%20area,-6.881917360787133,107.66544801814281
Kost Divara Luxury Kamar Utama Cibeunying Kaler Bandung,Campur,Rp1.600.000,1600000,Kecamatan Cibeunying Kaler,Cibeunying Kaler,"Kost ini berlokasi dekat dengan jalan raya dengan akses masuk mobil, berlokasi dekat dengan Warteg Aero (2.2 km), Alfamart (2.9 km), Christian Church Pasundan Awiligar (1.2 km), Bank BJB Weekend Banking (2.3 km), Institut Teknologi Nasional Bandung (872 m), RS Ibu dan Anak Al Islam (2.2 km).","3 x 3 meter, Tidak termasuk listrik","AC, Kasur, Meja, TV, Lemari / Storage, Ventilasi, Jendela, Bantal, Kursi","K. Mandi Dalam, Kloset Duduk, Shower, Air panas","WiFi, Kulkas, Laundry, Penjaga Kos, R. Jemur, R. Santai, Dapur, Jemuran, CCTV, Kartu Akses","Parkir Motor, Parkir Motor & Sepeda",,https://mamikos.com/room/kost-kota-bandung-kost-campur-eksklusif-kost-divara-luxury-kamar-utama-cibeunying-kaler-bandung-2?redirection_source=landing%20area,-6.885690157943529,107.62830922021232
Kost Keys Co Living Deluxe Balcony Cibeunying Kidul Bandung,Campur,Rp2.500.000,2500000,Cibeunying Kidul,Cibeunying Kidul,"Kost ini berlokasi dekat dengan jalan raya dengan akses masuk mobil, berlokasi dekat dengan Warteg Cintaasih (2.4 km), Alfamart (2.0 km), Masjid Al Barokah (1.5 km), Bank BJB Weekend Banking (2.1 km), Universitas Widyatama (571 m), RS Ibu dan Anak Al Islam (891 m).","3 x 4 meter, Tidak termasuk listrik","AC, Kasur, Meja, Lemari / Storage, microwave, Jendela, Guling, Cermin, Bantal, Kursi","K. Mandi Dalam, Kloset Duduk, Shower, Air panas","WiFi, R. Cuci, Kulkas, Mesin Cuci, Penjaga Kos, R. Jemur, R. Makan, Mushola, Dispenser, Dapur","Parkir Mobil, Parkir Motor",,https://mamikos.com/room/kost-kota-bandung-kost-campur-eksklusif-kost-keys-co-living-deluxe-balcony-cibeunying-kidul-bandung-2?redirection_source=landing%20area,-6.899781578043349,107.65079249917282
Kost Hdci Tipe B Coblong Bandung,Putra,Rp1.000.000,1000000,Kecamatan Coblong,Coblong,"Kost ini berlokasi dekat dengan jalan raya dengan akses yang hanya bisa dilalui oleh motor/sepeda, berlokasi dekat dengan Warteg Gaul (1.6 km), Alfamart Bojong Koneng (1.6 km), Masjid MUI Kota Bandung (464 m), BSI KCP Bandung Dago (1.9 km), Universitas Padjadjaran Kampus Dipatiukur (1.4 km), RS Umum Santo Borromeus (1.8 km).","3 x 4 meter, Tidak termasuk listrik","Kasur, Lemari / Storage, Jendela","K. Mandi Dalam, Kloset Jongkok, Ember mandi","WiFi, Penjaga Kos, Jemuran, Pengurus Kos, Jual Makanan, Kartu Akses, Balcon",Parkir Motor,,https://mamikos.com/room/kost-kota-bandung-kost-putra-eksklusif-kost-hdci-tipe-b-coblong-bandung?redirection_source=landing%20area,-6.879190506414498,107.61264834710452
Kost Urban Residence Tipe A Kiaracondong Bandung,Campur,Rp600.000,600000,Kiaracondong,Kiaracondong,"Kost ini berlokasi dekat dengan jalan raya dengan akses yang hanya bisa dilalui oleh motor/sepeda, berlokasi dekat dengan Warteg Permata (1.5 km), Alfamart Cimuncang 2 (683 m), Masjid Al Barokah (492 m), Bank BJB Weekend Banking (2.9 km), Universitas Widyatama (1.1 km), RS Ibu dan Anak Grha Bunda (921 m).","3 x 3 meter, Termasuk listrik","Kasur, Lemari / Storage, Jendela, Dapur Pribadi, Bantal","K. Mandi Dalam, Kloset Jongkok, Ember mandi, Bak mandi","WiFi, Laundry, Penjaga Kos, Pengurus Kos, CCTV",Parkir Motor,,https://mamikos.com/room/kost-kota-bandung-kost-campur-murah-kost-urban-residence-tipe-a-kiaracondong-bandung?redirection_source=landing%20area,-6.926501717650134,107.6452856800038
Kost Cikutra Baru 1 Cibeunying Kaler Bandung,Putri,Rp1.000.000,1000000,Cibeunying Kaler,Cibeunying Kaler,"Kost ini berlokasi dekat dengan jalan raya dengan akses yang hanya bisa dilalui oleh motor/sepeda, berlokasi dekat dengan Alfamart Bojong Koneng (606 m), Masjid Pusdai (1.5 km), Institut Teknologi Nasional Bandung (373 m), Sinar Abadi Balubur Town Square (3.2 km).","2 x 4 meter, Termasuk listrik","Kasur, Meja, Lemari / Storage","Kloset Duduk, K. Mandi Luar, Shower, Bak mandi","WiFi, Kulkas, R. Tamu, R. Jemur, R. Santai, Dispenser, Dapur, R. Keluarga","Parkir Mobil, Parkir Motor",,https://mamikos.com/room/kost-kost-putri-eksklusif-kost-cikutra-baru-1-cibeunying-kaler-bandung?redirection_source=landing%20area,-6.884700074623947,107.62996494505761
Kost Evelyn Home Tipe 3 Cibeunying Kidul Bandung,Putri,Rp500.000,500000,Cibeunying Kidul,Cibeunying Kidul,"Kost ini berlokasi dekat dengan jalan raya dengan akses yang hanya bisa dilalui oleh motor/sepeda, berlokasi dekat dengan Alfamart Bojong Koneng (351 m), Christian Church Pasundan Awiligar (2.0 km), Universitas Widyatama (180 m).","3 x 3 meter, Termasuk listrik","Kasur, Lemari / Storage, Cermin","Kloset Jongkok, K. Mandi Luar, Ember mandi","WiFi, R. Jemur, Dapur, K. Mandi Luar",,,https://mamikos.com/room/kost-kota-bandung-kost-putri-murah-kost-evelyn-home-tipe-3-cibeunying-kidul-bandung?redirection_source=landing%20area,-6.90041892927191,107.6503491572378
Kost Palm Bridge Tipe D Cimenyan Bandung,Putra,Rp950.000,950000,Cimenyan,Cimenyan,"Kost ini berlokasi dekat dengan jalan raya dengan akses masuk mobil, berlokasi dekat dengan Alfamart Bojong Koneng (1.4 km), Christian Church Pasundan Awiligar (860 m), Universitas Padjadjaran Kampus Dipatiukur (1.9 km), Sinar Abadi Balubur Town Square (2.9 km).","3 x 5 meter, Termasuk listrik","Kasur, Meja, Lemari / Storage","Kloset Duduk, K. Mandi Luar",WiFi,,,https://mamikos.com/room/kost-kabupaten-bandung-kost-putra-eksklusif-kost-palm-bridge-tipe-d-cimenyan-bandung-1?redirection_source=landing%20area,-6.880427600692689,107.6641845806731
Kost Bale Sunda Besar Cibeunying Kaler Bandung,Campur,Rp1.200.000,1200000,Cibeunying Kaler,Cibeunying Kaler,"Kost ini berlokasi dekat dengan jalan raya dengan akses yang hanya bisa dilalui oleh motor/sepeda, berlokasi dekat dengan Alfamart Bojong Koneng (1.2 km), Masjid MUI Kota Bandung (826 m), Institut Teknologi Nasional Bandung (812 m), Sinar Abadi Balubur Town Square (2.7 km).","3 x 4 meter, Termasuk listrik","Kasur, Dispenser, Meja, Lemari / Storage, Kursi, Cleaning service","K. Mandi Dalam, Kloset Duduk, Wastafel, Ember mandi","WiFi, Penjaga Kos, R. Jemur, Mushola, Dispenser, Dapur, K. Mandi Luar","Parkir Mobil, Parkir Motor, Parkir Sepeda",,https://mamikos.com/room/kost-kota-bandung-kost-campur-eksklusif-kost-bale-sunda-besar-cibeunying-kaler-bandung-1?redirection_source=landing%20area,-6.8864234971479785,107.62929528226384
Kost Keys Co Living Superior Balcony K 03 Cibeunying Kidul Bandung,Campur,Rp2.850.000,2850000,Cibeunying Kidul,Cibeunying Kidul,"Kost ini berlokasi dekat dengan jalan raya dengan akses masuk mobil, berlokasi dekat dengan Warteg Cintaasih (2.4 km), Alfamart (2.0 km), Masjid Al Barokah (1.5 km), Bank BJB Weekend Banking (2.1 km), Universitas Widyatama (571 m), RS Ibu dan Anak Al Islam (891 m).","3 x 4 meter, Tidak termasuk listrik","AC, Kasur, Meja, Lemari / Storage, microwave, Jendela, Guling, Cermin, Bantal, Kursi","K. Mandi Dalam, Kloset Duduk, Shower, Air panas","WiFi, R. Cuci, Kulkas, Penjaga Kos, R. Jemur, R. Makan, Mushola, Dispenser, Dapur, Jemuran","Parkir Mobil, Parkir Motor",,https://mamikos.com/room/kost-kota-bandung-kost-campur-eksklusif-kost-keys-co-living-superior-balcony-k-03-cibeunying-kidul-bandung-2?redirection_source=landing%20area,-6.898129924725954,107.65134879270393
Kost Sidomulyo 2 Cibeunying Kaler Bandung,Putra,Rp1.000.000,1000000,Cibeunying Kaler,Cibeunying Kaler,"Kost ini berlokasi dekat dengan jalan raya dengan akses yang hanya bisa dilalui oleh motor/sepeda, berlokasi dekat dengan Alfamart Bojong Koneng (1.4 km), Masjid MUI Kota Bandung (679 m), Institut Teknologi Nasional Bandung (720 m), Sinar Abadi Balubur Town Square (2.4 km).","3 x 3 meter, Termasuk listrik","Kasur, Meja, Lemari / Storage, Jendela, Kursi, Cleaning service","K. Mandi Dalam, Kloset Duduk, Kloset Jongkok, K. Mandi Luar, Ember mandi, Shower, Air panas, Bak mandi","WiFi, Kulkas, R. Tamu, Penjaga Kos, R. Jemur, R. Makan, Mushola, Dapur, Taman, K. Mandi Luar","Parkir Mobil, Parkir Motor, Parkir Sepeda",,https://mamikos.com/room/kost-kota-bandung-kost-putra-eksklusif-kost-sidomulyo-2-cibeunying-kaler-bandung?redirection_source=landing%20area,-6.884355486399794,107.62900807885504
Kost Shelvi Home Tipe 1 Cibeunying Kidul Bandung,Putri,Rp1.350.000,1350000,Cibeunying Kidul,Cibeunying Kidul,"Kost ini berlokasi dekat dengan jalan raya dengan akses yang hanya bisa dilalui oleh motor/sepeda, berlokasi dekat dengan Alfamart Bojong Koneng (245 m), Christian Church Pasundan Awiligar (1.9 km), Universitas Widyatama (210 m).","3 x 5 meter, Termasuk listrik","Kasur, Lemari / Storage","K. Mandi Dalam, Kloset Duduk, Ember mandi, Shower","WiFi, R. Jemur, R. Makan, Dapur",Parkir Motor,,https://mamikos.com/room/kost-kota-bandung-kost-putri-eksklusif-kost-shelvi-home-tipe-1-cibeunying-kidul-bandung?redirection_source=landing%20area,-6.8997352189640395,107.64908597635213
Kost Pondok Mahmudah Antapani Bandung,Campur,Rp800.000,800000,Kecamatan Antapani,Antapani,"Kost ini berlokasi dekat dengan jalan raya dengan akses yang hanya bisa dilalui oleh motor/sepeda, berlokasi dekat dengan Alfamart Cimuncang 2 (1.7 km), Masjid Al Barokah (885 m), Sekolah Tinggi Ilmu Kesehatan Dharma Husada (914 m).","2.5 x 3 meter, Termasuk listrik","Kasur, Lemari / Storage, Ventilasi, Jendela, Bantal","K. Mandi Dalam, Kloset Jongkok, Ember mandi","WiFi, Kulkas, R. Tamu, R. Jemur, R. Santai, Dapur, Jemuran, Pengurus Kos, Jual Makanan, CCTV","Parkir Motor, Parkir Sepeda",,https://mamikos.com/room/kost-kota-bandung-kost-campur-murah-kost-pondok-mahmudah-antapani-bandung?redirection_source=landing%20area,-6.918757898717122,107.65994636894251
Kost Strategis Batununggal Bandung,Campur,Rp750.000,750000,Batununggal,Batununggal,"Kost ini berlokasi dekat dengan jalan raya dengan akses yang hanya bisa dilalui oleh motor/sepeda, berlokasi dekat dengan Warteg Permata (1.0 km), Alfamart A Yani 419 (399 m), Masjid Al Jihad (1.5 km), Universitas Padjadjaran Kampus Dipatiukur (3.3 km).","3 x 3 meter, Tidak termasuk listrik","Kasur, Meja, TV, Lemari / Storage, Ventilasi, Jendela, Guling, Bantal","Kloset Jongkok, K. Mandi Luar, Ember mandi","WiFi, R. Jemur, Pengurus Kos, TV, K. Mandi Luar","Parkir Motor, Parkir Sepeda",,https://mamikos.com/room/kost-bandung-kost-campur-eksklusif-kost-strategis-batununggal-bandung-1?redirection_source=landing%20area,-6.929573204175674,107.64192759969285
Kost Pak Slamet Tipe A Antapani Bandung,Putri,Rp450.000,450000,Antapani,Antapani,"Kost ini berlokasi dekat dengan jalan raya dengan akses yang hanya bisa dilalui oleh motor/sepeda, berlokasi dekat dengan Alfamart Cimuncang 2 (1.9 km), Masjid Al Barokah (790 m), Sekolah Tinggi Ilmu Kesehatan Dharma Husada (705 m).","3 x 2 meter, Termasuk listrik","Kasur, Lemari / Storage","Kloset Jongkok, K. Mandi Luar, Ember mandi","R. Jemur, Dispenser, Dapur","Parkir Motor, Parkir Sepeda",,https://mamikos.com/room/kost-kota-bandung-kost-putri-eksklusif-kost-pak-slamet-tipe-a-antapani-bandung?redirection_source=landing%20area,-6.918601766540752,107.65996578272164
Kost Griya Asri 2 Cibeunying Kaler Bandung,Campur,Rp1.700.000,1700000,Cibeunying Kaler,Cibeunying Kaler,"Kost ini berlokasi dekat dengan jalan raya dengan akses yang hanya bisa dilalui oleh motor/sepeda, berlokasi dekat dengan Warteg Abadi (2.2 km), Alfamart (1.5 km), Church In Bandung (2.2 km), Bank BJB Weekend Banking (734 m), Institut Teknologi Nasional Bandung (1.1 km), RS Ibu dan Anak Al Islam (1.1 km).","3 x 4 meter, Tidak termasuk listrik","AC, Kasur, Meja, Lemari / Storage, Jendela, Guling, Cermin, Bantal, Kursi","K. Mandi Dalam, Kloset Duduk, K. Mandi Luar, Ember mandi, Shower","WiFi, R. Cuci, Kulkas, Mesin Cuci, Penjaga Kos, R. Jemur, R. Makan, Mushola, R. Santai, Dispenser",Parkir Motor & Sepeda,,https://mamikos.com/room/kost-kota-bandung-kost-campur-eksklusif-kost-griya-asri-2-cibeunying-kaler-bandung?redirection_source=landing%20area,-6.888120044200388,107.62997462931116
Kost Guyub Tipe A Cibeunying Kaler Bandung,Campur,Rp600.000,600000,Cibeunying Kaler,Cibeunying Kaler,"Kost ini berlokasi dekat dengan jalan raya dengan akses yang hanya bisa dilalui oleh motor/sepeda, berlokasi dekat dengan Warteg Abadi (2.2 km), Alfamart (1.3 km), Church In Bandung (2.5 km), Bank BJB Weekend Banking (984 m), Institut Teknologi Nasional Bandung (808 m), RS Ibu dan Anak Al Islam (1.2 km).","3 x 3 meter, Termasuk listrik","Kasur, Lemari / Storage, Guling, Cermin","Kloset Jongkok, K. Mandi Luar, Ember mandi","WiFi, R. Jemur, Jemuran, Pengurus Kos, CCTV, Balcon, K. Mandi Luar",Parkir Motor & Sepeda,,https://mamikos.com/room/kost-kota-bandung-kost-campur-murah-kost-guyub-tipe-a-cibeunying-kaler-bandung?redirection_source=landing%20area,-6.887389912778632,107.63005563308514
Kost Jl Sekemerak Cimenyan Bandung,Campur,Rp850.000,850000,Cimenyan,Cimenyan,"Kost ini berlokasi dekat dengan jalan raya dengan akses yang hanya bisa dilalui oleh motor/sepeda, berlokasi dekat dengan Rumah Makan Pondok (2.8 km), Alfamart Bojong Koneng (510 m), Christian Church Pasundan Awiligar (1.7 km), Bank BJB Weekend Banking (3.2 km), Universitas Widyatama (738 m), RS Ibu dan Anak Al Islam (2.2 km).","3 x 4 meter, Tidak termasuk listrik","Ventilasi, Jendela, Dapur Pribadi",Kloset Jongkok,"Dapur, Jemuran, Balcon",Parkir Motor,,https://mamikos.com/room/kost-kabupaten-bandung-kost-campur-murah-kost-jl-sekemerak-cimenyan-bandung-1?redirection_source=landing%20area,-6.880629721955077,107.66329706363585
Kost Muararajeun Lama 1 Tipe D Cibeunying Kaler Bandung,Campur,Rp725.000,725000,Cibeunying Kaler,Cibeunying Kaler,"Kost ini berlokasi dekat dengan jalan raya dengan akses yang hanya bisa dilalui oleh motor/sepeda, berlokasi dekat dengan Warteg Abadi (2.2 km), Alfamart A Yani 419 (1.3 km), Church In Bandung (2.5 km), Bank BJB Weekend Banking (1.0 km), Institut Teknologi Nasional Bandung (805 m), RS Ibu dan Anak Al Islam (1.2 km).","3 x 4 meter, Termasuk listrik","Kasur, Meja, Lemari / Storage, Ventilasi, Jendela, Bantal, Wastafel","Kloset Jongkok, K. Mandi Luar, Ember mandi","WiFi, Penjaga Kos, R. Jemur, Jemuran, Jual Makanan, K. Mandi Luar","Parkir Motor, Parkir Sepeda, Parkir Motor & Sepeda",,https://mamikos.com/room/kost-kota-bandung-kost-campur-eksklusif-kost-muararajeun-lama-1-tipe-d-cibeunying-kaler-bandung-2?redirection_source=landing%20area,-6.884386147012754,107.62897231698213
Kost Sulaksana Tipe A Kiaracondong Bandung,Putra,Rp700.000,700000,Kecamatan Kiaracondong,Kiaracondong,"Kost ini berlokasi dekat dengan jalan raya dengan akses yang hanya bisa dilalui oleh motor/sepeda, berlokasi dekat dengan Warteg Permata (1.4 km), Alfamart West Cikutra (2.7 km), Masjid Al Barokah (278 m), Bank BJB Weekend Banking (2.9 km), Universitas Widyatama (1.3 km), RS Ibu dan Anak Grha Bunda (805 m).","3 x 3 meter, Termasuk listrik","Kasur, Meja, Lemari / Storage, Jendela, Cermin, Bantal, Kursi","Kloset Jongkok, K. Mandi Luar, Ember mandi","WiFi, R. Cuci, R. Tamu, R. Jemur, Dapur, Jemuran, Pengurus Kos, CCTV, Taman, TV","Parkir Motor, Parkir Sepeda",,https://mamikos.com/room/kost-kota-bandung-kost-putra-murah-kost-sulaksana-tipe-a-kiaracondong-bandung-2?redirection_source=landing%20area,-6.9227848760340605,107.64456624272637
Kost Nevy Tipe A Cibeunying Kidul Bandung,Putra,Rp550.000,550000,Kecamatan Cibeunying Kidul,Cibeunying Kidul,"Kost ini berlokasi dekat dengan jalan raya dengan akses yang hanya bisa dilalui oleh motor/sepeda, berlokasi dekat dengan Warteg Permata (2.3 km), Alfamart Cimuncang 2 (419 m), Masjid Al Barokah (1.5 km), Bank BJB Weekend Banking (2.7 km), Universitas Widyatama (192 m), RS Ibu dan Anak Al Islam (1.5 km).","3 x 4 meter, Termasuk listrik","Kasur, Lemari / Storage, Jendela, Bantal","Kloset Jongkok, K. Mandi Luar, Ember mandi, Bak mandi","WiFi, Penjaga Kos, Dispenser, Jemuran, Pengurus Kos, CCTV, K. Mandi Luar","Parkir Motor, Parkir Sepeda, Parkir Motor & Sepeda",,https://mamikos.com/room/kost-kota-bandung-kost-putra-murah-kost-nevy-tipe-a-cibeunying-kidul-bandung-2?redirection_source=landing%20area,-6.897908656622753,107.64811942545664
Kost Orange Tipe B Cikondang Coblong Bandung,Campur,Rp750.000,750000,Coblong,Coblong,"Kost ini berlokasi dekat dengan jalan raya dengan akses yang hanya bisa dilalui oleh motor/sepeda, berlokasi dekat dengan Warteg Gaul (1.7 km), Alfamart Bojong Koneng (1.5 km), Masjid MUI Kota Bandung (518 m), BSI KCP Bandung Dago (2.0 km), Universitas Padjadjaran Kampus Dipatiukur (1.5 km), RS Umum Santo Borromeus (1.9 km).","4 x 3,5 meter, Termasuk listrik","Kasur, Meja, Lemari / Storage, Kursi","Kloset Jongkok, Ember mandi, Shower","WiFi, Kulkas, R. Jemur, Dispenser, Dapur, Balcon, TV, K. Mandi Luar",Parkir Motor,,https://mamikos.com/room/kost-kota-bandung-kost-campur-murah-kost-orange-tipe-b-cikondang-coblong-bandung?redirection_source=landing%20area,-6.879177376924028,107.61522046237984
Kost Muararajeun Lama 1 Tipe C Cibeunying Kaler Bandung,Campur,Rp750.000,750000,Cibeunying Kaler,Cibeunying Kaler,"Kost ini berlokasi dekat dengan jalan raya dengan akses yang hanya bisa dilalui oleh motor/sepeda, berlokasi dekat dengan Warteg Abadi (2.2 km), Alfamart A Yani 419 (1.3 km), Masjid Al Kautsar (2.0 km), Bank Mandiri Bandung Priority Banking Soerapatti (1.5 km), Universitas Padjadjaran Kampus Dipatiukur (1.8 km), RS Umum Santo Borromeus (2.1 km).","3.5 x 2 meter, Termasuk listrik","Kasur, Meja, Lemari / Storage, Ventilasi, Jendela, Bantal","Kloset Jongkok, K. Mandi Luar, Ember mandi","WiFi, R. Cuci, Penjaga Kos, R. Jemur, Jemuran, Pengurus Kos, Jual Makanan, K. Mandi Luar","Parkir Motor, Parkir Sepeda, Parkir Motor & Sepeda",,https://mamikos.com/room/kost-kota-bandung-kost-campur-eksklusif-kost-muararajeun-lama-1-tipe-c-cibeunying-kaler-bandung-2?redirection_source=landing%20area,-6.8883171179397,107.62918126098894
Kost Humaira Cibeunying Kaler Bandung,Putri,Rp1.200.000,1200000,Kecamatan Cibeunying Kaler,Cibeunying Kaler,"Kost ini berlokasi dekat dengan jalan raya dengan akses yang hanya bisa dilalui oleh motor/sepeda, berlokasi dekat dengan Warteg Cintaasih (2.3 km), Alfamart (1.1 km), Christian Church Pasundan Awiligar (2.1 km), Bank BJB Weekend Banking (1.4 km), Institut Teknologi Nasional Bandung (374 m), RS Ibu dan Anak Al Islam (1.3 km).","2 x 3.5 meter, Tidak termasuk listrik","Kasur, Meja, Lemari / Storage, Ventilasi, Jendela, Cermin, Kursi","K. Mandi Dalam, Kloset Duduk, Wastafel, Shower","WiFi, R. Tamu, Penjaga Kos, R. Jemur, R. Makan, R. Santai, Dapur, Pengurus Kos, Jual Makanan, CCTV","Parkir Motor, Parkir Sepeda, Parkir Motor & Sepeda",,https://mamikos.com/room/kost-kota-bandung-kost-putri-eksklusif-humaira-kost-putri-cibeunying-kaler-bandung?redirection_source=landing%20area,-6.888210277180417,107.62997107809939
Kost Mahameru Co Living Suite Cibeunying Kidul Bandung,Campur,Rp2.500.000,2500000,Kecamatan Cibeunying Kidul,Cibeunying Kidul,"Kost ini berlokasi dekat dengan jalan raya dengan akses masuk mobil, berlokasi dekat dengan Warteg Bahari (2.8 km), Alfamart (2.4 km), Masjid Al Jihad (592 m), Bank BJB - Cabang Utama Bandung (2.8 km), Institut Teknologi Nasional Bandung (1.6 km), RS Ibu dan Anak Al Islam (642 m).","3 x 4 meter, Tidak termasuk listrik","AC, Kasur, Dispenser, Meja, TV, Lemari / Storage, Jendela, Guling, Cermin, Bantal","Kloset Duduk, Kloset Jongkok, K. Mandi Luar, Wastafel, Shower, Air panas","WiFi, R. Cuci, Kulkas, Penjaga Kos, R. Jemur, R. Santai, Dispenser, Dapur, Jemuran, Pengurus Kos","Parkir Mobil, Parkir Motor & Sepeda",,https://mamikos.com/room/kost-kota-bandung-kost-campur-eksklusif-kost-mahameru-co-living-suite-cibeunying-kidul-bandung?redirection_source=landing%20area,-6.897738529136236,107.65059063711948
Kost Pondok Salsabila Tipe Standar A Cibeunying Kidul Bandung,Campur,Rp950.000,950000,Cibeunying Kidul,Cibeunying Kidul,"Kost ini berlokasi dekat dengan jalan raya dengan akses yang hanya bisa dilalui oleh motor/sepeda, berlokasi dekat dengan Warteg Cintaasih (2.1 km), Alfamart (2.2 km), Masjid Al Barokah (1.3 km), Bank BJB Weekend Banking (2.0 km), Universitas Widyatama (826 m), RS Ibu dan Anak Al Islam (617 m).","3 x 3 meter, Tidak termasuk listrik","Kasur, Lemari / Storage, Bantal","K. Mandi Dalam, Kloset Jongkok, K. Mandi Luar, Shower","R. Jemur, Mushola, R. Santai, Jemuran, Pengurus Kos, K. Mandi Luar","Parkir Motor, Parkir Sepeda",,https://mamikos.com/room/kost-kota-bandung-kost-campur-murah-kost-pondok-salsabila-tipe-standar-a-cibeunying-kidul-bandung-2?redirection_source=landing%20area,-6.898889081870658,107.64817100401712
Kost Kumeli 30 Standart Cibeunying Kaler Bandung,Putri,Rp950.000,950000,Kecamatan Cibeunying Kaler,Cibeunying Kaler,"Kost ini berlokasi dekat dengan jalan raya dengan akses yang hanya bisa dilalui oleh motor/sepeda, berlokasi dekat dengan Warteg Aero (2.5 km), Alfamart Bojong Koneng (1.2 km), Masjid Pusdai (871 m), BSI KCP Bandung Dago (2.7 km), Universitas Padjadjaran Kampus Dipatiukur (1.8 km), RS Khusus Gigi dan Mulut UNPAD (1.7 km).","3 x 4 meter, Termasuk listrik","Kasur, Meja, Lemari / Storage, Jendela, Guling, Bantal, Kursi","Kloset Duduk, K. Mandi Luar, Shower","WiFi, Kulkas, Mesin Cuci, Laundry, R. Tamu, Penjaga Kos, R. Jemur, R. Makan, Dispenser, Dapur",Parkir Motor,,https://mamikos.com/room/kost-kota-bandung-kost-putri-murah-kost-kumeli-30-standart-cibeunying-kaler-bandung-1?redirection_source=landing%20area,-6.884616523075899,107.6279030557746
Kost Orange Tipe G Cikondang Coblong Bandung,Campur,Rp1.300.000,1300000,Coblong,Coblong,"Kost ini berlokasi dekat dengan jalan raya dengan akses yang hanya bisa dilalui oleh motor/sepeda, berlokasi dekat dengan Warteg Gaul (1.7 km), Alfamart Bojong Koneng (1.5 km), Masjid MUI Kota Bandung (518 m), BSI KCP Bandung Dago (2.0 km), Universitas Padjadjaran Kampus Dipatiukur (1.5 km), RS Umum Santo Borromeus (1.9 km).","4 x 6 meter, Termasuk listrik","Kasur, Meja, Lemari / Storage, Kursi","K. Mandi Dalam, Kloset Jongkok, Ember mandi, Shower","WiFi, Kulkas, R. Jemur, Dispenser, Dapur, Balcon, TV",Parkir Motor,,https://mamikos.com/room/kost-kota-bandung-kost-campur-eksklusif-kost-orange-tipe-g-cikondang-coblong-bandung?redirection_source=landing%20area,-6.880532574632758,107.61553769671511
Kost Nur Muhaji Tipe A Batununggal Bandung,Campur,Rp1.200.000,1200000,Batununggal,Batununggal,"Kost ini berlokasi dekat dengan jalan raya dengan akses yang hanya bisa dilalui oleh motor/sepeda, berlokasi dekat dengan Warteg Bahari (2.0 km), Alfamart (2.6 km), Masjid Al Jihad (264 m), Bank BJB - Cabang Utama Bandung (2.2 km), Institut Teknologi Nasional Bandung (2.4 km), RS Ibu dan Anak Al Islam (1.5 km).","4 x 4 meter, Tidak termasuk listrik","Kasur, Lemari / Storage, Ventilasi, Jendela, Guling, Bantal","K. Mandi Dalam, Kloset Duduk, Ember mandi","WiFi, Laundry, Penjaga Kos, Jemuran, Pengurus Kos, CCTV","Parkir Motor, Parkir Motor & Sepeda",,https://mamikos.com/room/kost-kota-bandung-kost-campur-eksklusif-kost-nur-muhaji-tipe-a-batununggal-bandung-2?redirection_source=landing%20area,-6.928343865080329,107.64084114739617
Kost Nin Ae Tife F Mandalajati Bandung,Campur,Rp1.100.000,1100000,Kecamatan Mandalajati,Mandalajati,"Kost ini berlokasi dekat dengan jalan raya dengan akses yang hanya bisa dilalui oleh motor/sepeda, berlokasi dekat dengan Warteg Permata (2.8 km), PT. Indomarco Prismatama (661 m), Masjid Al Barokah (1.7 km), Universitas Widyatama (1.4 km), RS Umum Hermina Arcamanik (1.2 km).","3 x 4 meter, Termasuk listrik","Kasur, Meja, Lemari / Storage, Ventilasi, Cermin, Bantal, Kursi, Cleaning service","Kloset Duduk, K. Mandi Luar, Wastafel, Shower, Air panas","WiFi, Penjaga Kos, Jemuran, Pengurus Kos, Jual Makanan, CCTV, Kartu Akses, K. Mandi Luar","Parkir Mobil, Parkir Motor, Parkir Sepeda, Parkir Motor & Sepeda",,https://mamikos.com/room/kost-kota-bandung-kost-campur-eksklusif-kost-nin-ae-tife-f-mandalajati-bandung?redirection_source=landing%20area,-6.896913183237368,107.67189643074497
Kost Rumah Sepuluh Cibeunying Kidul Bandung,Putra,Rp850.000,850000,Kecamatan Cibeunying Kidul,Cibeunying Kidul,"Kost ini berlokasi dekat dengan jalan raya dengan akses yang hanya bisa dilalui oleh motor/sepeda, berlokasi dekat dengan Warteg Cintaasih (2.4 km), Alfamart (1.7 km), Masjid Al Barokah (1.7 km), Bank BJB Weekend Banking (1.9 km), Institut Teknologi Nasional Bandung (505 m), RS Ibu dan Anak Al Islam (968 m).","3 x 3 meter, Tidak termasuk listrik","Kasur, Meja, Lemari / Storage, Ventilasi, Jendela, Guling, Cermin, Bantal, Kursi, Kipas Angin","Kloset Duduk, K. Mandi Luar, Ember mandi","WiFi, Kulkas, Dapur, Jemuran, CCTV",Parkir Motor,,https://mamikos.com/room/kost-kota-bandung-kost-putra-murah-kost-rumah-sepuluh-cibeunying-kidul-bandung-2?redirection_source=landing%20area,-6.899857160004061,107.64848714961121
Kost LQA Kiaracondong Bandung,Putri,Rp700.000,700000,Kiaracondong,Kiaracondong,"Kost ini berlokasi dekat dengan jalan raya dengan akses jalan raya, berlokasi dekat dengan Warteg Permata (524 m), Alfamart A Yani 419 (1.1 km), Masjid Al Barokah (644 m), Sekolah Tinggi Ilmu Kesehatan Dharma Husada (499 m).","3 x 3 meter, Tidak termasuk listrik","Meja, Lemari / Storage, Kursi","Kloset Jongkok, K. Mandi Luar, Bak mandi",Jemuran,Parkir Motor,,https://mamikos.com/room/kost-bandung-kost-putri-murah-kost-lqa-kiaracondong-bandung-1?redirection_source=landing%20area,-6.924945325165937,107.6449116649501
Kost Pelangi Cimenyan Bandung,Campur,Rp950.000,950000,Kecamatan Cimenyan,Cimenyan,"Kost ini berlokasi dekat dengan jalan raya dengan akses masuk mobil, berlokasi dekat dengan Rumah Makan Pondok (3.5 km), Alfamart Bojong Koneng (1.3 km), Christian Church Pasundan Awiligar (1.7 km), Universitas Widyatama (1.5 km), RS Umum Santo Yusup (2.5 km).","3 x 4 meter, Tidak termasuk listrik","Ventilasi, Jendela","K. Mandi Dalam, Kloset Jongkok, Ember mandi","R. Jemur, Dapur, Jemuran, Balcon","Parkir Motor, Parkir Sepeda",,https://mamikos.com/room/kost-kabupaten-bandung-kost-campur-murah-kost-pelangi-cimenyan-bandung?redirection_source=landing%20area,-6.880391774897924,107.66447476314715
Kost Moluska By Ibu Susi Tipe A Cibeunying Kidul Bandung,Putri,Rp600.000,600000,Cibeunying Kidul,Cibeunying Kidul,"Kost ini berlokasi dekat dengan jalan raya dengan akses yang hanya bisa dilalui oleh motor/sepeda, berlokasi dekat dengan Warteg Aero (2.8 km), Alfamart (1.2 km), Christian Church Pasundan Awiligar (1.4 km), Bank BJB Weekend Banking (2.4 km), Institut Teknologi Nasional Bandung (594 m), RS Ibu dan Anak Al Islam (1.8 km).","3 x 2 meter, Termasuk listrik","Kasur, Bantal","Kloset Jongkok, Shower","WiFi, R. Cuci, R. Tamu, R. Jemur, R. Makan, R. Santai, Dispenser, Dapur, Jemuran, Rice Cooker",,,https://mamikos.com/room/kost-kota-bandung-kost-putri-murah-kost-moluska-by-ibu-susi-tipe-a-cibeunying-kidul-bandung?redirection_source=landing%20area,-6.897488377921689,107.64935272245523
Kost Baru Cibeunying Kaler Bandung,Campur,Rp1.800.000,1800000,Kecamatan Cibeunying Kaler,Cibeunying Kaler,"Kost ini berlokasi dekat dengan jalan raya dengan akses yang hanya bisa dilalui oleh motor/sepeda, berlokasi dekat dengan Warteg Aero (3.0 km), Alfamart (1.4 km), Christian Church Pasundan Awiligar (1.5 km), Bank BJB Weekend Banking (2.3 km), Institut Teknologi Nasional Bandung (524 m), RS Ibu dan Anak Al Islam (1.6 km).","3 x 4.5 meter, Tidak termasuk listrik","AC, Kasur, Meja, Lemari / Storage, Ventilasi, Jendela, Cermin, Bantal, Kursi","K. Mandi Dalam, Kloset Duduk, Wastafel, Shower, Air panas","WiFi, Kulkas, Laundry, R. Jemur, Dapur, Jemuran, Pengurus Kos, Jual Makanan, CCTV, Rooftop",Parkir Motor & Sepeda,,https://mamikos.com/room/kost-kota-bandung-kost-campur-eksklusif-kost-baru-cibeunying-kaler-bandung-2?redirection_source=landing%20area,-6.884975042559705,107.62733982459783
Kost No 73 Tipe A Cibeunying Kaler Bandung,Putra,Rp1.000.000,1000000,Cibeunying Kaler,Cibeunying Kaler,"Kost ini berlokasi dekat dengan jalan raya dengan akses yang hanya bisa dilalui oleh motor/sepeda, berlokasi dekat dengan Rumah Makan Boemi Mitoha (786 m), Alfamart A Yani 419 (1.3 km), Masjid Pusdai (725 m), Institut Teknologi Nasional Bandung (612 m), Sinar Abadi Balubur Town Square (2.5 km).","3 x 3 meter, Tidak termasuk listrik","Kasur, Meja, Lemari / Storage, Kursi","Kloset Duduk, K. Mandi Luar, Ember mandi, Bak mandi","WiFi, Laundry, R. Jemur, R. Santai, Dapur","Parkir Mobil, Parkir Motor, Parkir Sepeda",,https://mamikos.com/room/kost-kota-bandung-kost-putra-eksklusif-kost-no-73-tipe-a-cibeunying-kaler-bandung?redirection_source=landing%20area,-6.886074267849768,107.62785078502829
Kost Sidomukti 30 Tipe A Cibeunying Kaler Bandung,Putra,Rp925.000,925000,Kecamatan Cibeunying Kaler,Cibeunying Kaler,"Kost ini berlokasi dekat dengan jalan raya dengan akses yang hanya bisa dilalui oleh motor/sepeda, berlokasi dekat dengan Warteg Aero (2.0 km), Alfamart (2.9 km), Christian Church Pasundan Awiligar (1.7 km), Bank BJB Weekend Banking (1.8 km), Institut Teknologi Bandung (2.1 km), RS Ibu dan Anak Al Islam (1.9 km).","3 x 3 meter, Termasuk listrik","Kasur, Meja, Lemari / Storage, Jendela, Bantal, Kursi","Kloset Duduk, Kloset Jongkok, K. Mandi Luar, Wastafel, Shower, Air panas, Bak mandi","WiFi, R. Cuci, Kulkas, Mesin Cuci, R. Tamu, R. Jemur, Jemuran, R. Keluarga, K. Mandi Luar","Parkir Mobil, Parkir Motor, Parkir Sepeda, Parkir Motor & Sepeda",,https://mamikos.com/room/kost-kota-bandung-kost-putra-murah-kost-sidomukti-30-tipe-a-cibeunying-kaler-bandung-2?redirection_source=landing%20area,-6.887165932081078,107.63074608984306
Kost Pak Resmana Cibeunying Kidul Bandung,Putri,Rp750.000,750000,Kecamatan Cibeunying Kidul,Cibeunying Kidul,"Kost ini berlokasi dekat dengan jalan raya dengan akses yang hanya bisa dilalui oleh motor/sepeda, berlokasi dekat dengan Warteg Cintaasih (2.9 km), Alfamart (2.0 km), Masjid Al Barokah (1.7 km), Bank BJB Weekend Banking (2.5 km), Universitas Widyatama (141 m), RS Ibu dan Anak Al Islam (1.4 km).","3.5 x 2 meter, Termasuk listrik","Kasur, Lemari / Storage","K. Mandi Dalam, Kloset Jongkok, Ember mandi","WiFi, Penjaga Kos, R. Jemur, Dispenser, Dapur, Jemuran, Pengurus Kos, Jual Makanan, Rooftop, Gazebo",,,https://mamikos.com/room/kost-kota-bandung-kost-putri-murah-kos-pak-resmana-cibeunying-kidul-bandung-2?redirection_source=landing%20area,-6.898433507164042,107.64817068087541
Kost Depok Tipe B Antapani Bandung,Campur,Rp1.300.000,1300000,Kecamatan Antapani,Antapani,"Kost ini berlokasi dekat dengan jalan raya dengan akses yang hanya bisa dilalui oleh motor/sepeda, berlokasi dekat dengan Warteg Cintaasih (3.0 km), PT. Indomarco Prismatama (1.3 km), Masjid Al Barokah (693 m), Bank Mandiri Bandung MTC (3.1 km), Universitas Widyatama (2.2 km), RS Ibu dan Anak Grha Bunda (1.3 km).","4.5 x 4.5 meter, Termasuk listrik","Kasur, Meja, Lemari / Storage, Ventilasi, Jendela, Guling, Cermin, Bantal, Wastafel, Kursi","Kloset Jongkok, K. Mandi Luar, Wastafel, Ember mandi, Shower, Bak mandi","WiFi, R. Cuci, Penjaga Kos, R. Jemur, Dapur, Jemuran, Pengurus Kos, CCTV, Kartu Akses, Locker","Parkir Motor, Parkir Sepeda, Parkir Motor & Sepeda",,https://mamikos.com/room/kost-kota-bandung-kost-campur-eksklusif-kost-depok-tipe-b-antapani-bandung?redirection_source=landing%20area,-6.917395082304723,107.65886234369303
Kost Crysant House Tipe B Cibeunying Kaler Bandung,Campur,Rp1.350.000,1350000,Cibeunying Kaler,Cibeunying Kaler,"Kost ini berlokasi dekat dengan jalan raya dengan akses yang hanya bisa dilalui oleh motor/sepeda, berlokasi dekat dengan Warteg Abadi (2.2 km), Alfamart (854 m), Christian Church Pasundan Awiligar (2.2 km), Bank BJB Weekend Banking (1.3 km), Institut Teknologi Nasional Bandung (724 m), RS Ibu dan Anak Al Islam (1.5 km).","3 x 4 meter, Tidak termasuk listrik","Kasur, Meja, Lemari / Storage, Ventilasi, Jendela, Kursi","K. Mandi Dalam, Kloset Duduk, Wastafel, Shower, Air panas","WiFi, Penjaga Kos, R. Jemur, R. Santai, Dapur, Jemuran, Pengurus Kos, CCTV, Joglo","Parkir Mobil, Parkir Motor, Parkir Sepeda",,https://mamikos.com/room/kost-kota-bandung-kost-campur-eksklusif-kost-crysant-house-tipe-b-cibeunying-kaler-bandung?redirection_source=landing%20area,-6.886856225201406,107.62996146056993
Kost Bu Sur Tipe A Cibeunying Kidul Bandung,Putri,Rp600.000,600000,Kecamatan Cibeunying Kidul,Cibeunying Kidul,"Kost ini berlokasi dekat dengan jalan raya dengan akses yang hanya bisa dilalui oleh motor/sepeda, berlokasi dekat dengan Warteg Cintaasih (2.3 km), Alfamart Cimuncang 2 (842 m), Masjid Al Barokah (1.2 km), Bank BJB Weekend Banking (2.1 km), Universitas Widyatama (690 m), RS Khusus Gigi dan Mulut UNPAD (3.0 km).","2 x 2 meter, Termasuk listrik","Kasur, Meja, Lemari / Storage, Ventilasi, Jendela, Cermin, Bantal, Kursi","Kloset Duduk, Kloset Jongkok, K. Mandi Luar, Ember mandi, Shower, Bak mandi","WiFi, R. Jemur, R. Santai, Dispenser, Dapur, Jemuran, Pengurus Kos, Balcon, Taman, TV","Parkir Motor, Parkir Sepeda",,https://mamikos.com/room/kost-kota-bandung-kost-putri-murah-kost-bu-sur-tipe-a-cibeunying-kidul-bandung?redirection_source=landing%20area,-6.898932164696381,107.65057667095186
Kost Elroi Bojong Koneng Atas Cikutra Tipe A2 Cimenyan Bandung,Putra,Rp1.600.000,1600000,Cimenyan,Cimenyan,"Kost ini berlokasi dekat dengan jalan raya dengan akses yang hanya bisa dilalui oleh motor/sepeda, berlokasi dekat dengan Rumah Makan Pondok (3.0 km), Alfamart (2.3 km), Christian Church Pasundan Awiligar (1.4 km), Bank BJB Weekend Banking (3.4 km), Universitas Widyatama (1.1 km), RS Ibu dan Anak Al Islam (2.5 km).","3 x 4 meter, Tidak termasuk listrik","AC, Kasur, Meja, Lemari / Storage, Ventilasi, Jendela, Guling, Cermin, Bantal, Kursi","K. Mandi Dalam, Kloset Duduk, Ember mandi, Shower, Air panas","WiFi, Kulkas, R. Tamu, Penjaga Kos, R. Jemur, R. Makan, R. Santai, Dispenser, Dapur, Jemuran","Parkir Motor, Parkir Motor & Sepeda",,https://mamikos.com/room/kost-kabupaten-bandung-kost-putra-eksklusif-kost-elroi-bojong-koneng-atas-cikutra-tipe-a2-cimenyan-bandung-2?redirection_source=landing%20area,-6.881581120634041,107.66548451233221
Kost Patma Tipe F Cibeunying Kaler Bandung,Putri,Rp650.000,650000,Kecamatan Cibeunying Kaler,Cibeunying Kaler,"Kost ini berlokasi dekat dengan jalan raya dengan akses yang hanya bisa dilalui oleh motor/sepeda, berlokasi dekat dengan Warteg Aero (2.1 km), Alfamart (2.9 km), Christian Church Pasundan Awiligar (1.8 km), Bank BJB Weekend Banking (1.7 km), Institut Teknologi Nasional Bandung (782 m), RS Ibu dan Anak Al Islam (1.9 km).","2.7 x 3.5 meter, Tidak termasuk listrik","Kasur, Lemari / Storage, Jendela, Bantal","Kloset Jongkok, K. Mandi Luar, Ember mandi","WiFi, Kulkas, R. Jemur, Dapur, Jemuran, Pengurus Kos",Parkir Motor & Sepeda,,https://mamikos.com/room/kost-kota-bandung-kost-putri-murah-kost-patma-tipe-f-cibeunying-kaler-bandung-2?redirection_source=landing%20area,-6.885098402717192,107.62991059212878
Kost Bengawan 83 Tipe B Bandung Wetan Bandung,Campur,Rp1.350.000,1350000,Bandung Wetan,Bandung Wetan,"Kost ini berlokasi dekat dengan jalan raya dengan akses yang hanya bisa dilalui oleh motor/sepeda, berlokasi dekat dengan Rumah Makan Boemi Mitoha (746 m), Alfamart A Yani 419 (988 m), Masjid Al Jihad (748 m), Bank BJB Weekend Banking (554 m), Universitas Padjadjaran Kampus Dipatiukur (2.4 km), RS Ibu dan Anak Limijati (1.9 km).","3.5 x 3.5 meter, Termasuk listrik","Kasur, Meja, Lemari / Storage, Ventilasi, Jendela, Cermin, Bantal, Kursi, Kipas Angin, Cleaning service","Kloset Duduk, K. Mandi Luar, Shower, Air panas","WiFi, R. Cuci, Kulkas, Mesin Cuci, R. Tamu, Penjaga Kos, R. Jemur, R. Makan, R. Santai, Dispenser","Parkir Mobil, Parkir Motor, Parkir Sepeda",,https://mamikos.com/room/kost-kota-bandung-kost-campur-eksklusif-kost-bengawan-83-tipe-b-bandung-wetan-bandung-2?redirection_source=landing%20area,-6.9034317982532825,107.61599858613059
Kost Anyer Batununggal Bandung,Putri,Rp750.000,750000,Kecamatan Batununggal,Batununggal,"Kost ini berlokasi dekat dengan jalan raya dengan akses yang hanya bisa dilalui oleh motor/sepeda, berlokasi dekat dengan Warteg Bahari (2.6 km), Alfamart A Yani 419 (809 m), Church In Bandung (2.1 km), Citibank Indonesia (2.5 km), Institut Teknologi Nasional Bandung (2.2 km), RS Umum Santo Yusup (1.4 km).","3 x 3 meter, Termasuk listrik","Kasur, Guling, Bantal","Kloset Duduk, K. Mandi Luar, Bak mandi","WiFi, R. Jemur, Dispenser, Dapur, Jemuran, K. Mandi Luar","Parkir Mobil, Parkir Motor, Parkir Sepeda",,https://mamikos.com/room/kost-kota-bandung-kost-putri-murah-kost-anyer-batununggal-bandung?redirection_source=landing%20area,-6.926691458576175,107.6395299725397
Kost Manteron Tipe A Cibeunying Kaler Bandung,Putra,Rp900.000,900000,Kecamatan Cibeunying Kaler,Cibeunying Kaler,"Kost ini berlokasi dekat dengan jalan raya dengan akses yang hanya bisa dilalui oleh motor/sepeda, berlokasi dekat dengan Rumah Makan Pondok (909 m), Alfamart Bojong Koneng (1.5 km), Masjid Pusdai (681 m), Institut Teknologi Nasional Bandung (630 m), Sinar Abadi Balubur Town Square (2.3 km).","2 x 3 meter, Tidak termasuk listrik","Kasur, Meja, Lemari / Storage, Cermin, Bantal","Kloset Jongkok, K. Mandi Luar, Ember mandi","WiFi, Mushola, Dapur, Jemuran, Pengurus Kos, Jual Makanan, Balcon, K. Mandi Luar",Parkir Motor,,https://mamikos.com/room/kost-kota-bandung-kost-putra-eksklusif-kost-manteron-tipe-a-cibeunying-kaler-bandung?redirection_source=landing%20area,-6.8854779803264705,107.62797712607298
Kost Pondok Audit Tipe A Cimenyan Bandung,Putri,Rp975.000,975000,Cimenyan,Cimenyan,"Kost ini berlokasi dekat dengan jalan raya dengan akses yang hanya bisa dilalui oleh motor/sepeda, berlokasi dekat dengan Alfamart Cimuncang 2 (1.1 km), Christian Church Pasundan Awiligar (2.1 km), Sekolah Tinggi Ilmu Komunikasi Bandung (721 m).","3 x 3 meter, Termasuk listrik","Kasur, Meja, Lemari / Storage, Ventilasi, Jendela, Guling, Cermin, Bantal, Kursi","Kloset Duduk, K. Mandi Luar, Ember mandi, Shower, Air panas","WiFi, R. Cuci, Kulkas, Mesin Cuci, R. Tamu, Penjaga Kos, R. Jemur, R. Santai, Dispenser, Dapur","Parkir Motor, Parkir Sepeda",,https://mamikos.com/room/kost-kabupaten-bandung-kost-putri-eksklusif-kost-pondok-audit-tipe-a-cimenyan-bandung-2?redirection_source=landing%20area,-6.88079511789705,107.66517192954886
Kost Wisma Amanah Cibeunying kidul Bandung,Campur,Rp1.900.000,1900000,Cibeunying Kidul,Cibeunying Kidul,"Kost ini berlokasi dekat dengan jalan raya dengan akses jalan raya, berlokasi dekat dengan Alfamart Cimuncang 2 (698 m), Christian Church Pasundan Awiligar (2.5 km), Universitas Widyatama (509 m).","3 x 5 meter, Termasuk listrik","AC, Kasur, Dispenser, Meja, TV, Meja Rias, Lemari / Storage, Kursi","K. Mandi Dalam, Kloset Duduk, Wastafel, Shower, Air panas","WiFi, Laundry, R. Tamu, Penjaga Kos, R. Makan, R. Santai, Dispenser, Dapur, R. Keluarga, Taman","Parkir Mobil, Parkir Motor, Parkir Sepeda",,https://mamikos.com/room/kost-bandung-kost-campur-eksklusif-kost-wisma-amanah-cibeunying-kidul-bandung-1?redirection_source=landing%20area,-6.897247605987099,107.64852336746249
Kost Anggrek Barokah Bandung Wetan Bandung,Campur,Rp1.700.000,1700000,Kecamatan Bandung Wetan,Bandung Wetan,"Kost ini berlokasi dekat dengan jalan raya dengan akses yang hanya bisa dilalui oleh motor/sepeda, berlokasi dekat dengan Warteg Abadi (2.3 km), Alfamart A Yani 419 (971 m), Masjid Al Kautsar (1.5 km), Citibank Indonesia (2.0 km), Universitas Padjadjaran Kampus Dipatiukur (2.4 km), RS Umum Bungsu (2.1 km).","3 x 4 meter, Termasuk listrik","Kasur, Dispenser, Meja, TV, Lemari / Storage, Ventilasi, Jendela, Guling, Cermin, Bantal","K. Mandi Dalam, Kloset Duduk, Shower, Air panas","WiFi, R. Cuci, Kulkas, Penjaga Kos, R. Jemur, Dispenser, Dapur, Jemuran, Pengurus Kos, CCTV","Parkir Mobil, Parkir Motor, Parkir Sepeda",,https://mamikos.com/room/kost-kota-bandung-kost-campur-eksklusif-kost-anggrek-barokah-bandung-wetan-bandung?redirection_source=landing%20area,-6.90640275181299,107.6153580404517
Kost Sidomukti 65 Tipe A Cibeunying Kaler Bandung,Campur,Rp950.000,950000,Kecamatan Cibeunying Kaler,Cibeunying Kaler,"Kost ini berlokasi dekat dengan jalan raya dengan akses yang hanya bisa dilalui oleh motor/sepeda, berlokasi dekat dengan Warteg Aero (2.1 km), Alfamart (3.1 km), Christian Church Pasundan Awiligar (1.5 km), Bank BJB Weekend Banking (2.0 km), Institut Teknologi Nasional Bandung (786 m), RS Ibu dan Anak Al Islam (2.0 km).","3 x 4 meter, Tidak termasuk listrik",Kasur,"K. Mandi Dalam, Kloset Duduk, Kloset Jongkok, Shower, Air panas","WiFi, R. Makan, Dapur, Jemuran, Pengurus Kos, Rooftop, Balcon","Parkir Mobil, Parkir Motor, Parkir Sepeda, Parkir Motor & Sepeda",,https://mamikos.com/room/kost-kota-bandung-kost-campur-murah-kost-sidomukti-65-tipe-a-cibeunying-kaler-bandung-2?redirection_source=landing%20area,-6.8857841001094195,107.62998917689046
Kost Karambia Cimenyan Bandung,Putri,Rp2.250.000,2250000,Cimenyan,Cimenyan,"Kost ini berlokasi dekat dengan jalan raya dengan akses yang hanya bisa dilalui oleh motor/sepeda, berlokasi dekat dengan Alfamart Bojong Koneng (1.4 km), Christian Church Pasundan Awiligar (1.7 km), Sekolah Tinggi Ilmu Komunikasi Bandung (867 m).","3 x 7 meter, Termasuk listrik","Kasur, Meja, Lemari / Storage, Ventilasi, Meja makan, Jendela, Guling, Cermin, Bantal, Wastafel","K. Mandi Dalam, Kloset Duduk, Wastafel, Ember mandi, Shower, Air panas","WiFi, R. Cuci, Kulkas, Mesin Cuci, R. Jemur, R. Santai, Dapur, Jemuran, Rice Cooker, Balcon","Parkir Motor, Parkir Sepeda",,https://mamikos.com/room/kost-kabupaten-bandung-kost-putri-eksklusif-kost-karambia-cimenyan-bandung-2?redirection_source=landing%20area,-6.880322157430983,107.66557693300632
Kost Rezky Ahmad Yani Kiaracondong Bandung,Campur,Rp850.000,850000,Kiaracondong,Kiaracondong,"Kost ini berlokasi dekat dengan jalan raya dengan akses yang hanya bisa dilalui oleh motor/sepeda, berlokasi dekat dengan Rumah Makan Amanah (2.8 km), Alfamart Cimuncang 2 (524 m), Masjid Al Barokah (836 m), Akademi Pariwisata BSI Bandung (887 m).","3 x 4 meter, Termasuk listrik","Kasur, Lemari / Storage, Jendela","K. Mandi Dalam, Kloset Duduk, Kloset Jongkok, Ember mandi, Shower","WiFi, R. Cuci, R. Tamu, R. Jemur, Dapur, Jemuran, CCTV",Parkir Motor,,https://mamikos.com/room/kost-kota-bandung-kost-campur-murah-kost-rezky-ahmad-yani-kiaracondong-bandung-2?redirection_source=landing%20area,-6.924107361366689,107.64444021741126
Kost Evelyn Home Tipe 2 Cibeunying Kidul Bandung,Putri,Rp750.000,750000,Cibeunying Kidul,Cibeunying Kidul,"Kost ini berlokasi dekat dengan jalan raya dengan akses yang hanya bisa dilalui oleh motor/sepeda, berlokasi dekat dengan Alfamart Bojong Koneng (351 m), Christian Church Pasundan Awiligar (2.0 km), Universitas Widyatama (180 m), RS Umum Santo Yusup (992 m).","3 x 4 meter, Termasuk listrik","Kasur, Lemari / Storage, Cermin","K. Mandi Dalam, Kloset Jongkok, Ember mandi","WiFi, R. Jemur, Dapur",,,https://mamikos.com/room/kost-kota-bandung-kost-putri-murah-kost-evelyn-home-tipe-2-cibeunying-kidul-bandung?redirection_source=landing%20area,-6.900041262105786,107.65083039456376
Kost Berry Budi Tipe A Cibeunying Kidul Bandung,Campur,Rp650.000,650000,Kecamatan Cibeunying Kidul,Cibeunying Kidul,"Kost ini berlokasi dekat dengan jalan raya dengan akses yang hanya bisa dilalui oleh motor/sepeda, berlokasi dekat dengan Warteg Cintaasih (2.4 km), Alfamart (1.8 km), Masjid Al Barokah (1.7 km), Bank BJB Weekend Banking (2.0 km), Institut Teknologi Nasional Bandung (569 m), RS Ibu dan Anak Al Islam (980 m).","3 x 3 meter, Termasuk listrik","Kasur, Meja, Lemari / Storage","Kloset Duduk, Kloset Jongkok, K. Mandi Luar, Bak mandi","WiFi, Kulkas, R. Jemur, R. Santai, Dapur, CCTV, Kartu Akses, TV, K. Mandi Luar","Parkir Motor, Parkir Sepeda, Parkir Motor & Sepeda",,https://mamikos.com/room/kost-kota-bandung-kost-campur-murah-kost-berry-budi-tipe-a-cibeunying-kidul-bandung?redirection_source=landing%20area,-6.899264330213435,107.65204730560126
Kost Elroi Bojong Koneng Atas Cikutra Tipe A Cimenyan Bandung,Putra,Rp1.700.000,1700000,Cimenyan,Cimenyan,"Kost ini berlokasi dekat dengan jalan raya dengan akses yang hanya bisa dilalui oleh motor/sepeda, berlokasi dekat dengan Rumah Makan Pondok (3.0 km), Alfamart Bojong Koneng (838 m), Christian Church Pasundan Awiligar (1.4 km), Bank BJB Weekend Banking (3.4 km), Universitas Widyatama (1.1 km), RS Ibu dan Anak Al Islam (2.5 km).","3 x 4 meter, Tidak termasuk listrik","AC, Kasur, Meja, Lemari / Storage, Ventilasi, Jendela, Guling, Cermin, Bantal, Kursi","K. Mandi Dalam, Kloset Duduk, Ember mandi, Shower, Air panas","WiFi, Kulkas, R. Tamu, Penjaga Kos, R. Jemur, R. Makan, R. Santai, Dispenser, Dapur, Jemuran","Parkir Motor, Parkir Motor & Sepeda",,https://mamikos.com/room/kost-kabupaten-bandung-kost-putra-eksklusif-kost-elroi-bojong-koneng-atas-cikutra-tipe-a-cimenyan-bandung?redirection_source=landing%20area,-6.878144152416821,107.66251007983728
Kost Cahaya Nodibel Mandalajati Bandung,Campur,Rp1.300.000,1300000,Kecamatan Mandalajati,Mandalajati,"Kost ini berlokasi dekat dengan jalan raya dengan akses yang hanya bisa dilalui oleh motor/sepeda, berlokasi dekat dengan Christian Church Pasundan Awiligar (3.5 km), RS Umum Hermina Arcamanik (893 m).","9 x 3 meter, Tidak termasuk listrik",Jendela,"K. Mandi Dalam, Kloset Duduk","Jemuran, Pengurus Kos, Balcon",Parkir Motor,,https://mamikos.com/room/kost-kota-bandung-kost-campur-eksklusif-kost-cahaya-nodibel-mandalajati-bandung-2?redirection_source=landing%20area,-6.896850189135755,107.67123729844432
Kost Elroi Bojong Koneng Atas Cikutra Tipe B Cimenyan Bandung,Putra,Rp1.600.000,1600000,Cimenyan,Cimenyan,"Kost ini berlokasi dekat dengan jalan raya dengan akses yang hanya bisa dilalui oleh motor/sepeda, berlokasi dekat dengan Rumah Makan Pondok (3.0 km), Alfamart Bojong Koneng (838 m), Christian Church Pasundan Awiligar (1.4 km), Bank BJB Weekend Banking (3.4 km), Universitas Widyatama (1.1 km), RS Ibu dan Anak Al Islam (2.5 km).","3 x 4 meter, Tidak termasuk listrik","AC, Kasur, Meja, Lemari / Storage, Ventilasi, Jendela, Guling, Cermin, Bantal, Kursi","K. Mandi Dalam, Kloset Duduk, Ember mandi, Shower, Air panas","WiFi, Kulkas, R. Tamu, Penjaga Kos, R. Jemur, R. Makan, R. Santai, Dispenser, Dapur, Jemuran","Parkir Motor, Parkir Motor & Sepeda",,https://mamikos.com/room/kost-kabupaten-bandung-kost-putra-eksklusif-kost-elroi-bojong-koneng-atas-cikutra-tipe-b-cimenyan-bandung?redirection_source=landing%20area,-6.879919398048796,107.66432634720933
Kost Gemilang Berkah Tipe A Cimenyan Bandung,Putra,Rp750.000,750000,Kecamatan Cimenyan,Cimenyan,"Kost ini berlokasi dekat dengan jalan raya dengan akses yang hanya bisa dilalui oleh motor/sepeda, berlokasi dekat dengan Alfamart Bojong Koneng (1.4 km), Christian Church Pasundan Awiligar (826 m), Universitas Padjadjaran Kampus Dipatiukur (1.9 km), Sinar Abadi Balubur Town Square (2.9 km).","3 x 3 meter, Termasuk listrik","Kasur, Lemari / Storage, Ventilasi, Jendela","Kloset Jongkok, Ember mandi, Bak mandi","WiFi, R. Cuci, R. Tamu, R. Santai, Dapur, Jemuran, R. Keluarga, K. Mandi Luar","Parkir Motor, Parkir Sepeda",,https://mamikos.com/room/kost-bandung-kost-putra-murah-kost-gemilang-berkah-tipe-a-cimenyan-bandung?redirection_source=landing%20area,-6.878852098352656,107.66397798390659
Kost Divara Luxury Kamar Utama Cibeunying Kaler Bandung,Campur,Rp1.600.000,1600000,Kecamatan Cibeunying Kaler,Cibeunying Kaler,"Kost ini berlokasi dekat dengan jalan raya dengan akses masuk mobil, berlokasi dekat dengan Warteg Aero (2.2 km), Alfamart (2.9 km), Christian Church Pasundan Awiligar (1.2 km), Bank BJB Weekend Banking (2.3 km), Institut Teknologi Nasional Bandung (872 m), RS Ibu dan Anak Al Islam (2.2 km).","3 x 3 meter, Tidak termasuk listrik","AC, Kasur, Meja, TV, Lemari / Storage, Ventilasi, Jendela, Bantal, Kursi","K. Mandi Dalam, Kloset Duduk, Shower, Air panas","WiFi, Kulkas, Laundry, Penjaga Kos, R. Jemur, R. Santai, Dapur, Jemuran, CCTV, Kartu Akses","Parkir Motor, Parkir Motor & Sepeda",,https://mamikos.com/room/kost-kota-bandung-kost-campur-eksklusif-kost-divara-luxury-kamar-utama-cibeunying-kaler-bandung-2?redirection_source=landing%20area,-6.885807931688813,107.62871575913243
Kost Keys Co Living Deluxe Balcony Cibeunying Kidul Bandung,Campur,Rp2.500.000,2500000,Cibeunying Kidul,Cibeunying Kidul,"Kost ini berlokasi dekat dengan jalan raya dengan akses masuk mobil, berlokasi dekat dengan Warteg Cintaasih (2.4 km), Alfamart (2.0 km), Masjid Al Barokah (1.5 km), Bank BJB Weekend Banking (2.1 km), Universitas Widyatama (571 m), RS Ibu dan Anak Al Islam (891 m).","3 x 4 meter, Tidak termasuk listrik","AC, Kasur, Meja, Lemari / Storage, microwave, Jendela, Guling, Cermin, Bantal, Kursi","K. Mandi Dalam, Kloset Duduk, Shower, Air panas","WiFi, R. Cuci, Kulkas, Mesin Cuci, Penjaga Kos, R. Jemur, R. Makan, Mushola, Dispenser, Dapur","Parkir Mobil, Parkir Motor",,https://mamikos.com/room/kost-kota-bandung-kost-campur-eksklusif-kost-keys-co-living-deluxe-balcony-cibeunying-kidul-bandung-2?redirection_source=landing%20area,-6.899099811909209,107.65095427733509
Kost Hdci Tipe B Coblong Bandung,Putra,Rp1.000.000,1000000,Kecamatan Coblong,Coblong,"Kost ini berlokasi dekat dengan jalan raya dengan akses yang hanya bisa dilalui oleh motor/sepeda, berlokasi dekat dengan Warteg Gaul (1.6 km), Alfamart Bojong Koneng (1.6 km), Masjid MUI Kota Bandung (464 m), BSI KCP Bandung Dago (1.9 km), Universitas Padjadjaran Kampus Dipatiukur (1.4 km), RS Umum Santo Borromeus (1.8 km).","3 x 4 meter, Tidak termasuk listrik","Kasur, Lemari / Storage, Jendela","K. Mandi Dalam, Kloset Jongkok, Ember mandi","WiFi, Penjaga Kos, Jemuran, Pengurus Kos, Jual Makanan, Kartu Akses, Balcon",Parkir Motor,,https://mamikos.com/room/kost-kota-bandung-kost-putra-eksklusif-kost-hdci-tipe-b-coblong-bandung?redirection_source=landing%20area,-6.880843062009377,107.61289400968882
Kost Urban Residence Tipe A Kiaracondong Bandung,Campur,Rp600.000,600000,Kiaracondong,Kiaracondong,"Kost ini berlokasi dekat dengan jalan raya dengan akses yang hanya bisa dilalui oleh motor/sepeda, berlokasi dekat dengan Warteg Permata (1.5 km), Alfamart Cimuncang 2 (683 m), Masjid Al Barokah (492 m), Bank BJB Weekend Banking (2.9 km), Universitas Widyatama (1.1 km), RS Ibu dan Anak Grha Bunda (921 m).","3 x 3 meter, Termasuk listrik","Kasur, Lemari / Storage, Jendela, Dapur Pribadi, Bantal","K. Mandi Dalam, Kloset Jongkok, Ember mandi, Bak mandi","WiFi, Laundry, Penjaga Kos, Pengurus Kos, CCTV",Parkir Motor,,https://mamikos.com/room/kost-kota-bandung-kost-campur-murah-kost-urban-residence-tipe-a-kiaracondong-bandung?redirection_source=landing%20area,-6.922816296202521,107.64572710743907
Kost Cikutra Baru 1 Cibeunying Kaler Bandung,Putri,Rp1.000.000,1000000,Cibeunying Kaler,Cibeunying Kaler,"Kost ini berlokasi dekat dengan jalan raya dengan akses yang hanya bisa dilalui oleh motor/sepeda, berlokasi dekat dengan Alfamart Bojong Koneng (606 m), Masjid Pusdai (1.5 km), Institut Teknologi Nasional Bandung (373 m), Sinar Abadi Balubur Town Square (3.2 km).","2 x 4 meter, Termasuk listrik","Kasur, Meja, Lemari / Storage","Kloset Duduk, K. Mandi Luar, Shower, Bak mandi","WiFi, Kulkas, R. Tamu, R. Jemur, R. Santai, Dispenser, Dapur, R. Keluarga","Parkir Mobil, Parkir Motor",,https://mamikos.com/room/kost-kost-putri-eksklusif-kost-cikutra-baru-1-cibeunying-kaler-bandung?redirection_source=landing%20area,-6.885192847597352,107.63030573231723
Kost Evelyn Home Tipe 3 Cibeunying Kidul Bandung,Putri,Rp500.000,500000,Cibeunying Kidul,Cibeunying Kidul,"Kost ini berlokasi dekat dengan jalan raya dengan akses yang hanya bisa dilalui oleh motor/sepeda, berlokasi dekat dengan Alfamart Bojong Koneng (351 m), Christian Church Pasundan Awiligar (2.0 km), Universitas Widyatama (180 m).","3 x 3 meter, Termasuk listrik","Kasur, Lemari / Storage, Cermin","Kloset Jongkok, K. Mandi Luar, Ember mandi","WiFi, R. Jemur, Dapur, K. Mandi Luar",,,https://mamikos.com/room/kost-kota-bandung-kost-putri-murah-kost-evelyn-home-tipe-3-cibeunying-kidul-bandung?redirection_source=landing%20area,-6.900462984212507,107.65104259128613
Kost Palm Bridge Tipe D Cimenyan Bandung,Putra,Rp950.000,950000,Cimenyan,Cimenyan,"Kost ini berlokasi dekat dengan jalan raya dengan akses masuk mobil, berlokasi dekat dengan Alfamart Bojong Koneng (1.4 km), Christian Church Pasundan Awiligar (860 m), Universitas Padjadjaran Kampus Dipatiukur (1.9 km), Sinar Abadi Balubur Town Square (2.9 km).","3 x 5 meter, Termasuk listrik","Kasur, Meja, Lemari / Storage","Kloset Duduk, K. Mandi Luar",WiFi,,,https://mamikos.com/room/kost-kabupaten-bandung-kost-putra-eksklusif-kost-palm-bridge-tipe-d-cimenyan-bandung-1?redirection_source=landing%20area,-6.879831343300431,107.66255311494209
Kost Bale Sunda Besar Cibeunying Kaler Bandung,Campur,Rp1.200.000,1200000,Cibeunying Kaler,Cibeunying Kaler,"Kost ini berlokasi dekat dengan jalan raya dengan akses yang hanya bisa dilalui oleh motor/sepeda, berlokasi dekat dengan Alfamart Bojong Koneng (1.2 km), Masjid MUI Kota Bandung (826 m), Institut Teknologi Nasional Bandung (812 m), Sinar Abadi Balubur Town Square (2.7 km).","3 x 4 meter, Termasuk listrik","Kasur, Dispenser, Meja, Lemari / Storage, Kursi, Cleaning service","K. Mandi Dalam, Kloset Duduk, Wastafel, Ember mandi","WiFi, Penjaga Kos, R. Jemur, Mushola, Dispenser, Dapur, K. Mandi Luar","Parkir Mobil, Parkir Motor, Parkir Sepeda",,https://mamikos.com/room/kost-kota-bandung-kost-campur-eksklusif-kost-bale-sunda-besar-cibeunying-kaler-bandung-1?redirection_source=landing%20area,-6.886937992062783,107.62924858011321
Kost Keys Co Living Superior Balcony K 03 Cibeunying Kidul Bandung,Campur,Rp2.850.000,2850000,Cibeunying Kidul,Cibeunying Kidul,"Kost ini berlokasi dekat dengan jalan raya dengan akses masuk mobil, berlokasi dekat dengan Warteg Cintaasih (2.4 km), Alfamart (2.0 km), Masjid Al Barokah (1.5 km), Bank BJB Weekend Banking (2.1 km), Universitas Widyatama (571 m), RS Ibu dan Anak Al Islam (891 m).","3 x 4 meter, Tidak termasuk listrik","AC, Kasur, Meja, Lemari / Storage, microwave, Jendela, Guling, Cermin, Bantal, Kursi","K. Mandi Dalam, Kloset Duduk, Shower, Air panas","WiFi, R. Cuci, Kulkas, Penjaga Kos, R. Jemur, R. Makan, Mushola, Dispenser, Dapur, Jemuran","Parkir Mobil, Parkir Motor",,https://mamikos.com/room/kost-kota-bandung-kost-campur-eksklusif-kost-keys-co-living-superior-balcony-k-03-cibeunying-kidul-bandung-2?redirection_source=landing%20area,-6.899616330657132,107.64866731102772
Kost Sidomulyo 2 Cibeunying Kaler Bandung,Putra,Rp1.000.000,1000000,Cibeunying Kaler,Cibeunying Kaler,"Kost ini berlokasi dekat dengan jalan raya dengan akses yang hanya bisa dilalui oleh motor/sepeda, berlokasi dekat dengan Alfamart Bojong Koneng (1.4 km), Masjid MUI Kota Bandung (679 m), Institut Teknologi Nasional Bandung (720 m), Sinar Abadi Balubur Town Square (2.4 km).","3 x 3 meter, Termasuk listrik","Kasur, Meja, Lemari / Storage, Jendela, Kursi, Cleaning service","K. Mandi Dalam, Kloset Duduk, Kloset Jongkok, K. Mandi Luar, Ember mandi, Shower, Air panas, Bak mandi","WiFi, Kulkas, R. Tamu, Penjaga Kos, R. Jemur, R. Makan, Mushola, Dapur, Taman, K. Mandi Luar","Parkir Mobil, Parkir Motor, Parkir Sepeda",,https://mamikos.com/room/kost-kota-bandung-kost-putra-eksklusif-kost-sidomulyo-2-cibeunying-kaler-bandung?redirection_source=landing%20area,-6.887610387811979,107.6289274424812
Kost Shelvi Home Tipe 1 Cibeunying Kidul Bandung,Putri,Rp1.350.000,1350000,Cibeunying Kidul,Cibeunying Kidul,"Kost ini berlokasi dekat dengan jalan raya dengan akses yang hanya bisa dilalui oleh motor/sepeda, berlokasi dekat dengan Alfamart Bojong Koneng (245 m), Christian Church Pasundan Awiligar (1.9 km), Universitas Widyatama (210 m).","3 x 5 meter, Termasuk listrik","Kasur, Lemari / Storage","K. Mandi Dalam, Kloset Duduk, Ember mandi, Shower","WiFi, R. Jemur, R. Makan, Dapur",Parkir Motor,,https://mamikos.com/room/kost-kota-bandung-kost-putri-eksklusif-kost-shelvi-home-tipe-1-cibeunying-kidul-bandung?redirection_source=landing%20area,-6.897390360136988,107.6505109896833
Kost Pondok Mahmudah Antapani Bandung,Campur,Rp800.000,800000,Kecamatan Antapani,Antapani,"Kost ini berlokasi dekat dengan jalan raya dengan akses yang hanya bisa dilalui oleh motor/sepeda, berlokasi dekat dengan Alfamart Cimuncang 2 (1.7 km), Masjid Al Barokah (885 m), Sekolah Tinggi Ilmu Kesehatan Dharma Husada (914 m).","2.5 x 3 meter, Termasuk listrik","Kasur, Lemari / Storage, Ventilasi, Jendela, Bantal","K. Mandi Dalam, Kloset Jongkok, Ember mandi","WiFi, Kulkas, R. Tamu, R. Jemur, R. Santai, Dapur, Jemuran, Pengurus Kos, Jual Makanan, CCTV","Parkir Motor, Parkir Sepeda",,https://mamikos.com/room/kost-kota-bandung-kost-campur-murah-kost-pondok-mahmudah-antapani-bandung?redirection_source=landing%20area,-6.918004925433996,107.66150336620096
Kost Bidan Maria 1 Antapani Bandung,Putri,Rp1.000.000,1000000,Antapani,Antapani,"Kost ini berlokasi dekat dengan jalan raya dengan akses yang hanya bisa dilalui oleh motor/sepeda, berlokasi dekat dengan Alfamart Cimuncang 2 (1.6 km), Masjid Al Barokah (454 m), Sekolah Tinggi Ilmu Kesehatan Dharma Husada (385 m), RS Ibu dan Anak Grha Bunda (931 m).","3 x 4 meter, Tidak termasuk listrik","Kasur, Meja, Lemari / Storage, Ventilasi, Jendela, Bantal","K. Mandi Dalam, Kloset Jongkok, Ember mandi","WiFi, Kulkas, R. Tamu, Penjaga Kos, R. Jemur, Dapur, Jemuran, Pengurus Kos, CCTV, K. Mandi Luar","Parkir Motor, Parkir Sepeda",,https://mamikos.com/room/kost-kota-bandung-kost-putri-eksklusif-kost-bidan-maria-1-antapani-bandung?redirection_source=landing%20area,-6.919018972036847,107.65883908542705
Kost Palapa Cibeunying Kidul Bandung,Putra,Rp1.100.000,1100000,Kecamatan Cibeunying Kidul,Cibeunying Kidul,"Kost ini berlokasi dekat dengan jalan raya dengan akses yang hanya bisa dilalui oleh motor/sepeda, berlokasi dekat dengan Rumah Makan Boemi Mitoha (760 m), Alfamart A Yani 419 (791 m), Masjid Al Jihad (985 m), Bank BJB Weekend Banking (791 m), Universitas Padjadjaran Kampus Dipatiukur (2.4 km), RS Ibu dan Anak Al Islam (751 m).","3 x 4 meter, Termasuk listrik","Kasur, Lemari / Storage","K. Mandi Dalam, Kloset Jongkok, Ember mandi, Shower","R. Jemur, Jemuran, CCTV, Balcon, K. Mandi Luar",Parkir Motor,,https://mamikos.com/room/kost-kota-bandung-kost-putra-eksklusif-kost-palapa-cibeunying-kidul-bandung?redirection_source=landing%20area,-6.897629382081029,107.64877123841829
Kost Apik Mekar II Padasuka Tipe B Cibeunying Kidul Bandung,Campur,Rp925.000,925000,Cibeunying Kidul,Cibeunying Kidul,"Kost ini berlokasi dekat dengan jalan raya dengan akses masuk mobil, berlokasi dekat dengan Alfamart Cimuncang 2 (2.0 km), Christian Church Pasundan Awiligar (2.9 km), Universitas Widyatama (2.2 km), RS Umum Hermina Arcamanik (2.1 km).","3 x 3 meter, Tidak termasuk listrik","Kasur, Meja, Lemari / Storage, Jendela, Bantal, Kursi","Kloset Duduk, Kloset Jongkok, K. Mandi Luar, Ember mandi, Shower","WiFi, Kulkas, R. Tamu, Penjaga Kos, R. Jemur, Dapur, Jemuran, K. Mandi Luar",Parkir Motor & Sepeda,,https://mamikos.com/room/kost-kota-bandung-kost-campur-murah-kost-apik-mekar-ii-padasuka-tipe-b-cibeunying-kidul-bandung-2?redirection_source=landing%20area,-6.900155359167129,107.65174847144063
Kost Sukapada Cibeunying Kidul Bandung,Putri,Rp750.000,750000,Cibeunying Kidul,Cibeunying Kidul,"Kost ini berlokasi dekat dengan jalan raya dengan akses yang hanya bisa dilalui oleh motor/sepeda, berlokasi dekat dengan Alfamart Cimuncang 2 (589 m), Christian Church Pasundan Awiligar (2.5 km), Universitas Widyatama (415 m), RS Umum Santo Yusup (590 m).","3 x 3 meter, Termasuk listrik","Kasur, Meja, Lemari / Storage, Ventilasi, Jendela, Cermin","Kloset Jongkok, K. Mandi Luar, Shower","R. Cuci, Kulkas, Penjaga Kos, R. Jemur, Dapur, Jemuran, Pengurus Kos, Balcon, Taman, K. Mandi Luar","Parkir Motor, Parkir Sepeda",,https://mamikos.com/room/kost-kota-bandung-kost-putri-murah-kost-sukapada-cibeunying-kidul-bandung?redirection_source=landing%20area,-6.900260490116951,107.64925867235321
Kost Merenah I Cibeunying Kidul Bandung,Campur,Rp1.000.000,1000000,Kecamatan Cibeunying Kidul,Cibeunying Kidul,"Kost ini berlokasi dekat dengan jalan raya dengan akses yang hanya bisa dilalui oleh motor/sepeda, berlokasi dekat dengan Warteg Permata (2.3 km), Alfamart Cimuncang 2 (368 m), Masjid Al Barokah (1.5 km), Bank BJB Weekend Banking (2.8 km), Universitas Widyatama (278 m), RS Ibu dan Anak Al Islam (1.6 km).","3.5 x 4.5 meter, Tidak termasuk listrik","Kasur, Lemari / Storage","Kloset Jongkok, Ember mandi","WiFi, Kulkas, Dapur, Jemuran, CCTV",Parkir Motor & Sepeda,,https://mamikos.com/room/kost-kota-bandung-kost-campur-eksklusif-kost-merenah-i-cibeunying-kidul-bandung?redirection_source=landing%20area,-6.898534996442818,107.65191734942555
Kost Wijaya Kusuma Standar Grade A Kiaracondong Bandung,Campur,Rp900.000,900000,Kecamatan Kiaracondong,Kiaracondong,"Kost ini berlokasi dekat dengan jalan raya dengan akses yang hanya bisa dilalui oleh motor/sepeda, berlokasi dekat dengan Warteg Cintaasih (1.8 km), Alfamart (2.9 km), Masjid Al Barokah (766 m), Bank BJB Weekend Banking (2.1 km), Universitas Widyatama (1.4 km), RS Ibu dan Anak Grha Bunda (287 m).","4 x 4.5 meter, Tidak termasuk listrik","Kasur, Lemari / Storage, Ventilasi, Dapur Pribadi, Cermin, Bantal","K. Mandi Dalam, Kloset Jongkok, Ember mandi","WiFi, R. Jemur, Jemuran, Pengurus Kos",Parkir Motor,,https://mamikos.com/room/kost-kota-bandung-kost-campur-murah-kost-wijaya-kusuma-standar-grade-a-kiaracondong-bandung-2?redirection_source=landing%20area,-6.926370972778814,107.64702173887125
Kost Apik Antapani XIV 12 Tipe B Bandung,Putra,Rp800.000,800000,Antapani,Antapani,"Kost ini berlokasi dekat dengan jalan raya dengan akses masuk mobil, berlokasi dekat dengan Warteg Permata (1.9 km), PT. Indomarco Prismatama (1.5 km), Masjid Al Barokah (1.1 km), Bank Syariah Indonesia KK Bandung RS Al Islam (2.9 km), Universitas Widyatama (2.5 km), RS Ibu dan Anak Grha Bunda (1.7 km).","2.5 x 1.8 meter, Termasuk listrik","Kasur, Meja, Lemari / Storage, Jendela, Bantal","Kloset Jongkok, K. Mandi Luar, Ember mandi, Bak mandi","WiFi, Kulkas, R. Tamu, Penjaga Kos, R. Jemur, R. Makan, Dispenser, Dapur, Jemuran, Rice Cooker",Parkir Motor & Sepeda,,https://mamikos.com/room/kost-kota-bandung-kost-putra-murah-kost-apik-antapani-xiv-12-tipe-b-bandung-2?redirection_source=landing%20area,-6.917609604367946,107.65880935110377
Kost Rumah Kita 2 Antapani Bandung,Campur,Rp1.050.000,1050000,Antapani,Antapani,"Kost ini berlokasi dekat dengan jalan raya dengan akses yang hanya bisa dilalui oleh motor/sepeda, berlokasi dekat dengan Alfamart Cimuncang 2 (1.9 km), Masjid Al Barokah (958 m), Sekolah Tinggi Ilmu Kesehatan Dharma Husada (931 m).","3 x 3 meter, Termasuk listrik","Kasur, Lemari / Storage, Cleaning service",K. Mandi Dalam,"WiFi, R. Tamu, Penjaga Kos, R. Makan, Mushola, Balcon",Parkir Mobil,,https://mamikos.com/room/kost-kota-bandung-kost-campur-eksklusif-kost-rumah-kita-2-antapani-bandung?redirection_source=landing%20area,-6.916932689177538,107.66162770952482
Kost Rumah Sarwestri Deluxe Cibeunying Kaler Bandung,Putri,Rp2.250.000,2250000,Kecamatan Cibeunying Kaler,Cibeunying Kaler,"Kost ini berlokasi dekat dengan jalan raya dengan akses yang hanya bisa dilalui oleh motor/sepeda, berlokasi dekat dengan Warteg Aero (2.1 km), Alfamart (3.0 km), Christian Church Pasundan Awiligar (1.6 km), Bank BJB Weekend Banking (1.8 km), Institut Teknologi Nasional Bandung (750 m), RS Ibu dan Anak Al Islam (1.9 km).","3 x 4 meter, Tidak termasuk listrik","AC, Meja, Lemari / Storage, Jendela, Cermin, Bantal","K. Mandi Dalam, Kloset Duduk, Wastafel, Shower, Air panas","WiFi, Penjaga Kos, R. Santai, Balcon","Parkir Mobil, Parkir Motor & Sepeda",,https://mamikos.com/room/kost-kota-bandung-kost-putri-eksklusif-kost-rumah-sarwestri-deluxe-cibeunying-kaler-bandung-2?redirection_source=landing%20area,-6.887848061848934,107.62919459287971
Kost Pak Reza Cibeunying Kidul Bandung,Putri,Rp650.000,650000,Cibeunying Kidul,Cibeunying Kidul,"Kost ini berlokasi dekat dengan jalan raya dengan akses masuk mobil, berlokasi dekat dengan Alfamart (1.4 km), Christian Church Pasundan Awiligar (2.8 km), Universitas Widyatama (2.2 km), RS Umum Hermina Arcamanik (2.1 km).","3 x 3 meter, Termasuk listrik","Kasur, Lemari / Storage, Ventilasi, Jendela, Cermin","K. Mandi Dalam, Kloset Duduk, Ember mandi","WiFi, R. Cuci, Kulkas, Mesin Cuci, R. Tamu, Penjaga Kos, R. Jemur, R. Santai, Dapur, Jemuran","Parkir Mobil, Parkir Motor, Parkir Sepeda, Parkir Motor & Sepeda",,https://mamikos.com/room/kost-kota-bandung-kost-putri-murah-kost-pak-reza-cibeunying-kidul-bandung-2?redirection_source=landing%20area,-6.900396892244916,107.64999326335504
Kost Rumah Hijau Nur Cibeunying Kaler Bandung,Putri,Rp600.000,600000,Kecamatan Cibeunying Kaler,Cibeunying Kaler,"Kost ini berlokasi dekat dengan jalan raya dengan akses yang hanya bisa dilalui oleh motor/sepeda, berlokasi dekat dengan Rumah Makan Boemi Mitoha (2.1 km), Alfamart Bojong Koneng (204 m), Christian Church Pasundan Awiligar (1.8 km), Bank BJB Weekend Banking (2.5 km), Universitas Widyatama (420 m), RS Ibu dan Anak Al Islam (1.5 km).","2.5 x 3 meter, Tidak termasuk listrik",Jendela,"Kloset Jongkok, K. Mandi Luar, Ember mandi, Bak mandi","R. Santai, Dapur, Jemuran, Balcon","Parkir Motor, Parkir Sepeda",,https://mamikos.com/room/kost-kota-bandung-kost-putri-murah-kost-rumah-hijau-nur-cibeunying-kaler-bandung-2?redirection_source=landing%20area,-6.884369150725498,107.6298261024645
Kost Bapak Andry Tipe Vvip Executive Cibeunying Kidul Bandung,Campur,Rp2.100.000,2100000,Cibeunying Kidul,Cibeunying Kidul,"Kost ini berlokasi dekat dengan jalan raya dengan akses yang hanya bisa dilalui oleh motor/sepeda, berlokasi dekat dengan Warteg Cintaasih (2.3 km), Alfamart (2.7 km), Masjid Al Barokah (700 m), Bank BJB Weekend Banking (2.4 km), Universitas Widyatama (970 m), RS Ibu dan Anak Grha Bunda (757 m).","10 x 2.5 meter, Tidak termasuk listrik","AC, Kasur, Dispenser, TV, Lemari / Storage, Ventilasi, Jendela, Dapur Pribadi, Bantal, Wastafel","K. Mandi Dalam, Kloset Jongkok, Wastafel, Shower, Air panas","WiFi, R. Cuci, Kulkas, Mesin Cuci, R. Jemur, Dapur, Jemuran, Pengurus Kos, CCTV, TV",Parkir Motor,,https://mamikos.com/room/kost-kota-bandung-kost-campur-eksklusif-kost-bapak-andry-tipe-vvip-executive-cibeunying-kidul-bandung?redirection_source=landing%20area,-6.899973163523258,107.64968467114932
Kost 99 Pusat Kota Standard Cimenyan Bandung,Campur,Rp1.500.000,1500000,Cimenyan,Cimenyan,"Kost ini berlokasi dekat dengan jalan raya dengan akses yang hanya bisa dilalui oleh motor/sepeda, berlokasi dekat dengan Alfamart Bojong Koneng (1.4 km), Christian Church Pasundan Awiligar (685 m), Universitas Padjadjaran Kampus Dipatiukur (2.1 km), Sinar Abadi Balubur Town Square (3.0 km).","3 x 4 meter, Tidak termasuk listrik","AC, Kasur, Meja, TV, Lemari / Storage, Ventilasi, Jendela, Cermin, Bantal","K. Mandi Dalam, Kloset Duduk, Shower, Air panas","WiFi, Kulkas, Laundry, R. Santai, Dapur, Pengurus Kos, CCTV, Kartu Akses, Taman, TV","Parkir Motor, Parkir Sepeda",,https://mamikos.com/room/kost-kabupaten-bandung-kost-campur-eksklusif-kost-99-pusat-kota-standard-cimenyan-bandung?redirection_source=landing%20area,-6.878819657893475,107.6624261274772
Kost Pin Residence Tipe A Cibeunying Kaler Bandung,Campur,Rp1.500.000,1500000,Kecamatan Cibeunying Kaler,Cibeunying Kaler,"Kost ini berlokasi dekat dengan jalan raya dengan akses masuk mobil, berlokasi dekat dengan Warteg Abadi (2.4 km), Alfamart (787 m), Christian Church Pasundan Awiligar (1.9 km), Bank BJB Weekend Banking (1.5 km), Institut Teknologi Nasional Bandung (540 m), RS Ibu dan Anak Al Islam (1.5 km).","3 x 3 meter, Tidak termasuk listrik","AC, Kasur, Meja, TV, Lemari / Storage, Ventilasi, Jendela, Bantal, TV Kabel, Kursi","K. Mandi Dalam, Kloset Duduk, Shower, Air panas","WiFi, Kulkas, Laundry, Penjaga Kos, CCTV, Kartu Akses","Parkir Motor, Parkir Motor & Sepeda",,https://mamikos.com/room/kost-kota-bandung-kost-campur-eksklusif-kost-pin-residence-tipe-a-cibeunying-kaler-bandung?redirection_source=landing%20area,-6.885689735106145,107.6283068009617
Kost Sant In Residence Executive Cibeunying Kaler Bandung,Campur,Rp1.700.000,1700000,Kecamatan Cibeunying Kaler,Cibeunying Kaler,"Kost ini berlokasi dekat dengan jalan raya dengan akses yang hanya bisa dilalui oleh motor/sepeda, berlokasi dekat dengan Warteg Aero (2.2 km), Alfamart (3.0 km), Christian Church Pasundan Awiligar (1.2 km), Bank BJB Weekend Banking (2.3 km), Institut Teknologi Nasional Bandung (855 m), RS Ibu dan Anak Al Islam (2.1 km).","3 x 4 meter, Tidak termasuk listrik","AC, Kasur, Meja, TV, Lemari / Storage, Jendela, Bantal, Kursi","K. Mandi Dalam, Kloset Duduk, Shower, Air panas","WiFi, Kulkas, Laundry, R. Tamu, Penjaga Kos, Dispenser, Dapur, Pengurus Kos, CCTV, Kartu Akses","Parkir Motor, Parkir Motor & Sepeda",,https://mamikos.com/room/kost-kota-bandung-kost-campur-eksklusif-kost-sant-in-residence-executive-cibeunying-kaler-bandung?redirection_source=landing%20area,-6.887013734623948,107.62923971813578
Kost Naumanda Cikaso Cibeunying Kidul Bandung,Putri,Rp1.333.333,1333333,Kecamatan Cibeunying Kidul,Cibeunying Kidul,"Kost ini berlokasi dekat dengan jalan raya dengan akses masuk mobil, berlokasi dekat dengan Warteg Abadi (2.8 km), Alfamart A Yani 419 (465 m), Masjid Al Barokah (1.8 km), Bank BJB - Cabang Utama Bandung (2.9 km), Institut Teknologi Nasional Bandung (1.4 km), RS Ibu dan Anak Al Islam (477 m).","3 x 4 meter, Tidak termasuk listrik","Kasur, Meja, Lemari / Storage, Ventilasi, Jendela, Guling, Bantal, Kursi","K. Mandi Dalam, Kloset Duduk, Shower, Air panas","WiFi, R. Cuci, Kulkas, Mesin Cuci, R. Tamu, Penjaga Kos, R. Jemur, R. Santai, Dapur, Jemuran",Parkir Motor & Sepeda,,https://mamikos.com/room/kost-kota-bandung-kost-putri-eksklusif-kost-naumanda-cikaso-cibeunying-kidul-bandung?redirection_source=landing%20area,-6.896877114300046,107.65013677947721
Kost Wawan Tipe A Cibeunying Kidul Bandung,Putri,Rp1.700.000,1700000,Cibeunying Kidul,Cibeunying Kidul,"Kost ini berlokasi dekat dengan jalan raya dengan akses yang hanya bisa dilalui oleh motor/sepeda, berlokasi dekat dengan Alfamart A Yani 419 (864 m), Christian Church Pasundan Awiligar (2.5 km), Universitas Padjadjaran Kampus Dipatiukur (2.6 km), Sinar Abadi Balubur Town Square (3.3 km).","3 x 3 meter, Tidak termasuk listrik","Kasur, Meja, TV, Lemari / Storage, Kursi","K. Mandi Dalam, Kloset Duduk, Air panas","WiFi, Kulkas, Dapur",Parkir Motor,,https://mamikos.com/room/kost-kota-bandung-kost-putri-eksklusif-kost-wawan-tipe-a-cibeunying-kidul-bandung?redirection_source=landing%20area,-6.899611948394226,107.650937742741
Kost Pondok Cisokan Baru 8 Cibeunying Kaler Bandung,Campur,Rp1.500.000,1500000,Cibeunying Kaler,Cibeunying Kaler,"Kost ini berlokasi dekat dengan jalan raya dengan akses jalan raya, berlokasi dekat dengan Rumah Makan Boemi Mitoha (867 m), Alfamart A Yani 419 (1.2 km), Masjid Pusdai (815 m), Institut Teknologi Nasional Bandung (547 m), Sinar Abadi Balubur Town Square (2.6 km).","3 x 3 meter, Tidak termasuk listrik","Kasur, Meja, Lemari / Storage, Ventilasi, Jendela, Guling, Cermin, Bantal, Kursi","K. Mandi Dalam, Kloset Duduk, K. Mandi Luar, Shower, Air panas","WiFi, Kulkas, Mesin Cuci, R. Tamu, Penjaga Kos, R. Jemur, R. Santai, Dispenser, Dapur, Jemuran","Parkir Mobil, Parkir Motor, Parkir Sepeda",,https://mamikos.com/room/kost-bandung-kost-campur-eksklusif-kost-pondok-cisokan-baru-8-cibeunying-kaler-bandung?redirection_source=landing%20area,-6.886214225159377,107.62912903282614
Kost Saung Bambu Muda Tipe A Cibeunying Kaler Bandung,Putri,Rp1.400.000,1400000,Cibeunying Kaler,Cibeunying Kaler,"Kost ini berlokasi dekat dengan jalan raya dengan akses yang hanya bisa dilalui oleh motor/sepeda, berlokasi dekat dengan Warteg Aero (2.1 km), Alfamart (3.0 km), Christian Church Pasundan Awiligar (1.8 km), Bank BJB Weekend Banking (1.7 km), Institut Teknologi Nasional Bandung (726 m), RS Ibu dan Anak Al Islam (1.8 km).","3.2 x 3.7 meter, Termasuk listrik","Kasur, Meja, Lemari / Storage, Ventilasi, Jendela, Guling, Cermin, Bantal, Kursi","Kloset Duduk, K. Mandi Luar, Wastafel, Ember mandi, Shower, Air panas","WiFi, Kulkas, Mesin Cuci, R. Jemur, R. Santai, Dispenser, Dapur, Jemuran, Rice Cooker, Taman",Parkir Motor & Sepeda,,https://mamikos.com/room/kost-kota-bandung-kost-putri-eksklusif-kost-saung-bambu-muda-tipe-a-cibeunying-kaler-bandung?redirection_source=landing%20area,-6.8873606208739595,107.6296696223459
Kost Crysant House Tipe A Cibeunying Kaler Bandung,Campur,Rp1.600.000,1600000,Cibeunying Kaler,Cibeunying Kaler,"Kost ini berlokasi dekat dengan jalan raya dengan akses yang hanya bisa dilalui oleh motor/sepeda, berlokasi dekat dengan Warteg Abadi (2.2 km), Alfamart (854 m), Christian Church Pasundan Awiligar (2.2 km), Bank BJB Weekend Banking (1.3 km), Institut Teknologi Nasional Bandung (724 m), RS Ibu dan Anak Al Islam (1.5 km).","3 x 3 meter, Tidak termasuk listrik","Kasur, Meja, Ventilasi, Jendela, Bantal, Wastafel, Kursi","K. Mandi Dalam, Kloset Duduk, Wastafel, Shower, Air panas","WiFi, Penjaga Kos, R. Jemur, R. Santai, Dapur, Jemuran, Pengurus Kos, CCTV, Joglo","Parkir Mobil, Parkir Motor, Parkir Sepeda",,https://mamikos.com/room/kost-kota-bandung-kost-campur-eksklusif-kost-crysant-house-tipe-a-cibeunying-kaler-bandung?redirection_source=landing%20area,-6.886156880652019,107.62854116886666
Kost Bekarbon Cibeunying Kidul Bandung,Putra,Rp1.100.000,1100000,Cibeunying Kidul,Cibeunying Kidul,"Kost ini berlokasi dekat dengan jalan raya dengan akses masuk mobil, berlokasi dekat dengan Alfamart Bojong Koneng (731 m), Christian Church Pasundan Awiligar (2.3 km), Universitas Widyatama (471 m).","3 x 3 meter, Tidak termasuk listrik","Kasur, Lemari / Storage, Ventilasi, Jendela","K. Mandi Dalam, Kloset Jongkok, Shower","WiFi, R. Tamu, Penjaga Kos, R. Jemur, Dapur, Jemuran, Pengurus Kos, CCTV, Balcon, K. Mandi Luar","Parkir Motor, Parkir Sepeda",,https://mamikos.com/room/kost-kota-bandung-kost-putra-eksklusif-kost-bekarbon-cibeunying-kidul-bandung?redirection_source=landing%20area,-6.89728336885053,107.65033300446059
Kost Pondok Sidoluhur 28 Tipe A Cibeunying Kaler Bandung,Campur,Rp1.500.000,1500000,Kecamatan Cibeunying Kaler,Cibeunying Kaler,"Kost ini berlokasi dekat dengan jalan raya dengan akses yang hanya bisa dilalui oleh motor/sepeda, berlokasi dekat dengan Warteg Aero (2.2 km), Alfamart (3.2 km), Christian Church Pasundan Awiligar (1.6 km), Bank BJB Weekend Banking (1.9 km), Institut Teknologi Nasional Bandung (639 m), RS Ibu dan Anak Al Islam (1.9 km).","3 x 4 meter, Tidak termasuk listrik","AC, Kasur, Meja, Lemari / Storage, Ventilasi, Jendela, Cermin, Bantal, TV Kabel, Cleaning service","K. Mandi Dalam, Kloset Duduk, Ember mandi, Shower, Air panas","WiFi, R. Cuci, Kulkas, Mesin Cuci, R. Tamu, R. Jemur, R. Makan, R. Santai, Dispenser, Dapur","Parkir Mobil, Parkir Motor, Parkir Sepeda, Parkir Motor & Sepeda",,https://mamikos.com/room/kost-kota-bandung-kost-campur-eksklusif-kost-pondok-sidoluhur-28-tipe-a-cibeunying-kaler-bandung?redirection_source=landing%20area,-6.887763097143182,107.63056889866908
Kost Omah Harianja Cibeunying Kidul Bandung,Putri,Rp600.000,600000,Cibeunying Kidul,Cibeunying Kidul,"Kost ini berlokasi dekat dengan jalan raya dengan akses yang hanya bisa dilalui oleh motor/sepeda, berlokasi dekat dengan Warteg Permata (2.3 km), Alfamart (2.3 km), Masjid Al Barokah (1.5 km), Bank BJB Weekend Banking (2.7 km), Universitas Widyatama (151 m), RS Ibu dan Anak Al Islam (1.5 km).","3 x 3 meter, Termasuk listrik","Kasur, Meja, Ventilasi, Kursi",K. Mandi Luar,"WiFi, Kulkas, R. Jemur, R. Santai, Dapur, Jemuran, Balcon, TV, K. Mandi Luar",Parkir Motor,,https://mamikos.com/room/kost-kota-bandung-kost-putri-murah-kost-omah-harianja-cibeunying-kidul-bandung?redirection_source=landing%20area,-6.900118953520138,107.64808246154145
Kost Kumeli 30 Tipe B Cibeunying Kaler Bandung,Putri,Rp1.350.000,1350000,Kecamatan Cibeunying Kaler,Cibeunying Kaler,"Kost ini berlokasi dekat dengan jalan raya dengan akses yang hanya bisa dilalui oleh motor/sepeda, berlokasi dekat dengan Warteg Aero (2.5 km), Alfamart Bojong Koneng (1.2 km), Masjid Pusdai (871 m), BSI KCP Bandung Dago (2.7 km), Universitas Padjadjaran Kampus Dipatiukur (1.8 km), RS Khusus Gigi dan Mulut UNPAD (1.7 km).","3 x 4 meter, Termasuk listrik","Kasur, Meja, Lemari / Storage, Jendela, Guling, Bantal, Kursi","K. Mandi Dalam, Kloset Duduk, K. Mandi Luar, Shower","WiFi, Kulkas, Mesin Cuci, Laundry, R. Tamu, Penjaga Kos, R. Jemur, R. Makan, Dispenser, Dapur",Parkir Motor,,https://mamikos.com/room/kost-kota-bandung-kost-putri-eksklusif-kost-kumeli-30-tipe-b-cibeunying-kaler-bandung-2?redirection_source=landing%20area,-6.885295529227875,107.63076677226479
Kost Palm Bridge Tipe E Cimenyan Bandung,Putra,Rp850.000,850000,Cimenyan,Cimenyan,"Kost ini berlokasi dekat dengan jalan raya dengan akses yang hanya bisa dilalui oleh motor/sepeda, berlokasi dekat dengan Alfamart Bojong Koneng (1.4 km), Christian Church Pasundan Awiligar (860 m), Universitas Padjadjaran Kampus Dipatiukur (1.9 km), Sinar Abadi Balubur Town Square (2.9 km).","3 x 3 meter, Termasuk listrik","Kasur, Meja, Lemari / Storage, Jendela","Kloset Duduk, K. Mandi Luar","WiFi, R. Cuci, R. Jemur, Dapur, Jemuran, Pengurus Kos, Balcon, R. Keluarga, K. Mandi Luar",Parkir Motor,,https://mamikos.com/room/kost-kabupaten-bandung-kost-putra-eksklusif-kost-palm-bridge-tipe-e-cimenyan-bandung-1?redirection_source=landing%20area,-6.879524201389574,107.66360202901494
Kost Ibu Tina Tipe A Cibeunying Kidul Bandung,Putri,Rp900.000,900000,Kecamatan Cibeunying Kidul,Cibeunying Kidul,"Kost ini berlokasi dekat dengan jalan raya dengan akses yang hanya bisa dilalui oleh motor/sepeda, berlokasi dekat dengan Warteg Abadi (3.1 km), Alfamart A Yani 419 (282 m), Masjid Pusdai (1.6 km), Bank Mandiri Bandung Priority Banking Soerapatti (2.5 km), Institut Teknologi Nasional Bandung (1.2 km), RS Umum Santo Yusup (625 m).","3 x 4 meter, Tidak termasuk listrik","Kasur, Lemari / Storage, Ventilasi, Jendela, Guling, Dapur Pribadi, Bantal, Wastafel","K. Mandi Dalam, Kloset Jongkok, Wastafel, Ember mandi","WiFi, R. Cuci, R. Jemur, R. Santai, Dapur, Jemuran, Pengurus Kos, Rooftop, Balcon, Gazebo","Parkir Motor, Parkir Sepeda, Parkir Motor & Sepeda",,https://mamikos.com/room/kost-kota-bandung-kost-putri-murah-kost-ibu-tina-tipe-a-cibeunying-kidul-bandung?redirection_source=landing%20area,-6.899423581073748,107.64825913855495
Kost Keys Co Living Standard Deluxe Cibeunying Kidul Bandung,Campur,Rp2.250.000,2250000,Cibeunying Kidul,Cibeunying Kidul,"Kost ini berlokasi dekat dengan jalan raya dengan akses masuk mobil, berlokasi dekat dengan Warteg Cintaasih (2.4 km), Alfamart (2.0 km), Masjid Al Barokah (1.5 km), Bank BJB Weekend Banking (2.1 km), Universitas Widyatama (571 m), RS Ibu dan Anak Al Islam (891 m).","3 x 2.7 meter, Tidak termasuk listrik","AC, Kasur, Meja, Lemari / Storage, Jendela, Guling, Cermin, Bantal, Kursi","K. Mandi Dalam, Kloset Duduk, Shower, Air panas","WiFi, R. Cuci, Kulkas, Mesin Cuci, Penjaga Kos, R. Jemur, R. Makan, Mushola, Dispenser, Dapur","Parkir Mobil, Parkir Motor",,https://mamikos.com/room/kost-kota-bandung-kost-campur-eksklusif-kost-keys-co-living-standard-deluxe-cibeunying-kidul-bandung?redirection_source=landing%20area,-6.898731079041068,107.64890383889126
Kost Kurnia Tipe A Cibeunying Kidul Bandung,Putri,Rp1.300.000,1300000,Cibeunying Kidul,Cibeunying Kidul,"Kost ini berlokasi dekat dengan jalan raya dengan akses yang hanya bisa dilalui oleh motor/sepeda, berlokasi dekat dengan Alfamart A Yani 419 (1.0 km), Christian Church Pasundan Awiligar (2.3 km), Universitas Padjadjaran Kampus Dipatiukur (2.4 km), Sinar Abadi Balubur Town Square (3.1 km).","3 x 4 meter, Termasuk listrik","Kasur, Meja, Lemari / Storage, Jendela, Guling, Bantal, Kursi","Kloset Duduk, Ember mandi, Shower","WiFi, Kulkas, Mesin Cuci, R. Santai, Dispenser, Dapur, Jemuran, CCTV, TV",Parkir Motor,,https://mamikos.com/room/kost-kota-bandung-kost-putri-eksklusif-kost-kurnia-tipe-a-cibeunying-kidul-bandung?redirection_source=landing%20area,-6.897483210905972,107.64947078177558
Kost Titik Awal Cikaso Tipe A Cibeunying Kidul Bandung,Putri,Rp2.100.000,2100000,Cibeunying Kidul,Cibeunying Kidul,"Kost ini berlokasi dekat dengan jalan raya dengan akses masuk mobil, berlokasi dekat dengan Warteg Abadi (3.0 km), Alfamart (2.4 km), Masjid Al Jihad (841 m), Bank BJB - Cabang Utama Bandung (3.1 km), Institut Teknologi Nasional Bandung (1.5 km), RS Ibu dan Anak Al Islam (373 m).","4 x 5 meter, Tidak termasuk listrik","AC, Kasur, Meja, Lemari / Storage, Ventilasi, Jendela, Guling, Cermin, Bantal, Wastafel","K. Mandi Dalam, Kloset Duduk, Ember mandi, Shower, Air panas","WiFi, R. Cuci, Kulkas, Mesin Cuci, R. Tamu, Penjaga Kos, R. Jemur, Dispenser, Dapur, Jemuran","Parkir Mobil, Parkir Motor, Parkir Sepeda",,https://mamikos.com/room/kost-kota-bandung-kost-putri-eksklusif-kost-titik-awal-cikaso-tipe-a-cibeunying-kidul-bandung?redirection_source=landing%20area,-6.89777641339665,107.65149679012622
Kost Keys Co Living Deluxe Cibeunying Kidul Bandung,Campur,Rp2.350.000,2350000,Cibeunying Kidul,Cibeunying Kidul,"Kost ini berlokasi dekat dengan jalan raya dengan akses masuk mobil, berlokasi dekat dengan Warteg Cintaasih (2.4 km), Alfamart (2.0 km), Masjid Al Barokah (1.5 km), Bank BJB Weekend Banking (2.1 km), Universitas Widyatama (571 m), RS Ibu dan Anak Al Islam (891 m).","3 x 3 meter, Tidak termasuk listrik","AC, Kasur, Dispenser, Meja, Lemari / Storage, Kulkas, Jendela, Guling, Cermin, Bantal","K. Mandi Dalam, Kloset Duduk, Shower, Air panas","WiFi, R. Cuci, Kulkas, Mesin Cuci, Penjaga Kos, R. Jemur, R. Makan, Mushola, Dispenser, Dapur","Parkir Mobil, Parkir Motor",,https://mamikos.com/room/kost-kota-bandung-kost-campur-eksklusif-kost-keys-co-living-deluxe-cibeunying-kidul-bandung?redirection_source=landing%20area,-6.898846661007749,107.65036642980607
Kost Icha Cikutra Tipe A Cibeunying Kidul Bandung,Putri,Rp900.000,900000,Cibeunying Kidul,Cibeunying Kidul,"Kost ini berlokasi dekat dengan jalan raya dengan akses yang hanya bisa dilalui oleh motor/sepeda, berlokasi dekat dengan Warteg Cintaasih (2.2 km), Alfamart (2.2 km), Masjid Al Barokah (1.3 km), Bank BJB Weekend Banking (2.0 km), Universitas Widyatama (734 m), RS Ibu dan Anak Al Islam (713 m).","3 x 3 meter, Termasuk listrik","Kasur, Meja, Lemari / Storage, Ventilasi, Jendela, Guling, Cermin, Bantal","K. Mandi Dalam, Kloset Jongkok, K. Mandi Luar, Ember mandi","WiFi, R. Cuci, R. Tamu, Penjaga Kos, R. Jemur, Dispenser, Dapur, Jemuran, Pengurus Kos, CCTV",Parkir Motor,,https://mamikos.com/room/kost-kota-bandung-kost-putri-murah-kost-icha-cikutra-tipe-a-cibeunying-kidul-bandung?redirection_source=landing%20area,-6.899423817590267,107.6516393403426
Kost Hdci Tipe A Coblong Bandung,Putra,Rp3.000.000,3000000,Coblong,Coblong,"Kost ini berlokasi dekat dengan jalan raya dengan akses yang hanya bisa dilalui oleh motor/sepeda, berlokasi dekat dengan Warteg Aero (1.8 km), Circle K (1.8 km), Masjid Pusdai (1.2 km), Bank Mandiri Bandung Priority Banking Soerapatti (1.8 km), Universitas Padjadjaran Kampus Dipatiukur (1.4 km), RS Khusus Gigi dan Mulut UNPAD (1.1 km).","3 x 4 meter, Tidak termasuk listrik","AC, Kasur, TV, Meja Rias, Lemari / Storage, Jendela, Guling, Cermin, Bantal","K. Mandi Dalam, Kloset Duduk, Ember mandi, Shower","WiFi, Kulkas, Mesin Cuci, Penjaga Kos, Dispenser, Dapur, Rice Cooker, Pengurus Kos, Jual Makanan, TV",Parkir Motor,,https://mamikos.com/room/kost-kota-bandung-kost-putra-eksklusif-kost-hdci-tipe-a-coblong-bandung?redirection_source=landing%20area,-6.880605170339397,107.6127633272238
Kost Keys Co Living Suites Cibeunying Kidul Bandung,Campur,Rp4.500.000,4500000,Cibeunying Kidul,Cibeunying Kidul,"Kost ini berlokasi dekat dengan jalan raya dengan akses masuk mobil, berlokasi dekat dengan Warteg Cintaasih (2.4 km), Alfamart (2.0 km), Masjid Al Barokah (1.5 km), Bank BJB Weekend Banking (2.1 km), Universitas Widyatama (571 m), RS Ibu dan Anak Al Islam (891 m).","5 x 5 meter, Tidak termasuk listrik","AC, Kasur, Lemari / Storage, Meja makan, Jendela, Guling, Dapur Pribadi, Cermin, Bantal, Kursi","K. Mandi Dalam, Kloset Duduk, Shower, Air panas","WiFi, R. Cuci, Kulkas, Penjaga Kos, R. Jemur, R. Makan, Mushola, Dispenser, Dapur, Jemuran","Parkir Mobil, Parkir Motor",,https://mamikos.com/room/kost-kota-bandung-kost-campur-eksklusif-kost-keys-co-living-suites-cibeunying-kidul-bandung?redirection_source=landing%20area,-6.900464521795148,107.6497580114925
Kost Amanda Tipe B Antapani Bandung,Putri,Rp1.200.000,1200000,Kecamatan Antapani,Antapani,"Kost ini berlokasi dekat dengan jalan raya dengan akses yang hanya bisa dilalui oleh motor/sepeda, berlokasi dekat dengan Warteg Cintaasih (1.8 km), Alfamart A Yani 419 (808 m), Masjid Al Barokah (650 m), Bank BJB Weekend Banking (2.3 km), Universitas Widyatama (1.7 km), RS Ibu dan Anak Grha Bunda (34 m).","3 x 3 meter, Tidak termasuk listrik","AC, Kasur, Meja, Lemari / Storage, Ventilasi, Jendela, Guling, Bantal","Kloset Duduk, K. Mandi Luar, Shower","WiFi, Kulkas, R. Tamu, Dispenser, Dapur, Jemuran, Pengurus Kos, CCTV",Parkir Motor,,https://mamikos.com/room/kost-kota-bandung-kost-putri-eksklusif-kost-amanda-tipe-b-antapani-bandung?redirection_source=landing%20area,-6.915932377042572,107.66023695563837
Kost Menimurah Tipe Standart Cibeunying Kaler Bandung,Putri,Rp500.000,500000,Cibeunying Kaler,Cibeunying Kaler,"Kost ini berlokasi dekat dengan jalan raya dengan akses yang hanya bisa dilalui oleh motor/sepeda, berlokasi dekat dengan Warteg Cintaasih (2.3 km), Alfamart Bojong Koneng (1.3 km), Christian Church Pasundan Awiligar (2.1 km), Bank BJB Weekend Banking (1.4 km), Institut Teknologi Nasional Bandung (408 m), RS Ibu dan Anak Al Islam (1.3 km).","2 x 3 meter, Termasuk listrik","Kasur, Meja, Lemari / Storage, Ventilasi, Jendela, Kursi","Kloset Jongkok, K. Mandi Luar, Ember mandi, Bak mandi","WiFi, R. Cuci, R. Tamu, R. Jemur, R. Makan, Dapur, Jemuran, Pengurus Kos, Balcon, R. Keluarga",Parkir Motor,,https://mamikos.com/room/kost-kota-bandung-kost-putri-murah-kost-menimurah-tipe-standart-cibeunying-kaler-bandung?redirection_source=landing%20area,-6.887250777208872,107.62729758995442
Kost Baitul Jamil Guesthause Cimenyan Bandung,Putri,Rp1.600.000,1600000,Kecamatan Cimenyan,Cimenyan,"Kost ini berlokasi dekat dengan jalan raya dengan akses yang hanya bisa dilalui oleh motor/sepeda, berlokasi dekat dengan Warteg Gaul (2.0 km), Alfamart Bojong Koneng (1.3 km), Christian Church Pasundan Awiligar (871 m), Bank BJB Weekend Banking (2.6 km), Institut Teknologi Bandung (2.6 km), RS Ibu dan Anak Al Islam (2.4 km).","5 x 3.5 meter, Tidak termasuk listrik","AC, Kasur, Lemari / Storage, Jendela, Cermin, Bantal, Kursi","K. Mandi Dalam, Kloset Duduk, Wastafel, Shower","R. Cuci, Kulkas, R. Tamu, R. Jemur, R. Makan, Mushola, R. Santai, Dispenser, Dapur, Jemuran","Parkir Mobil, Parkir Motor, Parkir Sepeda",,https://mamikos.com/room/kost-kabupaten-bandung-kost-putri-eksklusif-kost-baitul-jamil-guesthause-cimenyan-bandung?redirection_source=landing%20area,-6.881224135477147,107.66219763935072
Kost Orange Tipe Studio A Antapani Bandung,Putri,Rp650.000,650000,Kecamatan Antapani,Antapani,"Kost ini berlokasi dekat dengan jalan raya dengan akses yang hanya bisa dilalui oleh motor/sepeda, berlokasi dekat dengan Warteg Cintaasih (2.8 km), PT. Indomarco Prismatama (1.4 km), Masjid Al Barokah (709 m), Bank Mandiri Bandung MTC (3.0 km), Universitas Widyatama (2.3 km), RS Ibu dan Anak Grha Bunda (1.2 km).","3 x 3 meter, Termasuk listrik","Kasur, Meja, Lemari / Storage, Ventilasi, Jendela, Guling, Cermin, Bantal, Kursi, Cleaning service","Kloset Jongkok, K. Mandi Luar, Wastafel, Ember mandi, Bak mandi","WiFi, Penjaga Kos, R. Jemur, Dispenser, Dapur, Jemuran, Pengurus Kos, Balcon, K. Mandi Luar","Parkir Motor, Parkir Sepeda, Parkir Motor & Sepeda",,https://mamikos.com/room/kost-kota-bandung-kost-putri-eksklusif-kost-orange-tipe-studio-a-antapani-bandung?redirection_source=landing%20area,-6.917563090922159,107.66008178651902
Kost Ibu Parto Tipe D Antapani Bandung,Campur,Rp1.150.000,1150000,Kecamatan Antapani,Antapani,"Kost ini berlokasi dekat dengan jalan raya dengan akses yang hanya bisa dilalui oleh motor/sepeda, berlokasi dekat dengan Alfamart Cimuncang 2 (1.9 km), Masjid Al Barokah (821 m), Sekolah Tinggi Ilmu Kesehatan Dharma Husada (727 m).","3 x 5 meter, Tidak termasuk listrik","AC, Kasur, Lemari / Storage, Jendela, Bantal","Kloset Duduk, Ember mandi, Shower","R. Cuci, Kulkas, R. Jemur, Mushola, R. Santai, Dispenser, Dapur, Jemuran, CCTV, Gazebo",Parkir Motor,,https://mamikos.com/room/kost-kota-bandung-kost-campur-murah-kost-ibu-parto-type-b-antapani-bandung?redirection_source=landing%20area,-6.919501967491181,107.66138829394434
Kost Mas Sugeng Cibeunying Kidul Bandung,Campur,Rp900.000,900000,Cibeunying Kidul,Cibeunying Kidul,"Kost ini berlokasi dekat dengan jalan raya dengan akses jalan raya, berlokasi dekat dengan Alfamart Cimuncang 2 (828 m), Christian Church Pasundan Awiligar (2.7 km), Universitas Widyatama (710 m), RS Umum Santo Yusup (291 m).","3 x 3 meter, Termasuk listrik","Kasur, Meja, Lemari / Storage, Jendela, Cermin, Bantal, Wastafel, Kursi","K. Mandi Dalam, Kloset Jongkok, Ember mandi","WiFi, R. Jemur, Jemuran",Parkir Motor,,https://mamikos.com/room/kost-bandung-kost-campur-murah-kost-mas-sugeng-cibeunying-kidul-bandung?redirection_source=landing%20area,-6.896639619892789,107.65040518929987
Kost 19C Tipe D Kiaracondong Bandung,Campur,Rp1.500.000,1500000,Kiaracondong,Kiaracondong,"Kost ini berlokasi dekat dengan jalan raya dengan akses yang hanya bisa dilalui oleh motor/sepeda, berlokasi dekat dengan Warteg Berkah Bahari (2.4 km), Alfamart West Cikutra (3.0 km), Masjid Al Barokah (613 m), Bank BJB Weekend Banking (2.5 km), Universitas Widyatama (1.9 km), RS Ibu dan Anak Grha Bunda (277 m).","3 x 4 meter, Termasuk listrik","Kasur, Lemari / Storage, Ventilasi, Jendela, Cermin, Bantal","K. Mandi Dalam, Kloset Duduk, Wastafel, Shower, Air panas","WiFi, Jemuran, Pengurus Kos, CCTV, Balcon",Parkir Motor & Sepeda,,https://mamikos.com/room/kost-kota-bandung-kost-campur-eksklusif-kost-19c-tipe-d-kiaracondong-bandung?redirection_source=landing%20area,-6.924312819511486,107.64732785779415
Kost Strategis Batununggal Bandung,Campur,Rp750.000,750000,Batununggal,Batununggal,"Kost ini berlokasi dekat dengan jalan raya dengan akses yang hanya bisa dilalui oleh motor/sepeda, berlokasi dekat dengan Warteg Permata (1.0 km), Alfamart A Yani 419 (399 m), Masjid Al Jihad (1.5 km), Universitas Padjadjaran Kampus Dipatiukur (3.3 km).","3 x 3 meter, Tidak termasuk listrik","Kasur, Meja, TV, Lemari / Storage, Ventilasi, Jendela, Guling, Bantal","Kloset Jongkok, K. Mandi Luar, Ember mandi","WiFi, R. Jemur, Pengurus Kos, TV, K. Mandi Luar","Parkir Motor, Parkir Sepeda",,https://mamikos.com/room/kost-bandung-kost-campur-eksklusif-kost-strategis-batununggal-bandung-1?redirection_source=landing%20area,-6.926228820179626,107.64242956322838
Kost Pak Slamet Tipe A Antapani Bandung,Putri,Rp450.000,450000,Antapani,Antapani,"Kost ini berlokasi dekat dengan jalan raya dengan akses yang hanya bisa dilalui oleh motor/sepeda, berlokasi dekat dengan Alfamart Cimuncang 2 (1.9 km), Masjid Al Barokah (790 m), Sekolah Tinggi Ilmu Kesehatan Dharma Husada (705 m).","3 x 2 meter, Termasuk listrik","Kasur, Lemari / Storage","Kloset Jongkok, K. Mandi Luar, Ember mandi","R. Jemur, Dispenser, Dapur","Parkir Motor, Parkir Sepeda",,https://mamikos.com/room/kost-kota-bandung-kost-putri-eksklusif-kost-pak-slamet-tipe-a-antapani-bandung?redirection_source=landing%20area,-6.918609917831515,107.6617069427568
Kost DGreen Cibeunying Kaler Bandung,Putri,Rp1.100.000,1100000,Cibeunying Kaler,Cibeunying Kaler,"Kost ini berlokasi dekat dengan jalan raya dengan akses yang hanya bisa dilalui oleh motor/sepeda, berlokasi dekat dengan Warteg Permata (2.2 km), Alfamart Bojong Koneng (513 m), Masjid Pusdai (1.9 km), Bank BJB Weekend Banking (2.3 km), Universitas Widyatama (307 m), RS Ibu dan Anak Al Islam (1.2 km).","3 x 4 meter, Tidak termasuk listrik","Kasur, Lemari / Storage","K. Mandi Dalam, Ember mandi, Bak mandi","WiFi, Dapur, Pengurus Kos",Parkir Motor,,https://mamikos.com/room/kost-kota-bandung-kost-putri-eksklusif-kost-dgreen-cibeunying-kaler-bandung?redirection_source=landing%20area,-6.8872883608008975,107.63088646624578
Kost Mardi Tipe A Antapani Bandung,Putra,Rp1.000.000,1000000,Antapani,Antapani,"Kost ini berlokasi dekat dengan jalan raya dengan akses yang hanya bisa dilalui oleh motor/sepeda, berlokasi dekat dengan Warteg Cintaasih (2.8 km), PT. Indomarco Prismatama (1.4 km), Masjid Al Barokah (724 m), Bank Mandiri Bandung MTC (2.9 km), Universitas Widyatama (2.3 km), RS Ibu dan Anak Grha Bunda (1.2 km).","3 x 3 meter, Tidak termasuk listrik","Kasur, Lemari / Storage, Jendela, Bantal, Kipas Angin","K. Mandi Dalam, Kloset Duduk, Ember mandi","WiFi, R. Cuci, Mesin Cuci, Penjaga Kos, R. Jemur, Dapur, Jemuran, Pengurus Kos, CCTV",Parkir Motor,,https://mamikos.com/room/kost-kota-bandung-kost-putra-eksklusif-kost-mardi-tipe-a-antapani-bandung?redirection_source=landing%20area,-6.919547493604358,107.6587642258465
Kost Sukamulus Cibeunying Kidul Bandung,Campur,Rp450.000,450000,Cibeunying Kidul,Cibeunying Kidul,"Kost ini berlokasi dekat dengan jalan raya dengan akses yang hanya bisa dilalui oleh motor/sepeda, berlokasi dekat dengan Warteg Abadi (3.1 km), Alfamart A Yani 419 (284 m), Masjid Pusdai (1.6 km), Bank Mandiri Bandung Priority Banking Soerapatti (2.6 km), Institut Teknologi Nasional Bandung (1.2 km), RS Umum Santo Yusup (583 m).","3 x 3 meter, Termasuk listrik","Kasur, Meja, Ventilasi, Jendela, Cermin, Bantal, Cleaning service","Kloset Jongkok, K. Mandi Luar, Ember mandi, Shower, Bak mandi","WiFi, R. Cuci, Penjaga Kos, R. Jemur, Dispenser, Dapur, Jemuran, Pengurus Kos, CCTV, Gazebo","Parkir Mobil, Parkir Motor, Parkir Sepeda",,https://mamikos.com/room/kost-kota-bandung-kost-campur-murah-kost-sukamulus-cibeunying-kidul-bandung?redirection_source=landing%20area,-6.897761800313552,107.65098367128199
Kost Pelangi Cimenyan Bandung,Campur,Rp950.000,950000,Kecamatan Cimenyan,Cimenyan,"Kost ini berlokasi dekat dengan jalan raya dengan akses masuk mobil, berlokasi dekat dengan Rumah Makan Pondok (3.5 km), Alfamart Bojong Koneng (1.3 km), Christian Church Pasundan Awiligar (1.7 km), Universitas Widyatama (1.5 km), RS Umum Santo Yusup (2.5 km).","3 x 4 meter, Tidak termasuk listrik","Ventilasi, Jendela","K. Mandi Dalam, Kloset Jongkok, Ember mandi","R. Jemur, Dapur, Jemuran, Balcon","Parkir Motor, Parkir Sepeda",,https://mamikos.com/room/kost-kabupaten-bandung-kost-campur-murah-kost-pelangi-cimenyan-bandung?redirection_source=landing%20area,-6.878790334482858,107.66442889704504
Kost Moluska By Ibu Susi Tipe A Cibeunying Kidul Bandung,Putri,Rp600.000,600000,Cibeunying Kidul,Cibeunying Kidul,"Kost ini berlokasi dekat dengan jalan raya dengan akses yang hanya bisa dilalui oleh motor/sepeda, berlokasi dekat dengan Warteg Aero (2.8 km), Alfamart (1.2 km), Christian Church Pasundan Awiligar (1.4 km), Bank BJB Weekend Banking (2.4 km), Institut Teknologi Nasional Bandung (594 m), RS Ibu dan Anak Al Islam (1.8 km).","3 x 2 meter, Termasuk listrik","Kasur, Bantal","Kloset Jongkok, Shower","WiFi, R. Cuci, R. Tamu, R. Jemur, R. Makan, R. Santai, Dispenser, Dapur, Jemuran, Rice Cooker",,,https://mamikos.com/room/kost-kota-bandung-kost-putri-murah-kost-moluska-by-ibu-susi-tipe-a-cibeunying-kidul-bandung?redirection_source=landing%20area,-6.898738927332025,107.64894234631711
Kost Baru Cibeunying Kaler Bandung,Campur,Rp1.800.000,1800000,Kecamatan Cibeunying Kaler,Cibeunying Kaler,"Kost ini berlokasi dekat dengan jalan raya dengan akses yang hanya bisa dilalui oleh motor/sepeda, berlokasi dekat dengan Warteg Aero (3.0 km), Alfamart (1.4 km), Christian Church Pasundan Awiligar (1.5 km), Bank BJB Weekend Banking (2.3 km), Institut Teknologi Nasional Bandung (524 m), RS Ibu dan Anak Al Islam (1.6 km).","3 x 4.5 meter, Tidak termasuk listrik","AC, Kasur, Meja, Lemari / Storage, Ventilasi, Jendela, Cermin, Bantal, Kursi","K. Mandi Dalam, Kloset Duduk, Wastafel, Shower, Air panas","WiFi, Kulkas, Laundry, R. Jemur, Dapur, Jemuran, Pengurus Kos, Jual Makanan, CCTV, Rooftop",Parkir Motor & Sepeda,,https://mamikos.com/room/kost-kota-bandung-kost-campur-eksklusif-kost-baru-cibeunying-kaler-bandung-2?redirection_source=landing%20area,-6.886747165622465,107.62707473175305
Kost No 73 Tipe A Cibeunying Kaler Bandung,Putra,Rp1.000.000,1000000,Cibeunying Kaler,Cibeunying Kaler,"Kost ini berlokasi dekat dengan jalan raya dengan akses yang hanya bisa dilalui oleh motor/sepeda, berlokasi dekat dengan Rumah Makan Boemi Mitoha (786 m), Alfamart A Yani 419 (1.3 km), Masjid Pusdai (725 m), Institut Teknologi Nasional Bandung (612 m), Sinar Abadi Balubur Town Square (2.5 km).","3 x 3 meter, Tidak termasuk listrik","Kasur, Meja, Lemari / Storage, Kursi","Kloset Duduk, K. Mandi Luar, Ember mandi, Bak mandi","WiFi, Laundry, R. Jemur, R. Santai, Dapur","Parkir Mobil, Parkir Motor, Parkir Sepeda",,https://mamikos.com/room/kost-kota-bandung-kost-putra-eksklusif-kost-no-73-tipe-a-cibeunying-kaler-bandung?redirection_source=landing%20area,-6.886875372873167,107.62822517385796
Kost Sidomukti 30 Tipe A Cibeunying Kaler Bandung,Putra,Rp925.000,925000,Kecamatan Cibeunying Kaler,Cibeunying Kaler,"Kost ini berlokasi dekat dengan jalan raya dengan akses yang hanya bisa dilalui oleh motor/sepeda, berlokasi dekat dengan Warteg Aero (2.0 km), Alfamart (2.9 km), Christian Church Pasundan Awiligar (1.7 km), Bank BJB Weekend Banking (1.8 km), Institut Teknologi Bandung (2.1 km), RS Ibu dan Anak Al Islam (1.9 km).","3 x 3 meter, Termasuk listrik","Kasur, Meja, Lemari / Storage, Jendela, Bantal, Kursi","Kloset Duduk, Kloset Jongkok, K. Mandi Luar, Wastafel, Shower, Air panas, Bak mandi","WiFi, R. Cuci, Kulkas, Mesin Cuci, R. Tamu, R. Jemur, Jemuran, R. Keluarga, K. Mandi Luar","Parkir Mobil, Parkir Motor, Parkir Sepeda, Parkir Motor & Sepeda",,https://mamikos.com/room/kost-kota-bandung-kost-putra-murah-kost-sidomukti-30-tipe-a-cibeunying-kaler-bandung-2?redirection_source=landing%20area,-6.8856141480514985,107.62907961804142
Kost Pak Resmana Cibeunying Kidul Bandung,Putri,Rp750.000,750000,Kecamatan Cibeunying Kidul,Cibeunying Kidul,"Kost ini berlokasi dekat dengan jalan raya dengan akses yang hanya bisa dilalui oleh motor/sepeda, berlokasi dekat dengan Warteg Cintaasih (2.9 km), Alfamart (2.0 km), Masjid Al Barokah (1.7 km), Bank BJB Weekend Banking (2.5 km), Universitas Widyatama (141 m), RS Ibu dan Anak Al Islam (1.4 km).","3.5 x 2 meter, Termasuk listrik","Kasur, Lemari / Storage","K. Mandi Dalam, Kloset Jongkok, Ember mandi","WiFi, Penjaga Kos, R. Jemur, Dispenser, Dapur, Jemuran, Pengurus Kos, Jual Makanan, Rooftop, Gazebo",,,https://mamikos.com/room/kost-kota-bandung-kost-putri-murah-kos-pak-resmana-cibeunying-kidul-bandung-2?redirection_source=landing%20area,-6.8968920251155295,107.65004049542787
Kost Depok Tipe B Antapani Bandung,Campur,Rp1.300.000,1300000,Kecamatan Antapani,Antapani,"Kost ini berlokasi dekat dengan jalan raya dengan akses yang hanya bisa dilalui oleh motor/sepeda, berlokasi dekat dengan Warteg Cintaasih (3.0 km), PT. Indomarco Prismatama (1.3 km), Masjid Al Barokah (693 m), Bank Mandiri Bandung MTC (3.1 km), Universitas Widyatama (2.2 km), RS Ibu dan Anak Grha Bunda (1.3 km).","4.5 x 4.5 meter, Termasuk listrik","Kasur, Meja, Lemari / Storage, Ventilasi, Jendela, Guling, Cermin, Bantal, Wastafel, Kursi","Kloset Jongkok, K. Mandi Luar, Wastafel, Ember mandi, Shower, Bak mandi","WiFi, R. Cuci, Penjaga Kos, R. Jemur, Dapur, Jemuran, Pengurus Kos, CCTV, Kartu Akses, Locker","Parkir Motor, Parkir Sepeda, Parkir Motor & Sepeda",,https://mamikos.com/room/kost-kota-bandung-kost-campur-eksklusif-kost-depok-tipe-b-antapani-bandung?redirection_source=landing%20area,-6.917948514403363,107.66119635701791
Kost Crysant House Tipe B Cibeunying Kaler Bandung,Campur,Rp1.350.000,1350000,Cibeunying Kaler,Cibeunying Kaler,"Kost ini berlokasi dekat dengan jalan raya dengan akses yang hanya bisa dilalui oleh motor/sepeda, berlokasi dekat dengan Warteg Abadi (2.2 km), Alfamart (854 m), Christian Church Pasundan Awiligar (2.2 km), Bank BJB Weekend Banking (1.3 km), Institut Teknologi Nasional Bandung (724 m), RS Ibu dan Anak Al Islam (1.5 km).","3 x 4 meter, Tidak termasuk listrik","Kasur, Meja, Lemari / Storage, Ventilasi, Jendela, Kursi","K. Mandi Dalam, Kloset Duduk, Wastafel, Shower, Air panas","WiFi, Penjaga Kos, R. Jemur, R. Santai, Dapur, Jemuran, Pengurus Kos, CCTV, Joglo","Parkir Mobil, Parkir Motor, Parkir Sepeda",,https://mamikos.com/room/kost-kota-bandung-kost-campur-eksklusif-kost-crysant-house-tipe-b-cibeunying-kaler-bandung?redirection_source=landing%20area,-6.886404572150945,107.62815504549329
Kost Bu Sur Tipe A Cibeunying Kidul Bandung,Putri,Rp600.000,600000,Kecamatan Cibeunying Kidul,Cibeunying Kidul,"Kost ini berlokasi dekat dengan jalan raya dengan akses yang hanya bisa dilalui oleh motor/sepeda, berlokasi dekat dengan Warteg Cintaasih (2.3 km), Alfamart Cimuncang 2 (842 m), Masjid Al Barokah (1.2 km), Bank BJB Weekend Banking (2.1 km), Universitas Widyatama (690 m), RS Khusus Gigi dan Mulut UNPAD (3.0 km).","2 x 2 meter, Termasuk listrik","Kasur, Meja, Lemari / Storage, Ventilasi, Jendela, Cermin, Bantal, Kursi","Kloset Duduk, Kloset Jongkok, K. Mandi Luar, Ember mandi, Shower, Bak mandi","WiFi, R. Jemur, R. Santai, Dispenser, Dapur, Jemuran, Pengurus Kos, Balcon, Taman, TV","Parkir Motor, Parkir Sepeda",,https://mamikos.com/room/kost-kota-bandung-kost-putri-murah-kost-bu-sur-tipe-a-cibeunying-kidul-bandung?redirection_source=landing%20area,-6.89799661524652,107.65024284358006
Kost Elroi Bojong Koneng Atas Cikutra Tipe A2 Cimenyan Bandung,Putra,Rp1.600.000,1600000,Cimenyan,Cimenyan,"Kost ini berlokasi dekat dengan jalan raya dengan akses yang hanya bisa dilalui oleh motor/sepeda, berlokasi dekat dengan Rumah Makan Pondok (3.0 km), Alfamart (2.3 km), Christian Church Pasundan Awiligar (1.4 km), Bank BJB Weekend Banking (3.4 km), Universitas Widyatama (1.1 km), RS Ibu dan Anak Al Islam (2.5 km).","3 x 4 meter, Tidak termasuk listrik","AC, Kasur, Meja, Lemari / Storage, Ventilasi, Jendela, Guling, Cermin, Bantal, Kursi","K. Mandi Dalam, Kloset Duduk, Ember mandi, Shower, Air panas","WiFi, Kulkas, R. Tamu, Penjaga Kos, R. Jemur, R. Makan, R. Santai, Dispenser, Dapur, Jemuran","Parkir Motor, Parkir Motor & Sepeda",,https://mamikos.com/room/kost-kabupaten-bandung-kost-putra-eksklusif-kost-elroi-bojong-koneng-atas-cikutra-tipe-a2-cimenyan-bandung-2?redirection_source=landing%20area,-6.879255665069881,107.66242930868135
Kost Patma Tipe F Cibeunying Kaler Bandung,Putri,Rp650.000,650000,Kecamatan Cibeunying Kaler,Cibeunying Kaler,"Kost ini berlokasi dekat dengan jalan raya dengan akses yang hanya bisa dilalui oleh motor/sepeda, berlokasi dekat dengan Warteg Aero (2.1 km), Alfamart (2.9 km), Christian Church Pasundan Awiligar (1.8 km), Bank BJB Weekend Banking (1.7 km), Institut Teknologi Nasional Bandung (782 m), RS Ibu dan Anak Al Islam (1.9 km).","2.7 x 3.5 meter, Tidak termasuk listrik","Kasur, Lemari / Storage, Jendela, Bantal","Kloset Jongkok, K. Mandi Luar, Ember mandi","WiFi, Kulkas, R. Jemur, Dapur, Jemuran, Pengurus Kos",Parkir Motor & Sepeda,,https://mamikos.com/room/kost-kota-bandung-kost-putri-murah-kost-patma-tipe-f-cibeunying-kaler-bandung-2?redirection_source=landing%20area,-6.88766076738523,107.62729761575858
Kost Bengawan 83 Tipe B Bandung Wetan Bandung,Campur,Rp1.350.000,1350000,Bandung Wetan,Bandung Wetan,"Kost ini berlokasi dekat dengan jalan raya dengan akses yang hanya bisa dilalui oleh motor/sepeda, berlokasi dekat dengan Rumah Makan Boemi Mitoha (746 m), Alfamart A Yani 419 (988 m), Masjid Al Jihad (748 m), Bank BJB Weekend Banking (554 m), Universitas Padjadjaran Kampus Dipatiukur (2.4 km), RS Ibu dan Anak Limijati (1.9 km).","3.5 x 3.5 meter, Termasuk listrik","Kasur, Meja, Lemari / Storage, Ventilasi, Jendela, Cermin, Bantal, Kursi, Kipas Angin, Cleaning service","Kloset Duduk, K. Mandi Luar, Shower, Air panas","WiFi, R. Cuci, Kulkas, Mesin Cuci, R. Tamu, Penjaga Kos, R. Jemur, R. Makan, R. Santai, Dispenser","Parkir Mobil, Parkir Motor, Parkir Sepeda",,https://mamikos.com/room/kost-kota-bandung-kost-campur-eksklusif-kost-bengawan-83-tipe-b-bandung-wetan-bandung-2?redirection_source=landing%20area,-6.905069733111567,107.61575621675425
Kost Anyer Batununggal Bandung,Putri,Rp750.000,750000,Kecamatan Batununggal,Batununggal,"Kost ini berlokasi dekat dengan jalan raya dengan akses yang hanya bisa dilalui oleh motor/sepeda, berlokasi dekat dengan Warteg Bahari (2.6 km), Alfamart A Yani 419 (809 m), Church In Bandung (2.1 km), Citibank Indonesia (2.5 km), Institut Teknologi Nasional Bandung (2.2 km), RS Umum Santo Yusup (1.4 km).","3 x 3 meter, Termasuk listrik","Kasur, Guling, Bantal","Kloset Duduk, K. Mandi Luar, Bak mandi","WiFi, R. Jemur, Dispenser, Dapur, Jemuran, K. Mandi Luar","Parkir Mobil, Parkir Motor, Parkir Sepeda",,https://mamikos.com/room/kost-kota-bandung-kost-putri-murah-kost-anyer-batununggal-bandung?redirection_source=landing%20area,-6.928600188763558,107.64069117014851
Kost Manteron Tipe A Cibeunying Kaler Bandung,Putra,Rp900.000,900000,Kecamatan Cibeunying Kaler,Cibeunying Kaler,"Kost ini berlokasi dekat dengan jalan raya dengan akses yang hanya bisa dilalui oleh motor/sepeda, berlokasi dekat dengan Rumah Makan Pondok (909 m), Alfamart Bojong Koneng (1.5 km), Masjid Pusdai (681 m), Institut Teknologi Nasional Bandung (630 m), Sinar Abadi Balubur Town Square (2.3 km).","2 x 3 meter, Tidak termasuk listrik","Kasur, Meja, Lemari / Storage, Cermin, Bantal","Kloset Jongkok, K. Mandi Luar, Ember mandi","WiFi, Mushola, Dapur, Jemuran, Pengurus Kos, Jual Makanan, Balcon, K. Mandi Luar",Parkir Motor,,https://mamikos.com/room/kost-kota-bandung-kost-putra-eksklusif-kost-manteron-tipe-a-cibeunying-kaler-bandung?redirection_source=landing%20area,-6.8847475063294,107.6293579099162
Kost Pondok Audit Tipe A Cimenyan Bandung,Putri,Rp975.000,975000,Cimenyan,Cimenyan,"Kost ini berlokasi dekat dengan jalan raya dengan akses yang hanya bisa dilalui oleh motor/sepeda, berlokasi dekat dengan Alfamart Cimuncang 2 (1.1 km), Christian Church Pasundan Awiligar (2.1 km), Sekolah Tinggi Ilmu Komunikasi Bandung (721 m).","3 x 3 meter, Termasuk listrik","Kasur, Meja, Lemari / Storage, Ventilasi, Jendela, Guling, Cermin, Bantal, Kursi","Kloset Duduk, K. Mandi Luar, Ember mandi, Shower, Air panas","WiFi, R. Cuci, Kulkas, Mesin Cuci, R. Tamu, Penjaga Kos, R. Jemur, R. Santai, Dispenser, Dapur","Parkir Motor, Parkir Sepeda",,https://mamikos.com/room/kost-kabupaten-bandung-kost-putri-eksklusif-kost-pondok-audit-tipe-a-cimenyan-bandung-2?redirection_source=landing%20area,-6.879921979188738,107.66496395105305
Kost Wisma Amanah Cibeunying kidul Bandung,Campur,Rp1.900.000,1900000,Cibeunying Kidul,Cibeunying Kidul,"Kost ini berlokasi dekat dengan jalan raya dengan akses jalan raya, berlokasi dekat dengan Alfamart Cimuncang 2 (698 m), Christian Church Pasundan Awiligar (2.5 km), Universitas Widyatama (509 m).","3 x 5 meter, Termasuk listrik","AC, Kasur, Dispenser, Meja, TV, Meja Rias, Lemari / Storage, Kursi","K. Mandi Dalam, Kloset Duduk, Wastafel, Shower, Air panas","WiFi, Laundry, R. Tamu, Penjaga Kos, R. Makan, R. Santai, Dispenser, Dapur, R. Keluarga, Taman","Parkir Mobil, Parkir Motor, Parkir Sepeda",,https://mamikos.com/room/kost-bandung-kost-campur-eksklusif-kost-wisma-amanah-cibeunying-kidul-bandung-1?redirection_source=landing%20area,-6.899737908686881,107.65139086675705
Kost Anggrek Barokah Bandung Wetan Bandung,Campur,Rp1.700.000,1700000,Kecamatan Bandung Wetan,Bandung Wetan,"Kost ini berlokasi dekat dengan jalan raya dengan akses yang hanya bisa dilalui oleh motor/sepeda, berlokasi dekat dengan Warteg Abadi (2.3 km), Alfamart A Yani 419 (971 m), Masjid Al Kautsar (1.5 km), Citibank Indonesia (2.0 km), Universitas Padjadjaran Kampus Dipatiukur (2.4 km), RS Umum Bungsu (2.1 km).","3 x 4 meter, Termasuk listrik","Kasur, Dispenser, Meja, TV, Lemari / Storage, Ventilasi, Jendela, Guling, Cermin, Bantal","K. Mandi Dalam, Kloset Duduk, Shower, Air panas","WiFi, R. Cuci, Kulkas, Penjaga Kos, R. Jemur, Dispenser, Dapur, Jemuran, Pengurus Kos, CCTV","Parkir Mobil, Parkir Motor, Parkir Sepeda",,https://mamikos.com/room/kost-kota-bandung-kost-campur-eksklusif-kost-anggrek-barokah-bandung-wetan-bandung?redirection_source=landing%20area,-6.904387062587667,107.61606549448545
Kost Nin Ae Tipe D Mandalajati Bandung,Campur,Rp1.500.000,1500000,Mandalajati,Mandalajati,"Kost ini berlokasi dekat dengan jalan raya dengan akses yang hanya bisa dilalui oleh motor/sepeda, berlokasi dekat dengan Warteg Permata (2.8 km), PT. Indomarco Prismatama (684 m), Masjid Al Barokah (1.7 km), Universitas Widyatama (1.4 km), RS Umum Hermina Arcamanik (1.3 km).","3 x 5 meter, Termasuk listrik","AC, Kasur, Lemari / Storage, Jendela, Cermin, Bantal","Kloset Jongkok, K. Mandi Luar, Wastafel, Shower, Air panas","WiFi, Kulkas, CCTV","Parkir Mobil, Parkir Motor, Parkir Sepeda, Parkir Motor & Sepeda",,https://mamikos.com/room/kost-kota-bandung-kost-campur-eksklusif-kost-nin-ae-tipe-d-mandalajati-bandung-2?redirection_source=landing%20area,-6.897158664534249,107.67074598389914
Kost Keys Co Living Superior Balcony K 08 Cibeunying Kidul Bandung,Campur,Rp2.850.000,2850000,Cibeunying Kidul,Cibeunying Kidul,"Kost ini berlokasi dekat dengan jalan raya dengan akses masuk mobil, berlokasi dekat dengan Warteg Cintaasih (2.4 km), Alfamart (2.0 km), Masjid Al Barokah (1.5 km), Bank BJB Weekend Banking (2.1 km), Universitas Widyatama (571 m), RS Ibu dan Anak Al Islam (891 m).","3 x 4 meter, Tidak termasuk listrik","AC, Kasur, Meja, Lemari / Storage, microwave, Jendela, Guling, Cermin, Bantal, Kursi","K. Mandi Dalam, Kloset Duduk, Shower, Air panas","WiFi, R. Cuci, Kulkas, Penjaga Kos, R. Jemur, R. Makan, Mushola, Dispenser, Dapur, Jemuran","Parkir Mobil, Parkir Motor",,https://mamikos.com/room/kost-kota-bandung-kost-campur-eksklusif-kost-keys-co-living-superior-balcony-k-08-cibeunying-kidul-bandung?redirection_source=landing%20area,-6.897430642994375,107.65144404150423
Kost Awiligar 54 Tipe A Cibeunying Cimenyan Bandung,Putra,Rp600.000,600000,Cimenyan,Cimenyan,"Kost ini berlokasi dekat dengan jalan raya dengan akses yang hanya bisa dilalui oleh motor/sepeda, berlokasi dekat dengan Alfamart Bojong Koneng (1.4 km), Christian Church Pasundan Awiligar (827 m), Universitas Padjadjaran Kampus Dipatiukur (1.9 km), Sinar Abadi Balubur Town Square (2.9 km).","3 x 3 meter, Termasuk listrik","Kasur, Meja, Lemari / Storage","Kloset Jongkok, K. Mandi Luar, Ember mandi, Bak mandi","WiFi, R. Jemur, Dapur, Jemuran",Parkir Motor,,https://mamikos.com/room/kost-bandung-kost-putra-murah-kost-awiligar-54-tipe-a-cibeunying-cimenyan-bandung?redirection_source=landing%20area,-6.878027887453335,107.66287930255038
Kost Orange Tipe C Cikondang Coblong Bandung,Campur,Rp750.000,750000,Coblong,Coblong,"Kost ini berlokasi dekat dengan jalan raya dengan akses yang hanya bisa dilalui oleh motor/sepeda, berlokasi dekat dengan Warteg Gaul (1.7 km), Alfamart Bojong Koneng (1.5 km), Masjid MUI Kota Bandung (518 m), BSI KCP Bandung Dago (2.0 km), Universitas Padjadjaran Kampus Dipatiukur (1.5 km), RS Umum Santo Borromeus (1.9 km).","4 x 4 meter, Termasuk listrik","Kasur, Meja, Lemari / Storage, Kursi","Kloset Jongkok, K. Mandi Luar, Ember mandi, Shower","WiFi, Kulkas, R. Jemur, Dispenser, Dapur, Balcon, TV",Parkir Motor,,https://mamikos.com/room/kost-kota-bandung-kost-campur-murah-kost-orange-tipe-c-cikondang-coblong-bandung?redirection_source=landing%20area,-6.882900167529596,107.61485025467469
Kost Muararajeun Lama 1 Tipe A Cibeunying Kaler Bandung,Campur,Rp885.000,885000,Cibeunying Kaler,Cibeunying Kaler,"Kost ini berlokasi dekat dengan jalan raya dengan akses yang hanya bisa dilalui oleh motor/sepeda, berlokasi dekat dengan Rumah Makan Boemi Mitoha (584 m), Alfamart A Yani 419 (1.3 km), Masjid Pusdai (553 m), Universitas Padjadjaran Kampus Dipatiukur (1.8 km), Sinar Abadi Balubur Town Square (2.3 km).","3 x 4 meter, Termasuk listrik","Kasur, Meja, Lemari / Storage, Ventilasi, Jendela, Cermin, Bantal","K. Mandi Dalam, Kloset Duduk, Ember mandi","WiFi, R. Cuci, Penjaga Kos, R. Jemur, Jemuran, Pengurus Kos, CCTV","Parkir Motor, Parkir Sepeda, Parkir Motor & Sepeda",,https://mamikos.com/room/kost-kota-bandung-kost-campur-eksklusif-kost-muararajeun-lama-1-tipe-a-cibeunying-kaler-bandung?redirection_source=landing%20area,-6.884372377258495,107.63090878920508
Kost Sukma Antapani Bandung,Putri,Rp550.000,550000,Antapani,Antapani,"Kost ini berlokasi dekat dengan jalan raya dengan akses jalan raya, berlokasi dekat dengan Alfamart Cimuncang 2 (2.4 km), Masjid Al-Muhajirin (914 m), Ujung Berung Town Square (Ubertos) (3.5 km).","2 x 3 meter, Tidak termasuk listrik","Kasur, Lemari / Storage, Bantal","Kloset Jongkok, K. Mandi Luar","WiFi, R. Tamu, Penjaga Kos, R. Jemur, R. Santai, Jemuran, Pengurus Kos","Parkir Mobil, Parkir Motor",,https://mamikos.com/room/kost-bandung-kost-putri-murah-kost-sukma-antapani-bandung?redirection_source=landing%20area,-6.91734740653887,107.65955492327748
Kost Boarding House Naga Malim Tipe D Cibeunying Kidul Bandung,Campur,Rp750.000,750000,Cibeunying Kidul,Cibeunying Kidul,"Kost ini berlokasi dekat dengan jalan raya dengan akses yang hanya bisa dilalui oleh motor/sepeda, berlokasi dekat dengan Alfamart A Yani 419 (763 m), Christian Church Pasundan Awiligar (2.8 km), Universitas Widyatama (854 m).","3 x 3 meter, Tidak termasuk listrik",Jendela,Kloset Jongkok,"R. Santai, Dapur, Pengurus Kos, CCTV, K. Mandi Luar","Parkir Motor, Parkir Sepeda",,https://mamikos.com/room/kost-bandung-kost-campur-murah-kost-boarding-house-naga-malim-cibeunying-kidul-bandung-1?redirection_source=landing%20area,-6.898704545610583,107.64827325655125
Kost Dmt Cicadas Batununggal Bandung,Putri,Rp500.000,500000,Kecamatan Batununggal,Batununggal,"Kost ini berlokasi dekat dengan jalan raya dengan akses yang hanya bisa dilalui oleh motor/sepeda, berlokasi dekat dengan Warteg Berkah Bahari (2.6 km), Alfamart (2.6 km), Masjid Al Barokah (1.2 km), Bank BJB Weekend Banking (1.8 km), Universitas Widyatama (1.5 km), RS Ibu dan Anak Al Islam (270 m).","3 x 4 meter, Tidak termasuk listrik","Kasur, Lemari / Storage, Ventilasi, Jendela, Cermin, Bantal","Kloset Jongkok, Ember mandi, Bak mandi","WiFi, R. Cuci, Penjaga Kos, R. Jemur, Mushola, Dispenser, Dapur, Pengurus Kos, CCTV, Taman","Parkir Motor, Parkir Sepeda, Parkir Motor & Sepeda",,https://mamikos.com/room/kost-kota-bandung-kost-putri-murah-kost-dmt-cicadas-batununggal-bandung?redirection_source=landing%20area,-6.928551900492606,107.64106287764336
Kost Bu Enita Cibeunying Kaler Bandung,Campur,Rp550.000,550000,Cibeunying Kaler,Cibeunying Kaler,"Kost ini berlokasi dekat dengan jalan raya dengan akses yang hanya bisa dilalui oleh motor/sepeda, berlokasi dekat dengan Rumah Makan Pondok (796 m), Alfamart Bojong Koneng (1.5 km), Masjid Pusdai (569 m), Universitas Padjadjaran Kampus Dipatiukur (1.6 km), Sinar Abadi Balubur Town Square (2.3 km).","3 x 5 meter, Termasuk listrik","Kasur, Lemari / Storage, Jendela, Cleaning service","Kloset Jongkok, K. Mandi Luar, Ember mandi, Bak mandi","R. Cuci, Penjaga Kos, Mushola, Dapur, Pengurus Kos, K. Mandi Luar","Parkir Motor, Parkir Sepeda",,https://mamikos.com/room/kost-kota-bandung-kost-campur-murah-kost-bu-enita-cibeunying-kaler-bandung?redirection_source=landing%20area,-6.884713451056636,107.62955078390603
Kost Rumah Ileya Standar B Cibeunying Kaler Bandung,Campur,Rp650.000,650000,Kecamatan Cibeunying Kaler,Cibeunying Kaler,"Kost ini berlokasi dekat dengan jalan raya dengan akses yang hanya bisa dilalui oleh motor/sepeda, berlokasi dekat dengan Warteg Cintaasih (2.3 km), Alfamart (1.1 km), Christian Church Pasundan Awiligar (2.1 km), Bank BJB Weekend Banking (1.4 km), Institut Teknologi Nasional Bandung (403 m), RS Ibu dan Anak Al Islam (1.3 km).","2.6 x 2.8 meter, Termasuk listrik","Kasur, Meja, Lemari / Storage, Ventilasi, Jendela","Kloset Duduk, Kloset Jongkok, K. Mandi Luar, Ember mandi","WiFi, R. Santai, Dapur, Rice Cooker, Pengurus Kos, CCTV, Balcon, K. Mandi Luar","Parkir Motor, Parkir Motor & Sepeda",,https://mamikos.com/room/kost-kota-bandung-kost-campur-murah-kost-rumah-ileya-standar-b-cibeunying-kaler-bandung?redirection_source=landing%20area,-6.885192267419388,107.62866329590254
Kost Sofy Tipe A Mandalajati Bandung,Putri,Rp650.000,650000,Kecamatan Mandalajati,Mandalajati,"Kost ini berlokasi dekat dengan jalan raya dengan akses yang hanya bisa dilalui oleh motor/sepeda, berlokasi dekat dengan Warteg Permata (2.6 km), PT. Indomarco Prismatama (507 m), Masjid Al Barokah (1.5 km), Universitas Widyatama (1.4 km), RS Umum Hermina Arcamanik (1.2 km).","3 x 4 meter, Tidak termasuk listrik","Ventilasi, Jendela, Dapur Pribadi","K. Mandi Dalam, Kloset Jongkok, Ember mandi","WiFi, R. Jemur, Dapur, CCTV",Parkir Motor,,https://mamikos.com/room/kost-kota-bandung-kost-putri-murah-kost-sofy-tipe-a-mandalajati-bandung?redirection_source=landing%20area,-6.896461378239938,107.67080666784895
Kost Bu Eti 2 Antapani Bandung,Putri,Rp850.000,850000,Kecamatan Antapani,Antapani,"Kost ini berlokasi dekat dengan jalan raya dengan akses yang hanya bisa dilalui oleh motor/sepeda, berlokasi dekat dengan Rumah Makan Murah (2.0 km), Alfamart Cimuncang 2 (2.0 km), Masjid Al Barokah (889 m), Bank Mandiri Bandung MTC (2.7 km), Universitas Widyatama (2.5 km), RS Ibu dan Anak Grha Bunda (1.2 km).","3 x 4 meter, Termasuk listrik","Kasur, Meja, Lemari / Storage, Ventilasi, Jendela, Guling, Cermin, Bantal","Kloset Duduk, Kloset Jongkok, K. Mandi Luar, Ember mandi, Shower, Bak mandi","WiFi, R. Cuci, Kulkas, Mesin Cuci, R. Tamu, R. Jemur, Mushola, R. Santai, Dapur, Jemuran",Parkir Motor,,https://mamikos.com/room/kost-kota-bandung-kost-putri-murah-kost-bu-eti-2-antapani-bandung?redirection_source=landing%20area,-6.916130540706376,107.66052554822434
Kost Pondok Salsabila Antapani Bandung,Putri,Rp650.000,650000,Antapani,Antapani,"Kost ini berlokasi dekat dengan jalan raya dengan akses yang hanya bisa dilalui oleh motor/sepeda, berlokasi dekat dengan Warteg Cintaasih (2.7 km), PT. Indomarco Prismatama (1.7 km), Masjid Al Barokah (890 m), Bank Mandiri Bandung MTC (2.7 km), Universitas Widyatama (2.5 km), RS Ibu dan Anak Grha Bunda (1.2 km).","3 x 4 meter, Termasuk listrik","Kasur, Lemari / Storage","K. Mandi Dalam, Kloset Duduk, Ember mandi","R. Cuci, Laundry, R. Jemur, Dapur","Parkir Motor, Parkir Sepeda",,https://mamikos.com/room/kost-kota-bandung-kost-putri-eksklusif-kost-pondok-salsabila-antapani-bandung-2?redirection_source=landing%20area,-6.917680805156034,107.65851691247398
Kost Sofy Tipe 1 Mandalajati Bandung,Putri,Rp600.000,600000,Kecamatan Mandalajati,Mandalajati,"Kost ini berlokasi dekat dengan jalan raya dengan akses yang hanya bisa dilalui oleh motor/sepeda, berlokasi dekat dengan PT. Indomarco Prismatama (1.5 km), Masjid Al Barokah (2.5 km), Universitas Widyatama (2.1 km), RS Umum Hermina Arcamanik (1.5 km).","3 x 4 meter, Tidak termasuk listrik","Kasur, Lemari / Storage, Jendela, Bantal","K. Mandi Dalam, Kloset Duduk, Kloset Jongkok, Ember mandi","R. Jemur, Dapur, Jemuran, Pengurus Kos, CCTV",Parkir Motor & Sepeda,,https://mamikos.com/room/kost-kota-bandung-kost-putri-murah-kost-sofy-tipe-1-mandalajati-bandung?redirection_source=landing%20area,-6.894879013542049,107.66934887576404
Kost Pondok Salsabila Tipe 2 Cibeunying Kidul Bandung,Campur,Rp800.000,800000,Kecamatan Cibeunying Kidul,Cibeunying Kidul,"Kost ini berlokasi dekat dengan jalan raya dengan akses yang hanya bisa dilalui oleh motor/sepeda, berlokasi dekat dengan Warteg Permata (1.6 km), Alfamart A Yani 419 (776 m), Masjid Pusdai (1.9 km), Bank Mandiri Bandung Martadinata (2.4 km), Universitas Widyatama (818 m), RS Khusus Gigi dan Mulut UNPAD (2.9 km).","2 x 3 meter, Tidak termasuk listrik","Kasur, Bantal","K. Mandi Dalam, Kloset Jongkok, K. Mandi Luar, Ember mandi, Shower, Bak mandi","WiFi, R. Cuci, Penjaga Kos, R. Jemur, Mushola, R. Santai, Dapur, Jemuran, Pengurus Kos, K. Mandi Luar",Parkir Motor,,https://mamikos.com/room/kost-kota-bandung-kost-campur-murah-kost-pondok-salsabila-tipe-2-cibeunying-kidul-bandung-2?redirection_source=landing%20area,-6.897864896639345,107.65093993271418
Kost Palm Bridge Tipe B Cimenyan Bandung,Putra,Rp875.000,875000,Cimenyan,Cimenyan,"Kost ini berlokasi dekat dengan jalan raya dengan akses yang hanya bisa dilalui oleh motor/sepeda, berlokasi dekat dengan Alfamart Bojong Koneng (1.3 km), Christian Church Pasundan Awiligar (875 m), Universitas Padjadjaran Kampus Dipatiukur (1.9 km), Sinar Abadi Balubur Town Square (2.9 km).","3 x 3.5 meter, Termasuk listrik","Kasur, Meja, Lemari / Storage","Kloset Duduk, K. Mandi Luar, Ember mandi","WiFi, Mesin Cuci, R. Tamu, R. Jemur, R. Santai, Balcon","Parkir Motor, Parkir Sepeda",,https://mamikos.com/room/kost-bandung-kost-putra-eksklusif-kost-palm-bridge-cimenyan-bandung-1?redirection_source=landing%20area,-6.881768657012675,107.66264793205163
Kost Wahjoewono Tipe A Antapani Bandung,Putri,Rp800.000,800000,Antapani,Antapani,"Kost ini berlokasi dekat dengan jalan raya dengan akses yang hanya bisa dilalui oleh motor/sepeda, berlokasi dekat dengan Alfamart Cimuncang 2 (925 m), Masjid Al Barokah (530 m), Akademi Pariwisata BSI Bandung (642 m).","3.2 x 3.6 meter, Termasuk listrik","Kasur, Meja, Lemari / Storage, Meja makan, Jendela, Bantal, Wastafel, Kursi","Kloset Jongkok, K. Mandi Luar, Wastafel, Ember mandi, Shower","WiFi, R. Cuci, R. Tamu, Penjaga Kos, R. Jemur, R. Makan, Dapur, Jemuran, Pengurus Kos, K. Mandi Luar",Parkir Motor,,https://mamikos.com/room/kost-kota-bandung-kost-putri-murah-kost-wahjoewono-tipe-a-antapani-bandung?redirection_source=landing%20area,-6.917125320663193,107.6612048189401
Kost Awiligar 54 Tipe B Cibeunying Cimenyan Bandung,Putra,Rp750.000,750000,Cimenyan,Cimenyan,"Kost ini berlokasi dekat dengan jalan raya dengan akses yang hanya bisa dilalui oleh motor/sepeda, berlokasi dekat dengan Alfamart Bojong Koneng (1.4 km), Christian Church Pasundan Awiligar (827 m), Universitas Padjadjaran Kampus Dipatiukur (1.9 km), Sinar Abadi Balubur Town Square (2.9 km).","3 x 3.5 meter, Termasuk listrik","Kasur, Meja, Lemari / Storage","Kloset Jongkok, K. Mandi Luar, Ember mandi, Bak mandi","WiFi, R. Cuci, R. Jemur, Dapur",Parkir Motor,,https://mamikos.com/room/kost-kabupaten-bandung-kost-putra-murah-kost-awiligar-54-tipe-b-cibeunying-cimenyan-bandung?redirection_source=landing%20area,-6.880349167090194,107.66193969722825
Kost Rumah Ileya Standar A Cibeunying Kaler Bandung,Campur,Rp750.000,750000,Kecamatan Cibeunying Kaler,Cibeunying Kaler,"Kost ini berlokasi dekat dengan jalan raya dengan akses yang hanya bisa dilalui oleh motor/sepeda, berlokasi dekat dengan Warteg Cintaasih (2.3 km), Alfamart (1.1 km), Christian Church Pasundan Awiligar (2.1 km), Bank BJB Weekend Banking (1.4 km), Institut Teknologi Nasional Bandung (403 m), RS Ibu dan Anak Al Islam (1.3 km).","2.8 x 3.2 meter, Termasuk listrik","Kasur, Meja, Meja Rias, Lemari / Storage, Ventilasi, Jendela","Kloset Duduk, Kloset Jongkok, K. Mandi Luar, Ember mandi","WiFi, R. Tamu, R. Makan, R. Santai, Dapur, Rice Cooker, Pengurus Kos, Jual Makanan, CCTV, Balcon","Parkir Motor, Parkir Motor & Sepeda",,https://mamikos.com/room/kost-kota-bandung-kost-campur-murah-kost-rumah-ileya-standar-a-cibeunying-kaler-bandung?redirection_source=landing%20area,-6.885809679739328,107.6272202088381
Kost Alshab Tipe A Cimenyan Bandung,Campur,Rp775.000,775000,Cimenyan,Cimenyan,"Kost ini berlokasi dekat dengan jalan raya dengan akses yang hanya bisa dilalui oleh motor/sepeda, berlokasi dekat dengan Rumah Makan Pondok (3.1 km), Circle K Cisangkuy (3.4 km), Masjid Asy Syamsi (1.8 km), Universitas Widyatama (1.2 km), RS Ibu dan Anak Al Islam (2.7 km).","3 x 4 meter, Tidak termasuk listrik","Kasur, Lemari / Storage, Ventilasi, Jendela, Bantal","K. Mandi Dalam, Kloset Jongkok, Ember mandi, Shower","WiFi, R. Jemur, Dapur, Jemuran, Pengurus Kos",Parkir Motor,,https://mamikos.com/room/kost-kabupaten-bandung-kost-campur-eksklusif-kost-alshab-tipe-a-cimenyan-bandung?redirection_source=landing%20area,-6.881222764454396,107.66476851325196
Kost Puri Fbp Cibeunying Kidul Bandung,Putra,Rp800.000,800000,Kecamatan Cibeunying Kidul,Cibeunying Kidul,"Kost ini berlokasi dekat dengan jalan raya dengan akses yang hanya bisa dilalui oleh motor/sepeda, berlokasi dekat dengan Warteg Permata (2.6 km), Alfamart (2.1 km), Masjid Al Barokah (1.8 km), Bank BJB Weekend Banking (2.8 km), Universitas Widyatama (272 m), RS Ibu dan Anak Al Islam (1.7 km).","3 x 3 meter, Termasuk listrik","Kasur, Meja, Lemari / Storage, Ventilasi, Jendela, Bantal, Sofa, Wastafel","Kloset Duduk, K. Mandi Luar","WiFi, R. Tamu, Penjaga Kos, R. Santai, Dapur, Pengurus Kos, CCTV, Balcon, Taman, TV","Parkir Mobil, Parkir Motor",,https://mamikos.com/room/kost-kota-bandung-kost-putra-murah-kost-puri-fbp-cibeunying-kidul-bandung?redirection_source=landing%20area,-6.900422549772879,107.650624003957
Kost Anthurium Cimenyan Bandung,Putri,Rp1.500.000,1500000,Kecamatan Cimenyan,Cimenyan,"Kost ini berlokasi dekat dengan jalan raya dengan akses masuk mobil, berlokasi dekat dengan Warteg Gaul (2.5 km), Alfamart Bojong Koneng (1.4 km), Christian Church Pasundan Awiligar (296 m), Bank Mandiri Bandung Priority Banking Soerapatti (2.9 km), Universitas Padjadjaran Kampus Dipatiukur (2.6 km), RS Khusus Ginjal NY R.A. Habibie (2.0 km).","4 x 5 meter, Tidak termasuk listrik","Kasur, Meja, Ventilasi, Jendela, Guling, Cermin, Bantal, Sofa, Kursi","K. Mandi Dalam, Kloset Duduk, Shower, Air panas","WiFi, R. Cuci, Kulkas, R. Tamu, Penjaga Kos, R. Jemur, R. Makan, Mushola, R. Santai, Dispenser","Parkir Mobil, Parkir Motor, Parkir Sepeda",,https://mamikos.com/room/kost-kabupaten-bandung-kost-putri-eksklusif-kost-anthurium-cimenyan-bandung?redirection_source=landing%20area,-6.880925345758193,107.66459873878328
Kost Imah Incu Antapani Bandung,Putri,Rp850.000,850000,Antapani,Antapani,"Kost ini berlokasi dekat dengan jalan raya dengan akses yang hanya bisa dilalui oleh motor/sepeda, berlokasi dekat dengan Alfamart Cimuncang 2 (1.0 km), Masjid Al Barokah (336 m), Akademi Pariwisata BSI Bandung (460 m).","3 x 4 meter, Termasuk listrik","Kasur, Lemari / Storage, Ventilasi, Jendela, Guling, Bantal","K. Mandi Dalam, Kloset Jongkok, Ember mandi","WiFi, Jemuran, Pengurus Kos","Parkir Motor, Parkir Sepeda",,https://mamikos.com/room/kost-kota-bandung-kost-putri-murah-kost-imah-incu-antapani-bandung-2?redirection_source=landing%20area,-6.916286601773433,107.65884030560511
Kost Wardah Cibeunying Kaler Bandung,Pasutri,Rp1.400.000,1400000,Cibeunying Kaler,Cibeunying Kaler,"Kost ini berlokasi dekat dengan jalan raya dengan akses yang hanya bisa dilalui oleh motor/sepeda, berlokasi dekat dengan Alfamart Bojong Koneng (1.5 km), Masjid MUI Kota Bandung (687 m), Institut Teknologi Nasional Bandung (1.0 km), Sinar Abadi Balubur Town Square (2.6 km).","4 x 4 meter, Tidak termasuk listrik","AC, Kasur, Meja, TV, Lemari / Storage, Ventilasi, Jendela, Guling, Dapur Pribadi, Cermin","K. Mandi Dalam, Kloset Duduk, Ember mandi, Shower, Air panas","WiFi, Penjaga Kos, R. Jemur, Mushola, R. Santai, Dispenser, Jemuran, Pengurus Kos, CCTV, Kartu Akses","Parkir Mobil, Parkir Motor, Parkir Sepeda",,https://mamikos.com/room/kost-bandung-kost-campur-eksklusif-kost-wardah-khusus-pasutri-cibeunying-kaler-bandung?redirection_source=landing%20area,-6.887657107894913,107.62699415349479
Kost Rengganis Type A Cibeunying Kaler Bandung,Putri,Rp750.000,750000,Cibeunying Kaler,Cibeunying Kaler,"Kost ini berlokasi dekat dengan jalan raya dengan akses yang hanya bisa dilalui oleh motor/sepeda, berlokasi dekat dengan Warteg Cintaasih (2.2 km), Alfamart (1.2 km), Christian Church Pasundan Awiligar (2.2 km), Bank BJB Weekend Banking (1.3 km), Institut Teknologi Nasional Bandung (475 m), RS Ibu dan Anak Al Islam (1.2 km).","3 x 3 meter, Termasuk listrik","Kasur, Lemari / Storage, Jendela, Bantal","K. Mandi Dalam, Kloset Jongkok, Wastafel, Ember mandi","WiFi, R. Jemur, R. Santai, Dapur, Jemuran, Pengurus Kos, CCTV, R. Keluarga, K. Mandi Luar","Parkir Motor, Parkir Motor & Sepeda",,https://mamikos.com/room/kost-kota-bandung-kost-putri-murah-kost-rengganis-type-a-cibeunying-kaler-bandung-2?redirection_source=landing%20area,-6.8878241271050555,107.62949571079935
Kost Harmoni Abadi Kiaracondong Bandung,Campur,Rp700.000,700000,Kecamatan Kiaracondong,Kiaracondong,"Kost ini berlokasi dekat dengan jalan raya dengan akses yang hanya bisa dilalui oleh motor/sepeda, berlokasi dekat dengan Warteg Bahari (2.9 km), Alfamart (3.3 km), Gereja Isa Almasih (1.1 km), Bank BJB Weekend Banking (2.5 km), Universitas Widyatama (2.4 km), RS Ibu dan Anak Grha Bunda (735 m).","3 x 4 meter, Tidak termasuk listrik","Kasur, Lemari / Storage, Jendela, Bantal","K. Mandi Dalam, Kloset Jongkok, Ember mandi",Taman,"Parkir Motor, Parkir Sepeda, Parkir Motor & Sepeda",,https://mamikos.com/room/kost-kota-bandung-kost-campur-murah-kost-harmoni-abadi-kiaracondong-bandung?redirection_source=landing%20area,-6.926004211122201,107.6454435731857
Kost Batik Ayu Cibeunying Kaler Bandung,Putra,Rp1.300.000,1300000,Cibeunying Kaler,Cibeunying Kaler,"Kost ini berlokasi dekat dengan jalan raya dengan akses yang hanya bisa dilalui oleh motor/sepeda, berlokasi dekat dengan .","3 x 4 meter, Termasuk listrik","Kasur, Meja, Lemari / Storage, Ventilasi, Jendela, Cermin, Bantal, Kursi","K. Mandi Dalam, Kloset Duduk, Shower","WiFi, Kulkas, R. Tamu, R. Jemur, R. Santai, Dapur, Jemuran","Parkir Mobil, Parkir Motor, Parkir Sepeda",,https://mamikos.com/room/kost-bandung-kost-putra-eksklusif-kost-batik-ayu-cibeunying-kaler-bandung?redirection_source=landing%20area,-6.884865314002146,107.62919614690091
Kost Ibu Restu A Tipe Standart Cibeunying Kidul Bandung,Putra,Rp800.000,800000,Kecamatan Cibeunying Kidul,Cibeunying Kidul,"Kost ini berlokasi dekat dengan jalan raya dengan akses yang hanya bisa dilalui oleh motor/sepeda, berlokasi dekat dengan Warteg Cintaasih (2.2 km), Alfamart A Yani 419 (824 m), Masjid Al Barokah (1.2 km), Bank BJB Weekend Banking (2.1 km), Universitas Widyatama (780 m), RS Khusus Gigi dan Mulut UNPAD (3.0 km).","3 x 4 meter, Termasuk listrik","Kasur, Ventilasi, Jendela, Cermin, Bantal","K. Mandi Dalam, Kloset Jongkok, Ember mandi","WiFi, Jemuran, Pengurus Kos, Jual Makanan, Balcon, Joglo","Parkir Motor, Parkir Sepeda",,https://mamikos.com/room/kost-kota-bandung-kost-putra-murah-kost-ibu-restu-a-tipe-standart-cibeunying-kidul-bandung?redirection_source=landing%20area,-6.8977887886789935,107.652070971267
Kost Terusan Cisokan Cibeunying Kaler Bandung,Putri,Rp1.350.000,1350000,Cibeunying Kaler,Cibeunying Kaler,"Kost ini berlokasi dekat dengan jalan raya dengan akses yang hanya bisa dilalui oleh motor/sepeda, berlokasi dekat dengan Rumah Makan Boemi Mitoha (804 m), Alfamart A Yani 419 (1.1 km), Masjid Pusdai (834 m), Institut Teknologi Nasional Bandung (652 m), Sinar Abadi Balubur Town Square (2.6 km).","3 x 4 meter, Tidak termasuk listrik","Kasur, Meja, Lemari / Storage, Kursi","K. Mandi Dalam, Kloset Duduk, Shower, Air panas","WiFi, Kulkas, Mesin Cuci, R. Jemur, R. Makan, R. Santai, Dapur, TV",Parkir Motor,,https://mamikos.com/room/kost-kota-bandung-kost-putri-eksklusif-kost-terusan-cisokan-cibeunying-kaler-bandung-2?redirection_source=landing%20area,-6.887191575218827,107.63010275326405
Kost Rumah Surya Cibeunying Kaler Bandung,Putra,Rp550.000,550000,Kecamatan Cibeunying Kaler,Cibeunying Kaler,"Kost ini berlokasi dekat dengan jalan raya dengan akses yang hanya bisa dilalui oleh motor/sepeda, berlokasi dekat dengan Warteg Aero (2.0 km), Alfamart (2.7 km), Christian Church Pasundan Awiligar (1.1 km), Bank BJB Weekend Banking (2.4 km), Institut Teknologi Bandung (2.3 km), RS Ibu dan Anak Al Islam (2.4 km).","3 x 4 meter, Tidak termasuk listrik","Kasur, Lemari / Storage","Kloset Duduk, Kloset Jongkok, Ember mandi, Bak mandi","WiFi, R. Cuci, R. Tamu",Parkir Motor & Sepeda,,https://mamikos.com/room/kost-kota-bandung-kost-putra-murah-kost-rumah-surya-cibeunying-kaler-bandung-2?redirection_source=landing%20area,-6.8850339539265795,107.62807808965758
Kost Ibu Ria Bekatonik Cibeunying Kidul Bandung,Putri,Rp600.000,600000,Cibeunying Kidul,Cibeunying Kidul,"Kost ini berlokasi dekat dengan jalan raya dengan akses yang hanya bisa dilalui oleh motor/sepeda, berlokasi dekat dengan Alfamart Bojong Koneng (739 m), Christian Church Pasundan Awiligar (2.3 km), Universitas Padjadjaran Kampus Dipatiukur (2.8 km), Sinar Abadi Balubur Town Square (3.5 km).","3 x 4 meter, Termasuk listrik","Kasur, Meja, Lemari / Storage, Kursi","Kloset Jongkok, K. Mandi Luar, Ember mandi, Air panas, Bak mandi","WiFi, R. Cuci, R. Tamu, Penjaga Kos, R. Jemur, R. Santai, Dapur, Balcon, R. Keluarga, K. Mandi Luar","Parkir Motor, Parkir Sepeda",,https://mamikos.com/room/kost-kota-bandung-kost-putri-murah-kost-ibu-ria-bekatonik-cibeunying-kidul-bandung?redirection_source=landing%20area,-6.897529182840761,107.65030924823805
Kost Evelyn Home Tipe 2 Cibeunying Kidul Bandung,Putri,Rp750.000,750000,Cibeunying Kidul,Cibeunying Kidul,"Kost ini berlokasi dekat dengan jalan raya dengan akses yang hanya bisa dilalui oleh motor/sepeda, berlokasi dekat dengan Alfamart Bojong Koneng (351 m), Christian Church Pasundan Awiligar (2.0 km), Universitas Widyatama (180 m), RS Umum Santo Yusup (992 m).","3 x 4 meter, Termasuk listrik","Kasur, Lemari / Storage, Cermin","K. Mandi Dalam, Kloset Jongkok, Ember mandi","WiFi, R. Jemur, Dapur",,,https://mamikos.com/room/kost-kota-bandung-kost-putri-murah-kost-evelyn-home-tipe-2-cibeunying-kidul-bandung?redirection_source=landing%20area,-6.897045794366041,107.65157389114317
Kost Berry Budi Tipe A Cibeunying Kidul Bandung,Campur,Rp650.000,650000,Kecamatan Cibeunying Kidul,Cibeunying Kidul,"Kost ini berlokasi dekat dengan jalan raya dengan akses yang hanya bisa dilalui oleh motor/sepeda, berlokasi dekat dengan Warteg Cintaasih (2.4 km), Alfamart (1.8 km), Masjid Al Barokah (1.7 km), Bank BJB Weekend Banking (2.0 km), Institut Teknologi Nasional Bandung (569 m), RS Ibu dan Anak Al Islam (980 m).","3 x 3 meter, Termasuk listrik","Kasur, Meja, Lemari / Storage","Kloset Duduk, Kloset Jongkok, K. Mandi Luar, Bak mandi","WiFi, Kulkas, R. Jemur, R. Santai, Dapur, CCTV, Kartu Akses, TV, K. Mandi Luar","Parkir Motor, Parkir Sepeda, Parkir Motor & Sepeda",,https://mamikos.com/room/kost-kota-bandung-kost-campur-murah-kost-berry-budi-tipe-a-cibeunying-kidul-bandung?redirection_source=landing%20area,-6.899052925294636,107.64894720288227
Kost Elroi Bojong Koneng Atas Cikutra Tipe A Cimenyan Bandung,Putra,Rp1.700.000,1700000,Cimenyan,Cimenyan,"Kost ini berlokasi dekat dengan jalan raya dengan akses yang hanya bisa dilalui oleh motor/sepeda, berlokasi dekat dengan Rumah Makan Pondok (3.0 km), Alfamart Bojong Koneng (838 m), Christian Church Pasundan Awiligar (1.4 km), Bank BJB Weekend Banking (3.4 km), Universitas Widyatama (1.1 km), RS Ibu dan Anak Al Islam (2.5 km).","3 x 4 meter, Tidak termasuk listrik","AC, Kasur, Meja, Lemari / Storage, Ventilasi, Jendela, Guling, Cermin, Bantal, Kursi","K. Mandi Dalam, Kloset Duduk, Ember mandi, Shower, Air panas","WiFi, Kulkas, R. Tamu, Penjaga Kos, R. Jemur, R. Makan, R. Santai, Dispenser, Dapur, Jemuran","Parkir Motor, Parkir Motor & Sepeda",,https://mamikos.com/room/kost-kabupaten-bandung-kost-putra-eksklusif-kost-elroi-bojong-koneng-atas-cikutra-tipe-a-cimenyan-bandung?redirection_source=landing%20area,-6.87984999148722,107.66427693413361
Kost Cahaya Nodibel Mandalajati Bandung,Campur,Rp1.300.000,1300000,Kecamatan Mandalajati,Mandalajati,"Kost ini berlokasi dekat dengan jalan raya dengan akses yang hanya bisa dilalui oleh motor/sepeda, berlokasi dekat dengan Christian Church Pasundan Awiligar (3.5 km), RS Umum Hermina Arcamanik (893 m).","9 x 3 meter, Tidak termasuk listrik",Jendela,"K. Mandi Dalam, Kloset Duduk","Jemuran, Pengurus Kos, Balcon",Parkir Motor,,https://mamikos.com/room/kost-kota-bandung-kost-campur-eksklusif-kost-cahaya-nodibel-mandalajati-bandung-2?redirection_source=landing%20area,-6.895865846419007,107.67055046333736
Kost Elroi Bojong Koneng Atas Cikutra Tipe B Cimenyan Bandung,Putra,Rp1.600.000,1600000,Cimenyan,Cimenyan,"Kost ini berlokasi dekat dengan jalan raya dengan akses yang hanya bisa dilalui oleh motor/sepeda, berlokasi dekat dengan Rumah Makan Pondok (3.0 km), Alfamart Bojong Koneng (838 m), Christian Church Pasundan Awiligar (1.4 km), Bank BJB Weekend Banking (3.4 km), Universitas Widyatama (1.1 km), RS Ibu dan Anak Al Islam (2.5 km).","3 x 4 meter, Tidak termasuk listrik","AC, Kasur, Meja, Lemari / Storage, Ventilasi, Jendela, Guling, Cermin, Bantal, Kursi","K. Mandi Dalam, Kloset Duduk, Ember mandi, Shower, Air panas","WiFi, Kulkas, R. Tamu, Penjaga Kos, R. Jemur, R. Makan, R. Santai, Dispenser, Dapur, Jemuran","Parkir Motor, Parkir Motor & Sepeda",,https://mamikos.com/room/kost-kabupaten-bandung-kost-putra-eksklusif-kost-elroi-bojong-koneng-atas-cikutra-tipe-b-cimenyan-bandung?redirection_source=landing%20area,-6.881501319396391,107.66387761396678
Kost Gemilang Berkah Tipe A Cimenyan Bandung,Putra,Rp750.000,750000,Kecamatan Cimenyan,Cimenyan,"Kost ini berlokasi dekat dengan jalan raya dengan akses yang hanya bisa dilalui oleh motor/sepeda, berlokasi dekat dengan Alfamart Bojong Koneng (1.4 km), Christian Church Pasundan Awiligar (826 m), Universitas Padjadjaran Kampus Dipatiukur (1.9 km), Sinar Abadi Balubur Town Square (2.9 km).","3 x 3 meter, Termasuk listrik","Kasur, Lemari / Storage, Ventilasi, Jendela","Kloset Jongkok, Ember mandi, Bak mandi","WiFi, R. Cuci, R. Tamu, R. Santai, Dapur, Jemuran, R. Keluarga, K. Mandi Luar","Parkir Motor, Parkir Sepeda",,https://mamikos.com/room/kost-bandung-kost-putra-murah-kost-gemilang-berkah-tipe-a-cimenyan-bandung?redirection_source=landing%20area,-6.881381664884401,107.66371298769542
Kost Divara Luxury Kamar Utama Cibeunying Kaler Bandung,Campur,Rp1.600.000,1600000,Kecamatan Cibeunying Kaler,Cibeunying Kaler,"Kost ini berlokasi dekat dengan jalan raya dengan akses masuk mobil, berlokasi dekat dengan Warteg Aero (2.2 km), Alfamart (2.9 km), Christian Church Pasundan Awiligar (1.2 km), Bank BJB Weekend Banking (2.3 km), Institut Teknologi Nasional Bandung (872 m), RS Ibu dan Anak Al Islam (2.2 km).","3 x 3 meter, Tidak termasuk listrik","AC, Kasur, Meja, TV, Lemari / Storage, Ventilasi, Jendela, Bantal, Kursi","K. Mandi Dalam, Kloset Duduk, Shower, Air panas","WiFi, Kulkas, Laundry, Penjaga Kos, R. Jemur, R. Santai, Dapur, Jemuran, CCTV, Kartu Akses","Parkir Motor, Parkir Motor & Sepeda",,https://mamikos.com/room/kost-kota-bandung-kost-campur-eksklusif-kost-divara-luxury-kamar-utama-cibeunying-kaler-bandung-2?redirection_source=landing%20area,-6.886449443544509,107.62990889155222
Kost Keys Co Living Deluxe Balcony Cibeunying Kidul Bandung,Campur,Rp2.500.000,2500000,Cibeunying Kidul,Cibeunying Kidul,"Kost ini berlokasi dekat dengan jalan raya dengan akses masuk mobil, berlokasi dekat dengan Warteg Cintaasih (2.4 km), Alfamart (2.0 km), Masjid Al Barokah (1.5 km), Bank BJB Weekend Banking (2.1 km), Universitas Widyatama (571 m), RS Ibu dan Anak Al Islam (891 m).","3 x 4 meter, Tidak termasuk listrik","AC, Kasur, Meja, Lemari / Storage, microwave, Jendela, Guling, Cermin, Bantal, Kursi","K. Mandi Dalam, Kloset Duduk, Shower, Air panas","WiFi, R. Cuci, Kulkas, Mesin Cuci, Penjaga Kos, R. Jemur, R. Makan, Mushola, Dispenser, Dapur","Parkir Mobil, Parkir Motor",,https://mamikos.com/room/kost-kota-bandung-kost-campur-eksklusif-kost-keys-co-living-deluxe-balcony-cibeunying-kidul-bandung-2?redirection_source=landing%20area,-6.896612762767031,107.65124174887468
Kost Hdci Tipe B Coblong Bandung,Putra,Rp1.000.000,1000000,Kecamatan Coblong,Coblong,"Kost ini berlokasi dekat dengan jalan raya dengan akses yang hanya bisa dilalui oleh motor/sepeda, berlokasi dekat dengan Warteg Gaul (1.6 km), Alfamart Bojong Koneng (1.6 km), Masjid MUI Kota Bandung (464 m), BSI KCP Bandung Dago (1.9 km), Universitas Padjadjaran Kampus Dipatiukur (1.4 km), RS Umum Santo Borromeus (1.8 km).","3 x 4 meter, Tidak termasuk listrik","Kasur, Lemari / Storage, Jendela","K. Mandi Dalam, Kloset Jongkok, Ember mandi","WiFi, Penjaga Kos, Jemuran, Pengurus Kos, Jual Makanan, Kartu Akses, Balcon",Parkir Motor,,https://mamikos.com/room/kost-kota-bandung-kost-putra-eksklusif-kost-hdci-tipe-b-coblong-bandung?redirection_source=landing%20area,-6.879350638160678,107.61271460621695
Kost Elroi Bojong Koneng Atas Cikutra Tipe B Cimenyan Bandung,Putra,Rp1.600.000,1600000,Cimenyan,Cimenyan,"Kost ini berlokasi dekat dengan jalan raya dengan akses yang hanya bisa dilalui oleh motor/sepeda, berlokasi dekat dengan Rumah Makan Pondok (3.0 km), Alfamart Bojong Koneng (838 m), Christian Church Pasundan Awiligar (1.4 km), Bank BJB Weekend Banking (3.4 km), Universitas Widyatama (1.1 km), RS Ibu dan Anak Al Islam (2.5 km).","3 x 4 meter, Tidak termasuk listrik","AC, Kasur, Meja, Lemari / Storage, Ventilasi, Jendela, Guling, Cermin, Bantal, Kursi","K. Mandi Dalam, Kloset Duduk, Ember mandi, Shower, Air panas","WiFi, Kulkas, R. Tamu, Penjaga Kos, R. Jemur, R. Makan, R. Santai, Dispenser, Dapur, Jemuran","Parkir Motor, Parkir Motor & Sepeda",,https://mamikos.com/room/kost-kabupaten-bandung-kost-putra-eksklusif-kost-elroi-bojong-koneng-atas-cikutra-tipe-b-cimenyan-bandung?redirection_source=landing%20area,-6.879867184798018,107.66441955314
Kost Gemilang Berkah Tipe A Cimenyan Bandung,Putra,Rp750.000,750000,Kecamatan Cimenyan,Cimenyan,"Kost ini berlokasi dekat dengan jalan raya dengan akses yang hanya bisa dilalui oleh motor/sepeda, berlokasi dekat dengan Alfamart Bojong Koneng (1.4 km), Christian Church Pasundan Awiligar (826 m), Universitas Padjadjaran Kampus Dipatiukur (1.9 km), Sinar Abadi Balubur Town Square (2.9 km).","3 x 3 meter, Termasuk listrik","Kasur, Lemari / Storage, Ventilasi, Jendela","Kloset Jongkok, Ember mandi, Bak mandi","WiFi, R. Cuci, R. Tamu, R. Santai, Dapur, Jemuran, R. Keluarga, K. Mandi Luar","Parkir Motor, Parkir Sepeda",,https://mamikos.com/room/kost-bandung-kost-putra-murah-kost-gemilang-berkah-tipe-a-cimenyan-bandung?redirection_source=landing%20area,-6.881135552694469,107.66461760374257
Kost Divara Luxury Kamar Utama Cibeunying Kaler Bandung,Campur,Rp1.600.000,1600000,Kecamatan Cibeunying Kaler,Cibeunying Kaler,"Kost ini berlokasi dekat dengan jalan raya dengan akses masuk mobil, berlokasi dekat dengan Warteg Aero (2.2 km), Alfamart (2.9 km), Christian Church Pasundan Awiligar (1.2 km), Bank BJB Weekend Banking (2.3 km), Institut Teknologi Nasional Bandung (872 m), RS Ibu dan Anak Al Islam (2.2 km).","3 x 3 meter, Tidak termasuk listrik","AC, Kasur, Meja, TV, Lemari / Storage, Ventilasi, Jendela, Bantal, Kursi","K. Mandi Dalam, Kloset Duduk, Shower, Air panas","WiFi, Kulkas, Laundry, Penjaga Kos, R. Jemur, R. Santai, Dapur, Jemuran, CCTV, Kartu Akses","Parkir Motor, Parkir Motor & Sepeda",,https://mamikos.com/room/kost-kota-bandung-kost-campur-eksklusif-kost-divara-luxury-kamar-utama-cibeunying-kaler-bandung-2?redirection_source=landing%20area,-6.887291482667361,107.6295440490248
Kost Keys Co Living Deluxe Balcony Cibeunying Kidul Bandung,Campur,Rp2.500.000,2500000,Cibeunying Kidul,Cibeunying Kidul,"Kost ini berlokasi dekat dengan jalan raya dengan akses masuk mobil, berlokasi dekat dengan Warteg Cintaasih (2.4 km), Alfamart (2.0 km), Masjid Al Barokah (1.5 km), Bank BJB Weekend Banking (2.1 km), Universitas Widyatama (571 m), RS Ibu dan Anak Al Islam (891 m).","3 x 4 meter, Tidak termasuk listrik","AC, Kasur, Meja, Lemari / Storage, microwave, Jendela, Guling, Cermin, Bantal, Kursi","K. Mandi Dalam, Kloset Duduk, Shower, Air panas","WiFi, R. Cuci, Kulkas, Mesin Cuci, Penjaga Kos, R. Jemur, R. Makan, Mushola, Dispenser, Dapur","Parkir Mobil, Parkir Motor",,https://mamikos.com/room/kost-kota-bandung-kost-campur-eksklusif-kost-keys-co-living-deluxe-balcony-cibeunying-kidul-bandung-2?redirection_source=landing%20area,-6.90032059124052,107.65071007978834
Kost Hdci Tipe B Coblong Bandung,Putra,Rp1.000.000,1000000,Kecamatan Coblong,Coblong,"Kost ini berlokasi dekat dengan jalan raya dengan akses yang hanya bisa dilalui oleh motor/sepeda, berlokasi dekat dengan Warteg Gaul (1.6 km), Alfamart Bojong Koneng (1.6 km), Masjid MUI Kota Bandung (464 m), BSI KCP Bandung Dago (1.9 km), Universitas Padjadjaran Kampus Dipatiukur (1.4 km), RS Umum Santo Borromeus (1.8 km).","3 x 4 meter, Tidak termasuk listrik","Kasur, Lemari / Storage, Jendela","K. Mandi Dalam, Kloset Jongkok, Ember mandi","WiFi, Penjaga Kos, Jemuran, Pengurus Kos, Jual Makanan, Kartu Akses, Balcon",Parkir Motor,,https://mamikos.com/room/kost-kota-bandung-kost-putra-eksklusif-kost-hdci-tipe-b-coblong-bandung?redirection_source=landing%20area,-6.881924427251221,107.61564314019546
Kost Urban Residence Tipe A Kiaracondong Bandung,Campur,Rp600.000,600000,Kiaracondong,Kiaracondong,"Kost ini berlokasi dekat dengan jalan raya dengan akses yang hanya bisa dilalui oleh motor/sepeda, berlokasi dekat dengan Warteg Permata (1.5 km), Alfamart Cimuncang 2 (683 m), Masjid Al Barokah (492 m), Bank BJB Weekend Banking (2.9 km), Universitas Widyatama (1.1 km), RS Ibu dan Anak Grha Bunda (921 m).","3 x 3 meter, Termasuk listrik","Kasur, Lemari / Storage, Jendela, Dapur Pribadi, Bantal","K. Mandi Dalam, Kloset Jongkok, Ember mandi, Bak mandi","WiFi, Laundry, Penjaga Kos, Pengurus Kos, CCTV",Parkir Motor,,https://mamikos.com/room/kost-kota-bandung-kost-campur-murah-kost-urban-residence-tipe-a-kiaracondong-bandung?redirection_source=landing%20area,-6.923915090553871,107.64474940337915
Kost Cikutra Baru 1 Cibeunying Kaler Bandung,Putri,Rp1.000.000,1000000,Cibeunying Kaler,Cibeunying Kaler,"Kost ini berlokasi dekat dengan jalan raya dengan akses yang hanya bisa dilalui oleh motor/sepeda, berlokasi dekat dengan Alfamart Bojong Koneng (606 m), Masjid Pusdai (1.5 km), Institut Teknologi Nasional Bandung (373 m), Sinar Abadi Balubur Town Square (3.2 km).","2 x 4 meter, Termasuk listrik","Kasur, Meja, Lemari / Storage","Kloset Duduk, K. Mandi Luar, Shower, Bak mandi","WiFi, Kulkas, R. Tamu, R. Jemur, R. Santai, Dispenser, Dapur, R. Keluarga","Parkir Mobil, Parkir Motor",,https://mamikos.com/room/kost-kost-putri-eksklusif-kost-cikutra-baru-1-cibeunying-kaler-bandung?redirection_source=landing%20area,-6.885350674217166,107.62862544657077
Kost Evelyn Home Tipe 3 Cibeunying Kidul Bandung,Putri,Rp500.000,500000,Cibeunying Kidul,Cibeunying Kidul,"Kost ini berlokasi dekat dengan jalan raya dengan akses yang hanya bisa dilalui oleh motor/sepeda, berlokasi dekat dengan Alfamart Bojong Koneng (351 m), Christian Church Pasundan Awiligar (2.0 km), Universitas Widyatama (180 m).","3 x 3 meter, Termasuk listrik","Kasur, Lemari / Storage, Cermin","Kloset Jongkok, K. Mandi Luar, Ember mandi","WiFi, R. Jemur, Dapur, K. Mandi Luar",,,https://mamikos.com/room/kost-kota-bandung-kost-putri-murah-kost-evelyn-home-tipe-3-cibeunying-kidul-bandung?redirection_source=landing%20area,-6.89725120390725,107.65066268379114
Kost Palm Bridge Tipe D Cimenyan Bandung,Putra,Rp950.000,950000,Cimenyan,Cimenyan,"Kost ini berlokasi dekat dengan jalan raya dengan akses masuk mobil, berlokasi dekat dengan Alfamart Bojong Koneng (1.4 km), Christian Church Pasundan Awiligar (860 m), Universitas Padjadjaran Kampus Dipatiukur (1.9 km), Sinar Abadi Balubur Town Square (2.9 km).","3 x 5 meter, Termasuk listrik","Kasur, Meja, Lemari / Storage","Kloset Duduk, K. Mandi Luar",WiFi,,,https://mamikos.com/room/kost-kabupaten-bandung-kost-putra-eksklusif-kost-palm-bridge-tipe-d-cimenyan-bandung-1?redirection_source=landing%20area,-6.879671986323688,107.66432934163058
Kost Bale Sunda Besar Cibeunying Kaler Bandung,Campur,Rp1.200.000,1200000,Cibeunying Kaler,Cibeunying Kaler,"Kost ini berlokasi dekat dengan jalan raya dengan akses yang hanya bisa dilalui oleh motor/sepeda, berlokasi dekat dengan Alfamart Bojong Koneng (1.2 km), Masjid MUI Kota Bandung (826 m), Institut Teknologi Nasional Bandung (812 m), Sinar Abadi Balubur Town Square (2.7 km).","3 x 4 meter, Termasuk listrik","Kasur, Dispenser, Meja, Lemari / Storage, Kursi, Cleaning service","K. Mandi Dalam, Kloset Duduk, Wastafel, Ember mandi","WiFi, Penjaga Kos, R. Jemur, Mushola, Dispenser, Dapur, K. Mandi Luar","Parkir Mobil, Parkir Motor, Parkir Sepeda",,https://mamikos.com/room/kost-kota-bandung-kost-campur-eksklusif-kost-bale-sunda-besar-cibeunying-kaler-bandung-1?redirection_source=landing%20area,-6.887035464917669,107.62851737105031
Kost Keys Co Living Superior Balcony K 03 Cibeunying Kidul Bandung,Campur,Rp2.850.000,2850000,Cibeunying Kidul,Cibeunying Kidul,"Kost ini berlokasi dekat dengan jalan raya dengan akses masuk mobil, berlokasi dekat dengan Warteg Cintaasih (2.4 km), Alfamart (2.0 km), Masjid Al Barokah (1.5 km), Bank BJB Weekend Banking (2.1 km), Universitas Widyatama (571 m), RS Ibu dan Anak Al Islam (891 m).","3 x 4 meter, Tidak termasuk listrik","AC, Kasur, Meja, Lemari / Storage, microwave, Jendela, Guling, Cermin, Bantal, Kursi","K. Mandi Dalam, Kloset Duduk, Shower, Air panas","WiFi, R. Cuci, Kulkas, Penjaga Kos, R. Jemur, R. Makan, Mushola, Dispenser, Dapur, Jemuran","Parkir Mobil, Parkir Motor",,https://mamikos.com/room/kost-kota-bandung-kost-campur-eksklusif-kost-keys-co-living-superior-balcony-k-03-cibeunying-kidul-bandung-2?redirection_source=landing%20area,-6.8973028691768405,107.64825467227755
Kost Sidomulyo 2 Cibeunying Kaler Bandung,Putra,Rp1.000.000,1000000,Cibeunying Kaler,Cibeunying Kaler,"Kost ini berlokasi dekat dengan jalan raya dengan akses yang hanya bisa dilalui oleh motor/sepeda, berlokasi dekat dengan Alfamart Bojong Koneng (1.4 km), Masjid MUI Kota Bandung (679 m), Institut Teknologi Nasional Bandung (720 m), Sinar Abadi Balubur Town Square (2.4 km).","3 x 3 meter, Termasuk listrik","Kasur, Meja, Lemari / Storage, Jendela, Kursi, Cleaning service","K. Mandi Dalam, Kloset Duduk, Kloset Jongkok, K. Mandi Luar, Ember mandi, Shower, Air panas, Bak mandi","WiFi, Kulkas, R. Tamu, Penjaga Kos, R. Jemur, R. Makan, Mushola, Dapur, Taman, K. Mandi Luar","Parkir Mobil, Parkir Motor, Parkir Sepeda",,https://mamikos.com/room/kost-kota-bandung-kost-putra-eksklusif-kost-sidomulyo-2-cibeunying-kaler-bandung?redirection_source=landing%20area,-6.887338347381452,107.62868639972231
Kost Shelvi Home Tipe 1 Cibeunying Kidul Bandung,Putri,Rp1.350.000,1350000,Cibeunying Kidul,Cibeunying Kidul,"Kost ini berlokasi dekat dengan jalan raya dengan akses yang hanya bisa dilalui oleh motor/sepeda, berlokasi dekat dengan Alfamart Bojong Koneng (245 m), Christian Church Pasundan Awiligar (1.9 km), Universitas Widyatama (210 m).","3 x 5 meter, Termasuk listrik","Kasur, Lemari / Storage","K. Mandi Dalam, Kloset Duduk, Ember mandi, Shower","WiFi, R. Jemur, R. Makan, Dapur",Parkir Motor,,https://mamikos.com/room/kost-kota-bandung-kost-putri-eksklusif-kost-shelvi-home-tipe-1-cibeunying-kidul-bandung?redirection_source=landing%20area,-6.899582914230464,107.64834418248226
Kost Pondok Mahmudah Antapani Bandung,Campur,Rp800.000,800000,Kecamatan Antapani,Antapani,"Kost ini berlokasi dekat dengan jalan raya dengan akses yang hanya bisa dilalui oleh motor/sepeda, berlokasi dekat dengan Alfamart Cimuncang 2 (1.7 km), Masjid Al Barokah (885 m), Sekolah Tinggi Ilmu Kesehatan Dharma Husada (914 m).","2.5 x 3 meter, Termasuk listrik","Kasur, Lemari / Storage, Ventilasi, Jendela, Bantal","K. Mandi Dalam, Kloset Jongkok, Ember mandi","WiFi, Kulkas, R. Tamu, R. Jemur, R. Santai, Dapur, Jemuran, Pengurus Kos, Jual Makanan, CCTV","Parkir Motor, Parkir Sepeda",,https://mamikos.com/room/kost-kota-bandung-kost-campur-murah-kost-pondok-mahmudah-antapani-bandung?redirection_source=landing%20area,-6.9163571789696725,107.659644737699
Kost Bidan Maria 1 Antapani Bandung,Putri,Rp1.000.000,1000000,Antapani,Antapani,"Kost ini berlokasi dekat dengan jalan raya dengan akses yang hanya bisa dilalui oleh motor/sepeda, berlokasi dekat dengan Alfamart Cimuncang 2 (1.6 km), Masjid Al Barokah (454 m), Sekolah Tinggi Ilmu Kesehatan Dharma Husada (385 m), RS Ibu dan Anak Grha Bunda (931 m).","3 x 4 meter, Tidak termasuk listrik","Kasur, Meja, Lemari / Storage, Ventilasi, Jendela, Bantal","K. Mandi Dalam, Kloset Jongkok, Ember mandi","WiFi, Kulkas, R. Tamu, Penjaga Kos, R. Jemur, Dapur, Jemuran, Pengurus Kos, CCTV, K. Mandi Luar","Parkir Motor, Parkir Sepeda",,https://mamikos.com/room/kost-kota-bandung-kost-putri-eksklusif-kost-bidan-maria-1-antapani-bandung?redirection_source=landing%20area,-6.91779387838513,107.65818084527491
Kost Palapa Cibeunying Kidul Bandung,Putra,Rp1.100.000,1100000,Kecamatan Cibeunying Kidul,Cibeunying Kidul,"Kost ini berlokasi dekat dengan jalan raya dengan akses yang hanya bisa dilalui oleh motor/sepeda, berlokasi dekat dengan Rumah Makan Boemi Mitoha (760 m), Alfamart A Yani 419 (791 m), Masjid Al Jihad (985 m), Bank BJB Weekend Banking (791 m), Universitas Padjadjaran Kampus Dipatiukur (2.4 km), RS Ibu dan Anak Al Islam (751 m).","3 x 4 meter, Termasuk listrik","Kasur, Lemari / Storage","K. Mandi Dalam, Kloset Jongkok, Ember mandi, Shower","R. Jemur, Jemuran, CCTV, Balcon, K. Mandi Luar",Parkir Motor,,https://mamikos.com/room/kost-kota-bandung-kost-putra-eksklusif-kost-palapa-cibeunying-kidul-bandung?redirection_source=landing%20area,-6.897453811928176,107.64910606737041
Kost Bumi Putri Sukasenang Tipe B Cibeunying Kidul Bandung,Putri,Rp1.450.000,1450000,Cibeunying Kidul,Cibeunying Kidul,"Kost ini berlokasi dekat dengan jalan raya dengan akses yang hanya bisa dilalui oleh motor/sepeda, berlokasi dekat dengan Alfamart Bojong Koneng (1.1 km), Institut Teknologi Nasional Bandung (229 m), Sinar Abadi Balubur Town Square (2.8 km).","3 x 4 meter, Termasuk listrik","Kasur, Meja, Lemari / Storage, Kursi","K. Mandi Dalam, Kloset Duduk, Wastafel, Air panas","WiFi, Kulkas, Penjaga Kos, R. Jemur, R. Makan, Dapur","Parkir Mobil, Parkir Motor, Parkir Sepeda",,https://mamikos.com/room/kost-kota-bandung-kost-putri-eksklusif-kost-bumi-putri-sukasenang-tipe-b-cibeunying-kidul-bandung?redirection_source=landing%20area,-6.897708073926603,107.64864272619718
Kost 99 Pusat Kota Tipe Mezanine 2 Cimenyan Bandung,Campur,Rp1.700.000,1700000,Kecamatan Cimenyan,Cimenyan,"Kost ini berlokasi dekat dengan jalan raya dengan akses yang hanya bisa dilalui oleh motor/sepeda, berlokasi dekat dengan Rumah Makan Pondok (1.9 km), Alfamart Bojong Koneng (1.4 km), Christian Church Pasundan Awiligar (791 m), Bank Mandiri Bandung Priority Banking Soerapatti (2.3 km), Institut Teknologi Nasional Bandung (1.2 km), RS Umum Santo Borromeus (2.4 km).","2 x 4 meter, Tidak termasuk listrik","AC, Kasur, Meja, TV, Lemari / Storage, Jendela, Bantal, Sofa","K. Mandi Dalam, Kloset Duduk, Shower, Air panas","Kulkas, Laundry, Penjaga Kos, Dapur, Pengurus Kos, CCTV",Parkir Motor,,https://mamikos.com/room/kost-kabupaten-bandung-kost-campur-eksklusif-kost-99-pusat-kota-tipe-mezanine-2-cimenyan-bandung?redirection_source=landing%20area,-6.879736733323399,107.66227271000646
Kost Sazara Cibeunying Kidul Bandung,Putri,Rp1.000.000,1000000,Cibeunying Kidul,Cibeunying Kidul,"Kost ini berlokasi dekat dengan jalan raya dengan akses yang hanya bisa dilalui oleh motor/sepeda, berlokasi dekat dengan Alfamart Bojong Koneng (944 m), Christian Church Pasundan Awiligar (2.1 km), Institut Teknologi Nasional Bandung (234 m), Sinar Abadi Balubur Town Square (3.0 km).","3 x 4 meter, Termasuk listrik","Kasur, Meja, Lemari / Storage, Jendela, Bantal","K. Mandi Dalam, Kloset Jongkok, K. Mandi Luar, Ember mandi","WiFi, R. Cuci, Kulkas, Penjaga Kos, R. Jemur, Mushola, Dapur, Jemuran, CCTV, Balcon","Parkir Mobil, Parkir Motor, Parkir Sepeda, Parkir Motor & Sepeda",,https://mamikos.com/room/kost-kota-bandung-kost-putri-murah-kost-sazara-cibeunying-kidul-bandung-2?redirection_source=landing%20area,-6.899099061382649,107.64964172309875
Kost Mamah Sigit 1 Cibeunying Kidul Bandung,Campur,Rp750.000,750000,Kecamatan Cibeunying Kidul,Cibeunying Kidul,"Kost ini berlokasi dekat dengan jalan raya dengan akses yang hanya bisa dilalui oleh motor/sepeda, berlokasi dekat dengan Alfamart Cimuncang 2 (506 m), Christian Church Pasundan Awiligar (2.4 km), Universitas Padjadjaran Kampus Dipatiukur (3.2 km).","3 x 3 meter, Termasuk listrik","Kasur, Meja, Lemari / Storage, Jendela, Guling, Bantal","K. Mandi Dalam, Kloset Jongkok, Ember mandi, Shower","WiFi, Penjaga Kos, R. Jemur, Jemuran, Pengurus Kos","Parkir Motor, Parkir Sepeda",,https://mamikos.com/room/kost-kota-bandung-kost-campur-murah-kost-mamah-sigit-1-cibeunying-kidul-bandung?redirection_source=landing%20area,-6.899670969024958,107.64872074263702
Kost Manteron Tipe A Cibeunying Kaler Bandung,Putra,Rp900.000,900000,Kecamatan Cibeunying Kaler,Cibeunying Kaler,"Kost ini berlokasi dekat dengan jalan raya dengan akses yang hanya bisa dilalui oleh motor/sepeda, berlokasi dekat dengan Rumah Makan Pondok (909 m), Alfamart Bojong Koneng (1.5 km), Masjid Pusdai (681 m), Institut Teknologi Nasional Bandung (630 m), Sinar Abadi Balubur Town Square (2.3 km).","2 x 3 meter, Tidak termasuk listrik","Kasur, Meja, Lemari / Storage, Cermin, Bantal","Kloset Jongkok, K. Mandi Luar, Ember mandi","WiFi, Mushola, Dapur, Jemuran, Pengurus Kos, Jual Makanan, Balcon, K. Mandi Luar",Parkir Motor,,https://mamikos.com/room/kost-kota-bandung-kost-putra-eksklusif-kost-manteron-tipe-a-cibeunying-kaler-bandung?redirection_source=landing%20area,-6.8879004902843715,107.62796178245443
Kost Pondok Audit Tipe A Cimenyan Bandung,Putri,Rp975.000,975000,Cimenyan,Cimenyan,"Kost ini berlokasi dekat dengan jalan raya dengan akses yang hanya bisa dilalui oleh motor/sepeda, berlokasi dekat dengan Alfamart Cimuncang 2 (1.1 km), Christian Church Pasundan Awiligar (2.1 km), Sekolah Tinggi Ilmu Komunikasi Bandung (721 m).","3 x 3 meter, Termasuk listrik","Kasur, Meja, Lemari / Storage, Ventilasi, Jendela, Guling, Cermin, Bantal, Kursi","Kloset Duduk, K. Mandi Luar, Ember mandi, Shower, Air panas","WiFi, R. Cuci, Kulkas, Mesin Cuci, R. Tamu, Penjaga Kos, R. Jemur, R. Santai, Dispenser, Dapur","Parkir Motor, Parkir Sepeda",,https://mamikos.com/room/kost-kabupaten-bandung-kost-putri-eksklusif-kost-pondok-audit-tipe-a-cimenyan-bandung-2?redirection_source=landing%20area,-6.881585295876987,107.6625441391971
Kost Wisma Amanah Cibeunying kidul Bandung,Campur,Rp1.900.000,1900000,Cibeunying Kidul,Cibeunying Kidul,"Kost ini berlokasi dekat dengan jalan raya dengan akses jalan raya, berlokasi dekat dengan Alfamart Cimuncang 2 (698 m), Christian Church Pasundan Awiligar (2.5 km), Universitas Widyatama (509 m).","3 x 5 meter, Termasuk listrik","AC, Kasur, Dispenser, Meja, TV, Meja Rias, Lemari / Storage, Kursi","K. Mandi Dalam, Kloset Duduk, Wastafel, Shower, Air panas","WiFi, Laundry, R. Tamu, Penjaga Kos, R. Makan, R. Santai, Dispenser, Dapur, R. Keluarga, Taman","Parkir Mobil, Parkir Motor, Parkir Sepeda",,https://mamikos.com/room/kost-bandung-kost-campur-eksklusif-kost-wisma-amanah-cibeunying-kidul-bandung-1?redirection_source=landing%20area,-6.8986867379008165,107.65091026476168
Kost Anggrek Barokah Bandung Wetan Bandung,Campur,Rp1.700.000,1700000,Kecamatan Bandung Wetan,Bandung Wetan,"Kost ini berlokasi dekat dengan jalan raya dengan akses yang hanya bisa dilalui oleh motor/sepeda, berlokasi dekat dengan Warteg Abadi (2.3 km), Alfamart A Yani 419 (971 m), Masjid Al Kautsar (1.5 km), Citibank Indonesia (2.0 km), Universitas Padjadjaran Kampus Dipatiukur (2.4 km), RS Umum Bungsu (2.1 km).","3 x 4 meter, Termasuk listrik","Kasur, Dispenser, Meja, TV, Lemari / Storage, Ventilasi, Jendela, Guling, Cermin, Bantal","K. Mandi Dalam, Kloset Duduk, Shower, Air panas","WiFi, R. Cuci, Kulkas, Penjaga Kos, R. Jemur, Dispenser, Dapur, Jemuran, Pengurus Kos, CCTV","Parkir Mobil, Parkir Motor, Parkir Sepeda",,https://mamikos.com/room/kost-kota-bandung-kost-campur-eksklusif-kost-anggrek-barokah-bandung-wetan-bandung?redirection_source=landing%20area,-6.906800472448037,107.61769958635745
Kost Sidomukti 65 Tipe A Cibeunying Kaler Bandung,Campur,Rp950.000,950000,Kecamatan Cibeunying Kaler,Cibeunying Kaler,"Kost ini berlokasi dekat dengan jalan raya dengan akses yang hanya bisa dilalui oleh motor/sepeda, berlokasi dekat dengan Warteg Aero (2.1 km), Alfamart (3.1 km), Christian Church Pasundan Awiligar (1.5 km), Bank BJB Weekend Banking (2.0 km), Institut Teknologi Nasional Bandung (786 m), RS Ibu dan Anak Al Islam (2.0 km).","3 x 4 meter, Tidak termasuk listrik",Kasur,"K. Mandi Dalam, Kloset Duduk, Kloset Jongkok, Shower, Air panas","WiFi, R. Makan, Dapur, Jemuran, Pengurus Kos, Rooftop, Balcon","Parkir Mobil, Parkir Motor, Parkir Sepeda, Parkir Motor & Sepeda",,https://mamikos.com/room/kost-kota-bandung-kost-campur-murah-kost-sidomukti-65-tipe-a-cibeunying-kaler-bandung-2?redirection_source=landing%20area,-6.887546123597428,107.62753190872178
Kost Karambia Cimenyan Bandung,Putri,Rp2.250.000,2250000,Cimenyan,Cimenyan,"Kost ini berlokasi dekat dengan jalan raya dengan akses yang hanya bisa dilalui oleh motor/sepeda, berlokasi dekat dengan Alfamart Bojong Koneng (1.4 km), Christian Church Pasundan Awiligar (1.7 km), Sekolah Tinggi Ilmu Komunikasi Bandung (867 m).","3 x 7 meter, Termasuk listrik","Kasur, Meja, Lemari / Storage, Ventilasi, Meja makan, Jendela, Guling, Cermin, Bantal, Wastafel","K. Mandi Dalam, Kloset Duduk, Wastafel, Ember mandi, Shower, Air panas","WiFi, R. Cuci, Kulkas, Mesin Cuci, R. Jemur, R. Santai, Dapur, Jemuran, Rice Cooker, Balcon","Parkir Motor, Parkir Sepeda",,https://mamikos.com/room/kost-kabupaten-bandung-kost-putri-eksklusif-kost-karambia-cimenyan-bandung-2?redirection_source=landing%20area,-6.878272221496902,107.66498114473713
Kost Rezky Ahmad Yani Kiaracondong Bandung,Campur,Rp850.000,850000,Kiaracondong,Kiaracondong,"Kost ini berlokasi dekat dengan jalan raya dengan akses yang hanya bisa dilalui oleh motor/sepeda, berlokasi dekat dengan Rumah Makan Amanah (2.8 km), Alfamart Cimuncang 2 (524 m), Masjid Al Barokah (836 m), Akademi Pariwisata BSI Bandung (887 m).","3 x 4 meter, Termasuk listrik","Kasur, Lemari / Storage, Jendela","K. Mandi Dalam, Kloset Duduk, Kloset Jongkok, Ember mandi, Shower","WiFi, R. Cuci, R. Tamu, R. Jemur, Dapur, Jemuran, CCTV",Parkir Motor,,https://mamikos.com/room/kost-kota-bandung-kost-campur-murah-kost-rezky-ahmad-yani-kiaracondong-bandung-2?redirection_source=landing%20area,-6.9258065916398985,107.64696828760054
Kost Pondok Ina 2 Kiaracondong Bandung,Campur,Rp1.600.000,1600000,Kiaracondong,Kiaracondong,"Kost ini berlokasi dekat dengan jalan raya dengan akses yang hanya bisa dilalui oleh motor/sepeda, berlokasi dekat dengan Warteg Cintaasih (2.0 km), Alfamart West Cikutra (2.7 km), Masjid Al Barokah (528 m), Bank BJB Weekend Banking (2.4 km), Universitas Widyatama (1.6 km), RS Ibu dan Anak Grha Bunda (159 m).","3.9 x 3.3 meter, Tidak termasuk listrik","Kasur, TV, Lemari / Storage, Ventilasi, Jendela, Dapur Pribadi, Bantal, TV Kabel, Wastafel","K. Mandi Dalam, Kloset Duduk, Shower","WiFi, R. Cuci, Laundry, R. Tamu, Penjaga Kos, R. Jemur, R. Makan, Mushola, R. Santai, Jemuran","Parkir Mobil, Parkir Motor, Parkir Sepeda, Parkir Motor & Sepeda",,https://mamikos.com/room/kost-kota-bandung-kost-campur-eksklusif-kost-pondok-ina-2-kiaracondong-bandung-2?redirection_source=landing%20area,-6.926430649020279,107.64561348853269
Kost Casseyo Tipe B Kiaracondong Bandung,Campur,Rp750.000,750000,Kecamatan Kiaracondong,Kiaracondong,"Kost ini berlokasi dekat dengan jalan raya dengan akses yang hanya bisa dilalui oleh motor/sepeda, berlokasi dekat dengan Warteg Permata (683 m), Alfamart A Yani 419 (1.3 km), Masjid Al Barokah (565 m), Sekolah Tinggi Ilmu Kesehatan Dharma Husada (401 m), RS Ibu dan Anak Grha Bunda (521 m).","4 x 5 meter, Tidak termasuk listrik","Ventilasi, Jendela, Dapur Pribadi, Wastafel","K. Mandi Dalam, Kloset Jongkok, Ember mandi","R. Jemur, Jemuran","Parkir Motor, Parkir Sepeda",,https://mamikos.com/room/kost-kota-bandung-kost-campur-murah-kost-casseyo-tipe-b-terusan-jl-jakarta-kecamatan-kiaracondong-bandung?redirection_source=landing%20area,-6.92652461701669,107.64442816276649
Kost Bjk 04 Tipe A Cibeunying Kaler Bandung,Putra,Rp600.000,600000,Kecamatan Cibeunying Kaler,Cibeunying Kaler,"Kost ini berlokasi dekat dengan jalan raya dengan akses yang hanya bisa dilalui oleh motor/sepeda, berlokasi dekat dengan Warteg Aero (2.0 km), Alfamart Bojong Koneng (1.5 km), Christian Church Pasundan Awiligar (1.3 km), Bank BJB Weekend Banking (2.2 km), Institut Teknologi Bandung (2.3 km), RS Ibu dan Anak Al Islam (2.2 km).","3 x 3 meter, Termasuk listrik","Kasur, Meja, Lemari / Storage, Jendela, Cermin, Kursi","Kloset Jongkok, K. Mandi Luar, Ember mandi, Bak mandi","WiFi, Kulkas, R. Tamu, Dapur, CCTV, K. Mandi Luar",Parkir Motor & Sepeda,,https://mamikos.com/room/kost-kota-bandung-kost-putra-murah-kost-bjk-04-tipe-a-cibeunying-kaler-bandung-2?redirection_source=landing%20area,-6.885288301818147,107.6290294158734
Kost Orange Tipe D Cikondang Coblong Bandung,Campur,Rp900.000,900000,Coblong,Coblong,"Kost ini berlokasi dekat dengan jalan raya dengan akses yang hanya bisa dilalui oleh motor/sepeda, berlokasi dekat dengan Warteg Gaul (1.7 km), Alfamart Bojong Koneng (1.5 km), Masjid MUI Kota Bandung (518 m), BSI KCP Bandung Dago (2.0 km), Universitas Padjadjaran Kampus Dipatiukur (1.5 km), RS Umum Santo Borromeus (1.9 km).","4 x 5 meter, Termasuk listrik","Kasur, Meja, Lemari / Storage, TV Kabel, Kursi","K. Mandi Dalam, Kloset Jongkok, Ember mandi","WiFi, Kulkas, R. Jemur, Dispenser, Dapur, CCTV, Balcon, TV",Parkir Motor,,https://mamikos.com/room/kost-kota-bandung-kost-campur-murah-kost-orange-tipe-d-cikondang-coblong-bandung?redirection_source=landing%20area,-6.880961925593093,107.61224597991199
Kost Paviliun Surya Bj Kaler Cibeunying Kaler Bandung,Campur,Rp750.000,750000,Kecamatan Cibeunying Kaler,Cibeunying Kaler,"Kost ini berlokasi dekat dengan jalan raya dengan akses yang hanya bisa dilalui oleh motor/sepeda, berlokasi dekat dengan Warteg Aero (1.8 km), Alfamart (2.7 km), Christian Church Pasundan Awiligar (1.2 km), Bank BJB Weekend Banking (2.3 km), Institut Teknologi Bandung (2.2 km), RS Ibu dan Anak Al Islam (2.4 km).","3 x 4 meter, Tidak termasuk listrik",Wastafel,K. Mandi Dalam,"R. Cuci, R. Jemur, R. Makan, Dapur, Jemuran, R. Keluarga","Parkir Mobil, Parkir Motor & Sepeda",,https://mamikos.com/room/kost-kota-bandung-kost-campur-eksklusif-kost-paviliun-surya-bj-kaler-cibeunying-kaler-bandung?redirection_source=landing%20area,-6.885838771163239,107.62787970567564
Kost Dela Tipe A Antapani Bandung,Campur,Rp1.750.000,1750000,Antapani,Antapani,"Kost ini berlokasi dekat dengan jalan raya dengan akses masuk mobil, berlokasi dekat dengan Alfamart Cimuncang 2 (2.7 km), Masjid Al-Muhajirin (491 m).","4 x 5 meter, Tidak termasuk listrik","AC, Kasur, Meja, TV, Lemari / Storage, Jendela, Bantal, Kursi","K. Mandi Dalam, Kloset Duduk, Shower, Air panas","WiFi, Kulkas, Mesin Cuci, R. Tamu, Penjaga Kos, Mushola, Dispenser, Dapur, Jemuran, CCTV","Parkir Mobil, Parkir Motor",,https://mamikos.com/room/kost-kota-bandung-kost-campur-eksklusif-kost-dela-tipe-a-antapani-bandung?redirection_source=landing%20area,-6.916643387956408,107.66045809561211
Kost Vgh II Vvip Antapani Bandung,Campur,Rp1.090.000,1090000,Antapani,Antapani,"Kost ini berlokasi dekat dengan jalan raya dengan akses yang hanya bisa dilalui oleh motor/sepeda, berlokasi dekat dengan Warteg Cintaasih (2.7 km), PT. Indomarco Prismatama (1.4 km), Masjid Al Barokah (632 m), Bank Mandiri Bandung MTC (3.0 km), Universitas Widyatama (2.2 km), RS Ibu dan Anak Grha Bunda (1.1 km).","3 x 4 meter, Tidak termasuk listrik","Kasur, Meja, Lemari / Storage, Guling, Bantal","K. Mandi Dalam, Kloset Duduk, Shower","WiFi, Kulkas, Penjaga Kos, Dapur, Jemuran, CCTV, Kartu Akses","Parkir Mobil, Parkir Motor",,https://mamikos.com/room/kost-kota-bandung-kost-campur-eksklusif-kost-vgh-ii-vvip-antapani-bandung-2?redirection_source=landing%20area,-6.918294681368448,107.65876255089215
Kost A H Nasution Tipe A Mandalajati Bandung,Campur,Rp950.000,950000,Mandalajati,Mandalajati,"Kost ini berlokasi dekat dengan jalan raya dengan akses yang hanya bisa dilalui oleh motor/sepeda, berlokasi dekat dengan Alfamart Cimuncang 2 (1.8 km).","4 x 4 meter, Tidak termasuk listrik","AC, Kasur, Meja, Lemari / Storage, Ventilasi, Jendela, Kursi, Kipas Angin","K. Mandi Dalam, Kloset Duduk, Shower, Air panas",CCTV,"Parkir Motor, Parkir Sepeda",,https://mamikos.com/room/kost-kota-bandung-kost-campur-eksklusif-kost-a-h-nasution-tipe-a-mandalajati-bandung?redirection_source=landing%20area,-6.894432705399883,107.67196007600455
Kost Ase Maria Tipe A Antapani Bandung,Campur,Rp750.000,750000,Antapani,Antapani,"Kost ini berlokasi dekat dengan jalan raya dengan akses yang hanya bisa dilalui oleh motor/sepeda, berlokasi dekat dengan Warteg Permata (2.3 km), Alfamart Cimuncang 2 (2.5 km), Masjid Al-Muhajirin (805 m), Bank Syariah Indonesia KK Bandung RS Al Islam (2.5 km), Universitas Widyatama (3.1 km), RS Ibu dan Anak Grha Bunda (2.2 km).","3 x 4 meter, Termasuk listrik","Kasur, Meja, Lemari / Storage, Jendela, Bantal","Kloset Duduk, Kloset Jongkok, K. Mandi Luar, Ember mandi, Bak mandi","WiFi, R. Makan, R. Santai, Dispenser, Dapur, Jemuran, K. Mandi Luar",Parkir Motor,,https://mamikos.com/room/kost-kota-bandung-kost-campur-murah-kost-ase-maria-tipe-a-antapani-bandung?redirection_source=landing%20area,-6.919123030768443,107.65938046740149
Kost Puri Artha Sony n Sist 2 Cibeunying Kidul Bandung,Putri,Rp650.000,650000,Cibeunying Kidul,Cibeunying Kidul,"Kost ini berlokasi dekat dengan jalan raya dengan akses yang hanya bisa dilalui oleh motor/sepeda, berlokasi dekat dengan Alfamart Bojong Koneng (774 m), Christian Church Pasundan Awiligar (2.3 km), Universitas Padjadjaran Kampus Dipatiukur (2.8 km), RS Umum Santo Yusup (638 m).","3 x 4 meter, Tidak termasuk listrik","Kasur, Meja, Lemari / Storage, Wastafel, Kursi, Cleaning service","K. Mandi Dalam, Kloset Duduk, K. Mandi Luar, Ember mandi, Shower","WiFi, R. Cuci, Kulkas, R. Tamu, Penjaga Kos, R. Jemur, R. Makan, R. Santai, Dispenser, Dapur","Parkir Mobil, Parkir Motor, Parkir Sepeda",,https://mamikos.com/room/kost-bandung-kost-putri-murah-kost-puri-artha-sony-n-sist-2-cibeunying-kidul-bandung?redirection_source=landing%20area,-6.89814226093706,107.64837740039955
Kost Evelyn Home 1 Cibeunying Kidul Bandung,Putri,Rp800.000,800000,Cibeunying Kidul,Cibeunying Kidul,"Kost ini berlokasi dekat dengan jalan raya dengan akses yang hanya bisa dilalui oleh motor/sepeda, berlokasi dekat dengan Alfamart Bojong Koneng (351 m), Christian Church Pasundan Awiligar (2.0 km), Universitas Widyatama (180 m).","3 x 4 meter, Termasuk listrik","Kasur, Lemari / Storage, Cermin","K. Mandi Dalam, Kloset Jongkok, Ember mandi","WiFi, R. Jemur, Dapur",,,https://mamikos.com/room/kost-bandung-kost-putri-eksklusif-kost-evelyn-home-1-cibeunying-kidul-bandung-1?redirection_source=landing%20area,-6.8984727136296575,107.65027189954414
Kost She House Cikutra Bandung,Putra,Rp650.000,650000,Cibeunying Kaler,Cibeunying Kaler,"Kost ini berlokasi dekat dengan jalan raya dengan akses jalan raya, berlokasi dekat dengan Warteg Cintaasih (2.8 km), Alfamart Bojong Koneng (429 m), Masjid Al Barokah (1.7 km), Bank BJB Weekend Banking (2.3 km), Universitas Padjadjaran Kampus Dipatiukur (2.9 km), RS Ibu dan Anak Al Islam (1.3 km).","3 x 3 meter, Termasuk listrik","Kasur, Meja, Lemari / Storage, Kursi","Kloset Jongkok, K. Mandi Luar, Bak mandi","WiFi, R. Jemur, Dapur, K. Mandi Luar","Parkir Motor, Parkir Sepeda",,https://mamikos.com/room/kost-bandung-kost-putra-murah-kost-she-house-cikutra-bandung?redirection_source=landing%20area,-6.885984432344014,107.62947518802865
Kost Seke In 2 Cibeunying Kidul Bandung,Campur,Rp700.000,700000,Cibeunying Kidul,Cibeunying Kidul,"Kost ini berlokasi dekat dengan jalan raya dengan akses yang hanya bisa dilalui oleh motor/sepeda, berlokasi dekat dengan Warteg Cintaasih (2.2 km), Alfamart Cimuncang 2 (851 m), Masjid Al Barokah (1.1 km), Bank BJB Weekend Banking (2.1 km), Universitas Widyatama (761 m), RS Ibu dan Anak Al Islam (730 m).","3 x 4 meter, Tidak termasuk listrik","Kasur, Meja, Lemari / Storage, Jendela, Guling, Cermin, Bantal","K. Mandi Dalam, Kloset Duduk, Ember mandi","WiFi, Kulkas, Penjaga Kos, Dispenser, Dapur, Jemuran, Pengurus Kos, CCTV, Rooftop, Balcon","Parkir Motor, Parkir Sepeda, Parkir Motor & Sepeda",,https://mamikos.com/room/kost-kota-bandung-kost-campur-murah-kost-seke-in-2-cibeunying-kidul-bandung-2?redirection_source=landing%20area,-6.8997501799838,107.6512385014499
Kost Ibu Restu A Tipe Standart Cibeunying Kidul Bandung,Putra,Rp800.000,800000,Kecamatan Cibeunying Kidul,Cibeunying Kidul,"Kost ini berlokasi dekat dengan jalan raya dengan akses yang hanya bisa dilalui oleh motor/sepeda, berlokasi dekat dengan Warteg Cintaasih (2.2 km), Alfamart A Yani 419 (824 m), Masjid Al Barokah (1.2 km), Bank BJB Weekend Banking (2.1 km), Universitas Widyatama (780 m), RS Khusus Gigi dan Mulut UNPAD (3.0 km).","3 x 4 meter, Termasuk listrik","Kasur, Ventilasi, Jendela, Cermin, Bantal","K. Mandi Dalam, Kloset Jongkok, Ember mandi","WiFi, Jemuran, Pengurus Kos, Jual Makanan, Balcon, Joglo","Parkir Motor, Parkir Sepeda",,https://mamikos.com/room/kost-kota-bandung-kost-putra-murah-kost-ibu-restu-a-tipe-standart-cibeunying-kidul-bandung?redirection_source=landing%20area,-6.899814653217315,107.6502795172669
Kost Terusan Cisokan Cibeunying Kaler Bandung,Putri,Rp1.350.000,1350000,Cibeunying Kaler,Cibeunying Kaler,"Kost ini berlokasi dekat dengan jalan raya dengan akses yang hanya bisa dilalui oleh motor/sepeda, berlokasi dekat dengan Rumah Makan Boemi Mitoha (804 m), Alfamart A Yani 419 (1.1 km), Masjid Pusdai (834 m), Institut Teknologi Nasional Bandung (652 m), Sinar Abadi Balubur Town Square (2.6 km).","3 x 4 meter, Tidak termasuk listrik","Kasur, Meja, Lemari / Storage, Kursi","K. Mandi Dalam, Kloset Duduk, Shower, Air panas","WiFi, Kulkas, Mesin Cuci, R. Jemur, R. Makan, R. Santai, Dapur, TV",Parkir Motor,,https://mamikos.com/room/kost-kota-bandung-kost-putri-eksklusif-kost-terusan-cisokan-cibeunying-kaler-bandung-2?redirection_source=landing%20area,-6.885602866397836,107.6307336806635
Kost Rumah Surya Cibeunying Kaler Bandung,Putra,Rp550.000,550000,Kecamatan Cibeunying Kaler,Cibeunying Kaler,"Kost ini berlokasi dekat dengan jalan raya dengan akses yang hanya bisa dilalui oleh motor/sepeda, berlokasi dekat dengan Warteg Aero (2.0 km), Alfamart (2.7 km), Christian Church Pasundan Awiligar (1.1 km), Bank BJB Weekend Banking (2.4 km), Institut Teknologi Bandung (2.3 km), RS Ibu dan Anak Al Islam (2.4 km).","3 x 4 meter, Tidak termasuk listrik","Kasur, Lemari / Storage","Kloset Duduk, Kloset Jongkok, Ember mandi, Bak mandi","WiFi, R. Cuci, R. Tamu",Parkir Motor & Sepeda,,https://mamikos.com/room/kost-kota-bandung-kost-putra-murah-kost-rumah-surya-cibeunying-kaler-bandung-2?redirection_source=landing%20area,-6.888177767079766,107.62843793639797
Kost Ibu Ria Bekatonik Cibeunying Kidul Bandung,Putri,Rp600.000,600000,Cibeunying Kidul,Cibeunying Kidul,"Kost ini berlokasi dekat dengan jalan raya dengan akses yang hanya bisa dilalui oleh motor/sepeda, berlokasi dekat dengan Alfamart Bojong Koneng (739 m), Christian Church Pasundan Awiligar (2.3 km), Universitas Padjadjaran Kampus Dipatiukur (2.8 km), Sinar Abadi Balubur Town Square (3.5 km).","3 x 4 meter, Termasuk listrik","Kasur, Meja, Lemari / Storage, Kursi","Kloset Jongkok, K. Mandi Luar, Ember mandi, Air panas, Bak mandi","WiFi, R. Cuci, R. Tamu, Penjaga Kos, R. Jemur, R. Santai, Dapur, Balcon, R. Keluarga, K. Mandi Luar","Parkir Motor, Parkir Sepeda",,https://mamikos.com/room/kost-kota-bandung-kost-putri-murah-kost-ibu-ria-bekatonik-cibeunying-kidul-bandung?redirection_source=landing%20area,-6.899569549233561,107.64920889532289
Kost Evelyn Home Tipe 2 Cibeunying Kidul Bandung,Putri,Rp750.000,750000,Cibeunying Kidul,Cibeunying Kidul,"Kost ini berlokasi dekat dengan jalan raya dengan akses yang hanya bisa dilalui oleh motor/sepeda, berlokasi dekat dengan Alfamart Bojong Koneng (351 m), Christian Church Pasundan Awiligar (2.0 km), Universitas Widyatama (180 m), RS Umum Santo Yusup (992 m).","3 x 4 meter, Termasuk listrik","Kasur, Lemari / Storage, Cermin","K. Mandi Dalam, Kloset Jongkok, Ember mandi","WiFi, R. Jemur, Dapur",,,https://mamikos.com/room/kost-kota-bandung-kost-putri-murah-kost-evelyn-home-tipe-2-cibeunying-kidul-bandung?redirection_source=landing%20area,-6.899146178536891,107.65159101652888
Kost Berry Budi Tipe A Cibeunying Kidul Bandung,Campur,Rp650.000,650000,Kecamatan Cibeunying Kidul,Cibeunying Kidul,"Kost ini berlokasi dekat dengan jalan raya dengan akses yang hanya bisa dilalui oleh motor/sepeda, berlokasi dekat dengan Warteg Cintaasih (2.4 km), Alfamart (1.8 km), Masjid Al Barokah (1.7 km), Bank BJB Weekend Banking (2.0 km), Institut Teknologi Nasional Bandung (569 m), RS Ibu dan Anak Al Islam (980 m).","3 x 3 meter, Termasuk listrik","Kasur, Meja, Lemari / Storage","Kloset Duduk, Kloset Jongkok, K. Mandi Luar, Bak mandi","WiFi, Kulkas, R. Jemur, R. Santai, Dapur, CCTV, Kartu Akses, TV, K. Mandi Luar","Parkir Motor, Parkir Sepeda, Parkir Motor & Sepeda",,https://mamikos.com/room/kost-kota-bandung-kost-campur-murah-kost-berry-budi-tipe-a-cibeunying-kidul-bandung?redirection_source=landing%20area,-6.897005546502459,107.64989518673792
Kost Elroi Bojong Koneng Atas Cikutra Tipe A Cimenyan Bandung,Putra,Rp1.700.000,1700000,Cimenyan,Cimenyan,"Kost ini berlokasi dekat dengan jalan raya dengan akses yang hanya bisa dilalui oleh motor/sepeda, berlokasi dekat dengan Rumah Makan Pondok (3.0 km), Alfamart Bojong Koneng (838 m), Christian Church Pasundan Awiligar (1.4 km), Bank BJB Weekend Banking (3.4 km), Universitas Widyatama (1.1 km), RS Ibu dan Anak Al Islam (2.5 km).","3 x 4 meter, Tidak termasuk listrik","AC, Kasur, Meja, Lemari / Storage, Ventilasi, Jendela, Guling, Cermin, Bantal, Kursi","K. Mandi Dalam, Kloset Duduk, Ember mandi, Shower, Air panas","WiFi, Kulkas, R. Tamu, Penjaga Kos, R. Jemur, R. Makan, R. Santai, Dispenser, Dapur, Jemuran","Parkir Motor, Parkir Motor & Sepeda",,https://mamikos.com/room/kost-kabupaten-bandung-kost-putra-eksklusif-kost-elroi-bojong-koneng-atas-cikutra-tipe-a-cimenyan-bandung?redirection_source=landing%20area,-6.879645475776625,107.66260936745289
Kost Cahaya Nodibel Mandalajati Bandung,Campur,Rp1.300.000,1300000,Kecamatan Mandalajati,Mandalajati,"Kost ini berlokasi dekat dengan jalan raya dengan akses yang hanya bisa dilalui oleh motor/sepeda, berlokasi dekat dengan Christian Church Pasundan Awiligar (3.5 km), RS Umum Hermina Arcamanik (893 m).","9 x 3 meter, Tidak termasuk listrik",Jendela,"K. Mandi Dalam, Kloset Duduk","Jemuran, Pengurus Kos, Balcon",Parkir Motor,,https://mamikos.com/room/kost-kota-bandung-kost-campur-eksklusif-kost-cahaya-nodibel-mandalajati-bandung-2?redirection_source=landing%20area,-6.894483890775293,107.6707826816986
Kost Elroi Bojong Koneng Atas Cikutra Tipe B Cimenyan Bandung,Putra,Rp1.600.000,1600000,Cimenyan,Cimenyan,"Kost ini berlokasi dekat dengan jalan raya dengan akses yang hanya bisa dilalui oleh motor/sepeda, berlokasi dekat dengan Rumah Makan Pondok (3.0 km), Alfamart Bojong Koneng (838 m), Christian Church Pasundan Awiligar (1.4 km), Bank BJB Weekend Banking (3.4 km), Universitas Widyatama (1.1 km), RS Ibu dan Anak Al Islam (2.5 km).","3 x 4 meter, Tidak termasuk listrik","AC, Kasur, Meja, Lemari / Storage, Ventilasi, Jendela, Guling, Cermin, Bantal, Kursi","K. Mandi Dalam, Kloset Duduk, Ember mandi, Shower, Air panas","WiFi, Kulkas, R. Tamu, Penjaga Kos, R. Jemur, R. Makan, R. Santai, Dispenser, Dapur, Jemuran","Parkir Motor, Parkir Motor & Sepeda",,https://mamikos.com/room/kost-kabupaten-bandung-kost-putra-eksklusif-kost-elroi-bojong-koneng-atas-cikutra-tipe-b-cimenyan-bandung?redirection_source=landing%20area,-6.879392193591938,107.66263257746841
Kost Gemilang Berkah Tipe A Cimenyan Bandung,Putra,Rp750.000,750000,Kecamatan Cimenyan,Cimenyan,"Kost ini berlokasi dekat dengan jalan raya dengan akses yang hanya bisa dilalui oleh motor/sepeda, berlokasi dekat dengan Alfamart Bojong Koneng (1.4 km), Christian Church Pasundan Awiligar (826 m), Universitas Padjadjaran Kampus Dipatiukur (1.9 km), Sinar Abadi Balubur Town Square (2.9 km).","3 x 3 meter, Termasuk listrik","Kasur, Lemari / Storage, Ventilasi, Jendela","Kloset Jongkok, Ember mandi, Bak mandi","WiFi, R. Cuci, R. Tamu, R. Santai, Dapur, Jemuran, R. Keluarga, K. Mandi Luar","Parkir Motor, Parkir Sepeda",,https://mamikos.com/room/kost-bandung-kost-putra-murah-kost-gemilang-berkah-tipe-a-cimenyan-bandung?redirection_source=landing%20area,-6.881349504369828,107.66197739569247
Kost Divara Luxury Kamar Utama Cibeunying Kaler Bandung,Campur,Rp1.600.000,1600000,Kecamatan Cibeunying Kaler,Cibeunying Kaler,"Kost ini berlokasi dekat dengan jalan raya dengan akses masuk mobil, berlokasi dekat dengan Warteg Aero (2.2 km), Alfamart (2.9 km), Christian Church Pasundan Awiligar (1.2 km), Bank BJB Weekend Banking (2.3 km), Institut Teknologi Nasional Bandung (872 m), RS Ibu dan Anak Al Islam (2.2 km).","3 x 3 meter, Tidak termasuk listrik","AC, Kasur, Meja, TV, Lemari / Storage, Ventilasi, Jendela, Bantal, Kursi","K. Mandi Dalam, Kloset Duduk, Shower, Air panas","WiFi, Kulkas, Laundry, Penjaga Kos, R. Jemur, R. Santai, Dapur, Jemuran, CCTV, Kartu Akses","Parkir Motor, Parkir Motor & Sepeda",,https://mamikos.com/room/kost-kota-bandung-kost-campur-eksklusif-kost-divara-luxury-kamar-utama-cibeunying-kaler-bandung-2?redirection_source=landing%20area,-6.8872235570329785,107.62748959995584
Kost Keys Co Living Deluxe Balcony Cibeunying Kidul Bandung,Campur,Rp2.500.000,2500000,Cibeunying Kidul,Cibeunying Kidul,"Kost ini berlokasi dekat dengan jalan raya dengan akses masuk mobil, berlokasi dekat dengan Warteg Cintaasih (2.4 km), Alfamart (2.0 km), Masjid Al Barokah (1.5 km), Bank BJB Weekend Banking (2.1 km), Universitas Widyatama (571 m), RS Ibu dan Anak Al Islam (891 m).","3 x 4 meter, Tidak termasuk listrik","AC, Kasur, Meja, Lemari / Storage, microwave, Jendela, Guling, Cermin, Bantal, Kursi","K. Mandi Dalam, Kloset Duduk, Shower, Air panas","WiFi, R. Cuci, Kulkas, Mesin Cuci, Penjaga Kos, R. Jemur, R. Makan, Mushola, Dispenser, Dapur","Parkir Mobil, Parkir Motor",,https://mamikos.com/room/kost-kota-bandung-kost-campur-eksklusif-kost-keys-co-living-deluxe-balcony-cibeunying-kidul-bandung-2?redirection_source=landing%20area,-6.899941691845818,107.64863393877863
Kost Hdci Tipe B Coblong Bandung,Putra,Rp1.000.000,1000000,Kecamatan Coblong,Coblong,"Kost ini berlokasi dekat dengan jalan raya dengan akses yang hanya bisa dilalui oleh motor/sepeda, berlokasi dekat dengan Warteg Gaul (1.6 km), Alfamart Bojong Koneng (1.6 km), Masjid MUI Kota Bandung (464 m), BSI KCP Bandung Dago (1.9 km), Universitas Padjadjaran Kampus Dipatiukur (1.4 km), RS Umum Santo Borromeus (1.8 km).","3 x 4 meter, Tidak termasuk listrik","Kasur, Lemari / Storage, Jendela","K. Mandi Dalam, Kloset Jongkok, Ember mandi","WiFi, Penjaga Kos, Jemuran, Pengurus Kos, Jual Makanan, Kartu Akses, Balcon",Parkir Motor,,https://mamikos.com/room/kost-kota-bandung-kost-putra-eksklusif-kost-hdci-tipe-b-coblong-bandung?redirection_source=landing%20area,-6.882120797160766,107.61379052860771
Kost Urban Residence Tipe A Kiaracondong Bandung,Campur,Rp600.000,600000,Kiaracondong,Kiaracondong,"Kost ini berlokasi dekat dengan jalan raya dengan akses yang hanya bisa dilalui oleh motor/sepeda, berlokasi dekat dengan Warteg Permata (1.5 km), Alfamart Cimuncang 2 (683 m), Masjid Al Barokah (492 m), Bank BJB Weekend Banking (2.9 km), Universitas Widyatama (1.1 km), RS Ibu dan Anak Grha Bunda (921 m).","3 x 3 meter, Termasuk listrik","Kasur, Lemari / Storage, Jendela, Dapur Pribadi, Bantal","K. Mandi Dalam, Kloset Jongkok, Ember mandi, Bak mandi","WiFi, Laundry, Penjaga Kos, Pengurus Kos, CCTV",Parkir Motor,,https://mamikos.com/room/kost-kota-bandung-kost-campur-murah-kost-urban-residence-tipe-a-kiaracondong-bandung?redirection_source=landing%20area,-6.9250016222505595,107.647597768856
Kost Cikutra Baru 1 Cibeunying Kaler Bandung,Putri,Rp1.000.000,1000000,Cibeunying Kaler,Cibeunying Kaler,"Kost ini berlokasi dekat dengan jalan raya dengan akses yang hanya bisa dilalui oleh motor/sepeda, berlokasi dekat dengan Alfamart Bojong Koneng (606 m), Masjid Pusdai (1.5 km), Institut Teknologi Nasional Bandung (373 m), Sinar Abadi Balubur Town Square (3.2 km).","2 x 4 meter, Termasuk listrik","Kasur, Meja, Lemari / Storage","Kloset Duduk, K. Mandi Luar, Shower, Bak mandi","WiFi, Kulkas, R. Tamu, R. Jemur, R. Santai, Dispenser, Dapur, R. Keluarga","Parkir Mobil, Parkir Motor",,https://mamikos.com/room/kost-kost-putri-eksklusif-kost-cikutra-baru-1-cibeunying-kaler-bandung?redirection_source=landing%20area,-6.887247577363374,107.62875624302421
Kost Evelyn Home Tipe 3 Cibeunying Kidul Bandung,Putri,Rp500.000,500000,Cibeunying Kidul,Cibeunying Kidul,"Kost ini berlokasi dekat dengan jalan raya dengan akses yang hanya bisa dilalui oleh motor/sepeda, berlokasi dekat dengan Alfamart Bojong Koneng (351 m), Christian Church Pasundan Awiligar (2.0 km), Universitas Widyatama (180 m).","3 x 3 meter, Termasuk listrik","Kasur, Lemari / Storage, Cermin","Kloset Jongkok, K. Mandi Luar, Ember mandi","WiFi, R. Jemur, Dapur, K. Mandi Luar",,,https://mamikos.com/room/kost-kota-bandung-kost-putri-murah-kost-evelyn-home-tipe-3-cibeunying-kidul-bandung?redirection_source=landing%20area,-6.898887265596444,107.6517279229444
Kost Palm Bridge Tipe D Cimenyan Bandung,Putra,Rp950.000,950000,Cimenyan,Cimenyan,"Kost ini berlokasi dekat dengan jalan raya dengan akses masuk mobil, berlokasi dekat dengan Alfamart Bojong Koneng (1.4 km), Christian Church Pasundan Awiligar (860 m), Universitas Padjadjaran Kampus Dipatiukur (1.9 km), Sinar Abadi Balubur Town Square (2.9 km).","3 x 5 meter, Termasuk listrik","Kasur, Meja, Lemari / Storage","Kloset Duduk, K. Mandi Luar",WiFi,,,https://mamikos.com/room/kost-kabupaten-bandung-kost-putra-eksklusif-kost-palm-bridge-tipe-d-cimenyan-bandung-1?redirection_source=landing%20area,-6.881640981237917,107.66402074704712
Kost Bale Sunda Besar Cibeunying Kaler Bandung,Campur,Rp1.200.000,1200000,Cibeunying Kaler,Cibeunying Kaler,"Kost ini berlokasi dekat dengan jalan raya dengan akses yang hanya bisa dilalui oleh motor/sepeda, berlokasi dekat dengan Alfamart Bojong Koneng (1.2 km), Masjid MUI Kota Bandung (826 m), Institut Teknologi Nasional Bandung (812 m), Sinar Abadi Balubur Town Square (2.7 km).","3 x 4 meter, Termasuk listrik","Kasur, Dispenser, Meja, Lemari / Storage, Kursi, Cleaning service","K. Mandi Dalam, Kloset Duduk, Wastafel, Ember mandi","WiFi, Penjaga Kos, R. Jemur, Mushola, Dispenser, Dapur, K. Mandi Luar","Parkir Mobil, Parkir Motor, Parkir Sepeda",,https://mamikos.com/room/kost-kota-bandung-kost-campur-eksklusif-kost-bale-sunda-besar-cibeunying-kaler-bandung-1?redirection_source=landing%20area,-6.888279670603984,107.6303544851029
Kost Keys Co Living Superior Balcony K 03 Cibeunying Kidul Bandung,Campur,Rp2.850.000,2850000,Cibeunying Kidul,Cibeunying Kidul,"Kost ini berlokasi dekat dengan jalan raya dengan akses masuk mobil, berlokasi dekat dengan Warteg Cintaasih (2.4 km), Alfamart (2.0 km), Masjid Al Barokah (1.5 km), Bank BJB Weekend Banking (2.1 km), Universitas Widyatama (571 m), RS Ibu dan Anak Al Islam (891 m).","3 x 4 meter, Tidak termasuk listrik","AC, Kasur, Meja, Lemari / Storage, microwave, Jendela, Guling, Cermin, Bantal, Kursi","K. Mandi Dalam, Kloset Duduk, Shower, Air panas","WiFi, R. Cuci, Kulkas, Penjaga Kos, R. Jemur, R. Makan, Mushola, Dispenser, Dapur, Jemuran","Parkir Mobil, Parkir Motor",,https://mamikos.com/room/kost-kota-bandung-kost-campur-eksklusif-kost-keys-co-living-superior-balcony-k-03-cibeunying-kidul-bandung-2?redirection_source=landing%20area,-6.90025708517261,107.65133060842497
Kost Sidomulyo 2 Cibeunying Kaler Bandung,Putra,Rp1.000.000,1000000,Cibeunying Kaler,Cibeunying Kaler,"Kost ini berlokasi dekat dengan jalan raya dengan akses yang hanya bisa dilalui oleh motor/sepeda, berlokasi dekat dengan Alfamart Bojong Koneng (1.4 km), Masjid MUI Kota Bandung (679 m), Institut Teknologi Nasional Bandung (720 m), Sinar Abadi Balubur Town Square (2.4 km).","3 x 3 meter, Termasuk listrik","Kasur, Meja, Lemari / Storage, Jendela, Kursi, Cleaning service","K. Mandi Dalam, Kloset Duduk, Kloset Jongkok, K. Mandi Luar, Ember mandi, Shower, Air panas, Bak mandi","WiFi, Kulkas, R. Tamu, Penjaga Kos, R. Jemur, R. Makan, Mushola, Dapur, Taman, K. Mandi Luar","Parkir Mobil, Parkir Motor, Parkir Sepeda",,https://mamikos.com/room/kost-kota-bandung-kost-putra-eksklusif-kost-sidomulyo-2-cibeunying-kaler-bandung?redirection_source=landing%20area,-6.885553093194208,107.6290099993497
Kost Nin Ae Tipe D Mandalajati Bandung,Campur,Rp1.500.000,1500000,Mandalajati,Mandalajati,"Kost ini berlokasi dekat dengan jalan raya dengan akses yang hanya bisa dilalui oleh motor/sepeda, berlokasi dekat dengan Warteg Permata (2.8 km), PT. Indomarco Prismatama (684 m), Masjid Al Barokah (1.7 km), Universitas Widyatama (1.4 km), RS Umum Hermina Arcamanik (1.3 km).","3 x 5 meter, Termasuk listrik","AC, Kasur, Lemari / Storage, Jendela, Cermin, Bantal","Kloset Jongkok, K. Mandi Luar, Wastafel, Shower, Air panas","WiFi, Kulkas, CCTV","Parkir Mobil, Parkir Motor, Parkir Sepeda, Parkir Motor & Sepeda",,https://mamikos.com/room/kost-kota-bandung-kost-campur-eksklusif-kost-nin-ae-tipe-d-mandalajati-bandung-2?redirection_source=landing%20area,-6.895081653613409,107.6723131307693
Kost Keys Co Living Superior Balcony K 08 Cibeunying Kidul Bandung,Campur,Rp2.850.000,2850000,Cibeunying Kidul,Cibeunying Kidul,"Kost ini berlokasi dekat dengan jalan raya dengan akses masuk mobil, berlokasi dekat dengan Warteg Cintaasih (2.4 km), Alfamart (2.0 km), Masjid Al Barokah (1.5 km), Bank BJB Weekend Banking (2.1 km), Universitas Widyatama (571 m), RS Ibu dan Anak Al Islam (891 m).","3 x 4 meter, Tidak termasuk listrik","AC, Kasur, Meja, Lemari / Storage, microwave, Jendela, Guling, Cermin, Bantal, Kursi","K. Mandi Dalam, Kloset Duduk, Shower, Air panas","WiFi, R. Cuci, Kulkas, Penjaga Kos, R. Jemur, R. Makan, Mushola, Dispenser, Dapur, Jemuran","Parkir Mobil, Parkir Motor",,https://mamikos.com/room/kost-kota-bandung-kost-campur-eksklusif-kost-keys-co-living-superior-balcony-k-08-cibeunying-kidul-bandung?redirection_source=landing%20area,-6.898417914362426,107.65030945351766
Kost Awiligar 54 Tipe A Cibeunying Cimenyan Bandung,Putra,Rp600.000,600000,Cimenyan,Cimenyan,"Kost ini berlokasi dekat dengan jalan raya dengan akses yang hanya bisa dilalui oleh motor/sepeda, berlokasi dekat dengan Alfamart Bojong Koneng (1.4 km), Christian Church Pasundan Awiligar (827 m), Universitas Padjadjaran Kampus Dipatiukur (1.9 km), Sinar Abadi Balubur Town Square (2.9 km).","3 x 3 meter, Termasuk listrik","Kasur, Meja, Lemari / Storage","Kloset Jongkok, K. Mandi Luar, Ember mandi, Bak mandi","WiFi, R. Jemur, Dapur, Jemuran",Parkir Motor,,https://mamikos.com/room/kost-bandung-kost-putra-murah-kost-awiligar-54-tipe-a-cibeunying-cimenyan-bandung?redirection_source=landing%20area,-6.881791851243741,107.66478313670879
Kost Orange Tipe C Cikondang Coblong Bandung,Campur,Rp750.000,750000,Coblong,Coblong,"Kost ini berlokasi dekat dengan jalan raya dengan akses yang hanya bisa dilalui oleh motor/sepeda, berlokasi dekat dengan Warteg Gaul (1.7 km), Alfamart Bojong Koneng (1.5 km), Masjid MUI Kota Bandung (518 m), BSI KCP Bandung Dago (2.0 km), Universitas Padjadjaran Kampus Dipatiukur (1.5 km), RS Umum Santo Borromeus (1.9 km).","4 x 4 meter, Termasuk listrik","Kasur, Meja, Lemari / Storage, Kursi","Kloset Jongkok, K. Mandi Luar, Ember mandi, Shower","WiFi, Kulkas, R. Jemur, Dispenser, Dapur, Balcon, TV",Parkir Motor,,https://mamikos.com/room/kost-kota-bandung-kost-campur-murah-kost-orange-tipe-c-cikondang-coblong-bandung?redirection_source=landing%20area,-6.8810752091719305,107.61225544706875
Kost Muararajeun Lama 1 Tipe A Cibeunying Kaler Bandung,Campur,Rp885.000,885000,Cibeunying Kaler,Cibeunying Kaler,"Kost ini berlokasi dekat dengan jalan raya dengan akses yang hanya bisa dilalui oleh motor/sepeda, berlokasi dekat dengan Rumah Makan Boemi Mitoha (584 m), Alfamart A Yani 419 (1.3 km), Masjid Pusdai (553 m), Universitas Padjadjaran Kampus Dipatiukur (1.8 km), Sinar Abadi Balubur Town Square (2.3 km).","3 x 4 meter, Termasuk listrik","Kasur, Meja, Lemari / Storage, Ventilasi, Jendela, Cermin, Bantal","K. Mandi Dalam, Kloset Duduk, Ember mandi","WiFi, R. Cuci, Penjaga Kos, R. Jemur, Jemuran, Pengurus Kos, CCTV","Parkir Motor, Parkir Sepeda, Parkir Motor & Sepeda",,https://mamikos.com/room/kost-kota-bandung-kost-campur-eksklusif-kost-muararajeun-lama-1-tipe-a-cibeunying-kaler-bandung?redirection_source=landing%20area,-6.885449584038944,107.62817485901111
Kost Sukma Antapani Bandung,Putri,Rp550.000,550000,Antapani,Antapani,"Kost ini berlokasi dekat dengan jalan raya dengan akses jalan raya, berlokasi dekat dengan Alfamart Cimuncang 2 (2.4 km), Masjid Al-Muhajirin (914 m), Ujung Berung Town Square (Ubertos) (3.5 km).","2 x 3 meter, Tidak termasuk listrik","Kasur, Lemari / Storage, Bantal","Kloset Jongkok, K. Mandi Luar","WiFi, R. Tamu, Penjaga Kos, R. Jemur, R. Santai, Jemuran, Pengurus Kos","Parkir Mobil, Parkir Motor",,https://mamikos.com/room/kost-bandung-kost-putri-murah-kost-sukma-antapani-bandung?redirection_source=landing%20area,-6.919538193504985,107.65797534591535
Kost Boarding House Naga Malim Tipe D Cibeunying Kidul Bandung,Campur,Rp750.000,750000,Cibeunying Kidul,Cibeunying Kidul,"Kost ini berlokasi dekat dengan jalan raya dengan akses yang hanya bisa dilalui oleh motor/sepeda, berlokasi dekat dengan Alfamart A Yani 419 (763 m), Christian Church Pasundan Awiligar (2.8 km), Universitas Widyatama (854 m).","3 x 3 meter, Tidak termasuk listrik",Jendela,Kloset Jongkok,"R. Santai, Dapur, Pengurus Kos, CCTV, K. Mandi Luar","Parkir Motor, Parkir Sepeda",,https://mamikos.com/room/kost-bandung-kost-campur-murah-kost-boarding-house-naga-malim-cibeunying-kidul-bandung-1?redirection_source=landing%20area,-6.898259969173777,107.65153446365821
Kost Dmt Cicadas Batununggal Bandung,Putri,Rp500.000,500000,Kecamatan Batununggal,Batununggal,"Kost ini berlokasi dekat dengan jalan raya dengan akses yang hanya bisa dilalui oleh motor/sepeda, berlokasi dekat dengan Warteg Berkah Bahari (2.6 km), Alfamart (2.6 km), Masjid Al Barokah (1.2 km), Bank BJB Weekend Banking (1.8 km), Universitas Widyatama (1.5 km), RS Ibu dan Anak Al Islam (270 m).","3 x 4 meter, Tidak termasuk listrik","Kasur, Lemari / Storage, Ventilasi, Jendela, Cermin, Bantal","Kloset Jongkok, Ember mandi, Bak mandi","WiFi, R. Cuci, Penjaga Kos, R. Jemur, Mushola, Dispenser, Dapur, Pengurus Kos, CCTV, Taman","Parkir Motor, Parkir Sepeda, Parkir Motor & Sepeda",,https://mamikos.com/room/kost-kota-bandung-kost-putri-murah-kost-dmt-cicadas-batununggal-bandung?redirection_source=landing%20area,-6.929159715527008,107.64094001771565
Kost Bu Enita Cibeunying Kaler Bandung,Campur,Rp550.000,550000,Cibeunying Kaler,Cibeunying Kaler,"Kost ini berlokasi dekat dengan jalan raya dengan akses yang hanya bisa dilalui oleh motor/sepeda, berlokasi dekat dengan Rumah Makan Pondok (796 m), Alfamart Bojong Koneng (1.5 km), Masjid Pusdai (569 m), Universitas Padjadjaran Kampus Dipatiukur (1.6 km), Sinar Abadi Balubur Town Square (2.3 km).","3 x 5 meter, Termasuk listrik","Kasur, Lemari / Storage, Jendela, Cleaning service","Kloset Jongkok, K. Mandi Luar, Ember mandi, Bak mandi","R. Cuci, Penjaga Kos, Mushola, Dapur, Pengurus Kos, K. Mandi Luar","Parkir Motor, Parkir Sepeda",,https://mamikos.com/room/kost-kota-bandung-kost-campur-murah-kost-bu-enita-cibeunying-kaler-bandung?redirection_source=landing%20area,-6.887352760634318,107.63060016742772
Kost Rumah Ileya Standar B Cibeunying Kaler Bandung,Campur,Rp650.000,650000,Kecamatan Cibeunying Kaler,Cibeunying Kaler,"Kost ini berlokasi dekat dengan jalan raya dengan akses yang hanya bisa dilalui oleh motor/sepeda, berlokasi dekat dengan Warteg Cintaasih (2.3 km), Alfamart (1.1 km), Christian Church Pasundan Awiligar (2.1 km), Bank BJB Weekend Banking (1.4 km), Institut Teknologi Nasional Bandung (403 m), RS Ibu dan Anak Al Islam (1.3 km).","2.6 x 2.8 meter, Termasuk listrik","Kasur, Meja, Lemari / Storage, Ventilasi, Jendela","Kloset Duduk, Kloset Jongkok, K. Mandi Luar, Ember mandi","WiFi, R. Santai, Dapur, Rice Cooker, Pengurus Kos, CCTV, Balcon, K. Mandi Luar","Parkir Motor, Parkir Motor & Sepeda",,https://mamikos.com/room/kost-kota-bandung-kost-campur-murah-kost-rumah-ileya-standar-b-cibeunying-kaler-bandung?redirection_source=landing%20area,-6.887454704261725,107.62711693086628
Kost Sofy Tipe A Mandalajati Bandung,Putri,Rp650.000,650000,Kecamatan Mandalajati,Mandalajati,"Kost ini berlokasi dekat dengan jalan raya dengan akses yang hanya bisa dilalui oleh motor/sepeda, berlokasi dekat dengan Warteg Permata (2.6 km), PT. Indomarco Prismatama (507 m), Masjid Al Barokah (1.5 km), Universitas Widyatama (1.4 km), RS Umum Hermina Arcamanik (1.2 km).","3 x 4 meter, Tidak termasuk listrik","Ventilasi, Jendela, Dapur Pribadi","K. Mandi Dalam, Kloset Jongkok, Ember mandi","WiFi, R. Jemur, Dapur, CCTV",Parkir Motor,,https://mamikos.com/room/kost-kota-bandung-kost-putri-murah-kost-sofy-tipe-a-mandalajati-bandung?redirection_source=landing%20area,-6.895268419985683,107.6722328894461
Kost Bu Eti 2 Antapani Bandung,Putri,Rp850.000,850000,Kecamatan Antapani,Antapani,"Kost ini berlokasi dekat dengan jalan raya dengan akses yang hanya bisa dilalui oleh motor/sepeda, berlokasi dekat dengan Rumah Makan Murah (2.0 km), Alfamart Cimuncang 2 (2.0 km), Masjid Al Barokah (889 m), Bank Mandiri Bandung MTC (2.7 km), Universitas Widyatama (2.5 km), RS Ibu dan Anak Grha Bunda (1.2 km).","3 x 4 meter, Termasuk listrik","Kasur, Meja, Lemari / Storage, Ventilasi, Jendela, Guling, Cermin, Bantal","Kloset Duduk, Kloset Jongkok, K. Mandi Luar, Ember mandi, Shower, Bak mandi","WiFi, R. Cuci, Kulkas, Mesin Cuci, R. Tamu, R. Jemur, Mushola, R. Santai, Dapur, Jemuran",Parkir Motor,,https://mamikos.com/room/kost-kota-bandung-kost-putri-murah-kost-bu-eti-2-antapani-bandung?redirection_source=landing%20area,-6.91653311834038,107.66153081034366
Kost Pondok Salsabila Antapani Bandung,Putri,Rp650.000,650000,Antapani,Antapani,"Kost ini berlokasi dekat dengan jalan raya dengan akses yang hanya bisa dilalui oleh motor/sepeda, berlokasi dekat dengan Warteg Cintaasih (2.7 km), PT. Indomarco Prismatama (1.7 km), Masjid Al Barokah (890 m), Bank Mandiri Bandung MTC (2.7 km), Universitas Widyatama (2.5 km), RS Ibu dan Anak Grha Bunda (1.2 km).","3 x 4 meter, Termasuk listrik","Kasur, Lemari / Storage","K. Mandi Dalam, Kloset Duduk, Ember mandi","R. Cuci, Laundry, R. Jemur, Dapur","Parkir Motor, Parkir Sepeda",,https://mamikos.com/room/kost-kota-bandung-kost-putri-eksklusif-kost-pondok-salsabila-antapani-bandung-2?redirection_source=landing%20area,-6.9194643828124125,107.66188012842335
Kost Sofy Tipe 1 Mandalajati Bandung,Putri,Rp600.000,600000,Kecamatan Mandalajati,Mandalajati,"Kost ini berlokasi dekat dengan jalan raya dengan akses yang hanya bisa dilalui oleh motor/sepeda, berlokasi dekat dengan PT. Indomarco Prismatama (1.5 km), Masjid Al Barokah (2.5 km), Universitas Widyatama (2.1 km), RS Umum Hermina Arcamanik (1.5 km).","3 x 4 meter, Tidak termasuk listrik","Kasur, Lemari / Storage, Jendela, Bantal","K. Mandi Dalam, Kloset Duduk, Kloset Jongkok, Ember mandi","R. Jemur, Dapur, Jemuran, Pengurus Kos, CCTV",Parkir Motor & Sepeda,,https://mamikos.com/room/kost-kota-bandung-kost-putri-murah-kost-sofy-tipe-1-mandalajati-bandung?redirection_source=landing%20area,-6.894513183148222,107.67263507076952
Kost Pondok Salsabila Tipe 2 Cibeunying Kidul Bandung,Campur,Rp800.000,800000,Kecamatan Cibeunying Kidul,Cibeunying Kidul,"Kost ini berlokasi dekat dengan jalan raya dengan akses yang hanya bisa dilalui oleh motor/sepeda, berlokasi dekat dengan Warteg Permata (1.6 km), Alfamart A Yani 419 (776 m), Masjid Pusdai (1.9 km), Bank Mandiri Bandung Martadinata (2.4 km), Universitas Widyatama (818 m), RS Khusus Gigi dan Mulut UNPAD (2.9 km).","2 x 3 meter, Tidak termasuk listrik","Kasur, Bantal","K. Mandi Dalam, Kloset Jongkok, K. Mandi Luar, Ember mandi, Shower, Bak mandi","WiFi, R. Cuci, Penjaga Kos, R. Jemur, Mushola, R. Santai, Dapur, Jemuran, Pengurus Kos, K. Mandi Luar",Parkir Motor,,https://mamikos.com/room/kost-kota-bandung-kost-campur-murah-kost-pondok-salsabila-tipe-2-cibeunying-kidul-bandung-2?redirection_source=landing%20area,-6.898084423655366,107.65067622982721
Kost Palm Bridge Tipe B Cimenyan Bandung,Putra,Rp875.000,875000,Cimenyan,Cimenyan,"Kost ini berlokasi dekat dengan jalan raya dengan akses yang hanya bisa dilalui oleh motor/sepeda, berlokasi dekat dengan Alfamart Bojong Koneng (1.3 km), Christian Church Pasundan Awiligar (875 m), Universitas Padjadjaran Kampus Dipatiukur (1.9 km), Sinar Abadi Balubur Town Square (2.9 km).","3 x 3.5 meter, Termasuk listrik","Kasur, Meja, Lemari / Storage","Kloset Duduk, K. Mandi Luar, Ember mandi","WiFi, Mesin Cuci, R. Tamu, R. Jemur, R. Santai, Balcon","Parkir Motor, Parkir Sepeda",,https://mamikos.com/room/kost-bandung-kost-putra-eksklusif-kost-palm-bridge-cimenyan-bandung-1?redirection_source=landing%20area,-6.8814236199440835,107.66224492640714
Kost Wahjoewono Tipe A Antapani Bandung,Putri,Rp800.000,800000,Antapani,Antapani,"Kost ini berlokasi dekat dengan jalan raya dengan akses yang hanya bisa dilalui oleh motor/sepeda, berlokasi dekat dengan Alfamart Cimuncang 2 (925 m), Masjid Al Barokah (530 m), Akademi Pariwisata BSI Bandung (642 m).","3.2 x 3.6 meter, Termasuk listrik","Kasur, Meja, Lemari / Storage, Meja makan, Jendela, Bantal, Wastafel, Kursi","Kloset Jongkok, K. Mandi Luar, Wastafel, Ember mandi, Shower","WiFi, R. Cuci, R. Tamu, Penjaga Kos, R. Jemur, R. Makan, Dapur, Jemuran, Pengurus Kos, K. Mandi Luar",Parkir Motor,,https://mamikos.com/room/kost-kota-bandung-kost-putri-murah-kost-wahjoewono-tipe-a-antapani-bandung?redirection_source=landing%20area,-6.919717486168031,107.66077369437257
Kost Awiligar 54 Tipe B Cibeunying Cimenyan Bandung,Putra,Rp750.000,750000,Cimenyan,Cimenyan,"Kost ini berlokasi dekat dengan jalan raya dengan akses yang hanya bisa dilalui oleh motor/sepeda, berlokasi dekat dengan Alfamart Bojong Koneng (1.4 km), Christian Church Pasundan Awiligar (827 m), Universitas Padjadjaran Kampus Dipatiukur (1.9 km), Sinar Abadi Balubur Town Square (2.9 km).","3 x 3.5 meter, Termasuk listrik","Kasur, Meja, Lemari / Storage","Kloset Jongkok, K. Mandi Luar, Ember mandi, Bak mandi","WiFi, R. Cuci, R. Jemur, Dapur",Parkir Motor,,https://mamikos.com/room/kost-kabupaten-bandung-kost-putra-murah-kost-awiligar-54-tipe-b-cibeunying-cimenyan-bandung?redirection_source=landing%20area,-6.88189557513893,107.66284630415666
Kost Rumah Ileya Standar A Cibeunying Kaler Bandung,Campur,Rp750.000,750000,Kecamatan Cibeunying Kaler,Cibeunying Kaler,"Kost ini berlokasi dekat dengan jalan raya dengan akses yang hanya bisa dilalui oleh motor/sepeda, berlokasi dekat dengan Warteg Cintaasih (2.3 km), Alfamart (1.1 km), Christian Church Pasundan Awiligar (2.1 km), Bank BJB Weekend Banking (1.4 km), Institut Teknologi Nasional Bandung (403 m), RS Ibu dan Anak Al Islam (1.3 km).","2.8 x 3.2 meter, Termasuk listrik","Kasur, Meja, Meja Rias, Lemari / Storage, Ventilasi, Jendela","Kloset Duduk, Kloset Jongkok, K. Mandi Luar, Ember mandi","WiFi, R. Tamu, R. Makan, R. Santai, Dapur, Rice Cooker, Pengurus Kos, Jual Makanan, CCTV, Balcon","Parkir Motor, Parkir Motor & Sepeda",,https://mamikos.com/room/kost-kota-bandung-kost-campur-murah-kost-rumah-ileya-standar-a-cibeunying-kaler-bandung?redirection_source=landing%20area,-6.887190653510538,107.62722402591037
Kost Alshab Tipe A Cimenyan Bandung,Campur,Rp775.000,775000,Cimenyan,Cimenyan,"Kost ini berlokasi dekat dengan jalan raya dengan akses yang hanya bisa dilalui oleh motor/sepeda, berlokasi dekat dengan Rumah Makan Pondok (3.1 km), Circle K Cisangkuy (3.4 km), Masjid Asy Syamsi (1.8 km), Universitas Widyatama (1.2 km), RS Ibu dan Anak Al Islam (2.7 km).","3 x 4 meter, Tidak termasuk listrik","Kasur, Lemari / Storage, Ventilasi, Jendela, Bantal","K. Mandi Dalam, Kloset Jongkok, Ember mandi, Shower","WiFi, R. Jemur, Dapur, Jemuran, Pengurus Kos",Parkir Motor,,https://mamikos.com/room/kost-kabupaten-bandung-kost-campur-eksklusif-kost-alshab-tipe-a-cimenyan-bandung?redirection_source=landing%20area,-6.879426666767993,107.66557847280298
Kost Shan House Cimenyan Bandung,Campur,Rp1.050.000,1050000,Cimenyan,Cimenyan,"Kost ini berlokasi dekat dengan jalan raya dengan akses yang hanya bisa dilalui oleh motor/sepeda, berlokasi dekat dengan Alfamart Bojong Koneng (1.0 km), Christian Church Pasundan Awiligar (2.1 km), Sekolah Tinggi Ilmu Komunikasi Bandung (647 m).","3 x 3 meter, Tidak termasuk listrik","Kasur, Meja, Lemari / Storage, Ventilasi, Jendela, Guling, Cermin, Bantal, Wastafel, Kursi","K. Mandi Dalam, Kloset Jongkok, Wastafel, Shower","WiFi, R. Tamu, Penjaga Kos, R. Jemur, Dapur, CCTV","Parkir Motor, Parkir Sepeda",,https://mamikos.com/room/kost-kost-campur-eksklusif-kost-shan-house-cimenyan-bandung-1?redirection_source=landing%20area,-6.8788007501982475,107.6654295823896
Kost Ibu Alit Kiaracondong Bandung,Campur,Rp715.000,715000,Kiaracondong,Kiaracondong,"Kost ini berlokasi dekat dengan jalan raya dengan akses yang hanya bisa dilalui oleh motor/sepeda, berlokasi dekat dengan Warteg Permata (728 m), Alfamart A Yani 419 (1.6 km), Masjid Al Barokah (883 m), Sekolah Tinggi Ilmu Kesehatan Dharma Husada (721 m), RS Ibu dan Anak Grha Bunda (847 m).","7 x 3 meter, Termasuk listrik","Kasur, Lemari / Storage, Jendela, Wastafel","K. Mandi Dalam, Kloset Jongkok, Wastafel, Ember mandi","Dapur, Jemuran",Parkir Motor,,https://mamikos.com/room/kost-bandung-kost-campur-murah-kost-ibu-alit-kiaracondong-bandung-1?redirection_source=landing%20area,-6.925885338379505,107.64650249337801
Kost Itenas Widyatama Ekuitas 1 Tipe C Cibeunying Kidul Bandung,Putra,Rp650.000,650000,Kecamatan Cibeunying Kidul,Cibeunying Kidul,"Kost ini berlokasi dekat dengan jalan raya dengan akses yang hanya bisa dilalui oleh motor/sepeda, berlokasi dekat dengan Warteg Abadi (3.2 km), Alfamart A Yani 419 (832 m), Masjid Al Barokah (1.6 km), Bank BJB Weekend Banking (1.7 km), Institut Teknologi Nasional Bandung (702 m), RS Ibu dan Anak Al Islam (658 m).","3 x 3 meter, Termasuk listrik","Kasur, Lemari / Storage, Ventilasi","Kloset Jongkok, K. Mandi Luar, Ember mandi","WiFi, Penjaga Kos, R. Jemur, Dapur, Jemuran, Pengurus Kos, CCTV","Parkir Motor, Parkir Sepeda",,https://mamikos.com/room/kost-kota-bandung-kost-putra-murah-kost-itenas-widyatama-ekuitas-1-tipe-c-cibeunying-kidul-bandung?redirection_source=landing%20area,-6.897412895652136,107.65090634714763
Kost Itenas Widyatama Ekuitas 1 Tipe B Cibeunying Kidul Bandung,Putra,Rp850.000,850000,Cibeunying Kidul,Cibeunying Kidul,"Kost ini berlokasi dekat dengan jalan raya dengan akses yang hanya bisa dilalui oleh motor/sepeda, berlokasi dekat dengan Warteg Abadi (3.2 km), Alfamart A Yani 419 (832 m), Masjid Al Barokah (1.6 km), Bank BJB Weekend Banking (1.7 km), Institut Teknologi Nasional Bandung (702 m), RS Ibu dan Anak Al Islam (658 m).","3 x 4 meter, Termasuk listrik","Kasur, Lemari / Storage, Ventilasi, Jendela, Bantal","K. Mandi Dalam, Kloset Jongkok, Ember mandi","WiFi, Penjaga Kos, R. Jemur, Dapur, Jemuran, Pengurus Kos, CCTV","Parkir Motor, Parkir Sepeda",,https://mamikos.com/room/kost-kota-bandung-kost-putra-murah-kost-itenas-widyatama-ekuitas-1-tipe-b-cibeunying-kidul-bandung?redirection_source=landing%20area,-6.898767687810771,107.65010402313314
Kost Elroi Bojong Koneng Atas Cikutra Tipe C Cimenyan Bandung,Putra,Rp1.500.000,1500000,Cimenyan,Cimenyan,"Kost ini berlokasi dekat dengan jalan raya dengan akses yang hanya bisa dilalui oleh motor/sepeda, berlokasi dekat dengan Rumah Makan Pondok (3.0 km), Alfamart Bojong Koneng (838 m), Christian Church Pasundan Awiligar (1.4 km), Bank BJB Weekend Banking (3.4 km), Universitas Widyatama (1.1 km), RS Ibu dan Anak Al Islam (2.5 km).","4 x 4 meter, Tidak termasuk listrik","Kasur, Meja, Lemari / Storage, Ventilasi, Jendela, Guling, Cermin, Bantal, Kursi, Kipas Angin","K. Mandi Dalam, Kloset Duduk, Ember mandi, Shower, Air panas","WiFi, Kulkas, R. Tamu, Penjaga Kos, R. Jemur, R. Makan, R. Santai, Dispenser, Dapur, Jemuran","Parkir Motor, Parkir Motor & Sepeda",,https://mamikos.com/room/kost-kabupaten-bandung-kost-putra-eksklusif-kost-elroi-bojong-koneng-atas-cikutra-tipe-c-cimenyan-bandung-2?redirection_source=landing%20area,-6.88029819774053,107.66473854373261
Kost Abizar Batununggal Bandung,Campur,Rp1.500.000,1500000,Kecamatan Batununggal,Batununggal,"Kost ini berlokasi dekat dengan jalan raya dengan akses masuk mobil, berlokasi dekat dengan Warteg Bahari (2.4 km), Alfamart A Yani 419 (925 m), Church In Bandung (1.7 km), Citibank Indonesia (2.1 km), Institut Teknologi Nasional Bandung (2.2 km), RS Khusus Mata Cicendo (3.4 km).","3 x 4 meter, Tidak termasuk listrik","Kasur, Meja, Lemari / Storage, Ventilasi, Jendela, Guling, Cermin, Bantal, Wastafel, Kursi","K. Mandi Dalam, Kloset Duduk, Wastafel, Ember mandi, Shower, Air panas","WiFi, R. Cuci, Kulkas, Mesin Cuci, Penjaga Kos, R. Jemur, R. Santai, Dapur, Jemuran, CCTV","Parkir Motor, Parkir Sepeda",,https://mamikos.com/room/kost-kota-bandung-kost-campur-eksklusif-kost-abizar-batununggal-bandung-2?redirection_source=landing%20area,-6.927650605681021,107.64025752802597
Kost Bengawan 83 Tipe C1 Bandung Wetan Bandung,Campur,Rp1.250.000,1250000,Kecamatan Bandung Wetan,Bandung Wetan,"Kost ini berlokasi dekat dengan jalan raya dengan akses yang hanya bisa dilalui oleh motor/sepeda, berlokasi dekat dengan Rumah Makan Boemi Mitoha (746 m), Alfamart A Yani 419 (988 m), Masjid Al Jihad (748 m), Bank BJB Weekend Banking (554 m), Universitas Padjadjaran Kampus Dipatiukur (2.4 km), RS Ibu dan Anak Limijati (1.9 km).","3.2 x 3.2 meter, Termasuk listrik","Kasur, Meja, Lemari / Storage, Ventilasi, Jendela, Cermin, Bantal, Kursi, Kipas Angin, Cleaning service","Kloset Duduk, K. Mandi Luar, Shower, Air panas","WiFi, R. Cuci, Kulkas, Mesin Cuci, R. Tamu, Penjaga Kos, R. Jemur, R. Makan, R. Santai, Dispenser","Parkir Mobil, Parkir Motor, Parkir Sepeda",,https://mamikos.com/room/kost-kota-bandung-kost-campur-eksklusif-kost-bengawan-83-tipe-c1-bandung-wetan-bandung-2?redirection_source=landing%20area,-6.9032476991192615,107.61528058572252
Kost Sidomukti Tipe A Cibeunying Kaler Bandung,Putri,Rp850.000,850000,Cibeunying Kaler,Cibeunying Kaler,"Kost ini berlokasi dekat dengan jalan raya dengan akses yang hanya bisa dilalui oleh motor/sepeda, berlokasi dekat dengan Alfamart Bojong Koneng (1.5 km), Masjid MUI Kota Bandung (601 m), Institut Teknologi Nasional Bandung (801 m), Sinar Abadi Balubur Town Square (2.4 km).","3 x 3 meter, Termasuk listrik","Kasur, Meja, Lemari / Storage, Jendela, Bantal, Kursi","Kloset Duduk, Kloset Jongkok, K. Mandi Luar, Bak mandi","WiFi, R. Cuci, R. Tamu, R. Jemur, Dapur, K. Mandi Luar","Parkir Mobil, Parkir Motor, Parkir Sepeda, Parkir Motor & Sepeda",,https://mamikos.com/room/kost-kota-bandung-kost-putri-murah-kost-sidomukti-tipe-a-cibeunying-kaler-bandung-2?redirection_source=landing%20area,-6.886089422781146,107.62841089527024
Kost DGreen Cibeunying Kaler Bandung,Putri,Rp1.100.000,1100000,Cibeunying Kaler,Cibeunying Kaler,"Kost ini berlokasi dekat dengan jalan raya dengan akses yang hanya bisa dilalui oleh motor/sepeda, berlokasi dekat dengan Warteg Permata (2.2 km), Alfamart Bojong Koneng (513 m), Masjid Pusdai (1.9 km), Bank BJB Weekend Banking (2.3 km), Universitas Widyatama (307 m), RS Ibu dan Anak Al Islam (1.2 km).","3 x 4 meter, Tidak termasuk listrik","Kasur, Lemari / Storage","K. Mandi Dalam, Ember mandi, Bak mandi","WiFi, Dapur, Pengurus Kos",Parkir Motor,,https://mamikos.com/room/kost-kota-bandung-kost-putri-eksklusif-kost-dgreen-cibeunying-kaler-bandung?redirection_source=landing%20area,-6.88490307283337,107.63080062885003
Kost Mardi Tipe A Antapani Bandung,Putra,Rp1.000.000,1000000,Antapani,Antapani,"Kost ini berlokasi dekat dengan jalan raya dengan akses yang hanya bisa dilalui oleh motor/sepeda, berlokasi dekat dengan Warteg Cintaasih (2.8 km), PT. Indomarco Prismatama (1.4 km), Masjid Al Barokah (724 m), Bank Mandiri Bandung MTC (2.9 km), Universitas Widyatama (2.3 km), RS Ibu dan Anak Grha Bunda (1.2 km).","3 x 3 meter, Tidak termasuk listrik","Kasur, Lemari / Storage, Jendela, Bantal, Kipas Angin","K. Mandi Dalam, Kloset Duduk, Ember mandi","WiFi, R. Cuci, Mesin Cuci, Penjaga Kos, R. Jemur, Dapur, Jemuran, Pengurus Kos, CCTV",Parkir Motor,,https://mamikos.com/room/kost-kota-bandung-kost-putra-eksklusif-kost-mardi-tipe-a-antapani-bandung?redirection_source=landing%20area,-6.919411284260811,107.66101468137623
Kost Sukamulus Cibeunying Kidul Bandung,Campur,Rp450.000,450000,Cibeunying Kidul,Cibeunying Kidul,"Kost ini berlokasi dekat dengan jalan raya dengan akses yang hanya bisa dilalui oleh motor/sepeda, berlokasi dekat dengan Warteg Abadi (3.1 km), Alfamart A Yani 419 (284 m), Masjid Pusdai (1.6 km), Bank Mandiri Bandung Priority Banking Soerapatti (2.6 km), Institut Teknologi Nasional Bandung (1.2 km), RS Umum Santo Yusup (583 m).","3 x 3 meter, Termasuk listrik","Kasur, Meja, Ventilasi, Jendela, Cermin, Bantal, Cleaning service","Kloset Jongkok, K. Mandi Luar, Ember mandi, Shower, Bak mandi","WiFi, R. Cuci, Penjaga Kos, R. Jemur, Dispenser, Dapur, Jemuran, Pengurus Kos, CCTV, Gazebo","Parkir Mobil, Parkir Motor, Parkir Sepeda",,https://mamikos.com/room/kost-kota-bandung-kost-campur-murah-kost-sukamulus-cibeunying-kidul-bandung?redirection_source=landing%20area,-6.898366974293152,107.65053722499205
Kost Pelangi Cimenyan Bandung,Campur,Rp950.000,950000,Kecamatan Cimenyan,Cimenyan,"Kost ini berlokasi dekat dengan jalan raya dengan akses masuk mobil, berlokasi dekat dengan Rumah Makan Pondok (3.5 km), Alfamart Bojong Koneng (1.3 km), Christian Church Pasundan Awiligar (1.7 km), Universitas Widyatama (1.5 km), RS Umum Santo Yusup (2.5 km).","3 x 4 meter, Tidak termasuk listrik","Ventilasi, Jendela","K. Mandi Dalam, Kloset Jongkok, Ember mandi","R. Jemur, Dapur, Jemuran, Balcon","Parkir Motor, Parkir Sepeda",,https://mamikos.com/room/kost-kabupaten-bandung-kost-campur-murah-kost-pelangi-cimenyan-bandung?redirection_source=landing%20area,-6.881222442038605,107.66576884475742
Kost Moluska By Ibu Susi Tipe A Cibeunying Kidul Bandung,Putri,Rp600.000,600000,Cibeunying Kidul,Cibeunying Kidul,"Kost ini berlokasi dekat dengan jalan raya dengan akses yang hanya bisa dilalui oleh motor/sepeda, berlokasi dekat dengan Warteg Aero (2.8 km), Alfamart (1.2 km), Christian Church Pasundan Awiligar (1.4 km), Bank BJB Weekend Banking (2.4 km), Institut Teknologi Nasional Bandung (594 m), RS Ibu dan Anak Al Islam (1.8 km).","3 x 2 meter, Termasuk listrik","Kasur, Bantal","Kloset Jongkok, Shower","WiFi, R. Cuci, R. Tamu, R. Jemur, R. Makan, R. Santai, Dispenser, Dapur, Jemuran, Rice Cooker",,,https://mamikos.com/room/kost-kota-bandung-kost-putri-murah-kost-moluska-by-ibu-susi-tipe-a-cibeunying-kidul-bandung?redirection_source=landing%20area,-6.900445983684505,107.65177071550077
Kost Baru Cibeunying Kaler Bandung,Campur,Rp1.800.000,1800000,Kecamatan Cibeunying Kaler,Cibeunying Kaler,"Kost ini berlokasi dekat dengan jalan raya dengan akses yang hanya bisa dilalui oleh motor/sepeda, berlokasi dekat dengan Warteg Aero (3.0 km), Alfamart (1.4 km), Christian Church Pasundan Awiligar (1.5 km), Bank BJB Weekend Banking (2.3 km), Institut Teknologi Nasional Bandung (524 m), RS Ibu dan Anak Al Islam (1.6 km).","3 x 4.5 meter, Tidak termasuk listrik","AC, Kasur, Meja, Lemari / Storage, Ventilasi, Jendela, Cermin, Bantal, Kursi","K. Mandi Dalam, Kloset Duduk, Wastafel, Shower, Air panas","WiFi, Kulkas, Laundry, R. Jemur, Dapur, Jemuran, Pengurus Kos, Jual Makanan, CCTV, Rooftop",Parkir Motor & Sepeda,,https://mamikos.com/room/kost-kota-bandung-kost-campur-eksklusif-kost-baru-cibeunying-kaler-bandung-2?redirection_source=landing%20area,-6.886194217556794,107.630408279666
Kost No 73 Tipe A Cibeunying Kaler Bandung,Putra,Rp1.000.000,1000000,Cibeunying Kaler,Cibeunying Kaler,"Kost ini berlokasi dekat dengan jalan raya dengan akses yang hanya bisa dilalui oleh motor/sepeda, berlokasi dekat dengan Rumah Makan Boemi Mitoha (786 m), Alfamart A Yani 419 (1.3 km), Masjid Pusdai (725 m), Institut Teknologi Nasional Bandung (612 m), Sinar Abadi Balubur Town Square (2.5 km).","3 x 3 meter, Tidak termasuk listrik","Kasur, Meja, Lemari / Storage, Kursi","Kloset Duduk, K. Mandi Luar, Ember mandi, Bak mandi","WiFi, Laundry, R. Jemur, R. Santai, Dapur","Parkir Mobil, Parkir Motor, Parkir Sepeda",,https://mamikos.com/room/kost-kota-bandung-kost-putra-eksklusif-kost-no-73-tipe-a-cibeunying-kaler-bandung?redirection_source=landing%20area,-6.8882292724961,107.62752306655503
Kost Sidomukti 30 Tipe A Cibeunying Kaler Bandung,Putra,Rp925.000,925000,Kecamatan Cibeunying Kaler,Cibeunying Kaler,"Kost ini berlokasi dekat dengan jalan raya dengan akses yang hanya bisa dilalui oleh motor/sepeda, berlokasi dekat dengan Warteg Aero (2.0 km), Alfamart (2.9 km), Christian Church Pasundan Awiligar (1.7 km), Bank BJB Weekend Banking (1.8 km), Institut Teknologi Bandung (2.1 km), RS Ibu dan Anak Al Islam (1.9 km).","3 x 3 meter, Termasuk listrik","Kasur, Meja, Lemari / Storage, Jendela, Bantal, Kursi","Kloset Duduk, Kloset Jongkok, K. Mandi Luar, Wastafel, Shower, Air panas, Bak mandi","WiFi, R. Cuci, Kulkas, Mesin Cuci, R. Tamu, R. Jemur, Jemuran, R. Keluarga, K. Mandi Luar","Parkir Mobil, Parkir Motor, Parkir Sepeda, Parkir Motor & Sepeda",,https://mamikos.com/room/kost-kota-bandung-kost-putra-murah-kost-sidomukti-30-tipe-a-cibeunying-kaler-bandung-2?redirection_source=landing%20area,-6.885595229810914,107.62883091171192
Kost Pak Resmana Cibeunying Kidul Bandung,Putri,Rp750.000,750000,Kecamatan Cibeunying Kidul,Cibeunying Kidul,"Kost ini berlokasi dekat dengan jalan raya dengan akses yang hanya bisa dilalui oleh motor/sepeda, berlokasi dekat dengan Warteg Cintaasih (2.9 km), Alfamart (2.0 km), Masjid Al Barokah (1.7 km), Bank BJB Weekend Banking (2.5 km), Universitas Widyatama (141 m), RS Ibu dan Anak Al Islam (1.4 km).","3.5 x 2 meter, Termasuk listrik","Kasur, Lemari / Storage","K. Mandi Dalam, Kloset Jongkok, Ember mandi","WiFi, Penjaga Kos, R. Jemur, Dispenser, Dapur, Jemuran, Pengurus Kos, Jual Makanan, Rooftop, Gazebo",,,https://mamikos.com/room/kost-kota-bandung-kost-putri-murah-kos-pak-resmana-cibeunying-kidul-bandung-2?redirection_source=landing%20area,-6.896731923392,107.65026456808766
Kost Depok Tipe B Antapani Bandung,Campur,Rp1.300.000,1300000,Kecamatan Antapani,Antapani,"Kost ini berlokasi dekat dengan jalan raya dengan akses yang hanya bisa dilalui oleh motor/sepeda, berlokasi dekat dengan Warteg Cintaasih (3.0 km), PT. Indomarco Prismatama (1.3 km), Masjid Al Barokah (693 m), Bank Mandiri Bandung MTC (3.1 km), Universitas Widyatama (2.2 km), RS Ibu dan Anak Grha Bunda (1.3 km).","4.5 x 4.5 meter, Termasuk listrik","Kasur, Meja, Lemari / Storage, Ventilasi, Jendela, Guling, Cermin, Bantal, Wastafel, Kursi","Kloset Jongkok, K. Mandi Luar, Wastafel, Ember mandi, Shower, Bak mandi","WiFi, R. Cuci, Penjaga Kos, R. Jemur, Dapur, Jemuran, Pengurus Kos, CCTV, Kartu Akses, Locker","Parkir Motor, Parkir Sepeda, Parkir Motor & Sepeda",,https://mamikos.com/room/kost-kota-bandung-kost-campur-eksklusif-kost-depok-tipe-b-antapani-bandung?redirection_source=landing%20area,-6.9189284113506915,107.66149430172138
Kost Crysant House Tipe B Cibeunying Kaler Bandung,Campur,Rp1.350.000,1350000,Cibeunying Kaler,Cibeunying Kaler,"Kost ini berlokasi dekat dengan jalan raya dengan akses yang hanya bisa dilalui oleh motor/sepeda, berlokasi dekat dengan Warteg Abadi (2.2 km), Alfamart (854 m), Christian Church Pasundan Awiligar (2.2 km), Bank BJB Weekend Banking (1.3 km), Institut Teknologi Nasional Bandung (724 m), RS Ibu dan Anak Al Islam (1.5 km).","3 x 4 meter, Tidak termasuk listrik","Kasur, Meja, Lemari / Storage, Ventilasi, Jendela, Kursi","K. Mandi Dalam, Kloset Duduk, Wastafel, Shower, Air panas","WiFi, Penjaga Kos, R. Jemur, R. Santai, Dapur, Jemuran, Pengurus Kos, CCTV, Joglo","Parkir Mobil, Parkir Motor, Parkir Sepeda",,https://mamikos.com/room/kost-kota-bandung-kost-campur-eksklusif-kost-crysant-house-tipe-b-cibeunying-kaler-bandung?redirection_source=landing%20area,-6.88575726439201,107.63092729005398
Kost Bu Sur Tipe A Cibeunying Kidul Bandung,Putri,Rp600.000,600000,Kecamatan Cibeunying Kidul,Cibeunying Kidul,"Kost ini berlokasi dekat dengan jalan raya dengan akses yang hanya bisa dilalui oleh motor/sepeda, berlokasi dekat dengan Warteg Cintaasih (2.3 km), Alfamart Cimuncang 2 (842 m), Masjid Al Barokah (1.2 km), Bank BJB Weekend Banking (2.1 km), Universitas Widyatama (690 m), RS Khusus Gigi dan Mulut UNPAD (3.0 km).","2 x 2 meter, Termasuk listrik","Kasur, Meja, Lemari / Storage, Ventilasi, Jendela, Cermin, Bantal, Kursi","Kloset Duduk, Kloset Jongkok, K. Mandi Luar, Ember mandi, Shower, Bak mandi","WiFi, R. Jemur, R. Santai, Dispenser, Dapur, Jemuran, Pengurus Kos, Balcon, Taman, TV","Parkir Motor, Parkir Sepeda",,https://mamikos.com/room/kost-kota-bandung-kost-putri-murah-kost-bu-sur-tipe-a-cibeunying-kidul-bandung?redirection_source=landing%20area,-6.897711508738919,107.64843858773443
Kost Sukamulya 74 Bandung,Campur,Rp950.000,950000,Kecamatan Cibeunying Kidul,Cibeunying Kidul,"Kost ini berlokasi dekat dengan jalan raya dengan akses jalan raya, berlokasi dekat dengan Warteg Cintaasih (2.1 km), Alfamart A Yani 419 (704 m), Masjid Al Barokah (1.1 km), Bank BJB Weekend Banking (2.0 km), Universitas Widyatama (909 m), RS Ibu dan Anak Al Islam (576 m).","3 x 3 meter, Tidak termasuk listrik","Kasur, Meja Rias, Lemari / Storage, Jendela, Bantal","K. Mandi Dalam, Kloset Jongkok, Ember mandi, Shower","WiFi, R. Jemur, R. Santai, Dispenser, Dapur, Jemuran","Parkir Motor, Parkir Sepeda",,https://mamikos.com/room/kost-kota-bandung-kost-campur-murah-kost-sukamulya-74-bandung?redirection_source=landing%20area,-6.898512701112883,107.65028517084514
Kost Pabu Ohim Executive Antapani Bandung,Putri,Rp800.000,800000,Kecamatan Antapani,Antapani,"Kost ini berlokasi dekat dengan jalan raya dengan akses masuk mobil, berlokasi dekat dengan Warteg Cintaasih (2.6 km), PT. Indomarco Prismatama (1.3 km), Masjid Al Barokah (423 m), Bank Mandiri Bandung MTC (3.1 km), Universitas Widyatama (2.0 km), RS Ibu dan Anak Grha Bunda (878 m).","3 x 4 meter, Termasuk listrik","Meja, Jendela","K. Mandi Dalam, Kloset Jongkok, K. Mandi Luar, Ember mandi","WiFi, R. Cuci, Kulkas, Mesin Cuci, R. Jemur, Jemuran, Rooftop, Balcon, Gazebo","Parkir Mobil, Parkir Motor, Parkir Sepeda, Parkir Motor & Sepeda",,https://mamikos.com/room/kost-kota-bandung-kost-putri-murah-kost-pabu-ohim-executive-antapani-bandung-2?redirection_source=landing%20area,-6.9164798723038095,107.66006194268559
Kost Komplek Puri Indah Jatinangor Sumedang,Campur,Rp900.000,900000,Jatinangor,Jatinangor,"Kost ini berlokasi dekat dengan jalan raya dengan akses masuk mobil, berlokasi dekat dengan Purbasari II Rumah Makan (15.9 km), Alfamart Bojong Koneng (1.3 km), Christian Church Pasundan Awiligar (875 m), BNI Jatinangor (16.3 km), Universitas Padjadjaran Kampus Dipatiukur (1.9 km), Sinar Abadi Balubur Town Square (2.9 km).","3 x 3 meter, Tidak termasuk listrik","Kasur, Meja, Lemari / Storage, Jendela","K. Mandi Dalam, Kloset Duduk, Shower","R. Tamu, Dapur, Jemuran, Taman, K. Mandi Luar",Parkir Mobil,,https://mamikos.com/room/kost-kabupaten-sumedang-kost-campur-murah-kost-komplek-puri-indah-jatinangor-sumedang?redirection_source=landing%20area,-6.933267379705263,107.7714766256317
Kost Nur Muhaji Tipe F Batununggal Bandung,Campur,Rp1.200.000,1200000,Batununggal,Batununggal,"Kost ini berlokasi dekat dengan jalan raya dengan akses yang hanya bisa dilalui oleh motor/sepeda, berlokasi dekat dengan Warteg Bahari (2.0 km), Alfamart (2.6 km), Masjid Al Jihad (264 m), Bank BJB - Cabang Utama Bandung (2.2 km), Institut Teknologi Nasional Bandung (2.4 km), RS Ibu dan Anak Al Islam (1.5 km).","3 x 4 meter, Tidak termasuk listrik","Kasur, Lemari / Storage, Ventilasi, Jendela, Guling, Bantal","K. Mandi Dalam, Kloset Duduk, Ember mandi","WiFi, Laundry, Penjaga Kos, Jemuran, Pengurus Kos, CCTV","Parkir Motor, Parkir Motor & Sepeda",,https://mamikos.com/room/kost-kota-bandung-kost-campur-eksklusif-kost-nur-muhaji-tipe-f-batununggal-bandung?redirection_source=landing%20area,-6.928228741984953,107.63846628478126
Kost Muararajeun Lama 2 Tipe D Cibeunying Kaler Bandung,Campur,Rp740.000,740000,Cibeunying Kaler,Cibeunying Kaler,"Kost ini berlokasi dekat dengan jalan raya dengan akses yang hanya bisa dilalui oleh motor/sepeda, berlokasi dekat dengan Rumah Makan Boemi Mitoha (593 m), Alfamart A Yani 419 (1.3 km), Masjid Pusdai (561 m), Universitas Padjadjaran Kampus Dipatiukur (1.8 km), Sinar Abadi Balubur Town Square (2.3 km).","3 x 3 meter, Termasuk listrik","Kasur, Meja, Lemari / Storage, Ventilasi, Jendela, Bantal, Kursi","Kloset Jongkok, K. Mandi Luar, Ember mandi","WiFi, R. Cuci, Penjaga Kos, R. Jemur, Jemuran, Pengurus Kos, CCTV, Rooftop, K. Mandi Luar","Parkir Motor, Parkir Sepeda, Parkir Motor & Sepeda",,https://mamikos.com/room/kost-kota-bandung-kost-campur-eksklusif-kost-muararajeun-lama-2-tipe-d-cibeunying-kaler-bandung?redirection_source=landing%20area,-6.886145712090423,107.62877403480911
Kost Muararajeun Lama 2 Tipe C Cibeunying Kaler Bandung,Campur,Rp850.000,850000,Cibeunying Kaler,Cibeunying Kaler,"Kost ini berlokasi dekat dengan jalan raya dengan akses yang hanya bisa dilalui oleh motor/sepeda, berlokasi dekat dengan Rumah Makan Boemi Mitoha (593 m), Alfamart A Yani 419 (1.3 km), Masjid Pusdai (561 m), Universitas Padjadjaran Kampus Dipatiukur (1.8 km), Sinar Abadi Balubur Town Square (2.3 km).","3 x 3 meter, Termasuk listrik","Kasur, Meja, Lemari / Storage, Ventilasi, Jendela, Bantal","Kloset Jongkok, K. Mandi Luar, Ember mandi","WiFi, R. Cuci, R. Jemur, Dapur, Jemuran, Pengurus Kos, Jual Makanan, CCTV, K. Mandi Luar","Parkir Motor, Parkir Sepeda, Parkir Motor & Sepeda",,https://mamikos.com/room/kost-kota-bandung-kost-campur-eksklusif-kost-muararajeun-lama-2-tipe-c-cibeunying-kaler-bandung?redirection_source=landing%20area,-6.887111135764278,107.62964651144937
Kost Bu Sur Tipe C Cibeunying Kidul Bandung,Putri,Rp700.000,700000,Cibeunying Kidul,Cibeunying Kidul,"Kost ini berlokasi dekat dengan jalan raya dengan akses yang hanya bisa dilalui oleh motor/sepeda, berlokasi dekat dengan Warteg Cintaasih (2.3 km), Alfamart Cimuncang 2 (847 m), Masjid Al Barokah (1.2 km), Bank BJB Weekend Banking (2.1 km), Universitas Widyatama (678 m), RS Khusus Gigi dan Mulut UNPAD (3.0 km).","3 x 3 meter, Termasuk listrik","Kasur, Meja, Lemari / Storage, Jendela, Cermin, Bantal, Kursi","Kloset Duduk, Kloset Jongkok, K. Mandi Luar, Ember mandi, Shower, Bak mandi","WiFi, R. Jemur, R. Santai, Dispenser, Dapur, Jemuran, Pengurus Kos, Balcon, Taman, TV","Parkir Motor, Parkir Sepeda",,https://mamikos.com/room/kost-kota-bandung-kost-putri-murah-kost-bu-sur-tipe-c-cibeunying-kidul-bandung-2?redirection_source=landing%20area,-6.896952907943408,107.65143859226912
Kost Ai Eli Antapani Bandung,Campur,Rp800.000,800000,Antapani,Antapani,"Kost ini berlokasi dekat dengan jalan raya dengan akses yang hanya bisa dilalui oleh motor/sepeda, berlokasi dekat dengan Warteg Permata (2.3 km), PT. Indomarco Prismatama (2.3 km), Masjid Al-Muhajirin (530 m), Bank Syariah Indonesia KK Bandung RS Al Islam (2.2 km), Universitas Widyatama (3.3 km), RS Ibu dan Anak Humana Prima (2.3 km).","3 x 5 meter, Tidak termasuk listrik","Kasur, Lemari / Storage, Kulkas, Ventilasi, Jendela, Guling, Dapur Pribadi, Cermin, Bantal","K. Mandi Dalam, Kloset Jongkok, Ember mandi","Dapur, Jemuran, CCTV","Parkir Mobil, Parkir Motor",,https://mamikos.com/room/kost-kota-bandung-kost-campur-murah-kost-ai-eli-antapani-bandung?redirection_source=landing%20area,-6.919753670962536,107.65952144750828
Kost Alshab Tipe C Cimenyan Bandung,Campur,Rp775.000,775000,Cimenyan,Cimenyan,"Kost ini berlokasi dekat dengan jalan raya dengan akses yang hanya bisa dilalui oleh motor/sepeda, berlokasi dekat dengan Warmindo Tongkrongan (2.2 km), Alfamart West Cikutra (1.7 km), Christian Church Pasundan Awiligar (1.5 km), Universitas Widyatama (1.2 km), RS Ibu dan Anak Al Islam (2.7 km).","3 x 4 meter, Tidak termasuk listrik","Kasur, Lemari / Storage, Ventilasi, Jendela, Bantal","K. Mandi Dalam, Kloset Jongkok, Ember mandi, Shower","WiFi, R. Jemur, Dapur, Jemuran, Pengurus Kos",Parkir Motor,,https://mamikos.com/room/kost-kabupaten-bandung-kost-campur-eksklusif-kost-alshab-tipe-c-cimenyan-bandung?redirection_source=landing%20area,-6.881131864934956,107.66247208218117
Kost Little Spring Rooms Rosie 1 Antapani Bandung,Putri,Rp1.300.000,1300000,Antapani,Antapani,"Kost ini berlokasi dekat dengan jalan raya dengan akses masuk mobil, berlokasi dekat dengan Warteg Permata (1.2 km), Indomaret Ahmad Yani (2.8 km), Masjid Al Barokah (186 m), Bank BJB Weekend Banking (3.1 km), Universitas Widyatama (1.8 km), RS Ibu dan Anak Grha Bunda (796 m).","2 x 2 meter, Tidak termasuk listrik","AC, Kasur, Meja, Lemari / Storage, Jendela, Guling, Cermin, Bantal","K. Mandi Dalam, Kloset Duduk, Ember mandi, Shower, Air panas","Kulkas, R. Tamu, Penjaga Kos, R. Jemur, R. Makan, R. Santai, Dispenser, Dapur, Jemuran, Pengurus Kos","Parkir Mobil, Parkir Motor, Parkir Sepeda, Parkir Motor & Sepeda",,https://mamikos.com/room/kost-kota-bandung-kost-putri-eksklusif-kost-little-spring-rooms-rosie-1-antapani-bandung-2?redirection_source=landing%20area,-6.916727579590012,107.6605962872679
Kost Ibu Tina Tipe B Cibeunying Kidul Bandung,Putri,Rp750.000,750000,Kecamatan Cibeunying Kidul,Cibeunying Kidul,"Kost ini berlokasi dekat dengan jalan raya dengan akses yang hanya bisa dilalui oleh motor/sepeda, berlokasi dekat dengan Warteg Abadi (3.1 km), Alfamart A Yani 419 (282 m), Masjid Pusdai (1.6 km), Bank Mandiri Bandung Priority Banking Soerapatti (2.5 km), Institut Teknologi Nasional Bandung (1.2 km), RS Umum Santo Yusup (625 m).","3 x 3 meter, Tidak termasuk listrik","Kasur, Lemari / Storage, Ventilasi, Jendela, Guling, Bantal, Wastafel","Kloset Jongkok, K. Mandi Luar, Wastafel, Ember mandi","WiFi, R. Cuci, R. Jemur, R. Santai, Dapur, Jemuran, Pengurus Kos, Rooftop, Balcon, K. Mandi Luar","Parkir Motor, Parkir Sepeda, Parkir Motor & Sepeda",,https://mamikos.com/room/kost-kota-bandung-kost-putri-murah-kost-ibu-tina-tipe-b-cibeunying-kidul-bandung-2?redirection_source=landing%20area,-6.90003490988117,107.65046159388203
Kost Nin Ae Tipe D Mandalajati Bandung,Campur,Rp1.500.000,1500000,Mandalajati,Mandalajati,"Kost ini berlokasi dekat dengan jalan raya dengan akses yang hanya bisa dilalui oleh motor/sepeda, berlokasi dekat dengan Warteg Permata (2.8 km), PT. Indomarco Prismatama (684 m), Masjid Al Barokah (1.7 km), Universitas Widyatama (1.4 km), RS Umum Hermina Arcamanik (1.3 km).","3 x 5 meter, Termasuk listrik","AC, Kasur, Lemari / Storage, Jendela, Cermin, Bantal","Kloset Jongkok, K. Mandi Luar, Wastafel, Shower, Air panas","WiFi, Kulkas, CCTV","Parkir Mobil, Parkir Motor, Parkir Sepeda, Parkir Motor & Sepeda",,https://mamikos.com/room/kost-kota-bandung-kost-campur-eksklusif-kost-nin-ae-tipe-d-mandalajati-bandung-2?redirection_source=landing%20area,-6.897608403364548,107.67000737629732
Kost Keys Co Living Superior Balcony K 08 Cibeunying Kidul Bandung,Campur,Rp2.850.000,2850000,Cibeunying Kidul,Cibeunying Kidul,"Kost ini berlokasi dekat dengan jalan raya dengan akses masuk mobil, berlokasi dekat dengan Warteg Cintaasih (2.4 km), Alfamart (2.0 km), Masjid Al Barokah (1.5 km), Bank BJB Weekend Banking (2.1 km), Universitas Widyatama (571 m), RS Ibu dan Anak Al Islam (891 m).","3 x 4 meter, Tidak termasuk listrik","AC, Kasur, Meja, Lemari / Storage, microwave, Jendela, Guling, Cermin, Bantal, Kursi","K. Mandi Dalam, Kloset Duduk, Shower, Air panas","WiFi, R. Cuci, Kulkas, Penjaga Kos, R. Jemur, R. Makan, Mushola, Dispenser, Dapur, Jemuran","Parkir Mobil, Parkir Motor",,https://mamikos.com/room/kost-kota-bandung-kost-campur-eksklusif-kost-keys-co-living-superior-balcony-k-08-cibeunying-kidul-bandung?redirection_source=landing%20area,-6.898992839470096,107.64811546168382
Kost Awiligar 54 Tipe A Cibeunying Cimenyan Bandung,Putra,Rp600.000,600000,Cimenyan,Cimenyan,"Kost ini berlokasi dekat dengan jalan raya dengan akses yang hanya bisa dilalui oleh motor/sepeda, berlokasi dekat dengan Alfamart Bojong Koneng (1.4 km), Christian Church Pasundan Awiligar (827 m), Universitas Padjadjaran Kampus Dipatiukur (1.9 km), Sinar Abadi Balubur Town Square (2.9 km).","3 x 3 meter, Termasuk listrik","Kasur, Meja, Lemari / Storage","Kloset Jongkok, K. Mandi Luar, Ember mandi, Bak mandi","WiFi, R. Jemur, Dapur, Jemuran",Parkir Motor,,https://mamikos.com/room/kost-bandung-kost-putra-murah-kost-awiligar-54-tipe-a-cibeunying-cimenyan-bandung?redirection_source=landing%20area,-6.879546936786005,107.66473958349856
Kost Orange Tipe C Cikondang Coblong Bandung,Campur,Rp750.000,750000,Coblong,Coblong,"Kost ini berlokasi dekat dengan jalan raya dengan akses yang hanya bisa dilalui oleh motor/sepeda, berlokasi dekat dengan Warteg Gaul (1.7 km), Alfamart Bojong Koneng (1.5 km), Masjid MUI Kota Bandung (518 m), BSI KCP Bandung Dago (2.0 km), Universitas Padjadjaran Kampus Dipatiukur (1.5 km), RS Umum Santo Borromeus (1.9 km).","4 x 4 meter, Termasuk listrik","Kasur, Meja, Lemari / Storage, Kursi","Kloset Jongkok, K. Mandi Luar, Ember mandi, Shower","WiFi, Kulkas, R. Jemur, Dispenser, Dapur, Balcon, TV",Parkir Motor,,https://mamikos.com/room/kost-kota-bandung-kost-campur-murah-kost-orange-tipe-c-cikondang-coblong-bandung?redirection_source=landing%20area,-6.881239374482387,107.6157951587745
Kost Muararajeun Lama 1 Tipe A Cibeunying Kaler Bandung,Campur,Rp885.000,885000,Cibeunying Kaler,Cibeunying Kaler,"Kost ini berlokasi dekat dengan jalan raya dengan akses yang hanya bisa dilalui oleh motor/sepeda, berlokasi dekat dengan Rumah Makan Boemi Mitoha (584 m), Alfamart A Yani 419 (1.3 km), Masjid Pusdai (553 m), Universitas Padjadjaran Kampus Dipatiukur (1.8 km), Sinar Abadi Balubur Town Square (2.3 km).","3 x 4 meter, Termasuk listrik","Kasur, Meja, Lemari / Storage, Ventilasi, Jendela, Cermin, Bantal","K. Mandi Dalam, Kloset Duduk, Ember mandi","WiFi, R. Cuci, Penjaga Kos, R. Jemur, Jemuran, Pengurus Kos, CCTV","Parkir Motor, Parkir Sepeda, Parkir Motor & Sepeda",,https://mamikos.com/room/kost-kota-bandung-kost-campur-eksklusif-kost-muararajeun-lama-1-tipe-a-cibeunying-kaler-bandung?redirection_source=landing%20area,-6.8872792817878015,107.62985584239293
Kost Sukma Antapani Bandung,Putri,Rp550.000,550000,Antapani,Antapani,"Kost ini berlokasi dekat dengan jalan raya dengan akses jalan raya, berlokasi dekat dengan Alfamart Cimuncang 2 (2.4 km), Masjid Al-Muhajirin (914 m), Ujung Berung Town Square (Ubertos) (3.5 km).","2 x 3 meter, Tidak termasuk listrik","Kasur, Lemari / Storage, Bantal","Kloset Jongkok, K. Mandi Luar","WiFi, R. Tamu, Penjaga Kos, R. Jemur, R. Santai, Jemuran, Pengurus Kos","Parkir Mobil, Parkir Motor",,https://mamikos.com/room/kost-bandung-kost-putri-murah-kost-sukma-antapani-bandung?redirection_source=landing%20area,-6.919649006181206,107.65804666909281
Kost Boarding House Naga Malim Tipe D Cibeunying Kidul Bandung,Campur,Rp750.000,750000,Cibeunying Kidul,Cibeunying Kidul,"Kost ini berlokasi dekat dengan jalan raya dengan akses yang hanya bisa dilalui oleh motor/sepeda, berlokasi dekat dengan Alfamart A Yani 419 (763 m), Christian Church Pasundan Awiligar (2.8 km), Universitas Widyatama (854 m).","3 x 3 meter, Tidak termasuk listrik",Jendela,Kloset Jongkok,"R. Santai, Dapur, Pengurus Kos, CCTV, K. Mandi Luar","Parkir Motor, Parkir Sepeda",,https://mamikos.com/room/kost-bandung-kost-campur-murah-kost-boarding-house-naga-malim-cibeunying-kidul-bandung-1?redirection_source=landing%20area,-6.89681374206471,107.64992882514674
Kost Dmt Cicadas Batununggal Bandung,Putri,Rp500.000,500000,Kecamatan Batununggal,Batununggal,"Kost ini berlokasi dekat dengan jalan raya dengan akses yang hanya bisa dilalui oleh motor/sepeda, berlokasi dekat dengan Warteg Berkah Bahari (2.6 km), Alfamart (2.6 km), Masjid Al Barokah (1.2 km), Bank BJB Weekend Banking (1.8 km), Universitas Widyatama (1.5 km), RS Ibu dan Anak Al Islam (270 m).","3 x 4 meter, Tidak termasuk listrik","Kasur, Lemari / Storage, Ventilasi, Jendela, Cermin, Bantal","Kloset Jongkok, Ember mandi, Bak mandi","WiFi, R. Cuci, Penjaga Kos, R. Jemur, Mushola, Dispenser, Dapur, Pengurus Kos, CCTV, Taman","Parkir Motor, Parkir Sepeda, Parkir Motor & Sepeda",,https://mamikos.com/room/kost-kota-bandung-kost-putri-murah-kost-dmt-cicadas-batununggal-bandung?redirection_source=landing%20area,-6.928798054021568,107.639999438059
Kost Bu Enita Cibeunying Kaler Bandung,Campur,Rp550.000,550000,Cibeunying Kaler,Cibeunying Kaler,"Kost ini berlokasi dekat dengan jalan raya dengan akses yang hanya bisa dilalui oleh motor/sepeda, berlokasi dekat dengan Rumah Makan Pondok (796 m), Alfamart Bojong Koneng (1.5 km), Masjid Pusdai (569 m), Universitas Padjadjaran Kampus Dipatiukur (1.6 km), Sinar Abadi Balubur Town Square (2.3 km).","3 x 5 meter, Termasuk listrik","Kasur, Lemari / Storage, Jendela, Cleaning service","Kloset Jongkok, K. Mandi Luar, Ember mandi, Bak mandi","R. Cuci, Penjaga Kos, Mushola, Dapur, Pengurus Kos, K. Mandi Luar","Parkir Motor, Parkir Sepeda",,https://mamikos.com/room/kost-kota-bandung-kost-campur-murah-kost-bu-enita-cibeunying-kaler-bandung?redirection_source=landing%20area,-6.884366076057032,107.62739819197103
Kost Imah Incu Antapani Bandung,Putri,Rp850.000,850000,Antapani,Antapani,"Kost ini berlokasi dekat dengan jalan raya dengan akses yang hanya bisa dilalui oleh motor/sepeda, berlokasi dekat dengan Alfamart Cimuncang 2 (1.0 km), Masjid Al Barokah (336 m), Akademi Pariwisata BSI Bandung (460 m).","3 x 4 meter, Termasuk listrik","Kasur, Lemari / Storage, Ventilasi, Jendela, Guling, Bantal","K. Mandi Dalam, Kloset Jongkok, Ember mandi","WiFi, Jemuran, Pengurus Kos","Parkir Motor, Parkir Sepeda",,https://mamikos.com/room/kost-kota-bandung-kost-putri-murah-kost-imah-incu-antapani-bandung-2?redirection_source=landing%20area,-6.918084158680591,107.6592251154391
Kost Wardah Cibeunying Kaler Bandung,Pasutri,Rp1.400.000,1400000,Cibeunying Kaler,Cibeunying Kaler,"Kost ini berlokasi dekat dengan jalan raya dengan akses yang hanya bisa dilalui oleh motor/sepeda, berlokasi dekat dengan Alfamart Bojong Koneng (1.5 km), Masjid MUI Kota Bandung (687 m), Institut Teknologi Nasional Bandung (1.0 km), Sinar Abadi Balubur Town Square (2.6 km).","4 x 4 meter, Tidak termasuk listrik","AC, Kasur, Meja, TV, Lemari / Storage, Ventilasi, Jendela, Guling, Dapur Pribadi, Cermin","K. Mandi Dalam, Kloset Duduk, Ember mandi, Shower, Air panas","WiFi, Penjaga Kos, R. Jemur, Mushola, R. Santai, Dispenser, Jemuran, Pengurus Kos, CCTV, Kartu Akses","Parkir Mobil, Parkir Motor, Parkir Sepeda",,https://mamikos.com/room/kost-bandung-kost-campur-eksklusif-kost-wardah-khusus-pasutri-cibeunying-kaler-bandung?redirection_source=landing%20area,-6.886209733462094,107.62865465621492
Kost Rengganis Type A Cibeunying Kaler Bandung,Putri,Rp750.000,750000,Cibeunying Kaler,Cibeunying Kaler,"Kost ini berlokasi dekat dengan jalan raya dengan akses yang hanya bisa dilalui oleh motor/sepeda, berlokasi dekat dengan Warteg Cintaasih (2.2 km), Alfamart (1.2 km), Christian Church Pasundan Awiligar (2.2 km), Bank BJB Weekend Banking (1.3 km), Institut Teknologi Nasional Bandung (475 m), RS Ibu dan Anak Al Islam (1.2 km).","3 x 3 meter, Termasuk listrik","Kasur, Lemari / Storage, Jendela, Bantal","K. Mandi Dalam, Kloset Jongkok, Wastafel, Ember mandi","WiFi, R. Jemur, R. Santai, Dapur, Jemuran, Pengurus Kos, CCTV, R. Keluarga, K. Mandi Luar","Parkir Motor, Parkir Motor & Sepeda",,https://mamikos.com/room/kost-kota-bandung-kost-putri-murah-kost-rengganis-type-a-cibeunying-kaler-bandung-2?redirection_source=landing%20area,-6.88746881406859,107.63093953290648
Kost Harmoni Abadi Kiaracondong Bandung,Campur,Rp700.000,700000,Kecamatan Kiaracondong,Kiaracondong,"Kost ini berlokasi dekat dengan jalan raya dengan akses yang hanya bisa dilalui oleh motor/sepeda, berlokasi dekat dengan Warteg Bahari (2.9 km), Alfamart (3.3 km), Gereja Isa Almasih (1.1 km), Bank BJB Weekend Banking (2.5 km), Universitas Widyatama (2.4 km), RS Ibu dan Anak Grha Bunda (735 m).","3 x 4 meter, Tidak termasuk listrik","Kasur, Lemari / Storage, Jendela, Bantal","K. Mandi Dalam, Kloset Jongkok, Ember mandi",Taman,"Parkir Motor, Parkir Sepeda, Parkir Motor & Sepeda",,https://mamikos.com/room/kost-kota-bandung-kost-campur-murah-kost-harmoni-abadi-kiaracondong-bandung?redirection_source=landing%20area,-6.924315623896591,107.64790237338018
Kost Batik Ayu Cibeunying Kaler Bandung,Putra,Rp1.300.000,1300000,Cibeunying Kaler,Cibeunying Kaler,"Kost ini berlokasi dekat dengan jalan raya dengan akses yang hanya bisa dilalui oleh motor/sepeda, berlokasi dekat dengan Alfamart Bojong Koneng (1.5 km), Masjid MUI Kota Bandung (527 m), Institut Teknologi Nasional Bandung (865 m), Sinar Abadi Balubur Town Square (2.3 km).","3 x 4 meter, Termasuk listrik","Kasur, Meja, Lemari / Storage, Ventilasi, Jendela, Cermin, Bantal, Kursi","K. Mandi Dalam, Kloset Duduk, Shower","WiFi, Kulkas, R. Tamu, R. Jemur, R. Santai, Dapur, Jemuran","Parkir Mobil, Parkir Motor, Parkir Sepeda",,https://mamikos.com/room/kost-bandung-kost-putra-eksklusif-kost-batik-ayu-cibeunying-kaler-bandung?redirection_source=landing%20area,-6.885640022981588,107.62737081805756
Kost Ibu Restu A Tipe Standart Cibeunying Kidul Bandung,Putra,Rp800.000,800000,Kecamatan Cibeunying Kidul,Cibeunying Kidul,"Kost ini berlokasi dekat dengan jalan raya dengan akses yang hanya bisa dilalui oleh motor/sepeda, berlokasi dekat dengan Warteg Cintaasih (2.2 km), Alfamart A Yani 419 (824 m), Masjid Al Barokah (1.2 km), Bank BJB Weekend Banking (2.1 km), Universitas Widyatama (780 m), RS Khusus Gigi dan Mulut UNPAD (3.0 km).","3 x 4 meter, Termasuk listrik","Kasur, Ventilasi, Jendela, Cermin, Bantal","K. Mandi Dalam, Kloset Jongkok, Ember mandi","WiFi, Jemuran, Pengurus Kos, Jual Makanan, Balcon, Joglo","Parkir Motor, Parkir Sepeda",,https://mamikos.com/room/kost-kota-bandung-kost-putra-murah-kost-ibu-restu-a-tipe-standart-cibeunying-kidul-bandung?redirection_source=landing%20area,-6.899960886591718,107.64955450929708
Kost Terusan Cisokan Cibeunying Kaler Bandung,Putri,Rp1.350.000,1350000,Cibeunying Kaler,Cibeunying Kaler,"Kost ini berlokasi dekat dengan jalan raya dengan akses yang hanya bisa dilalui oleh motor/sepeda, berlokasi dekat dengan Rumah Makan Boemi Mitoha (804 m), Alfamart A Yani 419 (1.1 km), Masjid Pusdai (834 m), Institut Teknologi Nasional Bandung (652 m), Sinar Abadi Balubur Town Square (2.6 km).","3 x 4 meter, Tidak termasuk listrik","Kasur, Meja, Lemari / Storage, Kursi","K. Mandi Dalam, Kloset Duduk, Shower, Air panas","WiFi, Kulkas, Mesin Cuci, R. Jemur, R. Makan, R. Santai, Dapur, TV",Parkir Motor,,https://mamikos.com/room/kost-kota-bandung-kost-putri-eksklusif-kost-terusan-cisokan-cibeunying-kaler-bandung-2?redirection_source=landing%20area,-6.885380857908105,107.63060145004769
Kost Rumah Surya Cibeunying Kaler Bandung,Putra,Rp550.000,550000,Kecamatan Cibeunying Kaler,Cibeunying Kaler,"Kost ini berlokasi dekat dengan jalan raya dengan akses yang hanya bisa dilalui oleh motor/sepeda, berlokasi dekat dengan Warteg Aero (2.0 km), Alfamart (2.7 km), Christian Church Pasundan Awiligar (1.1 km), Bank BJB Weekend Banking (2.4 km), Institut Teknologi Bandung (2.3 km), RS Ibu dan Anak Al Islam (2.4 km).","3 x 4 meter, Tidak termasuk listrik","Kasur, Lemari / Storage","Kloset Duduk, Kloset Jongkok, Ember mandi, Bak mandi","WiFi, R. Cuci, R. Tamu",Parkir Motor & Sepeda,,https://mamikos.com/room/kost-kota-bandung-kost-putra-murah-kost-rumah-surya-cibeunying-kaler-bandung-2?redirection_source=landing%20area,-6.885055161727377,107.63018851659793
Kost Ibu Ria Bekatonik Cibeunying Kidul Bandung,Putri,Rp600.000,600000,Cibeunying Kidul,Cibeunying Kidul,"Kost ini berlokasi dekat dengan jalan raya dengan akses yang hanya bisa dilalui oleh motor/sepeda, berlokasi dekat dengan Alfamart Bojong Koneng (739 m), Christian Church Pasundan Awiligar (2.3 km), Universitas Padjadjaran Kampus Dipatiukur (2.8 km), Sinar Abadi Balubur Town Square (3.5 km).","3 x 4 meter, Termasuk listrik","Kasur, Meja, Lemari / Storage, Kursi","Kloset Jongkok, K. Mandi Luar, Ember mandi, Air panas, Bak mandi","WiFi, R. Cuci, R. Tamu, Penjaga Kos, R. Jemur, R. Santai, Dapur, Balcon, R. Keluarga, K. Mandi Luar","Parkir Motor, Parkir Sepeda",,https://mamikos.com/room/kost-kota-bandung-kost-putri-murah-kost-ibu-ria-bekatonik-cibeunying-kidul-bandung?redirection_source=landing%20area,-6.898278412798409,107.65055980093342
Kost Evelyn Home Tipe 2 Cibeunying Kidul Bandung,Putri,Rp750.000,750000,Cibeunying Kidul,Cibeunying Kidul,"Kost ini berlokasi dekat dengan jalan raya dengan akses yang hanya bisa dilalui oleh motor/sepeda, berlokasi dekat dengan Alfamart Bojong Koneng (351 m), Christian Church Pasundan Awiligar (2.0 km), Universitas Widyatama (180 m), RS Umum Santo Yusup (992 m).","3 x 4 meter, Termasuk listrik","Kasur, Lemari / Storage, Cermin","K. Mandi Dalam, Kloset Jongkok, Ember mandi","WiFi, R. Jemur, Dapur",,,https://mamikos.com/room/kost-kota-bandung-kost-putri-murah-kost-evelyn-home-tipe-2-cibeunying-kidul-bandung?redirection_source=landing%20area,-6.900203825093134,107.65123601344892
Kost Berry Budi Tipe A Cibeunying Kidul Bandung,Campur,Rp650.000,650000,Kecamatan Cibeunying Kidul,Cibeunying Kidul,"Kost ini berlokasi dekat dengan jalan raya dengan akses yang hanya bisa dilalui oleh motor/sepeda, berlokasi dekat dengan Warteg Cintaasih (2.4 km), Alfamart (1.8 km), Masjid Al Barokah (1.7 km), Bank BJB Weekend Banking (2.0 km), Institut Teknologi Nasional Bandung (569 m), RS Ibu dan Anak Al Islam (980 m).","3 x 3 meter, Termasuk listrik","Kasur, Meja, Lemari / Storage","Kloset Duduk, Kloset Jongkok, K. Mandi Luar, Bak mandi","WiFi, Kulkas, R. Jemur, R. Santai, Dapur, CCTV, Kartu Akses, TV, K. Mandi Luar","Parkir Motor, Parkir Sepeda, Parkir Motor & Sepeda",,https://mamikos.com/room/kost-kota-bandung-kost-campur-murah-kost-berry-budi-tipe-a-cibeunying-kidul-bandung?redirection_source=landing%20area,-6.897188613794804,107.64862084432166
Kost Elroi Bojong Koneng Atas Cikutra Tipe A Cimenyan Bandung,Putra,Rp1.700.000,1700000,Cimenyan,Cimenyan,"Kost ini berlokasi dekat dengan jalan raya dengan akses yang hanya bisa dilalui oleh motor/sepeda, berlokasi dekat dengan Rumah Makan Pondok (3.0 km), Alfamart Bojong Koneng (838 m), Christian Church Pasundan Awiligar (1.4 km), Bank BJB Weekend Banking (3.4 km), Universitas Widyatama (1.1 km), RS Ibu dan Anak Al Islam (2.5 km).","3 x 4 meter, Tidak termasuk listrik","AC, Kasur, Meja, Lemari / Storage, Ventilasi, Jendela, Guling, Cermin, Bantal, Kursi","K. Mandi Dalam, Kloset Duduk, Ember mandi, Shower, Air panas","WiFi, Kulkas, R. Tamu, Penjaga Kos, R. Jemur, R. Makan, R. Santai, Dispenser, Dapur, Jemuran","Parkir Motor, Parkir Motor & Sepeda",,https://mamikos.com/room/kost-kabupaten-bandung-kost-putra-eksklusif-kost-elroi-bojong-koneng-atas-cikutra-tipe-a-cimenyan-bandung?redirection_source=landing%20area,-6.88112593149288,107.66208655328921
Kost Cahaya Nodibel Mandalajati Bandung,Campur,Rp1.300.000,1300000,Kecamatan Mandalajati,Mandalajati,"Kost ini berlokasi dekat dengan jalan raya dengan akses yang hanya bisa dilalui oleh motor/sepeda, berlokasi dekat dengan Christian Church Pasundan Awiligar (3.5 km), RS Umum Hermina Arcamanik (893 m).","9 x 3 meter, Tidak termasuk listrik",Jendela,"K. Mandi Dalam, Kloset Duduk","Jemuran, Pengurus Kos, Balcon",Parkir Motor,,https://mamikos.com/room/kost-kota-bandung-kost-campur-eksklusif-kost-cahaya-nodibel-mandalajati-bandung-2?redirection_source=landing%20area,-6.895062381083875,107.67206038185903
Kost Elroi Bojong Koneng Atas Cikutra Tipe B Cimenyan Bandung,Putra,Rp1.600.000,1600000,Cimenyan,Cimenyan,"Kost ini berlokasi dekat dengan jalan raya dengan akses yang hanya bisa dilalui oleh motor/sepeda, berlokasi dekat dengan Rumah Makan Pondok (3.0 km), Alfamart Bojong Koneng (838 m), Christian Church Pasundan Awiligar (1.4 km), Bank BJB Weekend Banking (3.4 km), Universitas Widyatama (1.1 km), RS Ibu dan Anak Al Islam (2.5 km).","3 x 4 meter, Tidak termasuk listrik","AC, Kasur, Meja, Lemari / Storage, Ventilasi, Jendela, Guling, Cermin, Bantal, Kursi","K. Mandi Dalam, Kloset Duduk, Ember mandi, Shower, Air panas","WiFi, Kulkas, R. Tamu, Penjaga Kos, R. Jemur, R. Makan, R. Santai, Dispenser, Dapur, Jemuran","Parkir Motor, Parkir Motor & Sepeda",,https://mamikos.com/room/kost-kabupaten-bandung-kost-putra-eksklusif-kost-elroi-bojong-koneng-atas-cikutra-tipe-b-cimenyan-bandung?redirection_source=landing%20area,-6.8790672003835756,107.66355170583596
Kost Gemilang Berkah Tipe A Cimenyan Bandung,Putra,Rp750.000,750000,Kecamatan Cimenyan,Cimenyan,"Kost ini berlokasi dekat dengan jalan raya dengan akses yang hanya bisa dilalui oleh motor/sepeda, berlokasi dekat dengan Alfamart Bojong Koneng (1.4 km), Christian Church Pasundan Awiligar (826 m), Universitas Padjadjaran Kampus Dipatiukur (1.9 km), Sinar Abadi Balubur Town Square (2.9 km).","3 x 3 meter, Termasuk listrik","Kasur, Lemari / Storage, Ventilasi, Jendela","Kloset Jongkok, Ember mandi, Bak mandi","WiFi, R. Cuci, R. Tamu, R. Santai, Dapur, Jemuran, R. Keluarga, K. Mandi Luar","Parkir Motor, Parkir Sepeda",,https://mamikos.com/room/kost-bandung-kost-putra-murah-kost-gemilang-berkah-tipe-a-cimenyan-bandung?redirection_source=landing%20area,-6.880929910879087,107.662292997686
Kost Divara Luxury Kamar Utama Cibeunying Kaler Bandung,Campur,Rp1.600.000,1600000,Kecamatan Cibeunying Kaler,Cibeunying Kaler,"Kost ini berlokasi dekat dengan jalan raya dengan akses masuk mobil, berlokasi dekat dengan Warteg Aero (2.2 km), Alfamart (2.9 km), Christian Church Pasundan Awiligar (1.2 km), Bank BJB Weekend Banking (2.3 km), Institut Teknologi Nasional Bandung (872 m), RS Ibu dan Anak Al Islam (2.2 km).","3 x 3 meter, Tidak termasuk listrik","AC, Kasur, Meja, TV, Lemari / Storage, Ventilasi, Jendela, Bantal, Kursi","K. Mandi Dalam, Kloset Duduk, Shower, Air panas","WiFi, Kulkas, Laundry, Penjaga Kos, R. Jemur, R. Santai, Dapur, Jemuran, CCTV, Kartu Akses","Parkir Motor, Parkir Motor & Sepeda",,https://mamikos.com/room/kost-kota-bandung-kost-campur-eksklusif-kost-divara-luxury-kamar-utama-cibeunying-kaler-bandung-2?redirection_source=landing%20area,-6.886891961930836,107.62700162785818
Kost Keys Co Living Deluxe Balcony Cibeunying Kidul Bandung,Campur,Rp2.500.000,2500000,Cibeunying Kidul,Cibeunying Kidul,"Kost ini berlokasi dekat dengan jalan raya dengan akses masuk mobil, berlokasi dekat dengan Warteg Cintaasih (2.4 km), Alfamart (2.0 km), Masjid Al Barokah (1.5 km), Bank BJB Weekend Banking (2.1 km), Universitas Widyatama (571 m), RS Ibu dan Anak Al Islam (891 m).","3 x 4 meter, Tidak termasuk listrik","AC, Kasur, Meja, Lemari / Storage, microwave, Jendela, Guling, Cermin, Bantal, Kursi","K. Mandi Dalam, Kloset Duduk, Shower, Air panas","WiFi, R. Cuci, Kulkas, Mesin Cuci, Penjaga Kos, R. Jemur, R. Makan, Mushola, Dispenser, Dapur","Parkir Mobil, Parkir Motor",,https://mamikos.com/room/kost-kota-bandung-kost-campur-eksklusif-kost-keys-co-living-deluxe-balcony-cibeunying-kidul-bandung-2?redirection_source=landing%20area,-6.898113672244137,107.64867833549285
Kost Hdci Tipe B Coblong Bandung,Putra,Rp1.000.000,1000000,Kecamatan Coblong,Coblong,"Kost ini berlokasi dekat dengan jalan raya dengan akses yang hanya bisa dilalui oleh motor/sepeda, berlokasi dekat dengan Warteg Gaul (1.6 km), Alfamart Bojong Koneng (1.6 km), Masjid MUI Kota Bandung (464 m), BSI KCP Bandung Dago (1.9 km), Universitas Padjadjaran Kampus Dipatiukur (1.4 km), RS Umum Santo Borromeus (1.8 km).","3 x 4 meter, Tidak termasuk listrik","Kasur, Lemari / Storage, Jendela","K. Mandi Dalam, Kloset Jongkok, Ember mandi","WiFi, Penjaga Kos, Jemuran, Pengurus Kos, Jual Makanan, Kartu Akses, Balcon",Parkir Motor,,https://mamikos.com/room/kost-kota-bandung-kost-putra-eksklusif-kost-hdci-tipe-b-coblong-bandung?redirection_source=landing%20area,-6.879956783573464,107.612188973498
Kost Urban Residence Tipe A Kiaracondong Bandung,Campur,Rp600.000,600000,Kiaracondong,Kiaracondong,"Kost ini berlokasi dekat dengan jalan raya dengan akses yang hanya bisa dilalui oleh motor/sepeda, berlokasi dekat dengan Warteg Permata (1.5 km), Alfamart Cimuncang 2 (683 m), Masjid Al Barokah (492 m), Bank BJB Weekend Banking (2.9 km), Universitas Widyatama (1.1 km), RS Ibu dan Anak Grha Bunda (921 m).","3 x 3 meter, Termasuk listrik","Kasur, Lemari / Storage, Jendela, Dapur Pribadi, Bantal","K. Mandi Dalam, Kloset Jongkok, Ember mandi, Bak mandi","WiFi, Laundry, Penjaga Kos, Pengurus Kos, CCTV",Parkir Motor,,https://mamikos.com/room/kost-kota-bandung-kost-campur-murah-kost-urban-residence-tipe-a-kiaracondong-bandung?redirection_source=landing%20area,-6.924652681906216,107.64550757705047
Kost Cikutra Baru 1 Cibeunying Kaler Bandung,Putri,Rp1.000.000,1000000,Cibeunying Kaler,Cibeunying Kaler,"Kost ini berlokasi dekat dengan jalan raya dengan akses yang hanya bisa dilalui oleh motor/sepeda, berlokasi dekat dengan Alfamart Bojong Koneng (606 m), Masjid Pusdai (1.5 km), Institut Teknologi Nasional Bandung (373 m), Sinar Abadi Balubur Town Square (3.2 km).","2 x 4 meter, Termasuk listrik","Kasur, Meja, Lemari / Storage","Kloset Duduk, K. Mandi Luar, Shower, Bak mandi","WiFi, Kulkas, R. Tamu, R. Jemur, R. Santai, Dispenser, Dapur, R. Keluarga","Parkir Mobil, Parkir Motor",,https://mamikos.com/room/kost-kost-putri-eksklusif-kost-cikutra-baru-1-cibeunying-kaler-bandung?redirection_source=landing%20area,-6.886215745603454,107.62950141653921
Kost Palm Bridge Tipe B Cimenyan Bandung,Putra,Rp875.000,875000,Cimenyan,Cimenyan,"Kost ini berlokasi dekat dengan jalan raya dengan akses yang hanya bisa dilalui oleh motor/sepeda, berlokasi dekat dengan Alfamart Bojong Koneng (1.3 km), Christian Church Pasundan Awiligar (875 m), Universitas Padjadjaran Kampus Dipatiukur (1.9 km), Sinar Abadi Balubur Town Square (2.9 km).","3 x 3.5 meter, Termasuk listrik","Kasur, Meja, Lemari / Storage","Kloset Duduk, K. Mandi Luar, Ember mandi","WiFi, Mesin Cuci, R. Tamu, R. Jemur, R. Santai, Balcon","Parkir Motor, Parkir Sepeda",,https://mamikos.com/room/kost-bandung-kost-putra-eksklusif-kost-palm-bridge-cimenyan-bandung-1?redirection_source=landing%20area,-6.8797930371952205,107.6650110421587
Kost Wahjoewono Tipe A Antapani Bandung,Putri,Rp800.000,800000,Antapani,Antapani,"Kost ini berlokasi dekat dengan jalan raya dengan akses yang hanya bisa dilalui oleh motor/sepeda, berlokasi dekat dengan Alfamart Cimuncang 2 (925 m), Masjid Al Barokah (530 m), Akademi Pariwisata BSI Bandung (642 m).","3.2 x 3.6 meter, Termasuk listrik","Kasur, Meja, Lemari / Storage, Meja makan, Jendela, Bantal, Wastafel, Kursi","Kloset Jongkok, K. Mandi Luar, Wastafel, Ember mandi, Shower","WiFi, R. Cuci, R. Tamu, Penjaga Kos, R. Jemur, R. Makan, Dapur, Jemuran, Pengurus Kos, K. Mandi Luar",Parkir Motor,,https://mamikos.com/room/kost-kota-bandung-kost-putri-murah-kost-wahjoewono-tipe-a-antapani-bandung?redirection_source=landing%20area,-6.918332500052156,107.66157597496901
Kost Awiligar 54 Tipe B Cibeunying Cimenyan Bandung,Putra,Rp750.000,750000,Cimenyan,Cimenyan,"Kost ini berlokasi dekat dengan jalan raya dengan akses yang hanya bisa dilalui oleh motor/sepeda, berlokasi dekat dengan Alfamart Bojong Koneng (1.4 km), Christian Church Pasundan Awiligar (827 m), Universitas Padjadjaran Kampus Dipatiukur (1.9 km), Sinar Abadi Balubur Town Square (2.9 km).","3 x 3.5 meter, Termasuk listrik","Kasur, Meja, Lemari / Storage","Kloset Jongkok, K. Mandi Luar, Ember mandi, Bak mandi","WiFi, R. Cuci, R. Jemur, Dapur",Parkir Motor,,https://mamikos.com/room/kost-kabupaten-bandung-kost-putra-murah-kost-awiligar-54-tipe-b-cibeunying-cimenyan-bandung?redirection_source=landing%20area,-6.879823868855358,107.66242178791036
Kost Rumah Ileya Standar A Cibeunying Kaler Bandung,Campur,Rp750.000,750000,Kecamatan Cibeunying Kaler,Cibeunying Kaler,"Kost ini berlokasi dekat dengan jalan raya dengan akses yang hanya bisa dilalui oleh motor/sepeda, berlokasi dekat dengan Warteg Cintaasih (2.3 km), Alfamart (1.1 km), Christian Church Pasundan Awiligar (2.1 km), Bank BJB Weekend Banking (1.4 km), Institut Teknologi Nasional Bandung (403 m), RS Ibu dan Anak Al Islam (1.3 km).","2.8 x 3.2 meter, Termasuk listrik","Kasur, Meja, Meja Rias, Lemari / Storage, Ventilasi, Jendela","Kloset Duduk, Kloset Jongkok, K. Mandi Luar, Ember mandi","WiFi, R. Tamu, R. Makan, R. Santai, Dapur, Rice Cooker, Pengurus Kos, Jual Makanan, CCTV, Balcon","Parkir Motor, Parkir Motor & Sepeda",,https://mamikos.com/room/kost-kota-bandung-kost-campur-murah-kost-rumah-ileya-standar-a-cibeunying-kaler-bandung?redirection_source=landing%20area,-6.886004099976703,107.6275226428976
Kost Alshab Tipe A Cimenyan Bandung,Campur,Rp775.000,775000,Cimenyan,Cimenyan,"Kost ini berlokasi dekat dengan jalan raya dengan akses yang hanya bisa dilalui oleh motor/sepeda, berlokasi dekat dengan Rumah Makan Pondok (3.1 km), Circle K Cisangkuy (3.4 km), Masjid Asy Syamsi (1.8 km), Universitas Widyatama (1.2 km), RS Ibu dan Anak Al Islam (2.7 km).","3 x 4 meter, Tidak termasuk listrik","Kasur, Lemari / Storage, Ventilasi, Jendela, Bantal","K. Mandi Dalam, Kloset Jongkok, Ember mandi, Shower","WiFi, R. Jemur, Dapur, Jemuran, Pengurus Kos",Parkir Motor,,https://mamikos.com/room/kost-kabupaten-bandung-kost-campur-eksklusif-kost-alshab-tipe-a-cimenyan-bandung?redirection_source=landing%20area,-6.878703666945317,107.66199122168561
Kost Dela Tipe B Antapani Bandung,Campur,Rp1.600.000,1600000,Antapani,Antapani,"Kost ini berlokasi dekat dengan jalan raya dengan akses masuk mobil, berlokasi dekat dengan Alfamart Cimuncang 2 (2.7 km), Masjid Al-Muhajirin (491 m).","4 x 5 meter, Tidak termasuk listrik","AC, Kasur, Meja, TV, Lemari / Storage, Jendela, Bantal, Kursi","K. Mandi Dalam, Kloset Duduk, Shower","WiFi, Kulkas, R. Tamu, Penjaga Kos, Mushola, Dispenser, Dapur, Jemuran, CCTV, TV","Parkir Mobil, Parkir Motor",,https://mamikos.com/room/kost-kota-bandung-kost-campur-eksklusif-kost-dela-tipe-b-antapani-bandung-4?redirection_source=landing%20area,-6.919261128549235,107.65791097086425
Kost Omah Harianja Cibeunying Kidul Bandung,Putri,Rp600.000,600000,Cibeunying Kidul,Cibeunying Kidul,"Kost ini berlokasi dekat dengan jalan raya dengan akses yang hanya bisa dilalui oleh motor/sepeda, berlokasi dekat dengan Warteg Permata (2.3 km), Alfamart (2.3 km), Masjid Al Barokah (1.5 km), Bank BJB Weekend Banking (2.7 km), Universitas Widyatama (151 m), RS Ibu dan Anak Al Islam (1.5 km).","3 x 3 meter, Termasuk listrik","Kasur, Meja, Ventilasi, Kursi",K. Mandi Luar,"WiFi, Kulkas, R. Jemur, R. Santai, Dapur, Jemuran, Balcon, TV, K. Mandi Luar",Parkir Motor,,https://mamikos.com/room/kost-kota-bandung-kost-putri-murah-kost-omah-harianja-cibeunying-kidul-bandung?redirection_source=landing%20area,-6.897448547244758,107.65111974546883
Kost Kumeli 30 Tipe B Cibeunying Kaler Bandung,Putri,Rp1.350.000,1350000,Kecamatan Cibeunying Kaler,Cibeunying Kaler,"Kost ini berlokasi dekat dengan jalan raya dengan akses yang hanya bisa dilalui oleh motor/sepeda, berlokasi dekat dengan Warteg Aero (2.5 km), Alfamart Bojong Koneng (1.2 km), Masjid Pusdai (871 m), BSI KCP Bandung Dago (2.7 km), Universitas Padjadjaran Kampus Dipatiukur (1.8 km), RS Khusus Gigi dan Mulut UNPAD (1.7 km).","3 x 4 meter, Termasuk listrik","Kasur, Meja, Lemari / Storage, Jendela, Guling, Bantal, Kursi","K. Mandi Dalam, Kloset Duduk, K. Mandi Luar, Shower","WiFi, Kulkas, Mesin Cuci, Laundry, R. Tamu, Penjaga Kos, R. Jemur, R. Makan, Dispenser, Dapur",Parkir Motor,,https://mamikos.com/room/kost-kota-bandung-kost-putri-eksklusif-kost-kumeli-30-tipe-b-cibeunying-kaler-bandung-2?redirection_source=landing%20area,-6.88770248139068,107.62907480942401
Kost Palm Bridge Tipe E Cimenyan Bandung,Putra,Rp850.000,850000,Cimenyan,Cimenyan,"Kost ini berlokasi dekat dengan jalan raya dengan akses yang hanya bisa dilalui oleh motor/sepeda, berlokasi dekat dengan Alfamart Bojong Koneng (1.4 km), Christian Church Pasundan Awiligar (860 m), Universitas Padjadjaran Kampus Dipatiukur (1.9 km), Sinar Abadi Balubur Town Square (2.9 km).","3 x 3 meter, Termasuk listrik","Kasur, Meja, Lemari / Storage, Jendela","Kloset Duduk, K. Mandi Luar","WiFi, R. Cuci, R. Jemur, Dapur, Jemuran, Pengurus Kos, Balcon, R. Keluarga, K. Mandi Luar",Parkir Motor,,https://mamikos.com/room/kost-kabupaten-bandung-kost-putra-eksklusif-kost-palm-bridge-tipe-e-cimenyan-bandung-1?redirection_source=landing%20area,-6.87995186709023,107.6645673814389
Kost Ibu Tina Tipe A Cibeunying Kidul Bandung,Putri,Rp900.000,900000,Kecamatan Cibeunying Kidul,Cibeunying Kidul,"Kost ini berlokasi dekat dengan jalan raya dengan akses yang hanya bisa dilalui oleh motor/sepeda, berlokasi dekat dengan Warteg Abadi (3.1 km), Alfamart A Yani 419 (282 m), Masjid Pusdai (1.6 km), Bank Mandiri Bandung Priority Banking Soerapatti (2.5 km), Institut Teknologi Nasional Bandung (1.2 km), RS Umum Santo Yusup (625 m).","3 x 4 meter, Tidak termasuk listrik","Kasur, Lemari / Storage, Ventilasi, Jendela, Guling, Dapur Pribadi, Bantal, Wastafel","K. Mandi Dalam, Kloset Jongkok, Wastafel, Ember mandi","WiFi, R. Cuci, R. Jemur, R. Santai, Dapur, Jemuran, Pengurus Kos, Rooftop, Balcon, Gazebo","Parkir Motor, Parkir Sepeda, Parkir Motor & Sepeda",,https://mamikos.com/room/kost-kota-bandung-kost-putri-murah-kost-ibu-tina-tipe-a-cibeunying-kidul-bandung?redirection_source=landing%20area,-6.899009896307263,107.64996867841185
Kost Keys Co Living Standard Deluxe Cibeunying Kidul Bandung,Campur,Rp2.250.000,2250000,Cibeunying Kidul,Cibeunying Kidul,"Kost ini berlokasi dekat dengan jalan raya dengan akses masuk mobil, berlokasi dekat dengan Warteg Cintaasih (2.4 km), Alfamart (2.0 km), Masjid Al Barokah (1.5 km), Bank BJB Weekend Banking (2.1 km), Universitas Widyatama (571 m), RS Ibu dan Anak Al Islam (891 m).","3 x 2.7 meter, Tidak termasuk listrik","AC, Kasur, Meja, Lemari / Storage, Jendela, Guling, Cermin, Bantal, Kursi","K. Mandi Dalam, Kloset Duduk, Shower, Air panas","WiFi, R. Cuci, Kulkas, Mesin Cuci, Penjaga Kos, R. Jemur, R. Makan, Mushola, Dispenser, Dapur","Parkir Mobil, Parkir Motor",,https://mamikos.com/room/kost-kota-bandung-kost-campur-eksklusif-kost-keys-co-living-standard-deluxe-cibeunying-kidul-bandung?redirection_source=landing%20area,-6.896784894341134,107.64979625970712
Kost Kurnia Tipe A Cibeunying Kidul Bandung,Putri,Rp1.300.000,1300000,Cibeunying Kidul,Cibeunying Kidul,"Kost ini berlokasi dekat dengan jalan raya dengan akses yang hanya bisa dilalui oleh motor/sepeda, berlokasi dekat dengan Alfamart A Yani 419 (1.0 km), Christian Church Pasundan Awiligar (2.3 km), Universitas Padjadjaran Kampus Dipatiukur (2.4 km), Sinar Abadi Balubur Town Square (3.1 km).","3 x 4 meter, Termasuk listrik","Kasur, Meja, Lemari / Storage, Jendela, Guling, Bantal, Kursi","Kloset Duduk, Ember mandi, Shower","WiFi, Kulkas, Mesin Cuci, R. Santai, Dispenser, Dapur, Jemuran, CCTV, TV",Parkir Motor,,https://mamikos.com/room/kost-kota-bandung-kost-putri-eksklusif-kost-kurnia-tipe-a-cibeunying-kidul-bandung?redirection_source=landing%20area,-6.898350691849179,107.648384256839
Kost Titik Awal Cikaso Tipe A Cibeunying Kidul Bandung,Putri,Rp2.100.000,2100000,Cibeunying Kidul,Cibeunying Kidul,"Kost ini berlokasi dekat dengan jalan raya dengan akses masuk mobil, berlokasi dekat dengan Warteg Abadi (3.0 km), Alfamart (2.4 km), Masjid Al Jihad (841 m), Bank BJB - Cabang Utama Bandung (3.1 km), Institut Teknologi Nasional Bandung (1.5 km), RS Ibu dan Anak Al Islam (373 m).","4 x 5 meter, Tidak termasuk listrik","AC, Kasur, Meja, Lemari / Storage, Ventilasi, Jendela, Guling, Cermin, Bantal, Wastafel","K. Mandi Dalam, Kloset Duduk, Ember mandi, Shower, Air panas","WiFi, R. Cuci, Kulkas, Mesin Cuci, R. Tamu, Penjaga Kos, R. Jemur, Dispenser, Dapur, Jemuran","Parkir Mobil, Parkir Motor, Parkir Sepeda",,https://mamikos.com/room/kost-kota-bandung-kost-putri-eksklusif-kost-titik-awal-cikaso-tipe-a-cibeunying-kidul-bandung?redirection_source=landing%20area,-6.897982084497264,107.65029114570315
Kost Keys Co Living Deluxe Cibeunying Kidul Bandung,Campur,Rp2.350.000,2350000,Cibeunying Kidul,Cibeunying Kidul,"Kost ini berlokasi dekat dengan jalan raya dengan akses masuk mobil, berlokasi dekat dengan Warteg Cintaasih (2.4 km), Alfamart (2.0 km), Masjid Al Barokah (1.5 km), Bank BJB Weekend Banking (2.1 km), Universitas Widyatama (571 m), RS Ibu dan Anak Al Islam (891 m).","3 x 3 meter, Tidak termasuk listrik","AC, Kasur, Dispenser, Meja, Lemari / Storage, Kulkas, Jendela, Guling, Cermin, Bantal","K. Mandi Dalam, Kloset Duduk, Shower, Air panas","WiFi, R. Cuci, Kulkas, Mesin Cuci, Penjaga Kos, R. Jemur, R. Makan, Mushola, Dispenser, Dapur","Parkir Mobil, Parkir Motor",,https://mamikos.com/room/kost-kota-bandung-kost-campur-eksklusif-kost-keys-co-living-deluxe-cibeunying-kidul-bandung?redirection_source=landing%20area,-6.899633648902978,107.65180061752841
Kost Icha Cikutra Tipe A Cibeunying Kidul Bandung,Putri,Rp900.000,900000,Cibeunying Kidul,Cibeunying Kidul,"Kost ini berlokasi dekat dengan jalan raya dengan akses yang hanya bisa dilalui oleh motor/sepeda, berlokasi dekat dengan Warteg Cintaasih (2.2 km), Alfamart (2.2 km), Masjid Al Barokah (1.3 km), Bank BJB Weekend Banking (2.0 km), Universitas Widyatama (734 m), RS Ibu dan Anak Al Islam (713 m).","3 x 3 meter, Termasuk listrik","Kasur, Meja, Lemari / Storage, Ventilasi, Jendela, Guling, Cermin, Bantal","K. Mandi Dalam, Kloset Jongkok, K. Mandi Luar, Ember mandi","WiFi, R. Cuci, R. Tamu, Penjaga Kos, R. Jemur, Dispenser, Dapur, Jemuran, Pengurus Kos, CCTV",Parkir Motor,,https://mamikos.com/room/kost-kota-bandung-kost-putri-murah-kost-icha-cikutra-tipe-a-cibeunying-kidul-bandung?redirection_source=landing%20area,-6.898377276960815,107.64999206135839
Kost Hdci Tipe A Coblong Bandung,Putra,Rp3.000.000,3000000,Coblong,Coblong,"Kost ini berlokasi dekat dengan jalan raya dengan akses yang hanya bisa dilalui oleh motor/sepeda, berlokasi dekat dengan Warteg Aero (1.8 km), Circle K (1.8 km), Masjid Pusdai (1.2 km), Bank Mandiri Bandung Priority Banking Soerapatti (1.8 km), Universitas Padjadjaran Kampus Dipatiukur (1.4 km), RS Khusus Gigi dan Mulut UNPAD (1.1 km).","3 x 4 meter, Tidak termasuk listrik","AC, Kasur, TV, Meja Rias, Lemari / Storage, Jendela, Guling, Cermin, Bantal","K. Mandi Dalam, Kloset Duduk, Ember mandi, Shower","WiFi, Kulkas, Mesin Cuci, Penjaga Kos, Dispenser, Dapur, Rice Cooker, Pengurus Kos, Jual Makanan, TV",Parkir Motor,,https://mamikos.com/room/kost-kota-bandung-kost-putra-eksklusif-kost-hdci-tipe-a-coblong-bandung?redirection_source=landing%20area,-6.882502195430126,107.61263365230441
Kost Keys Co Living Suites Cibeunying Kidul Bandung,Campur,Rp4.500.000,4500000,Cibeunying Kidul,Cibeunying Kidul,"Kost ini berlokasi dekat dengan jalan raya dengan akses masuk mobil, berlokasi dekat dengan Warteg Cintaasih (2.4 km), Alfamart (2.0 km), Masjid Al Barokah (1.5 km), Bank BJB Weekend Banking (2.1 km), Universitas Widyatama (571 m), RS Ibu dan Anak Al Islam (891 m).","5 x 5 meter, Tidak termasuk listrik","AC, Kasur, Lemari / Storage, Meja makan, Jendela, Guling, Dapur Pribadi, Cermin, Bantal, Kursi","K. Mandi Dalam, Kloset Duduk, Shower, Air panas","WiFi, R. Cuci, Kulkas, Penjaga Kos, R. Jemur, R. Makan, Mushola, Dispenser, Dapur, Jemuran","Parkir Mobil, Parkir Motor",,https://mamikos.com/room/kost-kota-bandung-kost-campur-eksklusif-kost-keys-co-living-suites-cibeunying-kidul-bandung?redirection_source=landing%20area,-6.896816873476899,107.64808128644839
Kost Amanda Tipe B Antapani Bandung,Putri,Rp1.200.000,1200000,Kecamatan Antapani,Antapani,"Kost ini berlokasi dekat dengan jalan raya dengan akses yang hanya bisa dilalui oleh motor/sepeda, berlokasi dekat dengan Warteg Cintaasih (1.8 km), Alfamart A Yani 419 (808 m), Masjid Al Barokah (650 m), Bank BJB Weekend Banking (2.3 km), Universitas Widyatama (1.7 km), RS Ibu dan Anak Grha Bunda (34 m).","3 x 3 meter, Tidak termasuk listrik","AC, Kasur, Meja, Lemari / Storage, Ventilasi, Jendela, Guling, Bantal","Kloset Duduk, K. Mandi Luar, Shower","WiFi, Kulkas, R. Tamu, Dispenser, Dapur, Jemuran, Pengurus Kos, CCTV",Parkir Motor,,https://mamikos.com/room/kost-kota-bandung-kost-putri-eksklusif-kost-amanda-tipe-b-antapani-bandung?redirection_source=landing%20area,-6.91963662741105,107.66176710683781
Kost Menimurah Tipe Standart Cibeunying Kaler Bandung,Putri,Rp500.000,500000,Cibeunying Kaler,Cibeunying Kaler,"Kost ini berlokasi dekat dengan jalan raya dengan akses yang hanya bisa dilalui oleh motor/sepeda, berlokasi dekat dengan Warteg Cintaasih (2.3 km), Alfamart Bojong Koneng (1.3 km), Christian Church Pasundan Awiligar (2.1 km), Bank BJB Weekend Banking (1.4 km), Institut Teknologi Nasional Bandung (408 m), RS Ibu dan Anak Al Islam (1.3 km).","2 x 3 meter, Termasuk listrik","Kasur, Meja, Lemari / Storage, Ventilasi, Jendela, Kursi","Kloset Jongkok, K. Mandi Luar, Ember mandi, Bak mandi","WiFi, R. Cuci, R. Tamu, R. Jemur, R. Makan, Dapur, Jemuran, Pengurus Kos, Balcon, R. Keluarga",Parkir Motor,,https://mamikos.com/room/kost-kota-bandung-kost-putri-murah-kost-menimurah-tipe-standart-cibeunying-kaler-bandung?redirection_source=landing%20area,-6.888156188613656,107.63095926679893
Kost Baitul Jamil Guesthause Cimenyan Bandung,Putri,Rp1.600.000,1600000,Kecamatan Cimenyan,Cimenyan,"Kost ini berlokasi dekat dengan jalan raya dengan akses yang hanya bisa dilalui oleh motor/sepeda, berlokasi dekat dengan Warteg Gaul (2.0 km), Alfamart Bojong Koneng (1.3 km), Christian Church Pasundan Awiligar (871 m), Bank BJB Weekend Banking (2.6 km), Institut Teknologi Bandung (2.6 km), RS Ibu dan Anak Al Islam (2.4 km).","5 x 3.5 meter, Tidak termasuk listrik","AC, Kasur, Lemari / Storage, Jendela, Cermin, Bantal, Kursi","K. Mandi Dalam, Kloset Duduk, Wastafel, Shower","R. Cuci, Kulkas, R. Tamu, R. Jemur, R. Makan, Mushola, R. Santai, Dispenser, Dapur, Jemuran","Parkir Mobil, Parkir Motor, Parkir Sepeda",,https://mamikos.com/room/kost-kabupaten-bandung-kost-putri-eksklusif-kost-baitul-jamil-guesthause-cimenyan-bandung?redirection_source=landing%20area,-6.881632616006756,107.66367472338321
Kost 84 Antapani Bandung,Putri,Rp850.000,850000,Antapani,Antapani,"Kost ini berlokasi dekat dengan jalan raya dengan akses yang hanya bisa dilalui oleh motor/sepeda, berlokasi dekat dengan Warteg Permata (1.5 km), Alfamart Cimuncang 2 (842 m), Masjid Al Barokah (391 m), Bank BJB Weekend Banking (3.0 km), Universitas Widyatama (1.3 km), RS Ibu dan Anak Grha Bunda (978 m).","6 x 3 meter, Tidak termasuk listrik","Ventilasi, Jendela, Dapur Pribadi","K. Mandi Dalam, Kloset Jongkok, Ember mandi","WiFi, R. Jemur, Dapur, Jemuran, Balcon, Gazebo","Parkir Motor, Parkir Sepeda",,https://mamikos.com/room/kost-kota-bandung-kost-putri-murah-kost-84-antapani-bandung-2?redirection_source=landing%20area,-6.91921712835469,107.66063133131168
Kost Rumah Sepuluh Cibeunying Kidul Bandung,Putra,Rp850.000,850000,Kecamatan Cibeunying Kidul,Cibeunying Kidul,"Kost ini berlokasi dekat dengan jalan raya dengan akses yang hanya bisa dilalui oleh motor/sepeda, berlokasi dekat dengan Warteg Cintaasih (2.4 km), Alfamart (1.7 km), Masjid Al Barokah (1.7 km), Bank BJB Weekend Banking (1.9 km), Institut Teknologi Nasional Bandung (505 m), RS Ibu dan Anak Al Islam (968 m).","3 x 3 meter, Tidak termasuk listrik","Kasur, Meja, Lemari / Storage, Ventilasi, Jendela, Guling, Cermin, Bantal, Kursi, Kipas Angin","Kloset Duduk, K. Mandi Luar, Ember mandi","WiFi, Kulkas, Dapur, Jemuran, CCTV",Parkir Motor,,https://mamikos.com/room/kost-kota-bandung-kost-putra-murah-kost-rumah-sepuluh-cibeunying-kidul-bandung-2?redirection_source=landing%20area,-6.8986021935387445,107.64999517375949
Kost LQA Kiaracondong Bandung,Putri,Rp700.000,700000,Kiaracondong,Kiaracondong,"Kost ini berlokasi dekat dengan jalan raya dengan akses jalan raya, berlokasi dekat dengan Warteg Permata (524 m), Alfamart A Yani 419 (1.1 km), Masjid Al Barokah (644 m), Sekolah Tinggi Ilmu Kesehatan Dharma Husada (499 m).","3 x 3 meter, Tidak termasuk listrik","Meja, Lemari / Storage, Kursi","Kloset Jongkok, K. Mandi Luar, Bak mandi",Jemuran,Parkir Motor,,https://mamikos.com/room/kost-bandung-kost-putri-murah-kost-lqa-kiaracondong-bandung-1?redirection_source=landing%20area,-6.923776577218475,107.64820193812542
Kost Atlas Kiaracondong Bandung,Campur,Rp850.000,850000,Kiaracondong,Kiaracondong,"Kost ini berlokasi dekat dengan jalan raya dengan akses jalan raya, berlokasi dekat dengan Warteg Permata (566 m), Alfamart A Yani 419 (870 m), Masjid Al Barokah (671 m), STMIK Amik Bandung (867 m).","3 x 3 meter, Tidak termasuk listrik",,K. Mandi Dalam,WiFi,Parkir Mobil,,https://mamikos.com/room/kost-bandung-kost-campur-murah-kost-atlas-kiaracondong-bandung?redirection_source=landing%20area,-6.923609725401237,107.64456520415895
Kost Cikaso 86E Cibeunying Kidul Bandung,Putra,Rp1.350.000,1350000,Cibeunying Kidul,Cibeunying Kidul,"Kost ini berlokasi dekat dengan jalan raya dengan akses yang hanya bisa dilalui oleh motor/sepeda, berlokasi dekat dengan Rumah Makan Boemi Mitoha (925 m), Alfamart A Yani 419 (657 m), Masjid Al Jihad (839 m), Bank BJB Weekend Banking (879 m), Universitas Padjadjaran Kampus Dipatiukur (2.5 km), RS Ibu dan Anak Al Islam (652 m).","3 x 3 meter, Tidak termasuk listrik","AC, Kasur, Meja, Lemari / Storage, Ventilasi","K. Mandi Dalam, Kloset Duduk, Shower, Air panas","R. Cuci, Penjaga Kos, R. Makan, R. Santai, Dapur, TV","Parkir Mobil, Parkir Motor",,https://mamikos.com/room/kost-kota-bandung-kost-putra-eksklusif-kost-cikaso-86e-cibeunying-kidul-bandung-?redirection_source=landing%20area,-6.896670581362345,107.65182258189739
Kost Samz Cibeunying Kidul Bandung,Putri,Rp700.000,700000,Cibeunying Kidul,Cibeunying Kidul,"Kost ini berlokasi dekat dengan jalan raya dengan akses yang hanya bisa dilalui oleh motor/sepeda, berlokasi dekat dengan Alfamart A Yani 419 (198 m), Church In Bandung (2.5 km), Universitas Padjadjaran Kampus Dipatiukur (2.9 km), RS Ibu dan Anak Al Islam (76 m), Bandung Electronic Center (3.3 km).","2.5 x 2.5 meter, Termasuk listrik","Kasur, Dispenser, Meja, Lemari / Storage, Kursi, Kipas Angin","Kloset Jongkok, K. Mandi Luar, Wastafel, Ember mandi, Shower","WiFi, R. Tamu, R. Jemur, Dapur","Parkir Motor, Parkir Sepeda",,https://mamikos.com/room/kost-kota-bandung-kost-putri-eksklusif-kost-samz-cibeunying-kidul-bandung?redirection_source=landing%20area,-6.897655988716811,107.64880573418525
Kost Boarding House Naga Malim With Balkon Outside Tipe C Cibeunying Kidul Bandung,Campur,Rp850.000,850000,Cibeunying Kidul,Cibeunying Kidul,"Kost ini berlokasi dekat dengan jalan raya dengan akses yang hanya bisa dilalui oleh motor/sepeda, berlokasi dekat dengan Alfamart A Yani 419 (763 m), Christian Church Pasundan Awiligar (2.8 km), Universitas Widyatama (854 m).","3 x 3 meter, Tidak termasuk listrik",Jendela,Kloset Jongkok,"R. Santai, Dapur, Pengurus Kos, CCTV, K. Mandi Luar","Parkir Motor, Parkir Sepeda",,https://mamikos.com/room/kost-bandung-kost-campur-murah-kost-boarding-house-naga-malim-with-balkon-outside-tipe-c-cibeunying-kidul-bandung?redirection_source=landing%20area,-6.897646894474195,107.65197649182286
Kost Bapak Saimin Cibeunying Kidul Bandung,Campur,Rp800.000,800000,Cibeunying Kidul,Cibeunying Kidul,"Kost ini berlokasi dekat dengan jalan raya dengan akses yang hanya bisa dilalui oleh motor/sepeda, berlokasi dekat dengan Alfamart Cimuncang 2 (617 m), Christian Church Pasundan Awiligar (2.5 km), Universitas Widyatama (394 m).","3 x 4 meter, Termasuk listrik","Kasur, Meja, Lemari / Storage, Ventilasi, Jendela, Bantal, Kursi","K. Mandi Dalam, Kloset Jongkok, Ember mandi","WiFi, R. Cuci, R. Jemur, Jual Makanan, Balcon, K. Mandi Luar","Parkir Motor, Parkir Sepeda",,https://mamikos.com/room/kost-kota-bandung-kost-campur-murah-kost-bapak-saimin-cibeunying-kidul-bandung?redirection_source=landing%20area,-6.896599364990151,107.64873613304887
Kost Sindang Sari Tipe A Antapani Bandung,Campur,Rp750.000,750000,Antapani,Antapani,"Kost ini berlokasi dekat dengan jalan raya dengan akses yang hanya bisa dilalui oleh motor/sepeda, berlokasi dekat dengan Warteg Permata (2.4 km), Alfamart Cimuncang 2 (1.8 km), Masjid Al Barokah (1.4 km), Bank Syariah Indonesia KK Bandung RS Al Islam (3.4 km), Universitas Widyatama (2.4 km), RS Umum Hermina Arcamanik (600 m).","3 x 4 meter, Termasuk listrik","Kasur, Meja, Lemari / Storage, Ventilasi, Jendela, Guling, Cermin, Bantal, Wastafel","Kloset Jongkok, K. Mandi Luar, Wastafel, Ember mandi, Bak mandi","WiFi, R. Cuci, Laundry, Laundry, R. Tamu, Penjaga Kos, R. Jemur, R. Makan, R. Santai, Dapur","Parkir Mobil, Parkir Motor, Parkir Sepeda",,https://mamikos.com/room/kost-kota-bandung-kost-campur-murah-kost-sindang-sari-tipe-a-antapani-bandung?redirection_source=landing%20area,-6.919664225153039,107.66149349085467
Kost Nin Ae Tipe C Mandalajati Bandung,Campur,Rp1.400.000,1400000,Kecamatan Mandalajati,Mandalajati,"Kost ini berlokasi dekat dengan jalan raya dengan akses yang hanya bisa dilalui oleh motor/sepeda, berlokasi dekat dengan Warteg Permata (2.8 km), PT. Indomarco Prismatama (661 m), Masjid Al Barokah (1.7 km), Universitas Widyatama (1.4 km), RS Umum Hermina Arcamanik (1.2 km).","3 x 4 meter, Termasuk listrik","AC, Kasur, Meja, Lemari / Storage, Jendela, Cermin, Bantal, Kursi","Kloset Duduk, K. Mandi Luar, Wastafel, Shower, Air panas","WiFi, Kulkas, Penjaga Kos, Dapur, Jemuran, Pengurus Kos, Jual Makanan, CCTV, Kartu Akses, K. Mandi Luar","Parkir Mobil, Parkir Motor, Parkir Sepeda, Parkir Motor & Sepeda",,https://mamikos.com/room/kost-kota-bandung-kost-campur-eksklusif-kost-nin-ae-tipe-c-mandalajati-bandung-2?redirection_source=landing%20area,-6.895394395720576,107.6715614933052
Kost Antapani Cikajang Tipe Single Antapani Bandung,Campur,Rp1.650.000,1650000,Kecamatan Antapani,Antapani,"Kost ini berlokasi dekat dengan jalan raya dengan akses yang hanya bisa dilalui oleh motor/sepeda, berlokasi dekat dengan Warteg Permata (2.2 km), Alfamart Cimuncang 2 (2.5 km), Masjid Al-Muhajirin (636 m), Bank Syariah Indonesia KK Bandung RS Al Islam (2.4 km), Universitas Widyatama (3.0 km), RS Ibu dan Anak Grha Bunda (2.1 km).","3 x 3 meter, Tidak termasuk listrik","AC, Kasur, Meja, Lemari / Storage, Ventilasi, Jendela, Guling, Cermin, Bantal, Wastafel","K. Mandi Dalam, Kloset Duduk, Wastafel, Shower, Air panas","WiFi, Kulkas, R. Tamu, Penjaga Kos, R. Jemur, R. Makan, Dispenser, Dapur, Jemuran, Pengurus Kos",Parkir Motor & Sepeda,,https://mamikos.com/room/kost-kota-bandung-kost-campur-eksklusif-kost-antapani-cikajang-tipe-single-antapani-bandung?redirection_source=landing%20area,-6.9161157084978075,107.66116928410035
Kost Studio G4 Tipe B Cibeunying Kaler Bandung,Putra,Rp960.000,960000,Kecamatan Cibeunying Kaler,Cibeunying Kaler,"Kost ini berlokasi dekat dengan jalan raya dengan akses yang hanya bisa dilalui oleh motor/sepeda, berlokasi dekat dengan Warteg Aero (2.2 km), Alfamart Bojong Koneng (1.5 km), Masjid Pusdai (673 m), BSI KCP Bandung Dago (2.4 km), Universitas Padjadjaran Kampus Dipatiukur (1.5 km), RS Khusus Gigi dan Mulut UNPAD (1.3 km).","3 x 2 meter, Termasuk listrik","Kasur, Meja, Lemari / Storage, Ventilasi, Jendela, Guling, Cermin, Bantal, Kursi","Kloset Jongkok, K. Mandi Luar, Wastafel, Ember mandi","WiFi, R. Jemur, R. Makan, R. Santai, Dapur, Jemuran, Rice Cooker, Balcon, K. Mandi Luar","Parkir Motor, Parkir Sepeda",,https://mamikos.com/room/kost-kota-bandung-kost-putra-eksklusif-kost-studio-g4-tipe-b-cibeunying-kaler-bandung?redirection_source=landing%20area,-6.886747264460615,107.62939754671766
Kost Boarding House Naga Malim With Bathroom Tipe A Cibeunying Kidul Bandung,Campur,Rp1.400.000,1400000,Cibeunying Kidul,Cibeunying Kidul,"Kost ini berlokasi dekat dengan jalan raya dengan akses yang hanya bisa dilalui oleh motor/sepeda, berlokasi dekat dengan Alfamart A Yani 419 (763 m), Christian Church Pasundan Awiligar (2.8 km), Universitas Widyatama (854 m).","4 x 9 meter, Tidak termasuk listrik","Jendela, Dapur Pribadi","K. Mandi Dalam, Kloset Jongkok","WiFi, Pengurus Kos, CCTV","Parkir Motor, Parkir Sepeda",,https://mamikos.com/room/kost-bandung-kost-campur-eksklusif-kost-boarding-house-naga-malim-with-bathroom-tipe-a-cibeunying-kidul-bandung?redirection_source=landing%20area,-6.898018171405222,107.65133011100681
Kost Bu Gundari Tipe A Cibeunying Kidul Bandung,Campur,Rp500.000,500000,Kecamatan Cibeunying Kidul,Cibeunying Kidul,"Kost ini berlokasi dekat dengan jalan raya dengan akses yang hanya bisa dilalui oleh motor/sepeda, berlokasi dekat dengan Warteg Permata (2.4 km), Alfamart (2.3 km), Masjid Al Barokah (1.6 km), Bank BJB Weekend Banking (2.7 km), Universitas Widyatama (133 m), RS Ibu dan Anak Al Islam (1.5 km).","3 x 4 meter, Tidak termasuk listrik","Kasur, Meja, Lemari / Storage, Ventilasi, Jendela","K. Mandi Dalam, Kloset Duduk, Kloset Jongkok, K. Mandi Luar, Ember mandi","WiFi, R. Jemur, Dapur, Jemuran, CCTV, Balcon, K. Mandi Luar","Parkir Motor, Parkir Sepeda, Parkir Motor & Sepeda",,https://mamikos.com/room/kost-kota-bandung-kost-campur-murah-kost-bu-gundari-tipe-a-cibeunying-kidul-bandung?redirection_source=landing%20area,-6.897279844382701,107.65185366288463
Kost Fira Tipe B Cibeunying Kaler Bandung,Campur,Rp1.000.000,1000000,Cibeunying Kaler,Cibeunying Kaler,"Kost ini berlokasi dekat dengan jalan raya dengan akses yang hanya bisa dilalui oleh motor/sepeda, berlokasi dekat dengan Warteg Abadi (2.2 km), Alfamart A Yani 419 (1.3 km), Masjid Pusdai (602 m), Bank Permata (2.3 km), Universitas Padjadjaran Kampus Dipatiukur (1.8 km), RS Umum Santo Borromeus (2.1 km).","3 x 3 meter, Termasuk listrik","Kasur, Meja, Lemari / Storage, Ventilasi, Jendela, Bantal, Kursi","K. Mandi Dalam, Kloset Duduk, Ember mandi","WiFi, R. Cuci, Laundry, Penjaga Kos, R. Jemur, Jemuran, Pengurus Kos, CCTV, Kartu Akses","Parkir Motor, Parkir Sepeda, Parkir Motor & Sepeda",,https://mamikos.com/room/kost-kota-bandung-kost-campur-eksklusif-kost-fira-tipe-b-cibeunying-kaler-bandung?redirection_source=landing%20area,-6.886435036489846,107.62810348785993
Kost Ibu Emma Tipe Studio Antapani Bandung,Campur,Rp850.000,850000,Kecamatan Antapani,Antapani,"Kost ini berlokasi dekat dengan jalan raya dengan akses yang hanya bisa dilalui oleh motor/sepeda, berlokasi dekat dengan Warteg Permata (2.6 km), PT. Indomarco Prismatama (1.2 km), Masjid Al Barokah (1.5 km), Universitas Widyatama (2.4 km), RS Umum Hermina Arcamanik (419 m).","3 x 4 meter, Tidak termasuk listrik",Jendela,"K. Mandi Dalam, Kloset Jongkok, Wastafel","WiFi, Penjaga Kos, R. Jemur, Pengurus Kos, CCTV","Parkir Mobil, Parkir Motor, Parkir Motor & Sepeda",,https://mamikos.com/room/kost-kota-bandung-kost-campur-murah-kosan-ibu-emma-tipe-studio-san-tipe-1-bedroom-antapani-bandung-2?redirection_source=landing%20area,-6.916104694238121,107.65927439649644
Kost Bidan Maria 2 Antapani Bandung,Campur,Rp850.000,850000,Antapani,Antapani,"Kost ini berlokasi dekat dengan jalan raya dengan akses yang hanya bisa dilalui oleh motor/sepeda, berlokasi dekat dengan Alfamart Cimuncang 2 (1.9 km), Masjid Al Barokah (838 m), Sekolah Tinggi Ilmu Kesehatan Dharma Husada (790 m).","3 x 4 meter, Tidak termasuk listrik","Lemari / Storage, Cleaning service",Ember mandi,"WiFi, R. Jemur, Dapur, Pengurus Kos, CCTV, K. Mandi Luar","Parkir Motor, Parkir Sepeda",,https://mamikos.com/room/kost-bandung-kost-campur-murah-kost-bidan-maria-antapani-bandung?redirection_source=landing%20area,-6.919274567093394,107.66061886173364
Kost Cikampek 16 Antapani Bandung,Putri,Rp650.000,650000,Antapani,Antapani,"Kost ini berlokasi dekat dengan jalan raya dengan akses yang hanya bisa dilalui oleh motor/sepeda, berlokasi dekat dengan Warteg Cintaasih (2.7 km), Alfamart Cimuncang 2 (1.8 km), Masjid Al Barokah (653 m), Bank Mandiri Bandung MTC (2.9 km), Universitas Widyatama (2.2 km), RS Ibu dan Anak Grha Bunda (1.1 km).","3 x 3 meter, Termasuk listrik","Kasur, Lemari / Storage, Guling, Bantal","Kloset Duduk, K. Mandi Luar, Ember mandi","WiFi, R. Cuci, Kulkas, Mesin Cuci, R. Jemur, R. Makan, R. Santai, Dapur, Jemuran, Pengurus Kos","Parkir Motor, Parkir Sepeda",,https://mamikos.com/room/kost-kota-bandung-kost-putri-murah-kost-cikampek-16-antapani-bandung-1?redirection_source=landing%20area,-6.917653405686431,107.65923573299278
Kost BP52 Cibeunying Kaler Bandung,Putri,Rp700.000,700000,Kecamatan Cibeunying Kaler,Cibeunying Kaler,"Kost ini berlokasi dekat dengan jalan raya dengan akses yang hanya bisa dilalui oleh motor/sepeda, berlokasi dekat dengan Alfamart Bojong Koneng (1.5 km), Masjid MUI Kota Bandung (639 m), Universitas Padjadjaran Kampus Dipatiukur (1.5 km), Sinar Abadi Balubur Town Square (2.3 km).","3 x 4 meter, Termasuk listrik","Kasur, Ventilasi, Jendela","K. Mandi Dalam, Kloset Duduk, K. Mandi Luar","WiFi, R. Jemur, Dapur, Jemuran, Pengurus Kos, CCTV, K. Mandi Luar",Parkir Motor,,https://mamikos.com/room/kost-kota-bandung-kost-putri-murah-kost-bp52-cibeunying-kaler-bandung?redirection_source=landing%20area,-6.886199282987389,107.62903984196772
Kost Fenfen Tipe A Mandalajati Bandung,Campur,Rp850.000,850000,Kecamatan Mandalajati,Mandalajati,"Kost ini berlokasi dekat dengan jalan raya dengan akses yang hanya bisa dilalui oleh motor/sepeda, berlokasi dekat dengan Warmindo Tongkrongan (3.1 km), PT. Indomarco Prismatama (952 m), Masjid Al Barokah (2.0 km), Universitas Widyatama (1.5 km), RS Umum Hermina Arcamanik (1.4 km).","3 x 4 meter, Tidak termasuk listrik","Kasur, Dispenser, Lemari / Storage, Jendela, Dapur Pribadi, Bantal","Kloset Jongkok, Ember mandi","WiFi, R. Jemur, Dispenser, Dapur, Jemuran, CCTV, Balcon",Parkir Motor,,https://mamikos.com/room/kost-kota-bandung-kost-campur-murah-kost-fenfen-tipe-a-mandalajati-bandung?redirection_source=landing%20area,-6.894363794237488,107.67124818868893
Kost Muararajeun Lama 1 Tipe C Cibeunying Kaler Bandung,Campur,Rp750.000,750000,Cibeunying Kaler,Cibeunying Kaler,"Kost ini berlokasi dekat dengan jalan raya dengan akses yang hanya bisa dilalui oleh motor/sepeda, berlokasi dekat dengan Warteg Abadi (2.2 km), Alfamart A Yani 419 (1.3 km), Masjid Al Kautsar (2.0 km), Bank Mandiri Bandung Priority Banking Soerapatti (1.5 km), Universitas Padjadjaran Kampus Dipatiukur (1.8 km), RS Umum Santo Borromeus (2.1 km).","3.5 x 2 meter, Termasuk listrik","Kasur, Meja, Lemari / Storage, Ventilasi, Jendela, Bantal","Kloset Jongkok, K. Mandi Luar, Ember mandi","WiFi, R. Cuci, Penjaga Kos, R. Jemur, Jemuran, Pengurus Kos, Jual Makanan, K. Mandi Luar","Parkir Motor, Parkir Sepeda, Parkir Motor & Sepeda",,https://mamikos.com/room/kost-kota-bandung-kost-campur-eksklusif-kost-muararajeun-lama-1-tipe-c-cibeunying-kaler-bandung-2?redirection_source=landing%20area,-6.887965394003734,107.63083954594785
Kost Humaira Cibeunying Kaler Bandung,Putri,Rp1.200.000,1200000,Kecamatan Cibeunying Kaler,Cibeunying Kaler,"Kost ini berlokasi dekat dengan jalan raya dengan akses yang hanya bisa dilalui oleh motor/sepeda, berlokasi dekat dengan Warteg Cintaasih (2.3 km), Alfamart (1.1 km), Christian Church Pasundan Awiligar (2.1 km), Bank BJB Weekend Banking (1.4 km), Institut Teknologi Nasional Bandung (374 m), RS Ibu dan Anak Al Islam (1.3 km).","2 x 3.5 meter, Tidak termasuk listrik","Kasur, Meja, Lemari / Storage, Ventilasi, Jendela, Cermin, Kursi","K. Mandi Dalam, Kloset Duduk, Wastafel, Shower","WiFi, R. Tamu, Penjaga Kos, R. Jemur, R. Makan, R. Santai, Dapur, Pengurus Kos, Jual Makanan, CCTV","Parkir Motor, Parkir Sepeda, Parkir Motor & Sepeda",,https://mamikos.com/room/kost-kota-bandung-kost-putri-eksklusif-humaira-kost-putri-cibeunying-kaler-bandung?redirection_source=landing%20area,-6.887581568341795,107.62937519156932
Kost Mahameru Co Living Suite Cibeunying Kidul Bandung,Campur,Rp2.500.000,2500000,Kecamatan Cibeunying Kidul,Cibeunying Kidul,"Kost ini berlokasi dekat dengan jalan raya dengan akses masuk mobil, berlokasi dekat dengan Warteg Bahari (2.8 km), Alfamart (2.4 km), Masjid Al Jihad (592 m), Bank BJB - Cabang Utama Bandung (2.8 km), Institut Teknologi Nasional Bandung (1.6 km), RS Ibu dan Anak Al Islam (642 m).","3 x 4 meter, Tidak termasuk listrik","AC, Kasur, Dispenser, Meja, TV, Lemari / Storage, Jendela, Guling, Cermin, Bantal","Kloset Duduk, Kloset Jongkok, K. Mandi Luar, Wastafel, Shower, Air panas","WiFi, R. Cuci, Kulkas, Penjaga Kos, R. Jemur, R. Santai, Dispenser, Dapur, Jemuran, Pengurus Kos","Parkir Mobil, Parkir Motor & Sepeda",,https://mamikos.com/room/kost-kota-bandung-kost-campur-eksklusif-kost-mahameru-co-living-suite-cibeunying-kidul-bandung?redirection_source=landing%20area,-6.900460336442927,107.6516481768635
Kost Pondok Salsabila Tipe Standar A Cibeunying Kidul Bandung,Campur,Rp950.000,950000,Cibeunying Kidul,Cibeunying Kidul,"Kost ini berlokasi dekat dengan jalan raya dengan akses yang hanya bisa dilalui oleh motor/sepeda, berlokasi dekat dengan Warteg Cintaasih (2.1 km), Alfamart (2.2 km), Masjid Al Barokah (1.3 km), Bank BJB Weekend Banking (2.0 km), Universitas Widyatama (826 m), RS Ibu dan Anak Al Islam (617 m).","3 x 3 meter, Tidak termasuk listrik","Kasur, Lemari / Storage, Bantal","K. Mandi Dalam, Kloset Jongkok, K. Mandi Luar, Shower","R. Jemur, Mushola, R. Santai, Jemuran, Pengurus Kos, K. Mandi Luar","Parkir Motor, Parkir Sepeda",,https://mamikos.com/room/kost-kota-bandung-kost-campur-murah-kost-pondok-salsabila-tipe-standar-a-cibeunying-kidul-bandung-2?redirection_source=landing%20area,-6.896647320388427,107.64902373088339
Kost Kumeli 30 Standart Cibeunying Kaler Bandung,Putri,Rp950.000,950000,Kecamatan Cibeunying Kaler,Cibeunying Kaler,"Kost ini berlokasi dekat dengan jalan raya dengan akses yang hanya bisa dilalui oleh motor/sepeda, berlokasi dekat dengan Warteg Aero (2.5 km), Alfamart Bojong Koneng (1.2 km), Masjid Pusdai (871 m), BSI KCP Bandung Dago (2.7 km), Universitas Padjadjaran Kampus Dipatiukur (1.8 km), RS Khusus Gigi dan Mulut UNPAD (1.7 km).","3 x 4 meter, Termasuk listrik","Kasur, Meja, Lemari / Storage, Jendela, Guling, Bantal, Kursi","Kloset Duduk, K. Mandi Luar, Shower","WiFi, Kulkas, Mesin Cuci, Laundry, R. Tamu, Penjaga Kos, R. Jemur, R. Makan, Dispenser, Dapur",Parkir Motor,,https://mamikos.com/room/kost-kota-bandung-kost-putri-murah-kost-kumeli-30-standart-cibeunying-kaler-bandung-1?redirection_source=landing%20area,-6.8850674314560285,107.627775839957
Kost Orange Tipe G Cikondang Coblong Bandung,Campur,Rp1.300.000,1300000,Coblong,Coblong,"Kost ini berlokasi dekat dengan jalan raya dengan akses yang hanya bisa dilalui oleh motor/sepeda, berlokasi dekat dengan Warteg Gaul (1.7 km), Alfamart Bojong Koneng (1.5 km), Masjid MUI Kota Bandung (518 m), BSI KCP Bandung Dago (2.0 km), Universitas Padjadjaran Kampus Dipatiukur (1.5 km), RS Umum Santo Borromeus (1.9 km).","4 x 6 meter, Termasuk listrik","Kasur, Meja, Lemari / Storage, Kursi","K. Mandi Dalam, Kloset Jongkok, Ember mandi, Shower","WiFi, Kulkas, R. Jemur, Dispenser, Dapur, Balcon, TV",Parkir Motor,,https://mamikos.com/room/kost-kota-bandung-kost-campur-eksklusif-kost-orange-tipe-g-cikondang-coblong-bandung?redirection_source=landing%20area,-6.879063612280759,107.61508632963483
Kost Nur Muhaji Tipe A Batununggal Bandung,Campur,Rp1.200.000,1200000,Batununggal,Batununggal,"Kost ini berlokasi dekat dengan jalan raya dengan akses yang hanya bisa dilalui oleh motor/sepeda, berlokasi dekat dengan Warteg Bahari (2.0 km), Alfamart (2.6 km), Masjid Al Jihad (264 m), Bank BJB - Cabang Utama Bandung (2.2 km), Institut Teknologi Nasional Bandung (2.4 km), RS Ibu dan Anak Al Islam (1.5 km).","4 x 4 meter, Tidak termasuk listrik","Kasur, Lemari / Storage, Ventilasi, Jendela, Guling, Bantal","K. Mandi Dalam, Kloset Duduk, Ember mandi","WiFi, Laundry, Penjaga Kos, Jemuran, Pengurus Kos, CCTV","Parkir Motor, Parkir Motor & Sepeda",,https://mamikos.com/room/kost-kota-bandung-kost-campur-eksklusif-kost-nur-muhaji-tipe-a-batununggal-bandung-2?redirection_source=landing%20area,-6.927546587229506,107.64189363368877
Kost Nin Ae Tife F Mandalajati Bandung,Campur,Rp1.100.000,1100000,Kecamatan Mandalajati,Mandalajati,"Kost ini berlokasi dekat dengan jalan raya dengan akses yang hanya bisa dilalui oleh motor/sepeda, berlokasi dekat dengan Warteg Permata (2.8 km), PT. Indomarco Prismatama (661 m), Masjid Al Barokah (1.7 km), Universitas Widyatama (1.4 km), RS Umum Hermina Arcamanik (1.2 km).","3 x 4 meter, Termasuk listrik","Kasur, Meja, Lemari / Storage, Ventilasi, Cermin, Bantal, Kursi, Cleaning service","Kloset Duduk, K. Mandi Luar, Wastafel, Shower, Air panas","WiFi, Penjaga Kos, Jemuran, Pengurus Kos, Jual Makanan, CCTV, Kartu Akses, K. Mandi Luar","Parkir Mobil, Parkir Motor, Parkir Sepeda, Parkir Motor & Sepeda",,https://mamikos.com/room/kost-kota-bandung-kost-campur-eksklusif-kost-nin-ae-tife-f-mandalajati-bandung?redirection_source=landing%20area,-6.895758251676706,107.6696345046765
Kost 84 Antapani Bandung,Putri,Rp850.000,850000,Antapani,Antapani,"Kost ini berlokasi dekat dengan jalan raya dengan akses yang hanya bisa dilalui oleh motor/sepeda, berlokasi dekat dengan Warteg Permata (1.5 km), Alfamart Cimuncang 2 (842 m), Masjid Al Barokah (391 m), Bank BJB Weekend Banking (3.0 km), Universitas Widyatama (1.3 km), RS Ibu dan Anak Grha Bunda (978 m).","6 x 3 meter, Tidak termasuk listrik","Ventilasi, Jendela, Dapur Pribadi","K. Mandi Dalam, Kloset Jongkok, Ember mandi","WiFi, R. Jemur, Dapur, Jemuran, Balcon, Gazebo","Parkir Motor, Parkir Sepeda",,https://mamikos.com/room/kost-kota-bandung-kost-putri-murah-kost-84-antapani-bandung-2?redirection_source=landing%20area,-6.917938397586051,107.65873182640698
Kost Rumah Sepuluh Cibeunying Kidul Bandung,Putra,Rp850.000,850000,Kecamatan Cibeunying Kidul,Cibeunying Kidul,"Kost ini berlokasi dekat dengan jalan raya dengan akses yang hanya bisa dilalui oleh motor/sepeda, berlokasi dekat dengan Warteg Cintaasih (2.4 km), Alfamart (1.7 km), Masjid Al Barokah (1.7 km), Bank BJB Weekend Banking (1.9 km), Institut Teknologi Nasional Bandung (505 m), RS Ibu dan Anak Al Islam (968 m).","3 x 3 meter, Tidak termasuk listrik","Kasur, Meja, Lemari / Storage, Ventilasi, Jendela, Guling, Cermin, Bantal, Kursi, Kipas Angin","Kloset Duduk, K. Mandi Luar, Ember mandi","WiFi, Kulkas, Dapur, Jemuran, CCTV",Parkir Motor,,https://mamikos.com/room/kost-kota-bandung-kost-putra-murah-kost-rumah-sepuluh-cibeunying-kidul-bandung-2?redirection_source=landing%20area,-6.896660582748974,107.64926226817784
Kost LQA Kiaracondong Bandung,Putri,Rp700.000,700000,Kiaracondong,Kiaracondong,"Kost ini berlokasi dekat dengan jalan raya dengan akses jalan raya, berlokasi dekat dengan .",,,,,,,https://mamikos.com/room/kost-bandung-kost-putri-murah-kost-lqa-kiaracondong-bandung-1?redirection_source=landing%20area,-6.924837381502412,107.64590605168254
Kost Cikaso 86E Cibeunying Kidul Bandung,Putra,Rp1.350.000,1350000,Cibeunying Kidul,Cibeunying Kidul,"Kost ini berlokasi dekat dengan jalan raya dengan akses yang hanya bisa dilalui oleh motor/sepeda, berlokasi dekat dengan Rumah Makan Boemi Mitoha (925 m), Alfamart A Yani 419 (657 m), Masjid Al Jihad (839 m), Bank BJB Weekend Banking (879 m), Universitas Padjadjaran Kampus Dipatiukur (2.5 km), RS Ibu dan Anak Al Islam (652 m).","3 x 3 meter, Tidak termasuk listrik","AC, Kasur, Meja, Lemari / Storage, Ventilasi","K. Mandi Dalam, Kloset Duduk, Shower, Air panas","R. Cuci, Penjaga Kos, R. Makan, R. Santai, Dapur, TV","Parkir Mobil, Parkir Motor",,https://mamikos.com/room/kost-kota-bandung-kost-putra-eksklusif-kost-cikaso-86e-cibeunying-kidul-bandung-?redirection_source=landing%20area,-6.899320175247132,107.65204789169124
Kost Samz Cibeunying Kidul Bandung,Putri,Rp700.000,700000,Cibeunying Kidul,Cibeunying Kidul,"Kost ini berlokasi dekat dengan jalan raya dengan akses yang hanya bisa dilalui oleh motor/sepeda, berlokasi dekat dengan Alfamart A Yani 419 (198 m), Church In Bandung (2.5 km), Universitas Padjadjaran Kampus Dipatiukur (2.9 km), RS Ibu dan Anak Al Islam (76 m), Bandung Electronic Center (3.3 km).","2.5 x 2.5 meter, Termasuk listrik","Kasur, Dispenser, Meja, Lemari / Storage, Kursi, Kipas Angin","Kloset Jongkok, K. Mandi Luar, Wastafel, Ember mandi, Shower","WiFi, R. Tamu, R. Jemur, Dapur","Parkir Motor, Parkir Sepeda",,https://mamikos.com/room/kost-kota-bandung-kost-putri-eksklusif-kost-samz-cibeunying-kidul-bandung?redirection_source=landing%20area,-6.899745803129056,107.64946180849931
Kost Boarding House Naga Malim With Balkon Outside Tipe C Cibeunying Kidul Bandung,Campur,Rp850.000,850000,Cibeunying Kidul,Cibeunying Kidul,"Kost ini berlokasi dekat dengan jalan raya dengan akses yang hanya bisa dilalui oleh motor/sepeda, berlokasi dekat dengan Alfamart A Yani 419 (763 m), Christian Church Pasundan Awiligar (2.8 km), Universitas Widyatama (854 m).","3 x 3 meter, Tidak termasuk listrik",Jendela,Kloset Jongkok,"R. Santai, Dapur, Pengurus Kos, CCTV, K. Mandi Luar","Parkir Motor, Parkir Sepeda",,https://mamikos.com/room/kost-bandung-kost-campur-murah-kost-boarding-house-naga-malim-with-balkon-outside-tipe-c-cibeunying-kidul-bandung?redirection_source=landing%20area,-6.896674916274124,107.64848053990079
Kost Bapak Saimin Cibeunying Kidul Bandung,Campur,Rp800.000,800000,Cibeunying Kidul,Cibeunying Kidul,"Kost ini berlokasi dekat dengan jalan raya dengan akses yang hanya bisa dilalui oleh motor/sepeda, berlokasi dekat dengan Alfamart Cimuncang 2 (617 m), Christian Church Pasundan Awiligar (2.5 km), Universitas Widyatama (394 m).","3 x 4 meter, Termasuk listrik","Kasur, Meja, Lemari / Storage, Ventilasi, Jendela, Bantal, Kursi","K. Mandi Dalam, Kloset Jongkok, Ember mandi","WiFi, R. Cuci, R. Jemur, Jual Makanan, Balcon, K. Mandi Luar","Parkir Motor, Parkir Sepeda",,https://mamikos.com/room/kost-kota-bandung-kost-campur-murah-kost-bapak-saimin-cibeunying-kidul-bandung?redirection_source=landing%20area,-6.899262649376078,107.64959281824638
Kost Sindang Sari Tipe A Antapani Bandung,Campur,Rp750.000,750000,Antapani,Antapani,"Kost ini berlokasi dekat dengan jalan raya dengan akses yang hanya bisa dilalui oleh motor/sepeda, berlokasi dekat dengan Warteg Permata (2.4 km), Alfamart Cimuncang 2 (1.8 km), Masjid Al Barokah (1.4 km), Bank Syariah Indonesia KK Bandung RS Al Islam (3.4 km), Universitas Widyatama (2.4 km), RS Umum Hermina Arcamanik (600 m).","3 x 4 meter, Termasuk listrik","Kasur, Meja, Lemari / Storage, Ventilasi, Jendela, Guling, Cermin, Bantal, Wastafel","Kloset Jongkok, K. Mandi Luar, Wastafel, Ember mandi, Bak mandi","WiFi, R. Cuci, Laundry, Laundry, R. Tamu, Penjaga Kos, R. Jemur, R. Makan, R. Santai, Dapur","Parkir Mobil, Parkir Motor, Parkir Sepeda",,https://mamikos.com/room/kost-kota-bandung-kost-campur-murah-kost-sindang-sari-tipe-a-antapani-bandung?redirection_source=landing%20area,-6.916125640966588,107.65843914674006
Kost Nin Ae Tipe C Mandalajati Bandung,Campur,Rp1.400.000,1400000,Kecamatan Mandalajati,Mandalajati,"Kost ini berlokasi dekat dengan jalan raya dengan akses yang hanya bisa dilalui oleh motor/sepeda, berlokasi dekat dengan Warteg Permata (2.8 km), PT. Indomarco Prismatama (661 m), Masjid Al Barokah (1.7 km), Universitas Widyatama (1.4 km), RS Umum Hermina Arcamanik (1.2 km).","3 x 4 meter, Termasuk listrik","AC, Kasur, Meja, Lemari / Storage, Jendela, Cermin, Bantal, Kursi","Kloset Duduk, K. Mandi Luar, Wastafel, Shower, Air panas","WiFi, Kulkas, Penjaga Kos, Dapur, Jemuran, Pengurus Kos, Jual Makanan, CCTV, Kartu Akses, K. Mandi Luar","Parkir Mobil, Parkir Motor, Parkir Sepeda, Parkir Motor & Sepeda",,https://mamikos.com/room/kost-kota-bandung-kost-campur-eksklusif-kost-nin-ae-tipe-c-mandalajati-bandung-2?redirection_source=landing%20area,-6.896873314270676,107.66991751844577
Kost Antapani Cikajang Tipe Single Antapani Bandung,Campur,Rp1.650.000,1650000,Kecamatan Antapani,Antapani,"Kost ini berlokasi dekat dengan jalan raya dengan akses yang hanya bisa dilalui oleh motor/sepeda, berlokasi dekat dengan Warteg Permata (2.2 km), Alfamart Cimuncang 2 (2.5 km), Masjid Al-Muhajirin (636 m), Bank Syariah Indonesia KK Bandung RS Al Islam (2.4 km), Universitas Widyatama (3.0 km), RS Ibu dan Anak Grha Bunda (2.1 km).","3 x 3 meter, Tidak termasuk listrik","AC, Kasur, Meja, Lemari / Storage, Ventilasi, Jendela, Guling, Cermin, Bantal, Wastafel","K. Mandi Dalam, Kloset Duduk, Wastafel, Shower, Air panas","WiFi, Kulkas, R. Tamu, Penjaga Kos, R. Jemur, R. Makan, Dispenser, Dapur, Jemuran, Pengurus Kos",Parkir Motor & Sepeda,,https://mamikos.com/room/kost-kota-bandung-kost-campur-eksklusif-kost-antapani-cikajang-tipe-single-antapani-bandung?redirection_source=landing%20area,-6.919290131330259,107.6598647129822
Kost Studio G4 Tipe B Cibeunying Kaler Bandung,Putra,Rp960.000,960000,Kecamatan Cibeunying Kaler,Cibeunying Kaler,"Kost ini berlokasi dekat dengan jalan raya dengan akses yang hanya bisa dilalui oleh motor/sepeda, berlokasi dekat dengan Warteg Aero (2.2 km), Alfamart Bojong Koneng (1.5 km), Masjid Pusdai (673 m), BSI KCP Bandung Dago (2.4 km), Universitas Padjadjaran Kampus Dipatiukur (1.5 km), RS Khusus Gigi dan Mulut UNPAD (1.3 km).","3 x 2 meter, Termasuk listrik","Kasur, Meja, Lemari / Storage, Ventilasi, Jendela, Guling, Cermin, Bantal, Kursi","Kloset Jongkok, K. Mandi Luar, Wastafel, Ember mandi","WiFi, R. Jemur, R. Makan, R. Santai, Dapur, Jemuran, Rice Cooker, Balcon, K. Mandi Luar","Parkir Motor, Parkir Sepeda",,https://mamikos.com/room/kost-kota-bandung-kost-putra-eksklusif-kost-studio-g4-tipe-b-cibeunying-kaler-bandung?redirection_source=landing%20area,-6.888120290005297,107.62864880080504
Kost Cikaso 86E Cibeunying Kidul Bandung,Putra,Rp1.350.000,1350000,Cibeunying Kidul,Cibeunying Kidul,"Kost ini berlokasi dekat dengan jalan raya dengan akses yang hanya bisa dilalui oleh motor/sepeda, berlokasi dekat dengan Rumah Makan Boemi Mitoha (925 m), Alfamart A Yani 419 (657 m), Masjid Al Jihad (839 m), Bank BJB Weekend Banking (879 m), Universitas Padjadjaran Kampus Dipatiukur (2.5 km), RS Ibu dan Anak Al Islam (652 m).","3 x 3 meter, Tidak termasuk listrik","AC, Kasur, Meja, Lemari / Storage, Ventilasi","K. Mandi Dalam, Kloset Duduk, Shower, Air panas","R. Cuci, Penjaga Kos, R. Makan, R. Santai, Dapur, TV","Parkir Mobil, Parkir Motor",,https://mamikos.com/room/kost-kota-bandung-kost-putra-eksklusif-kost-cikaso-86e-cibeunying-kidul-bandung-?redirection_source=landing%20area,-6.899278269625235,107.6489231503701
Kost Samz Cibeunying Kidul Bandung,Putri,Rp700.000,700000,Cibeunying Kidul,Cibeunying Kidul,"Kost ini berlokasi dekat dengan jalan raya dengan akses yang hanya bisa dilalui oleh motor/sepeda, berlokasi dekat dengan Alfamart A Yani 419 (198 m), Church In Bandung (2.5 km), Universitas Padjadjaran Kampus Dipatiukur (2.9 km), RS Ibu dan Anak Al Islam (76 m), Bandung Electronic Center (3.3 km).","2.5 x 2.5 meter, Termasuk listrik","Kasur, Dispenser, Meja, Lemari / Storage, Kursi, Kipas Angin","Kloset Jongkok, K. Mandi Luar, Wastafel, Ember mandi, Shower","WiFi, R. Tamu, R. Jemur, Dapur","Parkir Motor, Parkir Sepeda",,https://mamikos.com/room/kost-kota-bandung-kost-putri-eksklusif-kost-samz-cibeunying-kidul-bandung?redirection_source=landing%20area,-6.8987313515729705,107.64964380939327
Kost Boarding House Naga Malim With Balkon Outside Tipe C Cibeunying Kidul Bandung,Campur,Rp850.000,850000,Cibeunying Kidul,Cibeunying Kidul,"Kost ini berlokasi dekat dengan jalan raya dengan akses yang hanya bisa dilalui oleh motor/sepeda, berlokasi dekat dengan Alfamart A Yani 419 (763 m), Christian Church Pasundan Awiligar (2.8 km), Universitas Widyatama (854 m).","3 x 3 meter, Tidak termasuk listrik",Jendela,Kloset Jongkok,"R. Santai, Dapur, Pengurus Kos, CCTV, K. Mandi Luar","Parkir Motor, Parkir Sepeda",,https://mamikos.com/room/kost-bandung-kost-campur-murah-kost-boarding-house-naga-malim-with-balkon-outside-tipe-c-cibeunying-kidul-bandung?redirection_source=landing%20area,-6.898538115388901,107.64879929980965
Kost Bapak Saimin Cibeunying Kidul Bandung,Campur,Rp800.000,800000,Cibeunying Kidul,Cibeunying Kidul,"Kost ini berlokasi dekat dengan jalan raya dengan akses yang hanya bisa dilalui oleh motor/sepeda, berlokasi dekat dengan Alfamart Cimuncang 2 (617 m), Christian Church Pasundan Awiligar (2.5 km), Universitas Widyatama (394 m).","3 x 4 meter, Termasuk listrik","Kasur, Meja, Lemari / Storage, Ventilasi, Jendela, Bantal, Kursi","K. Mandi Dalam, Kloset Jongkok, Ember mandi","WiFi, R. Cuci, R. Jemur, Jual Makanan, Balcon, K. Mandi Luar","Parkir Motor, Parkir Sepeda",,https://mamikos.com/room/kost-kota-bandung-kost-campur-murah-kost-bapak-saimin-cibeunying-kidul-bandung?redirection_source=landing%20area,-6.900081130420525,107.65207510405426
Kost Sindang Sari Tipe A Antapani Bandung,Campur,Rp750.000,750000,Antapani,Antapani,"Kost ini berlokasi dekat dengan jalan raya dengan akses yang hanya bisa dilalui oleh motor/sepeda, berlokasi dekat dengan Warteg Permata (2.4 km), Alfamart Cimuncang 2 (1.8 km), Masjid Al Barokah (1.4 km), Bank Syariah Indonesia KK Bandung RS Al Islam (3.4 km), Universitas Widyatama (2.4 km), RS Umum Hermina Arcamanik (600 m).","3 x 4 meter, Termasuk listrik","Kasur, Meja, Lemari / Storage, Ventilasi, Jendela, Guling, Cermin, Bantal, Wastafel","Kloset Jongkok, K. Mandi Luar, Wastafel, Ember mandi, Bak mandi","WiFi, R. Cuci, Laundry, Laundry, R. Tamu, Penjaga Kos, R. Jemur, R. Makan, R. Santai, Dapur","Parkir Mobil, Parkir Motor, Parkir Sepeda",,https://mamikos.com/room/kost-kota-bandung-kost-campur-murah-kost-sindang-sari-tipe-a-antapani-bandung?redirection_source=landing%20area,-6.919250142861588,107.66158675800999
Kost Nin Ae Tipe C Mandalajati Bandung,Campur,Rp1.400.000,1400000,Kecamatan Mandalajati,Mandalajati,"Kost ini berlokasi dekat dengan jalan raya dengan akses yang hanya bisa dilalui oleh motor/sepeda, berlokasi dekat dengan Warteg Permata (2.8 km), PT. Indomarco Prismatama (661 m), Masjid Al Barokah (1.7 km), Universitas Widyatama (1.4 km), RS Umum Hermina Arcamanik (1.2 km).","3 x 4 meter, Termasuk listrik","AC, Kasur, Meja, Lemari / Storage, Jendela, Cermin, Bantal, Kursi","Kloset Duduk, K. Mandi Luar, Wastafel, Shower, Air panas","WiFi, Kulkas, Penjaga Kos, Dapur, Jemuran, Pengurus Kos, Jual Makanan, CCTV, Kartu Akses, K. Mandi Luar","Parkir Mobil, Parkir Motor, Parkir Sepeda, Parkir Motor & Sepeda",,https://mamikos.com/room/kost-kota-bandung-kost-campur-eksklusif-kost-nin-ae-tipe-c-mandalajati-bandung-2?redirection_source=landing%20area,-6.893841614707302,107.6700563217236
Kost Antapani Cikajang Tipe Single Antapani Bandung,Campur,Rp1.650.000,1650000,Kecamatan Antapani,Antapani,"Kost ini berlokasi dekat dengan jalan raya dengan akses yang hanya bisa dilalui oleh motor/sepeda, berlokasi dekat dengan Warteg Permata (2.2 km), Alfamart Cimuncang 2 (2.5 km), Masjid Al-Muhajirin (636 m), Bank Syariah Indonesia KK Bandung RS Al Islam (2.4 km), Universitas Widyatama (3.0 km), RS Ibu dan Anak Grha Bunda (2.1 km).","3 x 3 meter, Tidak termasuk listrik","AC, Kasur, Meja, Lemari / Storage, Ventilasi, Jendela, Guling, Cermin, Bantal, Wastafel","K. Mandi Dalam, Kloset Duduk, Wastafel, Shower, Air panas","WiFi, Kulkas, R. Tamu, Penjaga Kos, R. Jemur, R. Makan, Dispenser, Dapur, Jemuran, Pengurus Kos",Parkir Motor & Sepeda,,https://mamikos.com/room/kost-kota-bandung-kost-campur-eksklusif-kost-antapani-cikajang-tipe-single-antapani-bandung?redirection_source=landing%20area,-6.916696036476411,107.66075475700063
Kost Studio G4 Tipe B Cibeunying Kaler Bandung,Putra,Rp960.000,960000,Kecamatan Cibeunying Kaler,Cibeunying Kaler,"Kost ini berlokasi dekat dengan jalan raya dengan akses yang hanya bisa dilalui oleh motor/sepeda, berlokasi dekat dengan Warteg Aero (2.2 km), Alfamart Bojong Koneng (1.5 km), Masjid Pusdai (673 m), BSI KCP Bandung Dago (2.4 km), Universitas Padjadjaran Kampus Dipatiukur (1.5 km), RS Khusus Gigi dan Mulut UNPAD (1.3 km).","3 x 2 meter, Termasuk listrik","Kasur, Meja, Lemari / Storage, Ventilasi, Jendela, Guling, Cermin, Bantal, Kursi","Kloset Jongkok, K. Mandi Luar, Wastafel, Ember mandi","WiFi, R. Jemur, R. Makan, R. Santai, Dapur, Jemuran, Rice Cooker, Balcon, K. Mandi Luar","Parkir Motor, Parkir Sepeda",,https://mamikos.com/room/kost-kota-bandung-kost-putra-eksklusif-kost-studio-g4-tipe-b-cibeunying-kaler-bandung?redirection_source=landing%20area,-6.88603510531243,107.62759836932422
Kost Boarding House Naga Malim With Bathroom Tipe A Cibeunying Kidul Bandung,Campur,Rp1.400.000,1400000,Cibeunying Kidul,Cibeunying Kidul,"Kost ini berlokasi dekat dengan jalan raya dengan akses yang hanya bisa dilalui oleh motor/sepeda, berlokasi dekat dengan Alfamart A Yani 419 (763 m), Christian Church Pasundan Awiligar (2.8 km), Universitas Widyatama (854 m).","4 x 9 meter, Tidak termasuk listrik","Jendela, Dapur Pribadi","K. Mandi Dalam, Kloset Jongkok","WiFi, Pengurus Kos, CCTV","Parkir Motor, Parkir Sepeda",,https://mamikos.com/room/kost-bandung-kost-campur-eksklusif-kost-boarding-house-naga-malim-with-bathroom-tipe-a-cibeunying-kidul-bandung?redirection_source=landing%20area,-6.897795661304484,107.64926119850547
Kost Bu Gundari Tipe A Cibeunying Kidul Bandung,Campur,Rp500.000,500000,Kecamatan Cibeunying Kidul,Cibeunying Kidul,"Kost ini berlokasi dekat dengan jalan raya dengan akses yang hanya bisa dilalui oleh motor/sepeda, berlokasi dekat dengan Warteg Permata (2.4 km), Alfamart (2.3 km), Masjid Al Barokah (1.6 km), Bank BJB Weekend Banking (2.7 km), Universitas Widyatama (133 m), RS Ibu dan Anak Al Islam (1.5 km).","3 x 4 meter, Tidak termasuk listrik","Kasur, Meja, Lemari / Storage, Ventilasi, Jendela","K. Mandi Dalam, Kloset Duduk, Kloset Jongkok, K. Mandi Luar, Ember mandi","WiFi, R. Jemur, Dapur, Jemuran, CCTV, Balcon, K. Mandi Luar","Parkir Motor, Parkir Sepeda, Parkir Motor & Sepeda",,https://mamikos.com/room/kost-kota-bandung-kost-campur-murah-kost-bu-gundari-tipe-a-cibeunying-kidul-bandung?redirection_source=landing%20area,-6.899770616890025,107.65007618660802
Kost Fira Tipe B Cibeunying Kaler Bandung,Campur,Rp1.000.000,1000000,Cibeunying Kaler,Cibeunying Kaler,"Kost ini berlokasi dekat dengan jalan raya dengan akses yang hanya bisa dilalui oleh motor/sepeda, berlokasi dekat dengan Warteg Abadi (2.2 km), Alfamart A Yani 419 (1.3 km), Masjid Pusdai (602 m), Bank Permata (2.3 km), Universitas Padjadjaran Kampus Dipatiukur (1.8 km), RS Umum Santo Borromeus (2.1 km).","3 x 3 meter, Termasuk listrik","Kasur, Meja, Lemari / Storage, Ventilasi, Jendela, Bantal, Kursi","K. Mandi Dalam, Kloset Duduk, Ember mandi","WiFi, R. Cuci, Laundry, Penjaga Kos, R. Jemur, Jemuran, Pengurus Kos, CCTV, Kartu Akses","Parkir Motor, Parkir Sepeda, Parkir Motor & Sepeda",,https://mamikos.com/room/kost-kota-bandung-kost-campur-eksklusif-kost-fira-tipe-b-cibeunying-kaler-bandung?redirection_source=landing%20area,-6.88642611002233,107.62785021622517
Kost Ibu Emma Tipe Studio Antapani Bandung,Campur,Rp850.000,850000,Kecamatan Antapani,Antapani,"Kost ini berlokasi dekat dengan jalan raya dengan akses yang hanya bisa dilalui oleh motor/sepeda, berlokasi dekat dengan Warteg Permata (2.6 km), PT. Indomarco Prismatama (1.2 km), Masjid Al Barokah (1.5 km), Universitas Widyatama (2.4 km), RS Umum Hermina Arcamanik (419 m).","3 x 4 meter, Tidak termasuk listrik",Jendela,"K. Mandi Dalam, Kloset Jongkok, Wastafel","WiFi, Penjaga Kos, R. Jemur, Pengurus Kos, CCTV","Parkir Mobil, Parkir Motor, Parkir Motor & Sepeda",,https://mamikos.com/room/kost-kota-bandung-kost-campur-murah-kosan-ibu-emma-tipe-studio-san-tipe-1-bedroom-antapani-bandung-2?redirection_source=landing%20area,-6.918126892554901,107.65957666708451
Kost Bidan Maria 2 Antapani Bandung,Campur,Rp850.000,850000,Antapani,Antapani,"Kost ini berlokasi dekat dengan jalan raya dengan akses yang hanya bisa dilalui oleh motor/sepeda, berlokasi dekat dengan Alfamart Cimuncang 2 (1.9 km), Masjid Al Barokah (838 m), Sekolah Tinggi Ilmu Kesehatan Dharma Husada (790 m).","3 x 4 meter, Tidak termasuk listrik","Lemari / Storage, Cleaning service",Ember mandi,"WiFi, R. Jemur, Dapur, Pengurus Kos, CCTV, K. Mandi Luar","Parkir Motor, Parkir Sepeda",,https://mamikos.com/room/kost-bandung-kost-campur-murah-kost-bidan-maria-antapani-bandung?redirection_source=landing%20area,-6.919755746089954,107.6584972854075
Kost Cikampek 16 Antapani Bandung,Putri,Rp650.000,650000,Antapani,Antapani,"Kost ini berlokasi dekat dengan jalan raya dengan akses yang hanya bisa dilalui oleh motor/sepeda, berlokasi dekat dengan Warteg Cintaasih (2.7 km), Alfamart Cimuncang 2 (1.8 km), Masjid Al Barokah (653 m), Bank Mandiri Bandung MTC (2.9 km), Universitas Widyatama (2.2 km), RS Ibu dan Anak Grha Bunda (1.1 km).","3 x 3 meter, Termasuk listrik","Kasur, Lemari / Storage, Guling, Bantal","Kloset Duduk, K. Mandi Luar, Ember mandi","WiFi, R. Cuci, Kulkas, Mesin Cuci, R. Jemur, R. Makan, R. Santai, Dapur, Jemuran, Pengurus Kos","Parkir Motor, Parkir Sepeda",,https://mamikos.com/room/kost-kota-bandung-kost-putri-murah-kost-cikampek-16-antapani-bandung-1?redirection_source=landing%20area,-6.917800824728074,107.65922862866567
Kost BP52 Cibeunying Kaler Bandung,Putri,Rp700.000,700000,Kecamatan Cibeunying Kaler,Cibeunying Kaler,"Kost ini berlokasi dekat dengan jalan raya dengan akses yang hanya bisa dilalui oleh motor/sepeda, berlokasi dekat dengan Alfamart Bojong Koneng (1.5 km), Masjid MUI Kota Bandung (639 m), Universitas Padjadjaran Kampus Dipatiukur (1.5 km), Sinar Abadi Balubur Town Square (2.3 km).","3 x 4 meter, Termasuk listrik","Kasur, Ventilasi, Jendela","K. Mandi Dalam, Kloset Duduk, K. Mandi Luar","WiFi, R. Jemur, Dapur, Jemuran, Pengurus Kos, CCTV, K. Mandi Luar",Parkir Motor,,https://mamikos.com/room/kost-kota-bandung-kost-putri-murah-kost-bp52-cibeunying-kaler-bandung?redirection_source=landing%20area,-6.886483713626741,107.62720122099226
Kost Fenfen Tipe A Mandalajati Bandung,Campur,Rp850.000,850000,Kecamatan Mandalajati,Mandalajati,"Kost ini berlokasi dekat dengan jalan raya dengan akses yang hanya bisa dilalui oleh motor/sepeda, berlokasi dekat dengan Warmindo Tongkrongan (3.1 km), PT. Indomarco Prismatama (952 m), Masjid Al Barokah (2.0 km), Universitas Widyatama (1.5 km), RS Umum Hermina Arcamanik (1.4 km).","3 x 4 meter, Tidak termasuk listrik","Kasur, Dispenser, Lemari / Storage, Jendela, Dapur Pribadi, Bantal","Kloset Jongkok, Ember mandi","WiFi, R. Jemur, Dispenser, Dapur, Jemuran, CCTV, Balcon",Parkir Motor,,https://mamikos.com/room/kost-kota-bandung-kost-campur-murah-kost-fenfen-tipe-a-mandalajati-bandung?redirection_source=landing%20area,-6.896449910997019,107.67187016847228
Kost Shelvi Home Tipe 2 Cibeunying Kidul Bandung,Putri,Rp1.000.000,1000000,Cibeunying Kidul,Cibeunying Kidul,"Kost ini berlokasi dekat dengan jalan raya dengan akses yang hanya bisa dilalui oleh motor/sepeda, berlokasi dekat dengan Alfamart Bojong Koneng (245 m), Christian Church Pasundan Awiligar (1.9 km), Universitas Widyatama (210 m).","3 x 4 meter, Termasuk listrik","Kasur, Lemari / Storage, Cermin","K. Mandi Dalam, Kloset Jongkok, Ember mandi","WiFi, R. Jemur, R. Makan, Dapur",Parkir Motor,,https://mamikos.com/room/kost-kota-bandung-kost-putri-eksklusif-kost-shelvi-home-tipe-2-cibeunying-kidul-bandung?redirection_source=landing%20area,-6.8988306569787055,107.65143614976358
Kost Egy Tipe B Kiaracondong Bandung,Campur,Rp750.000,750000,Kiaracondong,Kiaracondong,"Kost ini berlokasi dekat dengan jalan raya dengan akses yang hanya bisa dilalui oleh motor/sepeda, berlokasi dekat dengan Warteg Permata (580 m), Alfamart A Yani 419 (1.2 km), Masjid Al Barokah (607 m), Sekolah Tinggi Ilmu Kesehatan Dharma Husada (452 m).","3 x 4 meter, Tidak termasuk listrik",Ventilasi,"K. Mandi Dalam, Kloset Jongkok, Ember mandi","WiFi, R. Cuci, R. Jemur, R. Santai","Parkir Motor, Parkir Sepeda",,https://mamikos.com/room/kost-bandung-kost-campur-murah-kost-egy-tipe-b-kiaracondong-bandung-1?redirection_source=landing%20area,-6.92331297045837,107.64454370702157
Kost Nin Ae Tipe A Mandalajati Bandung,Campur,Rp1.800.000,1800000,Kecamatan Mandalajati,Mandalajati,"Kost ini berlokasi dekat dengan jalan raya dengan akses yang hanya bisa dilalui oleh motor/sepeda, berlokasi dekat dengan Warteg Permata (2.8 km), PT. Indomarco Prismatama (661 m), Masjid Al Barokah (1.7 km), Universitas Widyatama (1.4 km), RS Umum Hermina Arcamanik (1.2 km).","6 x 4 meter, Termasuk listrik","AC, Kasur, Lemari / Storage, Bantal, Kursi","K. Mandi Dalam, Kloset Duduk, K. Mandi Luar, Wastafel, Shower, Air panas","WiFi, Kulkas, Penjaga Kos, Dapur, Jemuran, Pengurus Kos, Jual Makanan, CCTV, Kartu Akses, K. Mandi Luar","Parkir Mobil, Parkir Motor, Parkir Sepeda, Parkir Motor & Sepeda",,https://mamikos.com/room/kost-kota-bandung-kost-campur-eksklusif-kost-nin-ae-tipe-a-mandalajati-bandung?redirection_source=landing%20area,-6.893814656117901,107.66941021928982
Kost Sandra Cimenyan Bandung,Campur,Rp1.000.000,1000000,Cimenyan,Cimenyan,"Kost ini berlokasi dekat dengan jalan raya dengan akses yang hanya bisa dilalui oleh motor/sepeda, berlokasi dekat dengan Alfamart Cimuncang 2 (1.5 km), Christian Church Pasundan Awiligar (2.5 km), Sekolah Tinggi Ilmu Komunikasi Bandung (1.2 km).","4 x 6 meter, Termasuk listrik","Kasur, Lemari / Storage, Ventilasi, Jendela, Guling, Dapur Pribadi, Cermin, Bantal","K. Mandi Dalam, Kloset Jongkok, Wastafel, Ember mandi, Shower","WiFi, R. Jemur, Dapur, Jemuran, Pengurus Kos, Balcon","Parkir Motor, Parkir Sepeda",,https://mamikos.com/room/kost-kabupaten-bandung-kost-campur-murah-kost-sandra-cimenyan-bandung-1?redirection_source=landing%20area,-6.879473405093365,107.66392989342764
Kost Apik Mekar II Padasuka Tipe A Cibeunying Kidul Bandung,Campur,Rp1.015.000,1015000,Cibeunying Kidul,Cibeunying Kidul,"Kost ini berlokasi dekat dengan jalan raya dengan akses masuk mobil, berlokasi dekat dengan Alfamart Cimuncang 2 (2.0 km), Christian Church Pasundan Awiligar (2.9 km), Universitas Widyatama (2.2 km), RS Umum Hermina Arcamanik (2.1 km).","3 x 3 meter, Tidak termasuk listrik","Kasur, Meja, Lemari / Storage, Jendela, Bantal, Kursi","K. Mandi Dalam, Kloset Duduk, Ember mandi, Shower","WiFi, Kulkas, R. Tamu, Penjaga Kos, R. Jemur, Dapur, Jemuran",Parkir Motor & Sepeda,,https://mamikos.com/room/kost-kota-bandung-kost-campur-murah-kost-apik-mekar-ii-padasuka-tipe-a-cibeunying-kidul-bandung-2?redirection_source=landing%20area,-6.8998304457059305,107.64894179668545
Kost Apik Bintang Kumeli Tipe B Cibeunying Kaler Bandung,Putra,Rp1.025.000,1025000,Cibeunying Kaler,Cibeunying Kaler,"Kost ini berlokasi dekat dengan jalan raya dengan akses masuk mobil, berlokasi dekat dengan Warteg Aero (2.4 km), Alfamart (821 m), Christian Church Pasundan Awiligar (1.9 km), Bank BJB Weekend Banking (1.6 km), Institut Teknologi Nasional Bandung (454 m), RS Ibu dan Anak Al Islam (1.5 km).","4 x 4 meter, Tidak termasuk listrik","Kasur, Meja, Lemari / Storage, Ventilasi, Jendela, Cermin, Bantal, Kursi","Kloset Duduk, K. Mandi Luar, Shower","WiFi, Kulkas, R. Tamu, Penjaga Kos, R. Jemur, Dapur, Jemuran, Rooftop","Parkir Mobil, Parkir Motor & Sepeda",,https://mamikos.com/room/kost-kota-bandung-kost-putra-eksklusif-kost-apik-bintang-kumeli-tipe-b-cibeunying-kaler-bandung-2?redirection_source=landing%20area,-6.887106810530837,107.63023168672534
Kost Apik Bintang Kumeli Tipe C Cibeunying Kaler Bandung,Putra,Rp975.000,975000,Cibeunying Kaler,Cibeunying Kaler,"Kost ini berlokasi dekat dengan jalan raya dengan akses masuk mobil, berlokasi dekat dengan Warteg Aero (2.4 km), Alfamart (821 m), Christian Church Pasundan Awiligar (1.9 km), Bank BJB Weekend Banking (1.6 km), Institut Teknologi Nasional Bandung (454 m), RS Ibu dan Anak Al Islam (1.5 km).","3 x 3 meter, Tidak termasuk listrik","Kasur, Meja, Lemari / Storage, Cermin, Bantal, Kursi","Kloset Duduk, K. Mandi Luar, Shower","WiFi, Kulkas, R. Tamu, Penjaga Kos, R. Jemur, Dapur, Jemuran, Rooftop","Parkir Mobil, Parkir Motor & Sepeda",,https://mamikos.com/room/kost-kota-bandung-kost-putra-murah-kost-apik-bintang-kumeli-tipe-c-cibeunying-kaler-bandung-2?redirection_source=landing%20area,-6.884601653839835,107.62991226680819
Kost Sidomukti Tipe A Cibeunying Kaler Bandung,Putri,Rp850.000,850000,Cibeunying Kaler,Cibeunying Kaler,"Kost ini berlokasi dekat dengan jalan raya dengan akses yang hanya bisa dilalui oleh motor/sepeda, berlokasi dekat dengan Alfamart Bojong Koneng (1.5 km), Masjid MUI Kota Bandung (601 m), Institut Teknologi Nasional Bandung (801 m), Sinar Abadi Balubur Town Square (2.4 km).","3 x 3 meter, Termasuk listrik","Kasur, Meja, Lemari / Storage, Jendela, Bantal, Kursi","Kloset Duduk, Kloset Jongkok, K. Mandi Luar, Bak mandi","WiFi, R. Cuci, R. Tamu, R. Jemur, Dapur, K. Mandi Luar","Parkir Mobil, Parkir Motor, Parkir Sepeda, Parkir Motor & Sepeda",,https://mamikos.com/room/kost-kota-bandung-kost-putri-murah-kost-sidomukti-tipe-a-cibeunying-kaler-bandung-2?redirection_source=landing%20area,-6.886693307091063,107.62946472662075
Kost She House Cikutra Bandung,Putra,Rp650.000,650000,Cibeunying Kaler,Cibeunying Kaler,"Kost ini berlokasi dekat dengan jalan raya dengan akses jalan raya, berlokasi dekat dengan Warteg Cintaasih (2.8 km), Alfamart Bojong Koneng (429 m), Masjid Al Barokah (1.7 km), Bank BJB Weekend Banking (2.3 km), Universitas Padjadjaran Kampus Dipatiukur (2.9 km), RS Ibu dan Anak Al Islam (1.3 km).","3 x 3 meter, Termasuk listrik","Kasur, Meja, Lemari / Storage, Kursi","Kloset Jongkok, K. Mandi Luar, Bak mandi","WiFi, R. Jemur, Dapur, K. Mandi Luar","Parkir Motor, Parkir Sepeda",,https://mamikos.com/room/kost-bandung-kost-putra-murah-kost-she-house-cikutra-bandung?redirection_source=landing%20area,-6.888106688214731,107.6299373773961
Kost Apik Bintang Kumeli Tipe A Cibeunying Kaler Bandung,Putra,Rp1.375.000,1375000,Cibeunying Kaler,Cibeunying Kaler,"Kost ini berlokasi dekat dengan jalan raya dengan akses masuk mobil, berlokasi dekat dengan Warteg Aero (2.4 km), Alfamart (821 m), Christian Church Pasundan Awiligar (1.9 km), Bank BJB Weekend Banking (1.6 km), Institut Teknologi Nasional Bandung (454 m), RS Ibu dan Anak Al Islam (1.5 km).","4 x 4 meter, Tidak termasuk listrik","Kasur, Meja, Lemari / Storage, Ventilasi, Jendela, Cermin, Bantal, Kursi","K. Mandi Dalam, Kloset Duduk, Shower","WiFi, Kulkas, R. Tamu, Penjaga Kos, R. Jemur, Dapur, Jemuran, Rooftop","Parkir Mobil, Parkir Motor & Sepeda",,https://mamikos.com/room/kost-kota-bandung-kost-putra-eksklusif-kost-apik-bintang-kumeli-tipe-a-cibeunying-kaler-bandung-2?redirection_source=landing%20area,-6.888105925056553,107.62905904379807
Kost Rkm Tipe B Cibeunying Kidul Bandung,Campur,Rp2.250.000,2250000,Cibeunying Kidul,Cibeunying Kidul,"Kost ini berlokasi dekat dengan jalan raya dengan akses masuk mobil, berlokasi dekat dengan Warteg Cintaasih (2.5 km), Alfamart (2.7 km), Masjid Al Barokah (751 m), Bank BJB Weekend Banking (2.5 km), Universitas Widyatama (869 m), RS Ibu dan Anak Grha Bunda (886 m).","2.8 x 3 meter, Tidak termasuk listrik","AC, Kasur, Meja, TV, Lemari / Storage, Ventilasi, Jendela, Guling, Cermin, Bantal","K. Mandi Dalam, Kloset Duduk, Shower, Air panas","WiFi, R. Tamu, Penjaga Kos, R. Santai, Jemuran, Pengurus Kos, CCTV, Rooftop, Balcon, TV","Parkir Mobil, Parkir Motor, Parkir Motor & Sepeda",,https://mamikos.com/room/kost-kota-bandung-kost-campur-eksklusif-kost-rkm-tipe-b-cibeunying-kidul-bandung-2?redirection_source=landing%20area,-6.896764267167928,107.64946539024196
Kost Apik Antapani XIV 12 Tipe A Bandung,Putra,Rp850.000,850000,Antapani,Antapani,"Kost ini berlokasi dekat dengan jalan raya dengan akses masuk mobil, berlokasi dekat dengan Warteg Permata (1.9 km), PT. Indomarco Prismatama (1.5 km), Masjid Al Barokah (1.1 km), Bank Syariah Indonesia KK Bandung RS Al Islam (2.9 km), Universitas Widyatama (2.5 km), RS Ibu dan Anak Grha Bunda (1.7 km).","3 x 3 meter, Termasuk listrik","Kasur, Meja, Lemari / Storage, Ventilasi, Jendela, Bantal, Kursi","Kloset Jongkok, K. Mandi Luar, Ember mandi, Bak mandi","WiFi, Kulkas, R. Tamu, Penjaga Kos, R. Jemur, R. Makan, Dispenser, Dapur, Jemuran, Rice Cooker",Parkir Motor & Sepeda,,https://mamikos.com/room/kost-kota-bandung-kost-putra-murah-kost-apik-antapani-xiv-12-tipe-a-bandung-2?redirection_source=landing%20area,-6.918594103149588,107.6611483849374
Kost Wisma Karya Kiaracondong Bandung,Campur,Rp800.000,800000,Kiaracondong,Kiaracondong,"Kost ini berlokasi dekat dengan jalan raya dengan akses yang hanya bisa dilalui oleh motor/sepeda, berlokasi dekat dengan Warteg Permata (2.3 km), PT. Indomarco Prismatama (348 m), Masjid Al Barokah (1.1 km), Universitas Widyatama (1.5 km), RS Umum Hermina Arcamanik (999 m), Trans Studio Mall Bandung (3.4 km).","2.1 x 4.2 meter, Tidak termasuk listrik","Kasur, Lemari / Storage, Ventilasi, Jendela, Bantal","K. Mandi Dalam, Kloset Jongkok, Ember mandi","WiFi, Mushola, Dapur, Jemuran, Balcon","Parkir Motor, Parkir Sepeda",,https://mamikos.com/room/kost-kota-bandung-kost-campur-murah-kost-wisma-karya-kiaracondong-bandung-1?redirection_source=landing%20area,-6.92655825073613,107.64582634190963
Kost Apik Bintang Kumeli Tipe D Cibeunying Kaler Bandung,Putra,Rp875.000,875000,Bojongloa Kaler,Bojongloa Kaler,"Kost ini berlokasi dekat dengan jalan raya dengan akses masuk mobil, berlokasi dekat dengan Warteg Aero (2.4 km), Alfamart (821 m), Christian Church Pasundan Awiligar (1.9 km), Bank BJB Weekend Banking (1.6 km), Institut Teknologi Nasional Bandung (454 m), RS Ibu dan Anak Al Islam (1.5 km).","2.5 x 2.5 meter, Tidak termasuk listrik","Kasur, Meja, Lemari / Storage, Jendela, Bantal, Kursi","Kloset Duduk, Shower","WiFi, Kulkas, R. Tamu, Penjaga Kos, R. Jemur, Dapur, Jemuran, Rooftop","Parkir Mobil, Parkir Motor & Sepeda",,https://mamikos.com/room/kost-kota-bandung-kost-putra-murah-kost-apik-bintang-kumeli-tipe-d-cibeunying-kaler-bandung-2?redirection_source=landing%20area,-6.931895640410393,107.59058978015652
Kost Apik Mekar II Padasuka Tipe B Cibeunying Kidul Bandung,Campur,Rp925.000,925000,Cibeunying Kidul,Cibeunying Kidul,"Kost ini berlokasi dekat dengan jalan raya dengan akses masuk mobil, berlokasi dekat dengan Alfamart Cimuncang 2 (2.0 km), Christian Church Pasundan Awiligar (2.9 km), Universitas Widyatama (2.2 km), RS Umum Hermina Arcamanik (2.1 km).","3 x 3 meter, Tidak termasuk listrik","Kasur, Meja, Lemari / Storage, Jendela, Bantal, Kursi","Kloset Duduk, Kloset Jongkok, K. Mandi Luar, Ember mandi, Shower","WiFi, Kulkas, R. Tamu, Penjaga Kos, R. Jemur, Dapur, Jemuran, K. Mandi Luar",Parkir Motor & Sepeda,,https://mamikos.com/room/kost-kota-bandung-kost-campur-murah-kost-apik-mekar-ii-padasuka-tipe-b-cibeunying-kidul-bandung-2?redirection_source=landing%20area,-6.898309911907213,107.64875125393898
Kost Sukapada Cibeunying Kidul Bandung,Putri,Rp750.000,750000,Cibeunying Kidul,Cibeunying Kidul,"Kost ini berlokasi dekat dengan jalan raya dengan akses yang hanya bisa dilalui oleh motor/sepeda, berlokasi dekat dengan Alfamart Cimuncang 2 (589 m), Christian Church Pasundan Awiligar (2.5 km), Universitas Widyatama (415 m), RS Umum Santo Yusup (590 m).","3 x 3 meter, Termasuk listrik","Kasur, Meja, Lemari / Storage, Ventilasi, Jendela, Cermin","Kloset Jongkok, K. Mandi Luar, Shower","R. Cuci, Kulkas, Penjaga Kos, R. Jemur, Dapur, Jemuran, Pengurus Kos, Balcon, Taman, K. Mandi Luar","Parkir Motor, Parkir Sepeda",,https://mamikos.com/room/kost-kota-bandung-kost-putri-murah-kost-sukapada-cibeunying-kidul-bandung?redirection_source=landing%20area,-6.898063386987608,107.64818624596218
Kost Merenah I Cibeunying Kidul Bandung,Campur,Rp1.000.000,1000000,Kecamatan Cibeunying Kidul,Cibeunying Kidul,"Kost ini berlokasi dekat dengan jalan raya dengan akses yang hanya bisa dilalui oleh motor/sepeda, berlokasi dekat dengan Warteg Permata (2.3 km), Alfamart Cimuncang 2 (368 m), Masjid Al Barokah (1.5 km), Bank BJB Weekend Banking (2.8 km), Universitas Widyatama (278 m), RS Ibu dan Anak Al Islam (1.6 km).","3.5 x 4.5 meter, Tidak termasuk listrik","Kasur, Lemari / Storage","Kloset Jongkok, Ember mandi","WiFi, Kulkas, Dapur, Jemuran, CCTV",Parkir Motor & Sepeda,,https://mamikos.com/room/kost-kota-bandung-kost-campur-eksklusif-kost-merenah-i-cibeunying-kidul-bandung?redirection_source=landing%20area,-6.898176921030535,107.64862884132629
Kost Wijaya Kusuma Standar Grade A Kiaracondong Bandung,Campur,Rp900.000,900000,Kecamatan Kiaracondong,Kiaracondong,"Kost ini berlokasi dekat dengan jalan raya dengan akses yang hanya bisa dilalui oleh motor/sepeda, berlokasi dekat dengan Warteg Cintaasih (1.8 km), Alfamart (2.9 km), Masjid Al Barokah (766 m), Bank BJB Weekend Banking (2.1 km), Universitas Widyatama (1.4 km), RS Ibu dan Anak Grha Bunda (287 m).","4 x 4.5 meter, Tidak termasuk listrik","Kasur, Lemari / Storage, Ventilasi, Dapur Pribadi, Cermin, Bantal","K. Mandi Dalam, Kloset Jongkok, Ember mandi","WiFi, R. Jemur, Jemuran, Pengurus Kos",Parkir Motor,,https://mamikos.com/room/kost-kota-bandung-kost-campur-murah-kost-wijaya-kusuma-standar-grade-a-kiaracondong-bandung-2?redirection_source=landing%20area,-6.9237711139883,107.64481459990182
Kost Apik Antapani XIV 12 Tipe B Bandung,Putra,Rp800.000,800000,Antapani,Antapani,"Kost ini berlokasi dekat dengan jalan raya dengan akses masuk mobil, berlokasi dekat dengan Warteg Permata (1.9 km), PT. Indomarco Prismatama (1.5 km), Masjid Al Barokah (1.1 km), Bank Syariah Indonesia KK Bandung RS Al Islam (2.9 km), Universitas Widyatama (2.5 km), RS Ibu dan Anak Grha Bunda (1.7 km).","2.5 x 1.8 meter, Termasuk listrik","Kasur, Meja, Lemari / Storage, Jendela, Bantal","Kloset Jongkok, K. Mandi Luar, Ember mandi, Bak mandi","WiFi, Kulkas, R. Tamu, Penjaga Kos, R. Jemur, R. Makan, Dispenser, Dapur, Jemuran, Rice Cooker",Parkir Motor & Sepeda,,https://mamikos.com/room/kost-kota-bandung-kost-putra-murah-kost-apik-antapani-xiv-12-tipe-b-bandung-2?redirection_source=landing%20area,-6.915956590898248,107.66009764528107
Kost Rumah Kita 2 Antapani Bandung,Campur,Rp1.050.000,1050000,Antapani,Antapani,"Kost ini berlokasi dekat dengan jalan raya dengan akses yang hanya bisa dilalui oleh motor/sepeda, berlokasi dekat dengan Alfamart Cimuncang 2 (1.9 km), Masjid Al Barokah (958 m), Sekolah Tinggi Ilmu Kesehatan Dharma Husada (931 m).","3 x 3 meter, Termasuk listrik","Kasur, Lemari / Storage, Cleaning service",K. Mandi Dalam,"WiFi, R. Tamu, Penjaga Kos, R. Makan, Mushola, Balcon",Parkir Mobil,,https://mamikos.com/room/kost-kota-bandung-kost-campur-eksklusif-kost-rumah-kita-2-antapani-bandung?redirection_source=landing%20area,-6.9171239098803206,107.65840034133328
Kost Rumah Sarwestri Deluxe Cibeunying Kaler Bandung,Putri,Rp2.250.000,2250000,Kecamatan Cibeunying Kaler,Cibeunying Kaler,"Kost ini berlokasi dekat dengan jalan raya dengan akses yang hanya bisa dilalui oleh motor/sepeda, berlokasi dekat dengan Warteg Aero (2.1 km), Alfamart (3.0 km), Christian Church Pasundan Awiligar (1.6 km), Bank BJB Weekend Banking (1.8 km), Institut Teknologi Nasional Bandung (750 m), RS Ibu dan Anak Al Islam (1.9 km).","3 x 4 meter, Tidak termasuk listrik","AC, Meja, Lemari / Storage, Jendela, Cermin, Bantal","K. Mandi Dalam, Kloset Duduk, Wastafel, Shower, Air panas","WiFi, Penjaga Kos, R. Santai, Balcon","Parkir Mobil, Parkir Motor & Sepeda",,https://mamikos.com/room/kost-kota-bandung-kost-putri-eksklusif-kost-rumah-sarwestri-deluxe-cibeunying-kaler-bandung-2?redirection_source=landing%20area,-6.885592149602931,107.62702198386874
Kost Pak Reza Cibeunying Kidul Bandung,Putri,Rp650.000,650000,Cibeunying Kidul,Cibeunying Kidul,"Kost ini berlokasi dekat dengan jalan raya dengan akses masuk mobil, berlokasi dekat dengan Alfamart (1.4 km), Christian Church Pasundan Awiligar (2.8 km), Universitas Widyatama (2.2 km), RS Umum Hermina Arcamanik (2.1 km).","3 x 3 meter, Termasuk listrik","Kasur, Lemari / Storage, Ventilasi, Jendela, Cermin","K. Mandi Dalam, Kloset Duduk, Ember mandi","WiFi, R. Cuci, Kulkas, Mesin Cuci, R. Tamu, Penjaga Kos, R. Jemur, R. Santai, Dapur, Jemuran","Parkir Mobil, Parkir Motor, Parkir Sepeda, Parkir Motor & Sepeda",,https://mamikos.com/room/kost-kota-bandung-kost-putri-murah-kost-pak-reza-cibeunying-kidul-bandung-2?redirection_source=landing%20area,-6.899392664279383,107.64816014902283
Kost Rumah Hijau Nur Cibeunying Kaler Bandung,Putri,Rp600.000,600000,Kecamatan Cibeunying Kaler,Cibeunying Kaler,"Kost ini berlokasi dekat dengan jalan raya dengan akses yang hanya bisa dilalui oleh motor/sepeda, berlokasi dekat dengan Rumah Makan Boemi Mitoha (2.1 km), Alfamart Bojong Koneng (204 m), Christian Church Pasundan Awiligar (1.8 km), Bank BJB Weekend Banking (2.5 km), Universitas Widyatama (420 m), RS Ibu dan Anak Al Islam (1.5 km).","2.5 x 3 meter, Tidak termasuk listrik",Jendela,"Kloset Jongkok, K. Mandi Luar, Ember mandi, Bak mandi","R. Santai, Dapur, Jemuran, Balcon","Parkir Motor, Parkir Sepeda",,https://mamikos.com/room/kost-kota-bandung-kost-putri-murah-kost-rumah-hijau-nur-cibeunying-kaler-bandung-2?redirection_source=landing%20area,-6.885704859294696,107.62770419796662
Kost Bapak Andry Tipe Vvip Executive Cibeunying Kidul Bandung,Campur,Rp2.100.000,2100000,Cibeunying Kidul,Cibeunying Kidul,"Kost ini berlokasi dekat dengan jalan raya dengan akses yang hanya bisa dilalui oleh motor/sepeda, berlokasi dekat dengan Warteg Cintaasih (2.3 km), Alfamart (2.7 km), Masjid Al Barokah (700 m), Bank BJB Weekend Banking (2.4 km), Universitas Widyatama (970 m), RS Ibu dan Anak Grha Bunda (757 m).","10 x 2.5 meter, Tidak termasuk listrik","AC, Kasur, Dispenser, TV, Lemari / Storage, Ventilasi, Jendela, Dapur Pribadi, Bantal, Wastafel","K. Mandi Dalam, Kloset Jongkok, Wastafel, Shower, Air panas","WiFi, R. Cuci, Kulkas, Mesin Cuci, R. Jemur, Dapur, Jemuran, Pengurus Kos, CCTV, TV",Parkir Motor,,https://mamikos.com/room/kost-kota-bandung-kost-campur-eksklusif-kost-bapak-andry-tipe-vvip-executive-cibeunying-kidul-bandung?redirection_source=landing%20area,-6.897444219108375,107.65075188733236
Kost Cikampek Antapani Bandung,Putri,Rp900.000,900000,Antapani,Antapani,"Kost ini berlokasi dekat dengan jalan raya dengan akses yang hanya bisa dilalui oleh motor/sepeda, berlokasi dekat dengan Alfamart Cimuncang 2 (1.7 km), Masjid Al Barokah (631 m), Sekolah Tinggi Ilmu Kesehatan Dharma Husada (559 m).","3 x 3 meter, Termasuk listrik","Kasur, Meja, Lemari / Storage, Ventilasi, Kursi, Kipas Angin","Kloset Duduk, K. Mandi Luar, Shower","WiFi, Kulkas, R. Tamu, R. Jemur, R. Makan, Dapur, Jemuran, Pengurus Kos, Balcon, K. Mandi Luar","Parkir Motor, Parkir Sepeda",,https://mamikos.com/room/kost-kota-bandung-kost-putri-murah-kost-cikampek-antapani-bandung-2?redirection_source=landing%20area,-6.916571489103926,107.6608057491532
Kost Tutu Cibeunying Kidul Bandung,Putri,Rp1.000.000,1000000,Cibeunying Kidul,Cibeunying Kidul,"Kost ini berlokasi dekat dengan jalan raya dengan akses yang hanya bisa dilalui oleh motor/sepeda, berlokasi dekat dengan Alfamart Bojong Koneng (30 m), Christian Church Pasundan Awiligar (1.7 km), Universitas Widyatama (406 m).","3 x 4 meter, Tidak termasuk listrik","Kasur, Lemari / Storage, Ventilasi, Jendela","K. Mandi Dalam, Kloset Jongkok, Shower","WiFi, R. Santai, Dapur, TV",Parkir Motor,,https://mamikos.com/room/kost-kota-bandung-kost-putri-eksklusif-kost-tutu-cibeunying-kidul-bandung?redirection_source=landing%20area,-6.899838064513527,107.64912726907694
Kost Cikajang Raya Tipe A Antapani Bandung,Putri,Rp750.000,750000,Kecamatan Antapani,Antapani,"Kost ini berlokasi dekat dengan jalan raya dengan akses yang hanya bisa dilalui oleh motor/sepeda, berlokasi dekat dengan Warteg Permata (2.3 km), PT. Indomarco Prismatama (2.0 km), Masjid Al-Muhajirin (790 m), Bank Syariah Indonesia KK Bandung RS Al Islam (2.5 km), Universitas Widyatama (3.1 km), RS Ibu dan Anak Grha Bunda (2.2 km).","3 x 4 meter, Termasuk listrik","Kasur, Meja, Lemari / Storage, Bantal, Kursi","Kloset Jongkok, K. Mandi Luar, Ember mandi","WiFi, Penjaga Kos, Pengurus Kos, CCTV, Balcon, K. Mandi Luar","Parkir Motor, Parkir Sepeda, Parkir Motor & Sepeda",,https://mamikos.com/room/kost-kota-bandung-kost-putri-murah-kost-cikajang-raya-tipe-a-antapani-bandung-2?redirection_source=landing%20area,-6.918255431998839,107.65816271296104
Kost Rengganis Standar Cibeunying Kaler Bandung,Putri,Rp650.000,650000,Cibeunying Kaler,Cibeunying Kaler,"Kost ini berlokasi dekat dengan jalan raya dengan akses yang hanya bisa dilalui oleh motor/sepeda, berlokasi dekat dengan Warteg Cintaasih (2.2 km), Alfamart (1.2 km), Christian Church Pasundan Awiligar (2.2 km), Bank BJB Weekend Banking (1.3 km), Institut Teknologi Nasional Bandung (475 m), RS Ibu dan Anak Al Islam (1.2 km).","3 x 3 meter, Termasuk listrik",Kasur,"Kloset Jongkok, K. Mandi Luar, Wastafel, Ember mandi","WiFi, R. Jemur, R. Santai, Dapur, Jemuran, Pengurus Kos, CCTV, R. Keluarga, K. Mandi Luar","Parkir Motor, Parkir Motor & Sepeda",,https://mamikos.com/room/kost-kota-bandung-kost-putri-murah-kost-rengganis-standar-cibeunying-kaler-bandung-2?redirection_source=landing%20area,-6.886290625710413,107.62879067276616
